strategy_id,error,tau_max,tau_p90,n_registers,R_bench,sharpe_bench,maxdd_bench,n_trades_bench,bust_early,always_flat,frac_in_pos,realized_vol,pass_filter,vix_mean_held,frac_held_days_high_vix
S0000,,52,9.0,5,-0.8297421634044758,-4.006400406324615,-0.8297748894349998,1579,False,False,0.06618622904031395,0.758122954082376,True,21.306631130063966,0.27292110874200426
S0001,,57,16.0,6,-0.8205021482046675,-8.337497690580237,-0.8214439703933365,2690,False,False,0.20478059222261863,0.3405129612844573,True,21.309145129224653,0.27236580516898606
S0002,,47,14.0,6,-0.810693957322885,-5.854419223207787,-0.8121858577849234,4645,False,False,0.4415269354263289,0.5407773702603491,True,21.266863905325444,0.2702169625246548
S0003,,17,14.0,4,-0.8361205473526312,-4.337325425200642,-0.8385365898319784,1223,False,False,0.15062433107384945,0.48463632220053676,True,21.21151282051282,0.26153846153846155
S0004,,33,26.0,6,-0.8176887180544975,-3.9380767096051543,-0.8223601941207155,2108,False,False,0.5220692115590438,0.48804151000775803,True,21.266863905325444,0.2702169625246548
S0005,,33,20.0,8,-0.8438061136828328,-5.134224536262517,-0.8475526441991347,1015,False,False,0.08372458080627898,0.45059606463367957,True,21.691592689295042,0.2924281984334204
S0006,,59,22.0,4,-0.8042110204931009,-4.6445875284599305,-0.8114556337220645,2691,False,False,0.48800570816981803,0.5562345040964259,True,21.266863905325444,0.2702169625246548
S0007,,39,8.0,5,-0.7454120806548642,-4.980984582002648,-0.7454610161528484,975,False,False,0.04448091330717089,0.5604081252207714,True,21.427301204819276,0.28433734939759037
S0008,,33,19.0,6,-0.7586081365113486,-5.156310408563148,-0.774798008821211,1392,False,False,0.1554620049946486,0.37225493006832855,True,21.084393203883497,0.25728155339805825
S0009,,43,13.0,4,-0.7229626174324246,-3.492424283428968,-0.7249148203891869,1554,False,False,0.17215840171245095,0.5549382375667516,True,20.91693215339233,0.25663716814159293
S0010,,64,19.0,5,-0.7945291652686821,-8.612633972585355,-0.7959316805135273,2690,False,False,0.3777809489832323,0.4119614012305473,True,21.266863905325444,0.2702169625246548
S0011,,41,10.0,6,-0.7801517284652085,-8.758088112580305,-0.780172402972239,2285,False,False,0.12673564038530147,0.3232779379249722,True,20.906885714285714,0.24857142857142858
S0012,,33,26.0,6,-0.823003591454171,-2.8284197779781692,-0.8242290543557937,1419,False,False,0.35430610060649304,0.5363672077569122,True,21.307768762677483,0.2738336713995943
S0013,,49,17.0,4,-0.8369267252780187,-4.721353241272405,-0.8387462552816491,3497,False,False,0.48191223688904744,0.526215252853512,True,21.266863905325444,0.2702169625246548
S0014,,57,10.0,5,-0.6750413285301747,-3.982127152590731,-0.6797122829282275,1074,False,False,0.06981091687477703,0.49259726058724235,True,21.233395061728395,0.2716049382716049
S0015,,52,8.0,4,-0.6948244651446127,-5.473161544618693,-0.6953471673312778,1884,False,False,0.07967178023546201,0.6468458163073246,True,21.303532934131734,0.2714570858283433
S0016,,49,10.0,7,-0.8406204179774794,-7.47459842465269,-0.840635406015666,2285,False,False,0.1700178380306814,0.4691855083904613,True,20.820252100840335,0.24369747899159663
S0017,,33,15.0,5,-0.6579655285181595,-3.9691355258088374,-0.6584958398389842,1563,False,False,0.12094184801997859,0.6880484798777423,True,21.314309278350517,0.27422680412371137
S0018,,49,13.0,6,-0.8149509543014082,-6.35168968198707,-0.8163020688019582,4790,False,False,0.4938851230824117,0.5343515775892949,True,21.266863905325444,0.2702169625246548
S0019,,52,10.0,4,-0.7597388486657701,-5.346989291612858,-0.7663656001084861,1593,False,False,0.09953621120228327,0.4932791277200278,True,21.0436320754717,0.25471698113207547
S0020,,47,15.0,3,-0.6792831705395752,-6.305090408265116,-0.683610398081655,3732,False,False,0.409860863360685,0.5577434580055901,True,21.266863905325444,0.2702169625246548
S0021,,47,8.0,4,-0.7307339659027934,-13.504745882628288,-0.733077640228071,3007,False,False,0.16713521227256511,0.44717198861793644,True,21.295346534653465,0.2712871287128713
S0022,,23,8.0,5,-0.7855367174539576,-5.168342817957359,-0.7869778369058101,1966,False,False,0.13195861576881912,0.5434390365341508,True,21.0670737913486,0.2595419847328244
S0023,,45,12.0,4,-0.8158396598791298,-9.671283323540813,-0.8160974405962921,5763,False,False,0.4152836246878345,0.4786047600289723,True,21.266863905325444,0.2702169625246548
S0024,,49,13.0,7,-0.8364608642187162,-5.614800385319906,-0.8410884480483364,3767,False,False,0.40692115590438815,0.5226021406238662,True,21.266863905325444,0.2702169625246548
S0025,,29,11.0,5,-0.7683609734847935,-5.521039241471533,-0.7795235482793275,2828,False,False,0.22972529432750624,0.4558573457555279,True,21.294607645875253,0.2716297786720322
S0026,,38,8.0,4,-0.7549495315853554,-12.136161668497847,-0.7552495691025426,4705,False,False,0.24049946485907955,0.352833579200968,True,21.266863905325444,0.2702169625246548
S0027,,22,8.0,4,-0.7026642454813417,-8.862049616991339,-0.7042750041586106,3926,False,False,0.24005708169818052,0.5029785521078428,True,21.266863905325444,0.2702169625246548
S0028,,33,24.0,8,-0.7182464193080167,-2.8610616615951523,-0.7272999196967281,755,False,False,0.18533000356760615,0.5897965031594837,True,21.667227722772274,0.2896039603960396
S0029,,49,16.0,5,-0.8488273353930188,-5.032739430994415,-0.8506647143256612,3497,False,False,0.4561541205850874,0.525335553138129,True,21.266863905325444,0.2702169625246548
S0030,,33,24.0,5,-0.8048504986384245,-3.099070093021084,-0.8072432505927863,1308,False,False,0.30293257224402426,0.542593163838068,True,21.294666666666668,0.2733333333333333
S0031,,30,12.0,4,-0.8263068200032627,-5.03366546867833,-0.8279354252855226,1554,False,False,0.1325722440242597,0.41947058936919823,True,20.91693215339233,0.25663716814159293
S0032,,45,15.0,5,-0.6470023094241388,-2.3296001316786836,-0.650645596620777,1117,False,False,0.12315376382447378,0.5658591045511238,True,21.058427299703265,0.24925816023738873
S0033,,33,27.0,4,-0.6041867062913017,-1.9914118653892339,-0.637656112996868,843,False,False,0.15459150909739564,0.5833960467465534,True,21.35516209476309,0.26932668329177056
S0034,,33,20.0,5,-0.46171294454098466,-2.6846973823953273,-0.46248011551342877,341,False,False,0.03857295754548698,0.5090660480089418,True,20.94743455497382,0.2670157068062827
S0035,,53,12.0,5,-0.6106076418048205,-4.368656429071699,-0.6132613044396754,946,False,False,0.06645736710667142,0.474921862983604,True,21.123324742268043,0.26288659793814434
S0036,,17,14.0,5,-0.46622419497599044,-1.9868053220181694,-0.4794005997299293,710,False,False,0.10600071352122725,0.5245698553415508,True,21.622153392330382,0.2861356932153392
S0037,,49,16.0,4,-0.6078053458945836,-5.020438837071676,-0.6102084884541902,3497,False,False,0.4561541205850874,0.525335553138129,True,21.266863905325444,0.2702169625246548
S0038,,33,9.0,8,-0.5543755392666349,-2.4685127780754277,-0.5609348896710254,825,False,False,0.05809489832322512,0.5611242165777955,True,21.448192771084337,0.28012048192771083
S0039,,17,14.0,5,-0.5887571567690411,-2.2373824469452264,-0.6021320584587031,825,False,False,0.11824473778094899,0.6027564907080109,True,21.326483516483517,0.2774725274725275
S0040,,53,17.0,8,-0.6076485664675112,-2.947809543582543,-0.6134237668009248,856,False,False,0.0628612201212986,0.5487797831011467,True,21.398157894736844,0.27485380116959063
S0041,,36,11.0,4,-0.509867917062479,-8.062764866163546,-0.5099538759055625,2229,False,False,0.16871922939707457,0.3551091515490227,True,20.359701986754967,0.1986754966887417
S0042,,33,18.0,5,-0.6345698880010828,-6.745706883755723,-0.6348063828150614,2436,False,False,0.3626542989653942,0.588666504232545,True,21.264742063492065,0.2698412698412698
S0043,,40,13.0,5,-0.6439781473070028,-9.023674550606632,-0.6447614907732945,3497,False,False,0.2595647520513735,0.35719564994183706,True,21.266863905325444,0.2702169625246548
S0044,,33,21.0,9,-0.5274375905636832,-6.1606514134140715,-0.5285217302008562,1597,False,False,0.18378879771673207,0.4406380664783819,True,21.41468220338983,0.2838983050847458
S0045,,33,30.0,2,-0.4848384040718422,-1.1996647772952638,-0.6227490751233545,384,False,False,0.1707170888333928,0.6129525499054285,True,21.18962837837838,0.27364864864864863
S0046,,33,29.0,2,-0.5341576498376696,-1.3937458481879283,-0.558153209094893,1075,False,False,0.4589796646450232,0.6120667245614021,True,21.300766129032258,0.27419354838709675
S0047,,40,8.0,4,-0.5309674860248789,-5.52391062078306,-0.5326843765432083,583,False,False,0.029939350695683195,0.4542816423397742,True,21.618594377510043,0.285140562248996
S0048,,33,27.0,5,-0.6398781070292032,-2.603425685374055,-0.6463629238458495,1605,False,False,0.5502104887620407,0.5860008564821871,True,21.264732673267325,0.2712871287128713
S0049,,33,17.0,2,-0.6031962578101093,-3.7226010132841942,-0.6043272080104829,1601,False,False,0.2122297538351766,0.5245516402136896,True,20.353379790940767,0.18815331010452963
S0050,,33,28.0,8,-0.5255777779821786,-2.6504780525832787,-0.5379281446939705,979,False,False,0.4185943631823047,0.6063421405850448,True,21.335576131687244,0.2777777777777778
S0051,,17,7.0,6,-0.5181516786540856,-3.6155127380966605,-0.5182072538770249,915,False,False,0.037160185515519084,0.6906025413110359,True,21.364588235294118,0.27647058823529413
S0052,,17,9.0,7,-0.6380410324988122,-4.854265158312646,-0.6395543367472347,1724,False,False,0.08285408490902604,0.4815193665207422,True,21.042762312633837,0.25481798715203424
S0053,,59,13.0,6,-0.4735234953705365,-3.620276047251486,-0.4842154330984958,1593,False,False,0.15360684980378167,0.5807801824397523,True,21.298828282828286,0.2727272727272727
S0054,,41,9.0,7,-0.6220327587604286,-7.7757110685038064,-0.6220505257178285,2285,False,False,0.1428041384231181,0.361163832923934,True,20.906885714285714,0.24857142857142858
S0055,,52,14.0,4,-0.6478569137867424,-3.406935776168387,-0.6503382219772286,1170,False,False,0.13474134855511952,0.5021156656014121,True,20.683154574132494,0.2302839116719243
S0056,,33,28.0,7,-0.5714684001630941,-1.9521668997626558,-0.5861022659057832,504,False,False,0.17512665001783803,0.634124514740296,True,21.6196918767507,0.2913165266106443
S0057,,32,9.0,6,-0.6068901773839925,-5.156176472837158,-0.6068901773839925,986,False,False,0.029097395647520514,0.5742279206872913,True,21.852347560975613,0.3079268292682927
S0058,,33,13.0,2,-0.5274160296261479,-4.4969465617662445,-0.5285306692427197,2779,False,False,0.2844238316089904,0.6201205994470661,True,21.286379999999998,0.272
S0059,,33,27.0,6,-0.5417916318968353,-2.7728915222207142,-0.5658420030766023,1280,False,False,0.4020121298608634,0.540751237500741,True,21.302566191446033,0.2708757637474542
S0060,,55,14.0,7,-0.57057499227125,-4.134724208783863,-0.5714479187894576,1314,False,False,0.0499179450588655,0.5112728963102438,True,21.84967391304348,0.3070652173913043
S0061,,60,11.0,9,-0.49233628157671117,-2.6100792028821074,-0.5024988037636241,715,False,False,0.05422761327149483,0.6948516937774059,True,21.86978723404255,0.3130699088145897
S0062,,45,14.0,4,-0.6492902580959867,-6.7849330038338875,-0.6500220160709106,3497,False,False,0.3571173742418837,0.46075889384573104,True,21.266863905325444,0.2702169625246548
S0063,,53,13.0,9,-0.50542248349374,-3.326410336281857,-0.5096898968875728,807,False,False,0.059379236532286835,0.552553152059597,True,21.49599388379205,0.2874617737003058
S0064,,33,26.0,6,-0.2742132319019285,-1.224455127551297,-0.2870642450404093,893,False,False,0.2625615412058509,0.5239301578898733,True,21.181503416856494,0.2642369020501139
S0065,,17,13.0,7,-0.3337792741824058,-1.6234504977839235,-0.3561072293369834,669,False,False,0.09394220478059222,0.4735467556775949,True,21.189839743589744,0.2692307692307692
S0066,,33,27.0,7,-0.3243802970613687,-1.5196811452197676,-0.3351807151502415,323,False,False,0.09137352836246879,0.5700679559456718,True,22.074545454545454,0.3014354066985646
S0067,,44,9.0,6,-0.3831826351450729,-4.501906310684759,-0.3885310292973613,639,False,False,0.03797359971459151,0.34149379207307407,True,21.305290102389076,0.2696245733788396
S0068,,17,15.0,5,-0.29253274277364416,-1.687651902143543,-0.3025605184747786,435,False,False,0.0841098822689975,0.5184996161734986,True,21.441487603305784,0.2768595041322314
S0069,,33,23.0,6,-0.3744636049921286,-2.2143932499138668,-0.4080022589276504,622,False,False,0.10400285408490903,0.4094103146198884,True,21.182214285714288,0.2714285714285714
S0070,,33,20.0,5,-0.30089164486312003,-1.7807190822139414,-0.3459909830032644,404,False,False,0.03673207277916518,0.3712281517037936,True,21.765082872928176,0.3149171270718232
S0071,,52,11.0,7,-0.25308422016405296,-2.868718742038531,-0.2964793043078111,875,False,False,0.05696753478415983,0.46640253773420903,True,21.11389534883721,0.26453488372093026
S0072,,33,24.0,7,-0.36576164440271297,-2.4592147019117196,-0.4120686849244666,1145,False,False,0.23247948626471637,0.4746975430776473,True,21.112291666666664,0.2569444444444444
S0073,,17,14.0,5,-0.3622147359711929,-2.0013131508242874,-0.3843866182062374,590,False,False,0.09736710667142348,0.5134792357166796,True,21.182480916030535,0.2633587786259542
S0074,,17,15.0,2,-0.4337279706693239,-1.5829733380530522,-0.46606010882893006,523,False,False,0.11853014627185159,0.6498890721423826,True,21.720062695924764,0.2884012539184953
S0075,,33,26.0,4,-0.4457418546927241,-4.162166539661356,-0.44660842815646,1582,False,False,0.21636817695326435,0.5561052904688726,True,21.3950625,0.275
S0076,,52,14.0,6,-0.37118144173583345,-2.71478925183471,-0.3733619416915541,1170,False,False,0.11972886193364253,0.56932529089138,True,20.768952380952378,0.23492063492063492
S0077,,64,18.0,6,-0.4402185698051586,-3.9222251654218043,-0.44910148887649287,575,False,False,0.051573314306100605,0.47363763620168964,True,21.29535971223022,0.2697841726618705
S0078,,17,10.0,7,-0.40136862205587853,-5.5865286476346325,-0.4032913904950191,1430,False,False,0.09669639671780235,0.42261934425607595,True,21.25432967032967,0.2703296703296703
S0079,,17,13.0,7,-0.3241158246759652,-3.085951802148399,-0.3342258902087587,801,False,False,0.10902604352479486,0.46277549916223204,True,21.407339743589745,0.28205128205128205
S0080,,33,22.0,6,-0.3864173635537014,-3.272414712242717,-0.38689340075672946,1628,False,False,0.29773813770959684,0.5765276234745573,True,21.26128968253968,0.2698412698412698
S0081,,36,9.0,6,-0.3847786200692557,-5.776342040133796,-0.3860606825467461,1789,False,False,0.07062433107384945,0.4685266779957762,True,21.100466666666666,0.2577777777777778
S0082,,33,28.0,4,-0.3317074726226463,-2.506075243987881,-0.33654931055464615,128,False,False,0.03289332857652515,0.4867416539483662,True,21.11970297029703,0.26732673267326734
S0083,,38,10.0,5,-0.2958679188753456,-7.440517568405505,-0.29963325890095716,832,False,False,0.051259364966107744,0.3436382697822508,True,21.40577702702703,0.28040540540540543
S0084,,33,27.0,8,-0.29365287248227245,-1.755608358240601,-0.33648183037985374,243,False,False,0.10845522654298966,0.5993307401280545,True,20.360867346938775,0.1989795918367347
S0085,,33,27.0,5,-0.37562311493514877,-1.5864461961749161,-0.4342909883045077,564,False,False,0.2379307884409561,0.5805178548797867,True,21.339240837696334,0.27486910994764396
S0086,,31,8.0,7,-0.3763496476057592,-4.584599989026108,-0.3827255292930492,1117,False,False,0.05895112379593293,0.49336095756753456,True,21.03345345345345,0.24324324324324326
S0087,,31,11.0,6,-0.37387459154084246,-4.444095347001128,-0.37563664658523954,1117,False,False,0.06952550838387442,0.38966881308537393,True,21.0484375,0.24375
S0088,,17,14.0,5,-0.29312266405323606,-1.1068560329841306,-0.3603155906857809,308,False,False,0.05207277916518016,0.7226197172253841,True,21.206363636363633,0.2727272727272727
S0089,,17,14.0,5,-0.4312642077876504,-2.522499758444544,-0.45162955125494036,315,False,False,0.052786300392436675,0.4634235168747033,True,21.428012048192773,0.29518072289156627
S0090,,33,24.0,5,-0.40246573821387366,-3.5799580763001506,-0.40246573821387366,135,False,False,0.015183731716018552,0.4576840145234948,True,21.04890243902439,0.2682926829268293
S0091,,33,27.0,6,-0.43373397180813555,-2.64476977579316,-0.45491650618001195,909,False,False,0.24308241170174813,0.4754488463263809,True,21.1246265060241,0.25542168674698795
S0092,,43,10.0,6,-0.28975165149880855,-4.020339364192631,-0.3065857319227927,622,False,False,0.03068141277202997,0.3372873380644808,True,21.549545454545452,0.30165289256198347
S0093,,17,15.0,7,-0.3339110474624456,-2.989235901770511,-0.34081081539012786,919,False,False,0.17947912950410275,0.5994891403131466,True,21.58419047619048,0.29285714285714287
S0094,,33,29.0,4,-0.41809165004259374,-1.2907150682107216,-0.4743873530874044,1062,False,False,0.41135925793792366,0.5859908747105069,True,21.302407407407404,0.2716049382716049
S0095,,17,8.0,8,-0.3542732852208146,-3.737992685113106,-0.3549302631053204,1202,False,False,0.043082411701748126,0.6135259258985091,True,21.63098765432099,0.28888888888888886
S0096,,33,10.0,5,-0.234095855439852,-2.4563074113382033,-0.23523589784142124,295,False,False,0.019693185872279702,0.3881646131132924,True,21.40757225433526,0.2774566473988439
S0097,,24,9.0,4,-0.16264593639992853,-1.364388776130296,-0.17807558989304467,127,False,False,0.006707099536211202,0.6781574447501383,True,21.484492753623194,0.2608695652173913
S0098,,53,8.0,8,-0.19561993406625022,-2.0235654608595315,-0.20207512795323407,474,False,False,0.03239386371744559,0.5768140142386593,True,20.268737373737373,0.18686868686868688
S0099,,62,18.0,5,-0.17940100589042762,-2.393309264021375,-0.1838158547062315,321,False,False,0.03272208348198359,0.34824119373516343,True,21.43482233502538,0.28426395939086296
S0100,,33,22.0,5,-0.1384975675248581,-1.5948640024882643,-0.14683382004544382,187,False,False,0.023902961113093115,0.5849222771073802,True,20.194579439252333,0.16822429906542055
S0101,,43,11.0,4,-0.17652178705848676,-2.504013137767645,-0.1771921847000848,565,False,False,0.023246521584017125,0.7654458445108998,True,21.345397489539746,0.2803347280334728
S0102,,17,14.0,7,-0.20055582220133528,-2.51515605334877,-0.20652387540421882,446,False,False,0.0910024973242954,0.5570314688153558,True,21.04346303501946,0.2607003891050584
S0103,,31,10.0,6,-0.0660835912815021,-1.5569230386705737,-0.07718285737023525,283,False,False,0.018622904031394934,0.4493794640484706,True,21.40057803468208,0.28901734104046245
S0104,,33,27.0,2,-0.170286288200874,-1.857965863623412,-0.1707692948999302,619,False,False,0.14562968248305386,0.5150113564482273,True,20.07869369369369,0.16666666666666666
S0105,,17,15.0,5,-0.2070150383172652,-1.552744731024112,-0.22162711666726695,64,False,False,0.01442739921512665,0.704763445147897,True,20.281190476190478,0.14285714285714285
S0106,,17,15.0,5,-0.07547692587393173,-0.4602098979169516,-0.09644763901701056,111,False,False,0.025344273992151268,0.8574036175286986,True,22.189270833333335,0.3333333333333333
S0107,,25,8.0,5,-0.22008391941181937,-6.24324527560094,-0.22354874631857305,639,False,False,0.03352122725651088,0.34839928899368,True,21.275876288659795,0.2646048109965636
S0108,,53,17.0,9,-0.19543246849121831,-2.009923072733905,-0.20873224982395638,856,False,False,0.0628612201212986,0.5487797831011467,True,21.398157894736844,0.27485380116959063
S0109,,33,23.0,8,-0.15569299757180666,-1.31731793165647,-0.16876448229778052,650,False,False,0.08465215840171245,0.49169054066335305,True,21.71496913580247,0.2962962962962963
S0110,,38,11.0,7,-0.11818220983410943,-1.7794312512016601,-0.12174231075347985,435,False,False,0.03272208348198359,0.49140365055093793,True,21.536399999999997,0.28444444444444444
S0111,,62,18.0,6,-0.22350929855988944,-2.655847773387019,-0.22531863795633159,903,False,False,0.07935783089546913,0.3752758780703629,True,21.285839416058394,0.2798053527980535
S0112,,44,10.0,4,-0.17658787235270756,-3.5635928413859044,-0.18540432890584244,639,False,False,0.044880485194434536,0.4685202713435142,True,21.227692307692312,0.266025641025641
S0113,,17,15.0,5,-0.14030375150464824,-0.931340508736263,-0.18506915362710857,430,False,False,0.09502675704602212,0.6545683692536637,True,20.659125000000003,0.2375
S0114,,17,13.0,6,-0.07731138345942856,-1.570899637678496,-0.08977227394423627,48,False,False,0.006963967178023546,0.4979944824941753,True,19.42941176470588,0.11764705882352941
S0115,,33,29.0,5,-0.0673068073298182,-0.1141437940653562,-0.29969213667671224,245,False,False,0.11013913663931502,0.6630043774959568,True,21.02028846153846,0.25961538461538464
S0116,,33,29.0,5,-0.21106787359650325,-0.6336394369034325,-0.2555519459150411,732,False,False,0.3289190153407064,0.6404150700002746,True,21.470715835140997,0.279826464208243
S0117,,22,8.0,4,-0.20120940747998062,-2.5453128029440792,-0.20283317292949046,338,False,False,0.01180164109882269,0.5296693529291192,True,21.522335329341313,0.2754491017964072
S0118,,33,28.0,4,-0.13558406734505257,-0.5298886575551884,-0.24933893353887304,325,False,False,0.06037816625044595,0.623185648044606,True,20.655312500000004,0.23958333333333334
S0119,,33,27.0,6,-0.18947829775008462,-2.0581711045574504,-0.20138495240622786,123,False,False,0.0441098822689975,0.6127917342386688,True,22.196055045871564,0.3394495412844037
S0120,,33,23.0,6,-0.08266572056089694,-1.7752022208139853,-0.08888329626381991,425,False,False,0.047306457367106675,0.47213082959076247,True,21.2522754491018,0.281437125748503
S0121,,52,8.0,6,-0.17756509682475463,-2.0359900695655475,-0.19153229751159576,934,False,False,0.03249375668926151,0.7235683010803826,True,21.546238244514107,0.2852664576802508
S0122,,61,16.0,6,-0.06898164345937952,-1.7786031315210287,-0.07736232654473507,419,False,False,0.017466999643239386,0.5164645778932708,True,21.304930555555554,0.2708333333333333
S0123,,52,16.0,5,-0.09684603516865486,-1.3223392414811868,-0.11670848623717534,130,False,False,0.009603995718872636,0.4330388870330973,True,21.822419354838708,0.2903225806451613
S0124,,36,11.0,6,-0.23016832715978952,-2.8353455729144783,-0.23168687169007735,316,False,False,0.022861220121298608,0.45698933310474354,True,21.0696256684492,0.2620320855614973
S0125,,33,30.0,2,-0.13015717609100552,-0.9879759180698195,-0.18336933826694074,409,False,False,0.17702461648234036,0.6506256302217606,True,21.46323076923077,0.28
S0126,,33,28.0,4,-0.19520190390709535,-1.7533815798023653,-0.23553439027321976,849,False,False,0.21743845879414914,0.5047311367936071,True,21.273229461756372,0.2776203966005666
S0127,,17,14.0,8,-0.0932759510630492,-1.2876642302853025,-0.09415209489864752,123,False,False,0.01909382804138423,0.7074709023844261,True,22.249032258064513,0.3225806451612903
S0128,,17,14.0,5,0.037154414959052584,0.8953669878267293,-0.012259995127005386,20,False,False,0.002411701748127007,0.7979774609846687,True,18.74857142857143,0.0
S0129,,61,32.0,5,-5.813377636842976e-05,0.0013275714574287423,-0.011603719896139114,33,False,False,0.0029254370317516945,0.6292186417782079,True,19.270952380952377,0.047619047619047616
S0130,,61,29.0,4,-0.01271266073125843,-0.4261437602386525,-0.024765769085299965,63,False,False,0.004466642882625758,0.7822457064474667,True,20.486,0.2
S0131,,33,29.0,2,-0.018267943758511485,-0.02172544875952047,-0.16133274305676837,109,False,False,0.04767748840528006,0.529576810701645,True,20.580744680851062,0.2127659574468085
S0132,,57,32.0,6,-0.03435443666013305,-1.6487403398398035,-0.03528751482066598,36,False,False,0.0066500178380306816,0.4400456517485093,True,21.5059375,0.28125
S0133,,61,38.0,5,-0.00819015370528764,-0.36766161676097303,-0.01517538056180484,33,False,False,0.0028540849090260435,0.6283159200549016,True,19.540526315789474,0.05263157894736842
S0134,,17,13.0,6,-0.019514038726042404,-0.4168151776041483,-0.05008931333355229,122,False,False,0.012087049589725294,0.35646097387407544,True,20.13527027027027,0.14864864864864866
S0135,,15,9.0,6,-0.028663618189411877,-0.49572234358545,-0.05176683930818217,34,False,False,0.0007277916518016411,0.5371482775589541,True,20.333076923076923,0.23076923076923078
S0136,,17,15.0,5,-0.016918297225089418,-0.43899099777445083,-0.036737512575960043,43,False,False,0.007520513735283624,0.677805488210147,True,20.34970588235294,0.20588235294117646
S0137,,33,28.0,5,-0.02267663628832073,-0.20543112814169176,-0.10852974261125056,22,False,False,0.006792722083481984,0.8098134893031923,True,20.39857142857143,0.19047619047619047
S0138,,14,6.0,6,-0.04261779260361387,-1.9488616965760708,-0.042889162889321285,67,False,False,0.001241526935426329,0.5482856537330769,True,21.28782608695652,0.21739130434782608
S0139,,17,15.0,6,-0.027579317311226648,-0.42656863351310087,-0.03660787717590502,118,False,False,0.02554405993578309,0.6349343763971609,True,22.020799999999998,0.33
S0140,,47,25.0,6,-0.03851025366435756,-1.671482939257883,-0.042970744652455435,50,False,False,0.006635747413485551,0.449314080189668,True,21.60272727272727,0.36363636363636365
S0141,,33,28.0,7,0.0077646268119977435,0.08919774418569057,-0.06384313736017039,62,False,False,0.02371744559400642,0.624165705558864,True,21.05084745762712,0.2542372881355932
S0142,,33,29.0,6,-0.046067266473854396,-0.4542479446567046,-0.08592833277656234,115,False,False,0.05056011416339636,0.7152379696778088,True,22.011794871794876,0.3418803418803419
S0143,,43,24.700000000000045,4,-0.03680642587341332,-0.58907977812179,-0.05516944166183092,34,False,False,0.002112022832679272,0.4745387946614495,True,20.397857142857138,0.07142857142857142
S0144,,15,9.0,6,-0.01906786714688591,-0.9017557582369644,-0.019738917108619716,67,False,False,0.0014555833036032821,0.5409359027733617,True,21.406666666666666,0.23809523809523808
S0145,,61,27.0,6,-0.02426573776472729,-0.3144765508268148,-0.04716835743884828,63,False,False,0.004352479486264716,0.7705086404738332,True,20.75638888888889,0.19444444444444445
S0146,,20,10.0,7,0.0035170729971738535,0.17312397786623177,-0.014004363557225548,42,False,False,0.001897966464502319,0.46171897416783086,True,20.14952380952381,0.14285714285714285
S0147,,33,28.0,6,0.026273628805284277,0.24528460549665893,-0.076243039237207,44,False,False,0.011273635390652872,0.6934399239202508,True,20.285365853658536,0.14634146341463414
S0148,,61,17.0,6,-0.02552253278186889,-0.35240047563330906,-0.05959457424895936,271,False,False,0.01822333214413129,0.6408546550506895,True,20.76794701986755,0.2185430463576159
S0149,,50,25.0,6,-0.025030417925741677,-0.516317037223628,-0.04863575547822395,70,False,False,0.007648947556189797,0.4999882001843692,True,20.696590909090904,0.20454545454545456
S0150,,17,13.0,5,-0.03196290806819779,-0.5778026524414452,-0.04595277834406034,63,False,False,0.004866214769889405,0.5890466418964386,True,20.792777777777776,0.2222222222222222
S0151,,36,20.0,5,-0.018635895278927617,-0.22806389779869074,-0.050850677056086986,33,False,False,0.002882625758116304,0.5883546194194127,True,20.291052631578946,0.21052631578947367
S0152,,29,10.0,5,-0.039496552945676555,-0.797200713134197,-0.0454143313325174,63,False,False,0.002297538351765965,0.9138645244671126,True,20.865757575757577,0.21212121212121213
S0153,,33,28.0,4,0.034086827776451,0.18450322009059725,-0.24166158247916047,264,False,False,0.06277559757402783,0.6497264201395373,True,21.086923076923075,0.2692307692307692
S0154,,6,4.0,5,-0.01735885016603045,-1.2321162230849865,-0.017358850166030424,30,False,False,0.0006849803781662504,0.8193278139047061,True,19.636666666666667,0.13333333333333333
S0155,,32,22.0,5,-0.002292340996816855,-0.0563799474615411,-0.025312608483065213,22,False,False,0.0022689975026757045,0.33679121340131113,True,20.380000000000003,0.1875
S0156,,17,13.0,5,-0.03270445040896086,-0.30132261436842384,-0.06473795048442126,63,False,False,0.004067070995362112,0.5851795529072623,True,20.847647058823526,0.23529411764705882
S0157,,33,27.0,6,0.04746586634666161,0.25494971132096567,-0.17641790071932087,409,False,False,0.09883696039957189,0.6059903500107614,True,21.27048507462687,0.2798507462686567
S0158,,20,12.0,5,-0.020001557285901583,-1.0017588141263796,-0.020001557285901618,67,False,False,0.002368890474491616,0.6141017707010468,True,21.181250000000002,0.20833333333333334
S0159,,17,10.0,5,-0.02064063015753892,-1.8335722065967475,-0.02064063015753891,36,False,False,0.0009418480199785943,0.4953990133526799,True,19.69,0.16666666666666666
S0160,,145,24.0,7,-0.8356392755017144,-4.094624690327123,-0.8368472939671496,1439,False,False,0.2525008919015341,0.4512515828232575,True,21.266863905325444,0.2702169625246548
S0161,,75,19.0,5,-0.8026637947540364,-4.386973867991509,-0.8034503577254806,1520,False,False,0.19587584730645738,0.461995009114237,True,21.261422924901183,0.2707509881422925
S0162,,69,15.0,6,-0.6653342995823838,-7.3011028629975,-0.667320053892078,3274,False,False,0.34968248305387084,0.551075014551506,True,21.266863905325444,0.2702169625246548
S0163,,75,23.0,6,-0.8027640937064995,-2.752706690024267,-0.8290916584877568,2324,False,False,0.47307884409561185,0.5444842417317104,True,21.266863905325444,0.2702169625246548
S0164,,85,18.0,6,-0.8107621134898665,-6.629306872264898,-0.8157490258017079,1814,False,False,0.2199215126650018,0.41502520907459856,True,21.258656126482215,0.26877470355731226
S0165,,119,21.0,5,-0.8385590485150977,-4.540071208839872,-0.8417037484895104,2087,False,False,0.31192293970745627,0.4291956237701642,True,21.297540322580645,0.2721774193548387
S0166,,65,49.0,6,-0.7317237134657335,-2.6055720661695547,-0.739911318652277,1668,False,False,0.7333856582233321,0.52032300170561,True,21.266863905325444,0.2702169625246548
S0167,,118,36.0,5,-0.8008799876609171,-2.866240317971206,-0.8099639076365205,1462,False,False,0.28027113806635745,0.42818659544478305,True,21.147510373443986,0.26348547717842324
S0168,,129,33.0,8,-0.7314671959227277,-2.699168840747346,-0.7415131704285226,1438,False,False,0.3304744916161256,0.536690150896663,True,21.266863905325444,0.2702169625246548
S0169,,129,45.0,5,-0.6793695333726107,-2.6635403151786794,-0.7021899949370841,1202,False,False,0.2681555476275419,0.39991502963665104,True,21.134395348837213,0.2534883720930233
S0170,,129,55.0,6,-0.7817915718835368,-2.1445453728514607,-0.7931913996636459,1076,False,False,0.5048019978594364,0.5424202296987408,True,21.278303393213573,0.27345309381237526
S0171,,82,14.0,6,-0.8430650182347849,-5.234500611669011,-0.8435203443333842,1724,False,False,0.15002497324295397,0.5292003581058892,True,21.242894736842107,0.2692307692307692
S0172,,70,15.0,6,-0.700866718844655,-3.4554973248216405,-0.7010653273605234,2436,False,False,0.33414199072422407,0.5578900991682785,True,21.264742063492065,0.2698412698412698
S0173,,130,51.0,6,-0.6650490337399476,-8.289392756169319,-0.6672691174124423,1440,False,False,0.14799857295754548,0.4074214319628257,True,21.266863905325444,0.2702169625246548
S0174,,75,19.0,4,-0.8182813677330076,-4.294754725949667,-0.8190186569474486,1310,False,False,0.05905101676774884,0.502387663613472,True,21.87037837837838,0.3081081081081081
S0175,,161,69.0,6,-0.6717134114378036,-3.3134725933277456,-0.6736057071090357,536,False,False,0.0740492329646807,0.6103396221463536,True,21.37589552238806,0.2860696517412935
S0176,,152,69.0,3,-0.7183207143756646,-4.842063181046917,-0.725367589638952,1257,False,False,0.11139493399928647,0.5106509228852874,True,20.771129943502828,0.2401129943502825
S0177,,65,57.0,2,-0.7993666421256822,-1.9527839981734982,-0.827784176238199,742,False,False,0.5599714591509097,0.5819707863040278,True,21.32631790744467,0.27364185110663986
S0178,,65,24.0,8,-0.664859451535955,-6.201199783713794,-0.6665800121602989,1152,False,False,0.08191223688904745,0.4432835006643125,True,21.48683544303797,0.28860759493670884
S0179,,129,68.0,5,-0.6919360006726716,-1.8156945298061808,-0.7147939573797858,947,False,False,0.5388797716732073,0.4979274375929622,True,21.183786008230452,0.26337448559670784
S0180,,145,36.0,5,-0.7571100223258791,-5.785147551436292,-0.7590457400186389,1322,False,False,0.13315733143061007,0.4875671991953771,True,21.238609406952964,0.26789366053169733
S0181,,145,24.0,6,-0.8275139235399729,-7.194563150456352,-0.8290048561627305,1440,False,False,0.12281127363539066,0.32551938078377246,True,21.260040080160316,0.2685370741482966
S0182,,92,21.0,8,-0.6990522063823086,-3.9739042599108263,-0.7042323901756814,922,False,False,0.09247235105244381,0.48261650714141546,True,21.732074468085106,0.2978723404255319
S0183,,75,23.0,5,-0.8385884923473604,-3.476367654448621,-0.8499840850932066,1682,False,False,0.34530146271851586,0.5345984016994619,True,21.266863905325444,0.2702169625246548
S0184,,65,51.0,2,-0.7315798865627541,-1.5526295098985452,-0.735378924360373,895,False,False,0.459835890117731,0.5803536237623265,True,21.299059304703476,0.2719836400817996
S0185,,130,55.0,6,-0.764245938170447,-6.504658729939361,-0.7652214646348406,1440,False,False,0.11600428112736354,0.40800021838118855,True,21.258379446640316,0.26877470355731226
S0186,,129,67.0,4,-0.7771538030960184,-2.1880768035010627,-0.7986464102417948,1103,False,False,0.3216981805208705,0.5297302573318148,True,21.20935550935551,0.2661122661122661
S0187,,160,36.0,3,-0.7759418100171653,-3.6847561844521666,-0.7830239414092064,2474,False,False,0.5190438815554763,0.4978093820987721,True,21.270238095238096,0.2718253968253968
S0188,,133,42.0,5,-0.7970591492962391,-4.099792330337904,-0.8063764148797357,1388,False,False,0.14333214413128792,0.5426955534003245,True,21.29098393574297,0.2710843373493976
S0189,,119,22.0,6,-0.7942898589301092,-4.6250686337587705,-0.7959696548702913,2087,False,False,0.3138209061719586,0.4482918637479406,True,21.297540322580645,0.2721774193548387
S0190,,131,28.0,6,-0.6679018535842385,-3.5339412165492647,-0.6812693377661394,1354,False,False,0.23389225829468427,0.4584770937136174,True,21.185942982456144,0.26096491228070173
S0191,,107,24.0,3,-0.7303349381664455,-4.715654750567578,-0.7511171668464646,1096,False,False,0.157916518016411,0.4208939872723364,True,21.108439897698215,0.2608695652173913
S0192,,129,86.0,5,-0.5176360899494501,-1.6657955545044367,-0.5791768229810856,707,False,False,0.44115590438815555,0.5008347203935086,True,21.347011494252875,0.2735632183908046
S0193,,120,40.0,5,-0.5532877312885185,-1.6716754267878176,-0.578551873569572,1027,False,False,0.31944345344273994,0.4954963174706438,True,21.162789256198348,0.2644628099173554
S0194,,75,22.0,7,-0.5980316210586426,-3.3726313025296384,-0.6044325837042649,2690,False,False,0.47273635390652874,0.5193215115263742,True,21.266863905325444,0.2702169625246548
S0195,,129,22.0,6,-0.4861311773020789,-7.100593751547032,-0.49193743826124087,1081,False,False,0.0873207277916518,0.3827393836761809,True,21.33340782122905,0.276536312849162
S0196,,149,60.0,5,-0.5499343079083132,-2.7162955598063574,-0.5553904551915376,720,False,False,0.11012486621476988,0.5057297488636556,True,21.266863905325444,0.2702169625246548
S0197,,114,39.0,5,-0.4606788117682087,-2.0964116671118935,-0.4959359112669404,875,False,False,0.17568319657509812,0.4172872074969656,True,21.22459677419355,0.2661290322580645
S0198,,129,70.0,6,-0.5376702228793159,-1.1582152279929483,-0.5454517500228675,869,False,False,0.5047306457367107,0.5400879184761423,True,21.314529058116236,0.2745490981963928
S0199,,103,19.0,5,-0.5989001590773645,-4.541723295571494,-0.621742452328072,692,False,False,0.05105957902247592,0.33796289004196106,True,21.361278688524592,0.2786885245901639
S0200,,65,41.0,5,-0.5907266475733508,-2.219775459641488,-0.6009913206765738,685,False,False,0.22604352479486264,0.4539853691746311,True,21.153114285714285,0.26857142857142857
S0201,,131,34.0,4,-0.5054700826213011,-4.040122409739261,-0.5122349494015209,2383,False,False,0.43449161612557974,0.44980650409175604,True,21.269229249011858,0.2707509881422925
S0202,,159,37.0,7,-0.586509957053835,-5.173326321813533,-0.6022691721351059,720,False,False,0.12381020335354977,0.3432711683966679,True,21.256760259179266,0.27429805615550756
S0203,,65,46.0,8,-0.5806204633997586,-3.417870911274464,-0.5921445824831897,782,False,False,0.22119158044951837,0.5013428743538634,True,21.279612403100774,0.268733850129199
S0204,,98,25.0,9,-0.6205452960924918,-4.673179184755325,-0.6303273056471538,1010,False,False,0.09084552265429896,0.44231643285338335,True,21.691592689295042,0.2924281984334204
S0205,,102,18.0,6,-0.5671253815790736,-2.7721226573233215,-0.6060931405782042,1395,False,False,0.14358901177310024,0.5447732219465068,True,21.053691983122363,0.2552742616033755
S0206,,65,41.0,11,-0.4667068083611331,-3.190335188396906,-0.49092096401990964,924,False,False,0.21040313949339992,0.4554999492273884,True,21.637850241545895,0.2946859903381642
S0207,,141,47.0,5,-0.5739529772981304,-3.306823544697039,-0.5979056013652271,610,False,False,0.0593649661077417,0.5087815498913255,True,21.170066079295157,0.2643171806167401
S0208,,65,54.0,9,-0.5369791307692171,-2.621971912969395,-0.5612164103546252,819,False,False,0.4778737067427756,0.5368593333982972,True,21.36771739130435,0.28043478260869564
S0209,,152,16.0,8,-0.5206775069830472,-4.754571716349134,-0.5232060819848742,2159,False,False,0.22146271851587584,0.47066728333462,True,21.266863905325444,0.2702169625246548
S0210,,77,34.0,5,-0.6022186485068579,-4.169338749647907,-0.6078191582335827,1430,False,False,0.3422618622904031,0.4639608439575611,True,21.335085106382984,0.2765957446808511
S0211,,101,32.0,3,-0.47181510586962727,-2.1958199523524655,-0.5463197758851844,940,False,False,0.19841598287549056,0.5323808923845976,True,21.266863905325444,0.2702169625246548
S0212,,129,103.0,6,-0.46019503731722544,-1.1716272709761746,-0.5368862731018385,289,False,False,0.3010774170531573,0.5288251573695465,True,21.087830188679245,0.2578616352201258
S0213,,77,15.0,7,-0.5831895916594312,-7.208484927001052,-0.5841971628276135,2832,False,False,0.2692543703175169,0.3745743950005195,True,21.266863905325444,0.2702169625246548
S0214,,152,19.0,7,-0.6114664869935803,-8.890343015939688,-0.6137713721504191,2159,False,False,0.16576525151623261,0.40478231574260914,True,21.266863905325444,0.2702169625246548
S0215,,159,61.0,6,-0.5161562286955222,-3.904087343110886,-0.5177523463145302,720,False,False,0.04612201212986086,0.5130362695349696,True,21.269423868312757,0.2674897119341564
S0216,,75,20.0,4,-0.6229985620591806,-5.036671593486669,-0.6244446828467574,3274,False,False,0.5159186585800928,0.5019652771941704,True,21.266863905325444,0.2702169625246548
S0217,,130,82.0,3,-0.5468565205993938,-3.6196522068948505,-0.5478860286701945,720,False,False,0.08279700321084553,0.4985222781081422,True,21.266863905325444,0.2702169625246548
S0218,,160,50.0,4,-0.5643338195098211,-2.633516477947017,-0.570866039414172,574,False,False,0.1021048876204067,0.4305794721121466,True,21.4035,0.2727272727272727
S0219,,130,34.0,7,-0.637554684470157,-6.655184534290305,-0.6438271720261772,1440,False,False,0.16084195504816268,0.46141246389547924,True,21.266863905325444,0.2702169625246548
S0220,,146,49.0,7,-0.5284498432382261,-4.346470075791695,-0.5301968641404542,1027,False,False,0.15775954334641457,0.564167989993394,True,21.266863905325444,0.2702169625246548
S0221,,65,36.0,4,-0.4967277670427763,-4.8498560671073205,-0.49885058679522754,1554,False,False,0.4261148769175883,0.46322679113669823,True,21.2035814889336,0.2676056338028169
S0222,,129,107.0,5,-0.46234865945885883,-1.1676567619008276,-0.4823062639296087,451,False,False,0.331616125579736,0.6179941465847842,True,21.450964467005075,0.2766497461928934
S0223,,149,25.0,7,-0.5160760797004487,-3.435611570017761,-0.523900095421309,740,False,False,0.06156261148769176,0.31751555721049535,True,20.247573529411763,0.1801470588235294
S0224,,130,81.0,3,-0.3866472607658834,-2.2703916827360375,-0.398406175027559,720,False,False,0.07469140206921156,0.5153341918347906,True,21.266863905325444,0.2702169625246548
S0225,,172,39.0,7,-0.4096983511962371,-3.0680321341204935,-0.4361698594093376,667,False,False,0.10966821262932572,0.4014728072497171,True,21.13987041036717,0.2634989200863931
S0226,,79,26.0,4,-0.26684253916351086,-1.450917111457835,-0.3025788285428548,632,False,False,0.056268283981448446,0.7667010657767718,True,21.787507788161996,0.30218068535825543
S0227,,71,27.0,6,-0.2833991196396075,-2.3329420814433206,-0.28457014977503536,339,False,False,0.05110239029611131,0.3953316417485566,True,21.515643564356434,0.3118811881188119
S0228,,133,48.30000000000291,9,-0.3840771966397537,-1.9419828192311408,-0.40655522243256453,711,False,False,0.07340706386014983,0.5458368732788876,True,21.276132264529057,0.27054108216432865
S0229,,70,22.0,6,-0.2805512698635274,-2.628028259807597,-0.28469382013112987,904,False,False,0.07833036032821976,0.7250218936917507,True,21.650024875621888,0.291044776119403
S0230,,86,20.0,7,-0.3651481083342232,-3.1711346812772034,-0.37735045833521225,523,False,False,0.04045665358544417,0.4150173853410087,True,21.25842105263158,0.2679425837320574
S0231,,152,28.0,7,-0.4169676432664644,-3.657388882617813,-0.42017385277727315,1440,False,False,0.15265073135925794,0.49002043347995455,True,21.266863905325444,0.2702169625246548
S0232,,65,53.0,5,-0.43895885624787134,-2.2565148970993865,-0.45653899164581274,941,False,False,0.6471780235462005,0.5641745945067349,True,21.266863905325444,0.2702169625246548
S0233,,65,50.0,2,-0.350797680268395,-1.1261989760619722,-0.4047875927056067,903,False,False,0.4288976097038887,0.538653507952596,True,21.272092050209206,0.2719665271966527
S0234,,152,63.0,6,-0.4375764788027373,-3.086641420385049,-0.4433819900583643,562,False,False,0.039800214056368174,0.5862894031790288,True,21.075607235142115,0.25839793281653745
S0235,,98,26.0,6,-0.43651056562470936,-2.5252864635419385,-0.4432227398758861,511,False,False,0.0806136282554406,0.41315046496844526,True,21.5825,0.3014705882352941
S0236,,112,20.0,5,-0.39597571297527934,-8.348417984128504,-0.39734730518917133,1071,False,False,0.08896182661434178,0.41045936588620197,True,21.239819639278554,0.2665330661322645
S0237,,129,104.0,2,-0.34302902870049035,-0.9535944329465373,-0.47277363485146384,343,False,False,0.3926364609347128,0.5212084877853042,True,21.28310880829015,0.2694300518134715
S0238,,65,52.0,6,-0.44024135584125657,-1.3813330873171876,-0.505845825543439,590,False,False,0.22241883696039957,0.48282172667812895,True,21.266802507836992,0.2727272727272727
S0239,,141,46.0,5,-0.33665959103941323,-1.3055772925275773,-0.3913133569534565,238,False,False,0.08714948269711024,0.46495980022148453,True,21.872600000000002,0.28
S0240,,129,100.0,5,-0.3383672069495737,-0.40769055764774603,-0.6615023480290114,376,False,False,0.4378594363182305,0.5443734619819628,True,21.279782082324452,0.26634382566585957
S0241,,109,20.0,5,-0.3819348020603087,-5.611522352882362,-0.39189609985309104,891,False,False,0.0833535497681056,0.43984798722081947,True,21.308285123966943,0.2706611570247934
S0242,,129,104.0,6,-0.34440558455101056,-1.3939534730992353,-0.36942767488736805,412,False,False,0.45202996789154476,0.5128284984194119,True,21.312657004830918,0.27294685990338163
S0243,,149,62.0,3,-0.40158382915878277,-3.236811451899219,-0.40260834268847095,1046,False,False,0.14047805922226186,0.5250510810433408,True,20.3386925795053,0.1872791519434629
S0244,,138,22.0,7,-0.33889311356091223,-3.314470182894906,-0.35238321956380225,664,False,False,0.04958972529432751,0.3649810999851641,True,21.801818181818184,0.3181818181818182
S0245,,163,35.0,5,-0.41297909053811177,-2.2121435548916564,-0.42048804797373074,581,False,False,0.09545486978237602,0.3902909647543546,True,21.334954545454544,0.2772727272727273
S0246,,156,30.0,5,-0.33652814724574964,-3.5192732309458603,-0.33902514350822355,552,False,False,0.08612201212986087,0.4111350187598319,True,21.45586206896552,0.28735632183908044
S0247,,149,29.0,7,-0.2990184318522823,-6.819870636936882,-0.30027516664780846,909,False,False,0.05776667855868712,0.3628384604374645,True,21.090526315789475,0.2543859649122807
S0248,,130,43.0,8,-0.4100673378201304,-4.360567894693233,-0.4116036315005117,1439,False,False,0.09698180520870496,0.5070304913904099,True,21.266863905325444,0.2702169625246548
S0249,,149,20.0,7,-0.3697866328423315,-2.236738814540996,-0.39706544180731734,579,False,False,0.07677488405280057,0.5067593123429086,True,21.27498866213152,0.2653061224489796
S0250,,144,41.0,6,-0.3825024595985619,-3.4533080681445516,-0.4001283096581425,626,False,False,0.038444523724580806,0.33064448691429704,True,21.16795918367347,0.2653061224489796
S0251,,130,75.0,6,-0.27528268116583243,-3.1575926685279354,-0.28332313470572523,720,False,False,0.058908312522297536,0.5435252122935599,True,21.266863905325444,0.2702169625246548
S0252,,169,61.0,5,-0.3721365552648047,-3.300839645700824,-0.3751380807430041,903,False,False,0.134356047092401,0.5228221902597873,True,21.2096,0.2752941176470588
S0253,,149,18.0,8,-0.3805756236423906,-2.4778345537124746,-0.3958662494677253,1437,False,False,0.18133428469496968,0.44399518757807704,True,21.266863905325444,0.2702169625246548
S0254,,129,95.0,5,-0.26036200851579083,-0.39935834017026867,-0.39559895627860847,622,False,False,0.34086336068498035,0.5128300020182329,True,21.21032345013477,0.2722371967654987
S0255,,122,33.0,4,-0.3481451087593074,-2.466539515193131,-0.3590999055377447,819,False,False,0.10024973242953977,0.40053819562270715,True,21.358790560471977,0.2743362831858407
S0256,,86,38.0,9,-0.22860596875363592,-2.167286706963361,-0.2563555735231646,497,False,False,0.05999286478772743,0.4251180282201756,True,21.25977973568282,0.27312775330396477
S0257,,65,59.0,2,-0.1870692050023275,-0.5160146836891194,-0.25667964866346715,123,False,False,0.11142347484837674,0.5172044671117164,True,21.381357142857144,0.2571428571428571
S0258,,65,28.0,10,-0.15843464476019287,-0.8487629286133042,-0.2694936180501173,611,False,False,0.2215340706386015,0.5748533140507207,True,21.268723958333336,0.2682291666666667
S0259,,94,33.0,6,-0.13644146072401164,-1.017572422613207,-0.15609709132060867,127,False,False,0.014641455583303603,0.5592396394300169,True,22.172615384615384,0.27692307692307694
S0260,,129,21.0,8,-0.22690194997512558,-3.613248774073898,-0.22856776784556274,629,False,False,0.05097395647520514,0.33903107327961796,True,21.48102564102564,0.2893772893772894
S0261,,65,51.0,5,-0.22937101556052963,-2.397065044074207,-0.2527561603898461,696,False,False,0.35951480556546556,0.5091496582223815,True,21.152601431980905,0.26730310262529833
S0262,,129,105.0,5,-0.16453311638285872,-0.6870307714844242,-0.2300363428718493,228,False,False,0.2972814841241527,0.5328942502388929,True,21.24457337883959,0.2627986348122867
S0263,,65,41.0,6,-0.11311841770150532,-1.152488187320515,-0.13583286085202942,524,False,False,0.09287192293970746,0.47586391178349274,True,21.413716475095782,0.2835249042145594
S0264,,65,57.0,5,-0.16604975764142693,-0.5623017120333557,-0.23284433439303617,473,False,False,0.39252229753835177,0.5722387181027977,True,21.29647342995169,0.2777777777777778
S0265,,119,29.0,4,-0.18003767475871757,-1.8972858580291363,-0.18570482110566022,347,False,False,0.04714948269711024,0.5196311378712477,True,22.046000000000003,0.3027027027027027
S0266,,65,51.0,8,-0.21812783494772192,-0.6020680052887567,-0.3388359947745467,556,False,False,0.2848376739207991,0.5431432828905631,True,21.225125628140706,0.2638190954773869
S0267,,167,53.0,6,-0.22323847085829396,-1.1356484489762069,-0.23495929191604448,490,False,False,0.12640742062076346,0.43560876112223823,True,21.186722972972973,0.2668918918918919
S0268,,65,16.0,4,-0.12992954974840665,-2.650215014043716,-0.1371643417408803,590,False,False,0.04430966821262933,0.36882298236778577,True,21.27020920502092,0.26778242677824265
S0269,,129,71.0,6,-0.12634324928510288,-1.0942453910420475,-0.1445658330922718,583,False,False,0.2538565822333214,0.5499459896093837,True,21.385386597938147,0.27835051546391754
S0270,,129,94.0,8,-0.16556501799382473,-0.14274397136718367,-0.3492127721568337,584,False,False,0.6846093471280771,0.5641161122780817,True,21.273226452905813,0.2725450901803607
S0271,,109,32.0,5,-0.24741185678811783,-3.5746180800657315,-0.2534769258049172,875,False,False,0.1290617195861577,0.4039474068685349,True,21.180802292263607,0.2693409742120344
S0272,,65,53.0,8,-0.18660353813618336,-0.8261831178376882,-0.32168238064536364,370,False,False,0.17486978237602568,0.5408499341895648,True,21.03325174825175,0.26223776223776224
S0273,,65,53.0,5,-0.18169585090241358,-0.6162076360600103,-0.27721384717556585,603,False,False,0.3522654298965394,0.49898179997329706,True,21.316059113300494,0.2733990147783251
S0274,,129,59.0,4,-0.22533745345480094,-3.5374783373281593,-0.22976691752488296,684,False,False,0.14816981805208704,0.4210652817452245,True,21.10453125,0.265625
S0275,,65,52.0,5,-0.0833026605893814,-0.9089849701406688,-0.13287957816238188,109,False,False,0.03994291830181948,0.49036820000542236,True,20.10207317073171,0.1951219512195122
S0276,,133,78.0,3,-0.18759546553152429,-2.781609600325837,-0.1925681867264616,711,False,False,0.07422047805922226,0.5429857520312116,True,21.276132264529057,0.27054108216432865
S0277,,65,45.0,5,-0.20761870168154073,-0.5902609343199897,-0.2538616443856563,402,False,False,0.15707456296824832,0.5021380844156182,True,20.613466666666664,0.2222222222222222
S0278,,84,38.0,4,-0.0697740245662708,-1.501995614921771,-0.08126664154681974,53,False,False,0.009389939350695682,0.4165928833450316,True,21.224871794871795,0.23076923076923078
S0279,,109,24.0,4,-0.2010423349893724,-3.8657204795863387,-0.20240085566529337,586,False,False,0.04449518373171602,0.5040939566153585,True,20.96219584569733,0.2433234421364985
S0280,,158,55.0,5,-0.14339919232108145,-0.808324131699354,-0.16214077693313778,180,False,False,0.05915090973956475,0.4261583188331811,True,20.689622641509434,0.19811320754716982
S0281,,65,56.0,2,-0.15051760481927157,-0.2927930615387378,-0.30816112879939567,281,False,False,0.17083125222975384,0.5064212214501786,True,21.149960317460316,0.28174603174603174
S0282,,65,17.0,9,-0.18516843395617466,-1.3420403028555206,-0.21473022587082324,457,False,False,0.05385658223332144,0.5733919002571125,True,21.2955601659751,0.27385892116182575
S0283,,114,37.0,5,-0.16889406594863554,-1.9892674151915166,-0.18127410468602229,424,False,False,0.08082768462361756,0.38045758847259625,True,20.60985294117647,0.23529411764705882
S0284,,112,25.0,5,-0.13169322237253722,-1.6565512041995691,-0.13257235956681965,253,False,False,0.029668212629325723,0.42111642472667266,True,20.301810344827594,0.1724137931034483
S0285,,67,23.0,6,-0.08151571463445029,-1.4891019740496223,-0.09471708237482201,164,False,False,0.015183731716018552,0.44853923592709233,True,21.687425742574256,0.297029702970297
S0286,,119,37.0,5,-0.09104608815132564,-1.1068149662636697,-0.09166313825386278,148,False,False,0.022176239743132358,0.5532742844483509,True,21.822187500000002,0.3333333333333333
S0287,,65,25.0,8,-0.10076655669776224,-0.9140669164189804,-0.10972622923212343,681,False,False,0.04311095255083839,0.5335215900327254,True,21.81402135231317,0.298932384341637
S0288,,65,38.0,6,0.01833492969914685,0.29598194507540826,-0.06143477781903053,33,False,False,0.004866214769889405,0.4849392387241443,True,20.064782608695655,0.17391304347826086
S0289,,129,70.0,7,0.012817809488805842,0.11265629476504611,-0.23748731619798202,357,False,False,0.15476275419193722,0.5516902017415886,True,21.383428571428574,0.28214285714285714
S0290,,101,41.0,7,0.06798852734759198,0.3174510689429665,-0.18972131819502575,231,False,False,0.05325722440242597,0.6169352741087898,True,20.957197452229302,0.25477707006369427
S0291,,65,46.0,10,-0.023440139436755048,-0.12560836205818351,-0.13679460983546177,254,False,False,0.10551551908669284,0.5377095429724977,True,20.39984126984127,0.20105820105820105
S0292,,65,42.0,6,-0.024545431809623874,-0.33941525516655996,-0.06319048978766403,43,False,False,0.005280057081698181,0.5935511649942268,True,20.654642857142854,0.21428571428571427
S0293,,129,76.0,6,-0.025454038308822646,-0.03550814527060505,-0.19221712475871652,462,False,False,0.222575811630396,0.5359497326890861,True,21.16609756097561,0.2652439024390244
S0294,,65,58.0,4,-0.011318179023857011,-0.13035516738808778,-0.05011966620254521,21,False,False,0.0056796289689618265,0.5085782394106089,True,18.597857142857144,0.0
S0295,,129,88.0,8,0.01992163909268818,0.14420534950147954,-0.2660770750554927,259,False,False,0.29093114520156976,0.5449851645868445,True,20.687926421404683,0.23076923076923078
S0296,,94,43.0,4,0.0244177696383292,0.47411887318642804,-0.02809465764243517,67,False,False,0.009004637887977167,0.44575982766820643,True,20.853513513513512,0.1891891891891892
S0297,,129,114.0,5,0.11158614656101062,0.8180877842086623,-0.04439308901765611,43,False,False,0.07676061362825544,0.588191543367159,True,20.36653333333333,0.18666666666666668
S0298,,129,96.0,8,0.0033828935465485266,0.0908725720997549,-0.31862961394483763,376,False,False,0.4378594363182305,0.5443734619819628,True,21.279782082324452,0.26634382566585957
S0299,,65,57.0,5,0.019708395532438194,0.21236033907654803,-0.06228756052323745,62,False,False,0.05575454869782376,0.5327470782206726,True,21.09866666666667,0.25333333333333335
S0300,,81,33.90000000000009,4,-0.035428789344466693,-2.2918043469613756,-0.035428789344466714,39,False,False,0.00462361755262219,0.5114853677289474,True,20.72612903225807,0.22580645161290322
S0301,,65,56.0,7,-0.0443035693105559,-0.1170871206581742,-0.17202655490031687,433,False,False,0.29839457723867285,0.619340745783323,True,21.61607329842932,0.2931937172774869
S0302,,129,103.0,5,0.033826469829183026,0.2755072100386522,-0.14352352409591312,194,False,False,0.12389582590082054,0.5712370439210886,True,21.277567567567566,0.2648648648648649
S0303,,65,53.0,5,0.04046505048082327,0.5114581629698154,-0.03654503478245089,44,False,False,0.01849447021048876,0.5772860000971924,True,20.380454545454548,0.1590909090909091
S0304,,70,25.0,7,-0.015091407528219136,-0.1384381749382891,-0.09705568081467339,327,False,False,0.02811273635390653,0.6989241557110977,True,21.161812865497076,0.26900584795321636
S0305,,81,42.0,7,-0.010553812179627697,-0.19185669308850245,-0.034008752936057485,36,False,False,0.008019978594363182,0.5153362863876146,True,21.258787878787878,0.2727272727272727
S0306,,129,106.0,2,-0.04075926705859001,0.0989495854353592,-0.5028074811976944,381,False,False,0.4380592222618623,0.5500307931729783,True,21.256280193236716,0.26811594202898553
S0307,,129,106.0,4,0.029423576851862476,0.3889534418981863,-0.056383303980805835,43,False,False,0.028055654655726008,0.6595280881144948,True,19.6890243902439,0.0975609756097561
S0308,,129,98.0,2,-0.02100694296932193,-0.1368623613967621,-0.0921654603261159,284,False,False,0.1587727434891188,0.47967043557654776,True,19.61396449704142,0.1301775147928994
S0309,,129,100.0,5,0.1384093013056238,0.459802631157018,-0.26274109532697126,376,False,False,0.4378594363182305,0.5443734619819628,True,21.279782082324452,0.26634382566585957
S0310,,65,41.0,5,-0.03529914770957654,-2.4753749479181306,-0.035299147709576574,45,False,False,0.00917588298251873,0.4288624798173144,True,20.36657894736842,0.21052631578947367
S0311,,70,45.0,8,0.012422196182406697,0.15159876790872204,-0.0710092234570336,63,False,False,0.00851944345344274,0.5697280215451977,True,20.782926829268295,0.1951219512195122
S0312,,129,91.0,5,0.005377963329878721,0.11146599194742246,-0.2581462169820809,259,False,False,0.29093114520156976,0.5449851645868445,True,20.687926421404683,0.23076923076923078
S0313,,74,32.0,5,-0.042572441185963705,-0.36406595144886683,-0.0801338592542495,65,False,False,0.00784873349982162,0.5979391347554396,True,20.95361111111111,0.19444444444444445
S0314,,65,50.0,7,0.005084334839906113,0.10836713195748128,-0.0321062412881587,63,False,False,0.012500891901534071,0.513529918322884,True,20.69772727272727,0.18181818181818182
S0315,,129,96.0,8,-0.045986702520735334,-0.005644412780350951,-0.3488760019415232,415,False,False,0.381805208704959,0.5392531683790395,True,21.329647355163726,0.2695214105793451
S0316,,70,27.0,4,-0.031379730744106715,-0.45889588698919165,-0.08636090662526157,318,False,False,0.02811273635390653,0.7004557404020901,True,21.262994011976044,0.2754491017964072
S0317,,99,69.0,5,0.009587315394735896,0.1462642670825704,-0.07147809227290053,33,False,False,0.0056796289689618265,0.3955085286252149,True,19.957,0.1
S0318,,115,45.0,7,0.002646721238406924,0.05142773773128734,-0.0932642326362976,367,False,False,0.05749554049232965,0.48282569206026954,True,21.093352272727273,0.26704545454545453
S0319,,129,100.0,8,-0.004068365405488161,0.03412652255696928,-0.1599235128464571,288,False,False,0.3163610417409918,0.5216230690172449,True,20.939473684210526,0.2476780185758514
S0320,,287,42.0,5,-0.7565943878616074,-3.7974466800085,-0.7597928719225796,1111,False,False,0.15269354263289334,0.47397579157494124,True,21.286393088552916,0.27429805615550756
S0321,,251,72.0,2,-0.6667276785787839,-1.29665135243921,-0.687869865886183,920,False,False,0.4949268640742062,0.5254823266698715,True,21.206847389558234,0.26706827309236947
S0322,,252,76.0,5,-0.689321905747142,-1.2421168825430338,-0.7022480888640737,1395,False,False,0.5873564038530146,0.5724563840578955,True,21.266863905325444,0.2702169625246548
S0323,,269,75.0,6,-0.8167779300523939,-4.117713019066266,-0.8173169276229707,1365,False,False,0.291073849447021,0.6074934860730595,True,21.352367346938774,0.27755102040816326
S0324,,176,23.0,7,-0.8411183785456899,-4.378847460733986,-0.8432730072592437,1417,False,False,0.18859793078844095,0.5640333505812742,True,21.30640918580376,0.2755741127348643
S0325,,292,29.0,7,-0.774130633411384,-2.428506644643223,-0.7808309570653486,1075,False,False,0.4589796646450232,0.6120667245614021,True,21.300766129032258,0.27419354838709675
S0326,,230,46.0,5,-0.7229026001446428,-3.0694391666916547,-0.7277742071279866,1435,False,False,0.19496254013556905,0.6102348732465162,True,21.293449691991785,0.2731006160164271
S0327,,183,15.0,3,-0.8457666623738086,-5.36434120018145,-0.8508530001674548,1675,False,False,0.2711666072065644,0.5178098546278166,True,21.218044806517316,0.26883910386965376
S0328,,252,80.0,4,-0.8435686412053087,-2.613137836770293,-0.8442894428732552,1878,False,False,0.363068141277203,0.6092069820561623,True,21.302175648702594,0.27345309381237526
S0329,,252,64.0,6,-0.7320546814654583,-1.7758882266531726,-0.7329783843675785,978,False,False,0.4450517302889761,0.574819153517904,True,21.261146881287726,0.2716297786720322
S0330,,279,45.0,6,-0.70761201668135,-3.830739471374898,-0.726721882864936,1018,False,False,0.3080271138066357,0.5122391791764604,True,21.182854122621563,0.26215644820295986
S0331,,320,76.0,6,-0.6947831845061813,-3.2675271408590256,-0.7070757296753987,1062,False,False,0.33108811987156617,0.5426679017333907,True,21.034162679425833,0.2607655502392344
S0332,,255,75.0,4,-0.7339895004731163,-2.2958376937972695,-0.7422478826397965,1171,False,False,0.7798501605422762,0.5625574485914578,True,21.266863905325444,0.2702169625246548
S0333,,320,78.0,6,-0.7374601303707768,-2.166565665649399,-0.7488455804400156,792,False,False,0.5302461648234035,0.5822530248624586,True,21.281394422310754,0.2729083665338645
S0334,,198,21.0,7,-0.656592811278969,-3.7299896950931615,-0.6620378841017035,887,False,False,0.06478772743489118,0.4053879522072027,True,21.466797385620914,0.2777777777777778
S0335,,372,37.0,5,-0.8170077261691104,-3.20727657881348,-0.8277380340208265,1200,False,False,0.27407777381377096,0.457577635158114,True,21.16317391304348,0.26304347826086955
S0336,,246,37.0,6,-0.8483774146130355,-2.754500930898193,-0.8666486512305397,1606,False,False,0.41731002497324293,0.49291093803147973,True,21.28892712550607,0.27125506072874495
S0337,,320,75.0,6,-0.8370157596340546,-4.537575748577822,-0.8373945172235837,1839,False,False,0.38894042097752407,0.6043476187280493,True,21.294890656063618,0.27236580516898606
S0338,,283,29.0,6,-0.7030904442590973,-2.999279627078323,-0.7219117988565377,1020,False,False,0.19506243310738494,0.37654861866893563,True,21.166633906633905,0.2727272727272727
S0339,,291,30.0,5,-0.7948495342417958,-6.657879458866131,-0.7960021412298222,1573,False,False,0.07424901890831252,0.45438443257345273,True,21.387119815668203,0.2834101382488479
S0340,,252,70.0,5,-0.7802337851711248,-2.6915964920825726,-0.789721198206936,1745,False,False,0.6055369247235105,0.5646492389391882,True,21.266863905325444,0.2702169625246548
S0341,,307,22.0,7,-0.7782414370112046,-6.3024761796974325,-0.7817345129337121,1561,False,False,0.08002854084909027,0.3820379922512093,True,21.12837837837838,0.25900900900900903
S0342,,201,67.0,3,-0.7281737400921471,-2.4993559676683423,-0.7365881414259792,1228,False,False,0.35369247235105244,0.5204519317817196,True,21.174767676767676,0.26666666666666666
S0343,,297,67.0,6,-0.7255854222545317,-2.3143053585245448,-0.7391913035032482,1446,False,False,0.4807420620763468,0.4666831559061915,True,21.29723107569721,0.2729083665338645
S0344,,173,21.0,7,-0.6607701599895486,-6.495895787073941,-0.6622690799109603,2027,False,False,0.31618979664645025,0.48843540309738714,True,21.266863905325444,0.2702169625246548
S0345,,362,67.0,5,-0.7253980939226113,-2.5970400366029582,-0.7341036969811551,878,False,False,0.26457367106671426,0.5002079146706411,True,21.16457589285714,0.2700892857142857
S0346,,203,60.0,7,-0.6599141665836123,-2.408555804659134,-0.6851821930441958,665,False,False,0.15005351409204423,0.46174005709431987,True,21.68734756097561,0.3018292682926829
S0347,,173,35.0,5,-0.7721780759169037,-2.925611757868631,-0.7850271532223254,1391,False,False,0.4157260078487335,0.4619872064093383,True,21.266863905325444,0.2702169625246548
S0348,,270,57.0,5,-0.813218447260328,-2.932374819938395,-0.8201244201576788,1847,False,False,0.6302961113093114,0.4622523429287512,True,21.266863905325444,0.2702169625246548
S0349,,286,75.0,6,-0.8037190607572113,-2.3531933549782735,-0.8350024809486175,1070,False,False,0.3753835176596504,0.4669474179662391,True,21.360709677419354,0.2752688172043011
S0350,,202,48.0,7,-0.8089830465079878,-4.904138087038941,-0.8127287560783164,1453,False,False,0.2057652515162326,0.46809041376635496,True,21.39796536796537,0.2813852813852814
S0351,,316,74.0,7,-0.8249095971132604,-2.2182356031159673,-0.82586752239411,1162,False,False,0.7131216553692472,0.5633065578793447,True,21.266863905325444,0.2702169625246548
S0352,,213,50.0,9,-0.5078190714184908,-4.800815239501147,-0.5167968872795489,1629,False,False,0.3317588298251873,0.4211517612491422,True,21.341604938271605,0.2757201646090535
S0353,,242,60.0,5,-0.5927698941576678,-2.3249185478464582,-0.620601853649688,966,False,False,0.21915090973956475,0.5009887620808748,True,21.602412177985947,0.2857142857142857
S0354,,282,63.0,10,-0.5771084528851879,-2.625182960429215,-0.6078160706367655,1224,False,False,0.5466714234748484,0.4639299968639536,True,21.3562677484787,0.27586206896551724
S0355,,176,38.0,7,-0.4925388072897805,-2.3694931742234573,-0.5185954188311169,489,False,False,0.06677131644666429,0.4220821265542908,True,21.16442687747036,0.26877470355731226
S0356,,230,39.0,6,-0.6229807838301373,-2.502321759846931,-0.6272344410912525,841,False,False,0.16730645736710667,0.582974425644857,True,21.407892271662764,0.2786885245901639
S0357,,194,27.0,6,-0.524514814234164,-2.4230464584000644,-0.5317154126217595,665,False,False,0.09158758473064574,0.39155271079728804,True,20.174330708661415,0.18110236220472442
S0358,,244,54.0,6,-0.5627323294049276,-2.079954764159449,-0.58289765262758,792,False,False,0.29609703888690686,0.5797944914670428,True,21.266863905325444,0.2702169625246548
S0359,,294,69.0,10,-0.5008894104643435,-1.4244670578858465,-0.5580583675473095,465,False,False,0.23160899036746344,0.5309341309934039,True,21.366019417475727,0.28398058252427183
S0360,,292,32.0,8,-0.5701378664285897,-4.5475934283372235,-0.5764200888130113,1272,False,False,0.05539778808419551,0.4321875657212765,True,21.699952718676123,0.30023640661938533
S0361,,366,55.0,11,-0.500028075337699,-2.9480064345696393,-0.5131978521484735,1048,False,False,0.3421048876204067,0.4984961897273107,True,21.38482254697286,0.2797494780793319
S0362,,292,37.0,6,-0.6287898981080772,-2.8263386846723235,-0.6467706922244714,659,False,False,0.15915804495183733,0.4845401265134207,True,21.255188470066518,0.2727272727272727
S0363,,201,54.0,4,-0.5760846871646079,-1.5653354741243168,-0.6083582811195608,875,False,False,0.2502033535497681,0.478996876391599,True,21.247443037974683,0.26329113924050634
S0364,,216,57.0,6,-0.5867835244992261,-1.6044274227415687,-0.6266013682687936,692,False,False,0.22571530503032466,0.6098300569156307,True,21.159680851063833,0.2680851063829787
S0365,,375,79.0,2,-0.528086310907381,-0.9679543345080973,-0.626826360593735,807,False,False,0.46151980021405636,0.5555382955884279,True,21.319412955465587,0.27530364372469635
S0366,,292,24.0,10,-0.607685200545859,-4.090510705684115,-0.607685200545859,807,False,False,0.1499393506956832,0.5024834338663036,True,21.37846153846154,0.2878411910669975
S0367,,265,34.0,6,-0.6241910266526898,-3.6537520397636354,-0.6297011509027856,715,False,False,0.05906528719229397,0.4535864797363523,True,21.362536082474225,0.27628865979381445
S0368,,200,41.0,6,-0.5250226689490676,-2.7988233209506634,-0.5377551524992745,1018,False,False,0.1327006778451659,0.441914204470249,True,21.42405027932961,0.28212290502793297
S0369,,263,74.0,7,-0.5621973493756187,-1.8344396958314748,-0.5779430156544244,700,False,False,0.4465643952907599,0.5636298731305597,True,21.266863905325444,0.2702169625246548
S0370,,355,56.0,7,-0.498548734249332,-2.099816417302514,-0.5064257239466604,614,False,False,0.16535140920442384,0.5084286201425531,True,21.380733944954127,0.28211009174311924
S0371,,275,101.0,5,-0.4672546895896127,-1.2079909491587917,-0.5256085704086133,746,False,False,0.26741348555119515,0.5278150541996336,True,21.55555873925502,0.2808022922636103
S0372,,182,43.0,5,-0.5071321790758017,-3.0848299631375435,-0.5101485040082353,581,False,False,0.10387442026400286,0.416917108758927,True,21.313288590604028,0.2785234899328859
S0373,,279,96.0,4,-0.5353012172842341,-1.9184995344542999,-0.5442190460637013,1562,False,False,0.4558544416696397,0.5122620046276135,True,21.257402862985682,0.2719836400817996
S0374,,282,116.0,3,-0.4537683878735326,-1.1384397414159855,-0.4836319854567924,686,False,False,0.3340706386014984,0.5201641655045547,True,21.48422343324251,0.28610354223433243
S0375,,251,45.0,9,-0.5554193216829053,-4.66664777192297,-0.5588925158996758,705,False,False,0.12630752764894757,0.39154649012278947,True,21.38342047930283,0.28104575163398693
S0376,,305,68.0,4,-0.5882850420066519,-2.2757796479963934,-0.5949824524692386,733,False,False,0.21526935426328933,0.45973247260765177,True,21.414555555555555,0.2722222222222222
S0377,,173,24.0,5,-0.45286300175790206,-4.21001354015546,-0.45646293362267426,2027,False,False,0.3162183374955405,0.44140774895936347,True,21.266863905325444,0.2702169625246548
S0378,,193,58.0,3,-0.4714752028658813,-2.9373694020788554,-0.4795514368722939,1465,False,False,0.6371601855155191,0.5135858693899888,True,21.266863905325444,0.2702169625246548
S0379,,257,78.0,5,-0.5433672387758173,-1.6563550996934233,-0.608387309467542,809,False,False,0.20712094184802,0.6087948363928642,True,21.674098360655737,0.2903981264637002
S0380,,303,62.0,6,-0.548600719760663,-2.436446396547774,-0.5751837902423952,2582,False,False,0.33297181591152336,0.5951466049798715,True,21.276363636363637,0.2707509881422925
S0381,,176,41.0,7,-0.5538822866861786,-3.969197578970538,-0.5555944903437214,2229,False,False,0.5268783446307528,0.4024603270222915,True,21.266863905325444,0.2702169625246548
S0382,,307,21.0,6,-0.6169770689241463,-5.383038588930904,-0.6196439626580599,1181,False,False,0.06314662861220122,0.4555843800095197,True,21.07584415584416,0.25757575757575757
S0383,,292,42.0,6,-0.5658603129179092,-3.6298586605887158,-0.572120441200315,686,False,False,0.02896896182661434,0.44299224022316025,True,21.740963855421686,0.3072289156626506
S0384,,176,24.0,8,-0.43782244784643287,-6.7812585465266055,-0.438834730046975,1379,False,False,0.17514092044238316,0.4740733411138768,True,21.36482978723404,0.28085106382978725
S0385,,252,76.0,5,-0.41131410715589356,-1.5145115964590465,-0.43740436792844606,1092,False,False,0.6001997859436318,0.5615556109411474,True,21.266863905325444,0.2702169625246548
S0386,,200,47.0,7,-0.3391408740835472,-1.9772607929812358,-0.35279325079229323,1034,False,False,0.18617195861576882,0.5056417751163641,True,21.389714964370544,0.28741092636579574
S0387,,203,56.0,7,-0.4150684084027614,-2.2287654827497096,-0.43137650121766835,505,False,False,0.10122012129860863,0.40573875453726,True,21.203705179282874,0.26693227091633465
S0388,,285,133.0,3,-0.44458898125453394,-2.4420465522225028,-0.45527938231681797,433,False,False,0.11951480556546558,0.4622079535966321,True,20.4690306122449,0.2193877551020408
S0389,,246,51.0,6,-0.27880584625540583,-3.3636135001668737,-0.27957865956369915,468,False,False,0.08399571887263646,0.4688059258314359,True,21.559382352941178,0.29705882352941176
S0390,,257,195.0,5,-0.34151006403127326,-0.42814241133780623,-0.6068000466966883,198,False,False,0.44295397788084195,0.5210830211056241,True,20.86258620689655,0.23850574712643677
S0391,,247,81.0,5,-0.3842402867449891,-1.662187017871014,-0.39696377609670763,138,False,False,0.06014983945772387,0.4851601380914278,True,21.99362831858407,0.3274336283185841
S0392,,264,54.0,4,-0.28441857465684806,-2.1550121453780218,-0.29810931994819445,967,False,False,0.36499464859079556,0.45436903511152293,True,21.11876033057851,0.26239669421487605
S0393,,216,57.0,8,-0.3392016493514367,-1.163566535570781,-0.35224778203341095,1174,False,False,0.4973242953977881,0.5655001172532759,True,21.266863905325444,0.2702169625246548
S0394,,199,40.0,10,-0.40005930721517946,-1.4739225048853752,-0.4191694921915729,525,False,False,0.14132001427042454,0.5438525556530891,True,21.297954545454544,0.2803030303030303
S0395,,309,46.0,7,-0.40703475354391216,-0.8528905230339717,-0.41027433970473925,677,False,False,0.2509311452015697,0.5150999670662663,True,21.025430809399477,0.26370757180156656
S0396,,173,25.0,7,-0.42857632323678785,-2.1935808845956566,-0.4321833966905752,733,False,False,0.10180520870495897,0.47174984902843314,True,20.724470198675498,0.23178807947019867
S0397,,173,19.0,4,-0.3977423861961831,-3.0109266875245377,-0.41941940453659043,404,False,False,0.03366393150196218,0.34607182684074433,True,21.632391304347827,0.31521739130434784
S0398,,173,40.0,3,-0.3244393697516933,-3.193515266966788,-0.33420035318727925,404,False,False,0.059393506956831967,0.39266147262444967,True,21.584368421052634,0.3105263157894737
S0399,,210,64.0,5,-0.3434334297431233,-1.6697944251914276,-0.3730622678064147,435,False,False,0.1655226542989654,0.46689055558865855,True,21.732037037037035,0.3
S0400,,219,50.0,6,-0.37350258712402995,-1.2966556222961996,-0.39932797373480317,706,False,False,0.13651088119871566,0.5097760473160039,True,21.38786549707602,0.2894736842105263
S0401,,260,66.0,7,-0.44767829352741595,-0.9398966034334604,-0.503399070167325,994,False,False,0.3401212986086336,0.5383217519276801,True,21.117546391752576,0.2618556701030928
S0402,,272,94.0,3,-0.44087670483697927,-1.8086096975148647,-0.457679920568851,875,False,False,0.3598144844809133,0.48424048829583155,True,21.092801047120417,0.2643979057591623
S0403,,203,45.0,6,-0.29172130977559707,-1.7614960963461288,-0.30705269363876897,605,False,False,0.18143417766678557,0.5049005311414377,True,21.300703363914376,0.27522935779816515
S0404,,233,97.0,2,-0.36030669918548464,-0.691059184583308,-0.4451766565169828,388,False,False,0.26141990724224046,0.5275486641733459,True,20.2435231316726,0.18861209964412812
S0405,,294,70.0,3,-0.2985033009952617,-2.195550745108021,-0.3124167459309792,987,False,False,0.34119158044951836,0.5011324944488297,True,21.40747072599532,0.2786885245901639
S0406,,181,49.0,5,-0.38065103916362075,-2.0087902603570265,-0.4126417646395335,450,False,False,0.1445594006421691,0.41086295764546504,True,20.326324786324786,0.18376068376068377
S0407,,283,37.0,6,-0.3062770307891588,-5.371674997588788,-0.30802149956973535,667,False,False,0.11748840528005708,0.38927925900491767,True,21.236984126984126,0.2698412698412698
S0408,,346,90.0,8,-0.43832256157633165,-1.089319428800127,-0.5432270360365615,892,False,False,0.7451730288976097,0.5270698232004264,True,21.23407920792079,0.2693069306930693
S0409,,314,117.0,5,-0.26382808682129544,-0.776135451960859,-0.42704968802964627,351,False,False,0.2511166607206564,0.4586155830890916,True,20.590034602076123,0.21107266435986158
S0410,,257,143.0,5,-0.34574653149604706,-0.4748610208565618,-0.5733661494012262,463,False,False,0.3572172672136996,0.5424774805709437,True,21.29891358024691,0.2765432098765432
S0411,,257,134.0,6,-0.28618313187212996,-0.8352964631130927,-0.36639281089847586,265,False,False,0.09325722440242597,0.5861275275694435,True,21.14445544554455,0.25742574257425743
S0412,,257,214.0,5,-0.37559541000391095,-1.030067617620063,-0.4649085603331417,242,False,False,0.6848662147698894,0.5692719399990939,True,21.34362255965293,0.279826464208243
S0413,,266,58.0,5,-0.3393553115513799,-1.246294379843096,-0.36251244054607973,785,False,False,0.428383874420264,0.5394016211244009,True,21.252448559670782,0.2716049382716049
S0414,,178,22.0,4,-0.3957893256773518,-4.706424395782157,-0.3960706726680689,1554,False,False,0.1300035676061363,0.6678405426527217,True,21.309670781893004,0.2736625514403292
S0415,,248,53.0,6,-0.31024348228295007,-0.6785919320677222,-0.37421666247929314,1487,False,False,0.5563325008919016,0.578399204006375,True,21.265079051383402,0.2707509881422925
S0416,,288,73.0,3,-0.2258194390965398,-1.8790119836484673,-0.24604818943359694,819,False,False,0.2001855155190867,0.4962540801099373,True,21.80856725146199,0.30409356725146197
S0417,,257,191.0,5,-0.19168696079761272,-0.3878611620682738,-0.41105310533728134,209,False,False,0.4653300035676061,0.5163135163051688,True,20.93736842105263,0.24930747922437674
S0418,,191,62.0,5,-0.22521871346080857,-2.6689525485479715,-0.22899934764422222,1039,False,False,0.22377452729218694,0.49163941416197876,True,21.560679156908666,0.2857142857142857
S0419,,178,34.0,6,-0.19030004011557244,-3.0162991269032764,-0.1922398294488751,938,False,False,0.042882625758116306,0.4362150865798117,True,21.41503875968992,0.29069767441860467
S0420,,284,122.0,5,-0.111749295624478,-1.0377107606256066,-0.13936519818717144,230,False,False,0.14084909026043524,0.441061733792418,True,20.515154639175254,0.1958762886597938
S0421,,257,106.0,4,-0.16926402579379718,-1.3004074281363052,-0.20465304175557067,594,False,False,0.3447449161612558,0.44573714448094404,True,21.404725536992846,0.27923627684964203
S0422,,238,67.0,4,-0.1046301664310968,-0.279220499052403,-0.2804901561928188,540,False,False,0.22759900107028183,0.5432629234415705,True,21.48085106382979,0.2845744680851064
S0423,,198,24.0,9,-0.23155808418567358,-3.7244455843785524,-0.23465799470762846,887,False,False,0.06478772743489118,0.4053879522072027,True,21.466797385620914,0.2777777777777778
S0424,,179,59.0,6,-0.1217836938786524,-0.8258700288825624,-0.1861249097648689,548,False,False,0.11399215126650018,0.46369524635627646,True,21.377777777777776,0.2835249042145594
S0425,,257,200.0,5,-0.17115839481807493,-0.5680119145115676,-0.26388113343237496,270,False,False,0.6407420620763468,0.5465729467543446,True,21.266666666666673,0.2698412698412698
S0426,,294,92.0,8,-0.2082470473477499,-1.0583063732393567,-0.24269593820172303,815,False,False,0.5840742062076347,0.5347970754111412,True,21.312854291417164,0.27345309381237526
S0427,,264,82.0,2,-0.18790691707413487,-0.2618613602704398,-0.28309011408036056,501,False,False,0.28667855868712094,0.5638787860260173,True,21.194792626728113,0.26497695852534564
S0428,,304,51.0,5,-0.23740522288496246,-2.692148254555434,-0.24171081870236155,899,False,False,0.326578665715305,0.5327921429117569,True,21.275932203389832,0.2775423728813559
S0429,,343,37.0,11,-0.20514468457849588,-3.1730721267555158,-0.20587641905540383,409,False,False,0.04997502675704602,0.43135955282275723,True,21.458431372549022,0.28431372549019607
S0430,,178,38.0,5,-0.19763613723426887,-1.398634988413447,-0.20933727869741137,303,False,False,0.027613271494826973,0.6086287420618939,True,21.378888888888888,0.26666666666666666
S0431,,368,45.0,6,-0.23275328572289933,-4.542372796745251,-0.23275328572289936,341,False,False,0.008191223688904745,0.5239794387256824,True,22.29341772151899,0.35443037974683544
S0432,,257,173.0,8,-0.214462581866535,-1.1490683981071625,-0.2920348272792737,552,False,False,0.4568676418123439,0.5937344108847105,True,21.471517857142857,0.2857142857142857
S0433,,272,41.0,6,-0.0826252026095804,-0.36570456525344036,-0.12992364918576885,234,False,False,0.07513378523011059,0.445705385372977,True,20.69585365853659,0.24390243902439024
S0434,,200,63.0,4,-0.13484308729763184,-1.5277799037338755,-0.15043571409279388,280,False,False,0.02638601498394577,0.41535007330947676,True,21.60230769230769,0.3
S0435,,343,53.0,8,-0.22298321020048295,-1.6546399000318046,-0.2562406746305769,394,False,False,0.24693542632893328,0.5030597945807059,True,21.30287081339713,0.2727272727272727
S0436,,246,42.0,5,-0.235449863817915,-2.5542424701707622,-0.2453729469771117,690,False,False,0.219179450588655,0.4447500872037579,True,21.18238396624473,0.26582278481012656
S0437,,200,57.0,7,-0.08365805672976057,-1.2749191154715167,-0.0914591393386116,312,False,False,0.03851587584730646,0.4211610350686697,True,21.536776315789474,0.2894736842105263
S0438,,178,34.0,4,-0.19030004011557244,-3.0162991269032764,-0.1922398294488751,938,False,False,0.042882625758116306,0.4362150865798117,True,21.41503875968992,0.29069767441860467
S0439,,250,72.0,6,-0.22083037818927165,-1.914379936608755,-0.2284207623724964,321,False,False,0.05749554049232965,0.4465559689898415,True,21.50917098445596,0.29015544041450775
S0440,,375,81.0,5,-0.22142048761061417,-1.401812647252223,-0.25811357884154856,971,False,False,0.43731716018551553,0.5256916669712344,True,21.31101214574899,0.2732793522267207
S0441,,257,135.0,5,-0.15700906007879534,-0.10681301821711106,-0.47684277937098796,476,False,False,0.45778094898323224,0.5249175682024689,True,21.19468446601942,0.2645631067961165
S0442,,173,22.0,6,-0.24440993608699368,-3.0701485472318946,-0.24772176885751848,976,False,False,0.1112665001783803,0.4978893005371,True,20.704713375796178,0.22929936305732485
S0443,,201,58.0,5,-0.22674520470290604,-0.8869602360486172,-0.278874645726008,773,False,False,0.23166607206564396,0.47392163603948406,True,21.36842245989305,0.27807486631016043
S0444,,176,41.0,3,-0.12973047641246527,-1.979500747064086,-0.13333317897376645,590,False,False,0.09270067784516589,0.4106951081065256,True,21.111011673151754,0.26459143968871596
S0445,,174,62.400000000001455,5,-0.1977132034634953,-0.7213208781408684,-0.2401174775556504,711,False,False,0.13565465572600785,0.5525297453793846,True,20.344743083003955,0.18972332015810275
S0446,,292,27.0,11,-0.2214057050805197,-2.7798033296836233,-0.22185530357554606,667,False,False,0.07200856225472708,0.4158433218971049,True,21.34941919191919,0.2702020202020202
S0447,,198,46.0,7,-0.21988436880295692,-2.173375034750958,-0.2335953696128915,329,False,False,0.038273278630039244,0.4380607740372288,True,20.389542483660133,0.1895424836601307
S0448,,277,72.0,7,-0.035489581993288666,-0.0734312656723776,-0.15400660900485988,349,False,False,0.08338209061719586,0.5561525334122547,True,21.842566844919787,0.3048128342245989
S0449,,257,151.0,5,0.1468362504414027,0.37297063422520016,-0.44494555202575875,531,False,False,0.8061790938280414,0.553186236862647,True,21.231425742574256,0.26732673267326734
S0450,,215,57.0,6,-0.04403220094651805,-0.9986665273549172,-0.05179797392674024,184,False,False,0.042811273635390654,0.34948940505574416,True,19.91681034482759,0.15517241379310345
S0451,,175,67.0,4,-0.03523784271888086,-0.17378038729452994,-0.1412025523493904,300,False,False,0.049989297181591154,0.6455691886278296,True,21.468496732026143,0.27450980392156865
S0452,,333,101.0,5,0.036888902156555936,0.2040504669178968,-0.13004823784894784,648,False,False,0.12256867641812344,0.5651486286700491,True,21.810546075085327,0.2935153583617747
S0453,,174,57.0,6,0.0034632165214338873,0.07843435337043864,-0.19513844393124852,609,False,False,0.18193364252586514,0.5332445449863021,True,20.681655405405408,0.23648648648648649
S0454,,257,201.0,5,-0.04923437879685266,-0.1393694704670731,-0.17289624758959818,113,False,False,0.07950053514092044,0.5142584510938427,True,21.68307692307692,0.3162393162393162
S0455,,257,118.0,5,-0.04726493510086183,0.09791255465054391,-0.45190035719734245,490,False,False,0.48268283981448445,0.5250048235939548,True,21.110772727272728,0.25681818181818183
S0456,,182,34.0,6,-0.03831369861047573,-0.3953372688876512,-0.08182527512996944,409,False,False,0.09643952907599002,0.4752153370671867,True,20.91253012048193,0.25301204819277107
S0457,,257,163.0,7,0.0018197675877222874,0.04883990681689865,-0.10536179415804364,152,False,False,0.03945772386728505,0.6253089471363995,True,22.386400000000002,0.37
S0458,,257,174.0,2,-0.0009907193644989043,0.18092704289878214,-0.4854391336458145,325,False,False,0.48894755618979663,0.5343022269738558,True,21.173623529411767,0.26588235294117646
S0459,,257,220.0,5,-0.013470372052330148,-0.14494356022869057,-0.040962683357489225,35,False,False,0.08224045665358544,0.5712428515361896,True,20.83014705882353,0.29411764705882354
S0460,,257,152.0,6,0.030016045880061126,0.17220956405935312,-0.1733701001823928,373,False,False,0.5433606849803782,0.558634186497175,True,21.226040816326528,0.2673469387755102
S0461,,272,77.0,7,-0.008236683659948674,0.041367455214346954,-0.12902070405580407,610,False,False,0.10358901177310025,0.6668477373975198,True,21.292942708333335,0.2708333333333333
S0462,,257,223.0,5,0.025751415610957062,0.18965614217135945,-0.10384935239578577,48,False,False,0.16512308241170176,0.5507058778156764,True,20.964583333333334,0.24166666666666667
S0463,,230,61.0,5,-0.0438594081135667,-0.28344311803144706,-0.14899431420176915,272,False,False,0.07043881555476275,0.5775839894938892,True,21.523400000000002,0.27
S0464,,253,170.0999999999999,4,-0.025251392014397744,-0.5853213207542661,-0.033699342836484736,21,False,False,0.007948626471637531,0.37941189867154335,True,20.46941176470588,0.17647058823529413
S0465,,257,60.0,7,-0.0433638840196805,-0.11507083863929066,-0.15241118994196584,555,False,False,0.14983945772386728,0.5700722859127811,True,21.53299711815562,0.2881844380403458
S0466,,379,98.0,7,-0.03188594593260352,-1.9444080825552617,-0.033065192298342934,22,False,False,0.001113093114520157,0.7113098611454698,True,20.717142857142854,0.14285714285714285
S0467,,257,225.0,2,0.02040338795697383,0.1691097833202853,-0.08817014292489392,82,False,False,0.2517017481270068,0.6290511556513373,True,22.445380710659897,0.3604060913705584
S0468,,222,54.0,4,-0.04631887631989651,-0.9644881951084617,-0.06580746584392373,356,False,False,0.0392436674991081,0.5554007064367812,True,21.468496732026143,0.27450980392156865
S0469,,329,77.0,7,-0.018104694713306668,-0.194408857366567,-0.09445087292864345,286,False,False,0.07219407777381377,0.5631539668049791,True,20.753370786516854,0.25280898876404495
S0470,,379,70.0,6,-0.046071897174838505,-0.8791784340449427,-0.07451429326920589,101,False,False,0.04473778094898323,0.4367041711245953,True,20.469166666666666,0.20238095238095238
S0471,,371,114.0,5,-0.03182902063011517,-0.21152377217898838,-0.10248815415057846,522,False,False,0.31011059579022476,0.45863425554819093,True,21.213232558139538,0.26744186046511625
S0472,,257,229.0,2,0.008107969870998488,0.09227388922012492,-0.14821457451256323,48,False,False,0.16512308241170176,0.5507058778156764,True,20.964583333333334,0.24166666666666667
S0473,,230,58.0,5,-0.03756132924969058,-0.10045990084299569,-0.20851543131721023,279,False,False,0.06246164823403496,0.5709530290015613,True,21.545656565656564,0.2727272727272727
S0474,,257,218.0,4,-0.03451230496842639,-0.5940224110644048,-0.07101947102219613,20,False,False,0.05091687477702462,0.5191363571827382,True,20.991627906976746,0.3023255813953488
S0475,,220,47.0,8,-0.02956873531389359,-0.28373428168807846,-0.08688542670628295,96,False,False,0.0381591152336782,0.5021078327752856,True,20.48289156626506,0.20481927710843373
S0476,,257,172.0,8,0.0006392562990686912,0.04848429670238772,-0.18354514030709632,172,False,False,0.2471352122725651,0.5062792291650704,True,20.229734513274337,0.18584070796460178
S0477,,305,53.0,3,-0.02285198211425088,-0.08050672581427826,-0.08873212519915312,417,False,False,0.16630752764894755,0.5015060617047211,True,20.55626506024096,0.22088353413654618
S0478,,320,97.0,2,-0.041773687733611564,0.02299188758878613,-0.2647284627504791,412,False,False,0.271566179093828,0.6120423992911858,True,21.40832558139535,0.2813953488372093
S0479,,222,45.0,5,-0.022571142363630115,-0.19650104736326102,-0.07078170028637357,550,False,False,0.10901177310024973,0.5659579373754212,True,21.347508305647843,0.28903654485049834
S0480,,640,94.0,6,-0.6927476078597467,-1.8642272126599893,-0.7157751550138618,763,False,False,0.30414555833036033,0.49397655482486397,True,21.398015463917528,0.2757731958762887
S0481,,445,104.0,7,-0.8039774322490254,-2.4885362878176935,-0.8359856723303507,636,False,False,0.40786300392436675,0.4750173423124807,True,21.218432835820895,0.26616915422885573
S0482,,657,171.0,6,-0.6756851279740387,-2.3371058031596115,-0.6919547975971462,549,False,False,0.5610132001427043,0.5290143365789234,True,21.443211845102503,0.28018223234624146
S0483,,603,94.0,4,-0.6647873419890202,-2.0857744709466246,-0.6857257378151418,547,False,False,0.26963967178023546,0.4941851439300243,True,21.157677725118486,0.26540284360189575
S0484,,559,172.0,6,-0.7078767015193652,-1.255134693195514,-0.7729116988295257,768,False,False,0.591894398858366,0.5524126572797637,True,21.307698574338087,0.2729124236252546
S0485,,398,30.0,5,-0.7329046271156192,-3.83380298236649,-0.7476259096570026,1039,False,False,0.20124152693542632,0.41247647639696855,True,21.2023467230444,0.26215644820295986
S0486,,408,109.0,4,-0.7568390329602037,-2.37922013960224,-0.8059650189534067,886,False,False,0.39426328933285765,0.5148208886977947,True,21.093807439824946,0.25820568927789933
S0487,,667,177.0,7,-0.6689589760532423,-1.8693477675091434,-0.7046695350488547,875,False,False,0.5233820906171959,0.5670258286293027,True,21.32447852760736,0.2740286298568507
S0488,,603,42.0,7,-0.7466487645519577,-3.590959434625317,-0.7497128737841802,913,False,False,0.1783232251159472,0.4635019273725991,True,21.127690217391304,0.26358695652173914
S0489,,389,83.0,7,-0.7397549738610746,-1.454510465729308,-0.7815874733305032,933,False,False,0.5603995718872636,0.514792502294089,True,21.34028282828283,0.2727272727272727
S0490,,400,70.0,11,-0.7536105253668963,-3.1481250983045057,-0.7781877252822398,795,False,False,0.36625044595076706,0.44510376426880727,True,21.504977272727274,0.2840909090909091
S0491,,402,19.0,5,-0.6822866661398426,-2.346681331687732,-0.710252298275074,568,False,False,0.12890474491616125,0.6479989009843944,True,21.467011764705887,0.28
S0492,,532,96.0,6,-0.6963271609152357,-1.7254703986434055,-0.7322223153945409,844,False,False,0.4665858009275776,0.5283275850946604,True,21.056391304347827,0.25217391304347825
S0493,,403,59.0,5,-0.6960658736572201,-3.043743514453235,-0.7002696099390538,929,False,False,0.40777738137709596,0.47757146433345304,True,21.260288659793815,0.26804123711340205
S0494,,703,176.0,10,-0.6560832008632653,-1.6437175202531389,-0.690768633783385,432,False,False,0.4975811630396004,0.5159068904181572,True,21.565231481481483,0.2916666666666667
S0495,,389,83.0,7,-0.7142545991091219,-1.4087129004787202,-0.7587331058518202,944,False,False,0.5690474491616125,0.5119433915412278,True,21.34028282828283,0.2727272727272727
S0496,,703,205.0,8,-0.7519627106949311,-1.463241820560294,-0.7858754696554563,390,False,False,0.5757402782732787,0.5314545048369664,True,21.512841163310966,0.2796420581655481
S0497,,594,91.0,4,-0.7563392361427499,-3.442655204226448,-0.786180711775703,1357,False,False,0.4014983945772387,0.48698423255445494,True,21.312536082474228,0.2721649484536082
S0498,,402,20.0,6,-0.7239230719194417,-4.95757637463223,-0.7247778399967776,786,False,False,0.06256154120585088,0.38830400941464266,True,21.194890510948902,0.26034063260340634
S0499,,507,75.0,6,-0.8150748359200337,-3.09021379338738,-0.8288339737754792,732,False,False,0.25095968605066,0.4833634962987926,True,21.50881773399015,0.2881773399014778
S0500,,411,145.0,5,-0.8069519686908603,-3.6524220439251023,-0.8138016796212714,1479,False,False,0.376767748840528,0.578379106307305,True,21.383306288032458,0.2778904665314402
S0501,,528,49.0,8,-0.6791988090304738,-2.6107755444499197,-0.6999171019057081,541,False,False,0.19798787013913663,0.46405018272663046,True,21.22118918918919,0.2648648648648649
S0502,,632,168.0,8,-0.7442828465449018,-2.3767097868763463,-0.7624931891215372,468,False,False,0.44841955048162685,0.5158722712715168,True,21.554295612009238,0.2863741339491917
S0503,,490,190.0,4,-0.6745324126326883,-1.3778510885322388,-0.7023368586625566,645,False,False,0.7487691758829825,0.5278073353654301,True,21.258993839835732,0.2669404517453799
S0504,,467,146.0,4,-0.7409382566970408,-1.6922569158450271,-0.7417403436724861,912,False,False,0.37576881912236887,0.5814740160612858,True,21.29505070993915,0.2697768762677485
S0505,,517,112.0,8,-0.7341766316799129,-1.9879078713918936,-0.7767859874586107,599,False,False,0.4301676774884053,0.5152655007366289,True,21.580156599552573,0.28859060402684567
S0506,,429,125.0,7,-0.7529769175321049,-1.8679761488572024,-0.7858195566318149,735,False,False,0.6955690331787371,0.5613984819030363,True,21.266863905325444,0.2702169625246548
S0507,,565,61.0,9,-0.6763964399492934,-3.3306600549234044,-0.6889915960870461,736,False,False,0.19479129504102746,0.4479001188925773,True,21.595086848635233,0.2903225806451613
S0508,,413,27.0,7,-0.7858924687463227,-2.7155572251731486,-0.798133641353757,959,False,False,0.27066714234748485,0.5097628786083233,True,21.08961625282167,0.255079006772009
S0509,,598,22.0,5,-0.7732746650584369,-5.166000975975651,-0.780606269746379,1079,False,False,0.13258651444880484,0.423386323147855,True,21.04055,0.26
S0510,,456,190.0,5,-0.6740662738351728,-1.1450346564296612,-0.7132486663773098,506,False,False,0.7510381733856583,0.5374127757200938,True,21.277433264887065,0.26899383983572894
S0511,,429,127.0,3,-0.7277649359230325,-1.6033048608374536,-0.751021589824017,766,False,False,0.7311309311452016,0.5579168569277649,True,21.266863905325444,0.2702169625246548
S0512,,730,203.0,5,-0.46134256205970703,-1.9140285408766058,-0.5561828115194444,448,False,False,0.1679771673207278,0.511129086703795,True,21.78562913907285,0.304635761589404
S0513,,400,22.0,9,-0.486644849921431,-4.136802828341528,-0.49329365472198533,813,False,False,0.0680984659293614,0.5203824278238763,True,21.70743523316062,0.29533678756476683
S0514,,667,165.0,8,-0.5311766759355753,-1.0125540024347497,-0.5901106941395551,455,False,False,0.5389939350695683,0.5793647747000099,True,21.358340611353714,0.2794759825327511
S0515,,454,76.0,6,-0.49294622359150797,-1.4019006342621523,-0.4989177489601767,599,False,False,0.2934712807706029,0.5438336307257879,True,21.311284210526317,0.2736842105263158
S0516,,400,55.0,10,-0.5858733031021386,-3.360118274883708,-0.5933557752849057,514,False,False,0.10667142347484837,0.40449386226353923,True,21.840975609756097,0.3035230352303523
S0517,,541,17.0,5,-0.4870159051283789,-3.1640230561710054,-0.48701590512837883,642,False,False,0.04088476632179807,0.63306669319912,True,21.611049562682215,0.27696793002915454
S0518,,403,64.0,8,-0.5149308175738492,-1.7272823374014843,-0.5156828987243522,437,False,False,0.1920656439529076,0.5147525276299465,True,21.17198224852071,0.27218934911242604
S0519,,720,158.0,6,-0.46774163888490405,-1.1800288147651776,-0.4755285916887462,635,False,False,0.29412772029967893,0.5017287247029543,True,21.3567018469657,0.2691292875989446
S0520,,731,49.0,7,-0.5655571746017196,-3.3568794920599205,-0.5777295060887366,644,False,False,0.08289689618266144,0.34458410354127667,True,21.403750000000002,0.27364864864864863
S0521,,703,200.0,11,-0.515782477386044,-1.65187120328908,-0.5481188953464698,586,False,False,0.45990724224045665,0.5054455596647305,True,21.36674259681093,0.28018223234624146
S0522,,403,23.0,7,-0.4728262824901721,-3.3074622684987665,-0.47643614216100416,703,False,False,0.06458794149125936,0.5303587130255707,True,21.10955223880597,0.26865671641791045
S0523,,751,172.0,7,-0.47621533958764684,-1.3319523307581274,-0.5007535317215557,511,False,False,0.2782590082054941,0.4994335476932357,True,21.176107954545454,0.26136363636363635
S0524,,661,229.0,4,-0.4572434701471557,-1.5116413583682984,-0.5169292129024323,270,False,False,0.45502675704602213,0.5539335284468299,True,21.234099526066352,0.2677725118483412
S0525,,417,22.0,4,-0.6026176417218267,-3.0402833986364763,-0.6165878225952014,633,False,False,0.08302533000356761,0.47553285599649536,True,21.21135048231511,0.2733118971061093
S0526,,576,48.0,7,-0.5969120044698252,-2.11089170578708,-0.6137939775826163,708,False,False,0.12954691402069213,0.4567441108022076,True,21.464419263456094,0.28611898016997167
S0527,,442,15.0,7,-0.47665333269451204,-2.193794210886468,-0.4930072377277367,701,False,False,0.1283053870852658,0.5390287963726416,True,21.33103274559194,0.26448362720403024
S0528,,443,46.0,8,-0.47418618144078994,-1.687346826992969,-0.5081821186174164,874,False,False,0.24228326792722082,0.4782023988573584,True,21.109142857142857,0.2523809523809524
S0529,,413,52.0,7,-0.5087853770630641,-1.4594567624271908,-0.5849287749587595,588,False,False,0.31356403853014625,0.5028667292609839,True,21.233522727272728,0.26136363636363635
S0530,,676,187.0,6,-0.45778658576926845,-1.2896482578068607,-0.49266004704823335,353,False,False,0.3558473064573671,0.4834839518839145,True,20.930873493975906,0.25903614457831325
S0531,,493,128.0,2,-0.45903246665467823,-0.7415051117457238,-0.6228587120679657,403,False,False,0.38739921512665004,0.5538682104890056,True,21.186538461538458,0.26018099547511314
S0532,,392,35.0,6,-0.4961150483552996,-2.4301195968179345,-0.5027120393844493,888,False,False,0.21287192293970747,0.4887551664969845,True,21.328902147971363,0.27684964200477324
S0533,,444,99.0,7,-0.5770712925137562,-1.144087558910038,-0.6076492285421131,867,False,False,0.5176881912236889,0.5364170706120874,True,21.274146341463418,0.27235772357723576
S0534,,553,16.0,3,-0.5609579090306613,-1.4009309523673075,-0.6217937435342534,540,False,False,0.123068141277203,0.794508085013033,True,21.699768115942028,0.2985507246376812
S0535,,396,130.0,7,-0.48667884122349914,-1.7245220256476415,-0.5417301818298508,326,False,False,0.22875490545843738,0.4777199546919628,True,21.401902017291068,0.2680115273775216
S0536,,493,150.0,9,-0.5288128416585541,-1.3603016738389533,-0.6107046168340486,414,False,False,0.3647805922226186,0.525854191637107,True,21.1885257985258,0.2628992628992629
S0537,,510,139.0,4,-0.5035119450934404,-1.2645542508088843,-0.51321503917847,644,False,False,0.7614413128790581,0.55628851855767,True,21.266863905325444,0.2702169625246548
S0538,,404,108.0,4,-0.6348562031827854,-2.612352396155814,-0.6359663726894591,1045,False,False,0.45264359614698535,0.535147034912246,True,21.30618,0.272
S0539,,413,25.0,7,-0.584403703408472,-4.914722268858733,-0.6176594632177392,861,False,False,0.0664002854084909,0.3345587498984119,True,21.389169139465878,0.2818991097922849
S0540,,753,76.0,7,-0.4822698420900191,-2.6106617787734527,-0.4938297935021902,365,False,False,0.10383160899036746,0.4138672351263109,True,21.375335689045937,0.2756183745583039
S0541,,594,116.0,3,-0.505756791848982,-2.487010392015859,-0.5297792610387001,946,False,False,0.6260863360684981,0.4967616027094568,True,21.28989959839357,0.2710843373493976
S0542,,452,164.0,5,-0.597405286990905,-1.4851726370851899,-0.6518749958352676,966,False,False,0.6409275775954335,0.5260906396813289,True,21.392505307855632,0.2781316348195329
S0543,,576,38.0,7,-0.4503812171726257,-2.275728537742697,-0.4777858806914593,497,False,False,0.05736710667142347,0.41775482762553634,True,21.38823151125402,0.2829581993569132
S0544,,478,156.0,6,-0.40635682666904827,-1.956174533481046,-0.43091209254309687,311,False,False,0.1556047092400999,0.4399782008474378,True,20.90700440528634,0.2599118942731278
S0545,,576,24.0,11,-0.3080376659243973,-1.704564098771707,-0.33807985964370174,448,False,False,0.06209061719586158,0.4985744557638239,True,20.809670781893004,0.24691358024691357
S0546,,635,186.0,3,-0.2652284226741918,-2.6793675635418333,-0.27978606803163025,585,False,False,0.39393506956831964,0.4820690747560951,True,20.907536231884055,0.2492753623188406
S0547,,511,47.0,6,-0.30732440788140025,-1.819204322214581,-0.3258430352840067,633,False,False,0.15035319300749198,0.5465623334239738,True,21.448162162162163,0.28378378378378377
S0548,,691,43.0,4,-0.33455981636070875,-1.9239930807011463,-0.37217992035602604,289,False,False,0.04853371387798787,0.42743212124612107,True,21.19419811320755,0.2688679245283019
S0549,,492,123.0,7,-0.33745958495694317,-0.44890367031494377,-0.5035138469626704,480,False,False,0.45792365322868356,0.5581782812119843,True,21.174482758620687,0.2629310344827586
S0550,,565,135.0,9,-0.3772497408049895,-0.8245048278222258,-0.39569534479103713,543,False,False,0.5586728505173029,0.5388338730043035,True,21.3561935483871,0.2752688172043011
S0551,,512,157.0,3,-0.3027648095028489,-0.2654173092975882,-0.45409106566506374,556,False,False,0.6655726007848733,0.5659524591999915,True,21.33172344689379,0.2725450901803607
S0552,,605,191.0,4,-0.25933088481729283,-1.2186441186158157,-0.31390875841179505,435,False,False,0.20663574741348556,0.48878746317452415,True,21.410273037542662,0.28668941979522183
S0553,,722,16.0,7,-0.43908079523886057,-4.261734372476615,-0.4435242377031209,395,False,False,0.019136639315019622,0.34163476370572193,True,21.086744186046513,0.26744186046511625
S0554,,657,186.0,7,-0.44748477820635,-1.4420509346237926,-0.5240666714471787,528,False,False,0.6677702461648234,0.525910153838065,True,21.364784482758623,0.27370689655172414
S0555,,697,204.0,4,-0.3264914286895515,-1.6958248352660072,-0.36367358348697093,571,False,False,0.6752764894755618,0.559797769442785,True,21.289236947791167,0.2710843373493976
S0556,,396,38.0,6,-0.44022281189205403,-2.876384669535912,-0.4606956495048747,735,False,False,0.06039243667499108,0.4845055533034361,True,21.868502824858755,0.3022598870056497
S0557,,403,62.0,8,-0.31511407121773427,-1.1481812717132933,-0.3156454278151424,654,False,False,0.26066357474134855,0.5136735226752377,True,21.231461538461538,0.2692307692307692
S0558,,576,64.0,5,-0.36676290371766174,-2.890082395091204,-0.3677447135319467,492,False,False,0.0772172672136996,0.4710205790907104,True,21.51273846153846,0.28307692307692306
S0559,,667,153.0,8,-0.43745352716232067,-1.0939308924068198,-0.48478164108902194,398,False,False,0.5969461291473421,0.5793530104628335,True,21.3034243697479,0.27521008403361347
S0560,,576,29.0,6,-0.43711126114000254,-1.928169360747913,-0.4727016332052316,667,False,False,0.2407563325008919,0.5637622665052329,True,21.312105263157896,0.2710526315789474
S0561,,740,192.0,6,-0.2836622527416929,-0.5547369382345912,-0.4006763912681553,455,False,False,0.31937210132001426,0.5824362402980426,True,21.328894601542412,0.2776349614395887
S0562,,607,89.0,7,-0.2518548281454245,-0.8806070032743567,-0.36969784414299983,306,False,False,0.19118087763110952,0.4474275876717443,True,21.3209900990099,0.28052805280528054
S0563,,632,152.0,6,-0.40912173496323656,-1.8736824326298056,-0.5025078545333913,535,False,False,0.17910809846592937,0.4835449933251637,True,21.26828125,0.2760416666666667
S0564,,731,15.0,7,-0.38472901917368196,-2.6934895256353997,-0.3984917331102174,341,False,False,0.06373171601855156,0.4754510647591945,True,21.624687500000004,0.28125
S0565,,513,45.0,7,-0.26724233217078885,-3.4619306372575793,-0.2752412725514861,710,False,False,0.12653585444166965,0.40703200968996517,True,21.437359550561798,0.2808988764044944
S0566,,453,172.0,3,-0.4473603684518146,-1.925422403731368,-0.4914269822717504,779,False,False,0.7021619693185872,0.5242163246357665,True,21.325405405405405,0.27442827442827444
S0567,,605,147.0,4,-0.329137705569127,-0.7739788086105074,-0.4855806170235093,669,False,False,0.3613556903317874,0.5192071501060324,True,21.16859296482412,0.2638190954773869
S0568,,473,33.0,5,-0.41947772879088885,-2.4993322902252615,-0.42872452851522186,465,False,False,0.09498394577238672,0.4124854454476339,True,20.908953168044075,0.25068870523415976
S0569,,598,21.0,8,-0.3201790370259683,-5.621179826216512,-0.326181333042839,1237,False,False,0.08460934712807706,0.3442949581697124,True,21.122254641909816,0.26790450928381965
S0570,,492,128.0,3,-0.31194785803367264,-0.5103651558715253,-0.4782058924276942,495,False,False,0.47316446664288264,0.5583887026062142,True,21.172301075268816,0.2623655913978495
S0571,,396,14.0,11,-0.42242892343917193,-3.278915416184715,-0.4301171183772604,547,False,False,0.06348911880128434,0.4495935688597064,True,21.836239554317547,0.3064066852367688
S0572,,643,138.0,5,-0.26860108199539334,-0.5636734327619513,-0.3868253821480752,297,False,False,0.27467713164466645,0.49087083416925337,True,20.221574803149608,0.18503937007874016
S0573,,386,134.0,7,-0.35136422972518155,-2.625862529915299,-0.3874825032768194,441,False,False,0.2353621120228327,0.47374066710979856,True,21.622241813602017,0.28967254408060455
S0574,,450,109.0,6,-0.33531960927801374,-0.8251949026572606,-0.38889800843487204,865,False,False,0.6717516946129147,0.5110645770478793,True,21.28652610441767,0.27309236947791166
S0575,,764,173.0,6,-0.3894654923563263,-1.1936221493151302,-0.4654688642425638,223,False,False,0.3188869068854798,0.5105569315536227,True,21.067623762376236,0.25412541254125415
S0576,,510,139.0,5,-0.05410488529959967,-0.46789998372491987,-0.0751773976984533,257,False,False,0.168876204067071,0.5186202835939915,True,21.52862962962963,0.3037037037037037
S0577,,569,81.0,6,-0.09572301017386542,-2.3120878126479876,-0.10701368497829189,385,False,False,0.016667855868712094,0.4303837226315243,True,21.806165803108808,0.30569948186528495
S0578,,610,173.0,4,-0.17115201382534306,-1.3687532680188383,-0.1977713398338729,477,False,False,0.48426685693899396,0.5444450940721839,True,21.282927400468385,0.2716627634660422
S0579,,658,181.0,7,-0.0971461776093907,-0.024381190430356494,-0.3773619891080507,298,False,False,0.4951123795932929,0.5736368419427142,True,21.17828828828829,0.26576576576576577
S0580,,545,218.0,3,-0.24776344297217845,-0.5618332226166782,-0.38410008452498595,211,False,False,0.32753478415982873,0.4809995247319485,True,19.986907630522087,0.17269076305220885
S0581,,435,154.0,6,-0.16319564336761583,-0.522636968957522,-0.2868585333153242,271,False,False,0.08525151623260792,0.49386017684756645,True,19.49643312101911,0.15286624203821655
S0582,,435,133.0,6,-0.17202246430995782,-1.0799801668990063,-0.22535064188577977,348,False,False,0.11367820192650731,0.47998218612210786,True,20.83402985074627,0.24378109452736318
S0583,,692,230.0,2,-0.24477114519476062,-0.7343536466135714,-0.40863683667786765,304,False,False,0.514848376739208,0.5463127354930838,True,21.311877934272303,0.27699530516431925
S0584,,643,186.0,5,-0.09943090634452778,-0.04641862849388444,-0.3790210362660006,550,False,False,0.28025686764181235,0.5554275183947485,True,21.365282051282048,0.27692307692307694
S0585,,722,40.0,7,-0.12589037121114088,-3.2242725985864653,-0.12865724423976632,404,False,False,0.022804138423118087,0.37215204832717896,True,21.531283185840707,0.2920353982300885
S0586,,532,131.0,8,-0.15847578240985716,-1.4456073090264903,-0.16599715233882914,389,False,False,0.37448448091330716,0.48154391368334093,True,21.331410579345086,0.2695214105793451
S0587,,404,16.0,6,-0.14387965390371005,-2.143269218957985,-0.15689570580959852,433,False,False,0.08295397788084195,0.5350608778809242,True,21.100060790273556,0.25227963525835867
S0588,,612,315.0,5,-0.10849870837445519,-1.7330851343538027,-0.11241264329944912,99,False,False,0.04031394933999286,0.479885719910172,True,21.307468354430377,0.26582278481012656
S0589,,780,201.0,5,-0.050055559435269625,-0.4708263431388427,-0.09688767249975891,272,False,False,0.24159828754905457,0.5423175840561074,True,21.175779220779223,0.2694805194805195
S0590,,623,14.0,8,-0.11916109997872337,-1.2353346175320703,-0.17119395290039746,295,False,False,0.06537281484124152,0.5457860916273953,True,21.06138655462185,0.2773109243697479
S0591,,559,160.0,7,-0.11110242724150354,-0.456848485878177,-0.1804238994465636,638,False,False,0.6550267570460221,0.5606240677615771,True,21.306546184738956,0.27309236947791166
S0592,,560,159.0,8,-0.1865140377152983,-0.6160174523648055,-0.2675207832090701,356,False,False,0.5566321798073492,0.5567959420921501,True,21.244335378323107,0.26993865030674846
S0593,,530,182.0,5,-0.10757217402998631,-0.45381978517153737,-0.19046282891462107,415,False,False,0.6514876917588298,0.5584099050837619,True,21.3213,0.274
S0594,,632,42.0,7,-0.12508338979966793,-0.706000671117959,-0.17198837066587136,320,False,False,0.01588298251872993,0.9125528619276447,True,21.813222222222223,0.32222222222222224
S0595,,574,140.0,5,-0.10282875836535454,-0.6579479893938474,-0.17017369720693337,431,False,False,0.24827684623617552,0.5802915082278761,True,21.642829670329668,0.29120879120879123
S0596,,667,178.0,7,-0.168275427172755,-0.13453258700890156,-0.5100569354973945,368,False,False,0.4376025686764181,0.5332528351681833,True,21.349877450980394,0.27450980392156865
S0597,,622,138.0,5,-0.08780678134852604,-0.6823125599309215,-0.13264807640176873,459,False,False,0.2211630396004281,0.5111206170654959,True,21.314387464387465,0.2706552706552707
S0598,,559,154.0,8,-0.16474058101426503,-0.6023374884841066,-0.24109959702629813,639,False,False,0.654584373885123,0.5580059172764876,True,21.306546184738956,0.27309236947791166
S0599,,576,25.0,10,-0.24655268019593335,-1.6012319851135375,-0.2619362010515697,289,False,False,0.030039243667499108,0.35993225603175766,True,20.153216374269004,0.1695906432748538
S0600,,653,116.0,5,-0.21052812070891613,-3.067509041994459,-0.21357406668245152,489,False,False,0.17495540492329648,0.4996148528890276,True,21.406890080428955,0.28150134048257375
S0601,,569,107.0,7,-0.07662444157872683,-0.22518703623033384,-0.23182042879007284,281,False,False,0.24677845165893686,0.4762137619138094,True,21.282435064935065,0.2662337662337662
S0602,,561,48.0,5,-0.07458571930256697,-0.7819518755684458,-0.07953649713314394,469,False,False,0.10405993578308954,0.5370106970139512,True,21.343157894736844,0.2777777777777778
S0603,,493,46.0,5,-0.24115909325142115,-1.773013674755035,-0.284403024603613,271,False,False,0.08762040670709953,0.37477707985402725,True,20.297227272727273,0.18181818181818182
S0604,,427,102.0,3,-0.1474928995279523,-0.2891867485549576,-0.3618672533539843,568,False,False,0.2868926150552979,0.5394487040242043,True,21.173496503496505,0.2680652680652681
S0605,,643,159.0,7,-0.12054310306462934,-0.3190622041942856,-0.2689982525184541,208,False,False,0.31166607206564395,0.5358256255064042,True,20.598943661971834,0.22887323943661972
S0606,,450,115.0,6,-0.1857865225840667,-1.0114726482615384,-0.1935908267455312,714,False,False,0.4931716018551552,0.5240667399244017,True,21.306407982261646,0.2771618625277162
S0607,,446,15.0,6,-0.11110728688318561,-2.0861285775240774,-0.11346806533904927,582,False,False,0.042768462361755265,0.4079418414576618,True,21.14906336088154,0.2644628099173554
S0608,,643,173.0,5,0.03506610223030848,0.18599326759246054,-0.22587958574910694,427,False,False,0.6585800927577595,0.5572043664706448,True,21.269761431411528,0.27037773359840955
S0609,,664,298.0,5,-0.0319532499201749,-0.37675584110068366,-0.09395847058861269,118,False,False,0.18978237602568676,0.5506116454217254,True,20.886882352941175,0.22941176470588234
S0610,,667,180.0,7,-0.015126677831111213,-0.07144371818016457,-0.1094624423515638,575,False,False,0.21475561897966464,0.5658710996568472,True,21.52402332361516,0.27988338192419826
S0611,,570,220.0,2,0.04925958582883316,0.2474861430821151,-0.48944327914143393,286,False,False,0.45194434534427397,0.5384363737759711,True,21.17956204379562,0.26520681265206814
S0612,,545,100.0,8,-0.016102501295741978,-0.06311609595666451,-0.13016891254093982,268,False,False,0.1386942561541206,0.5416403785774503,True,20.930124999999997,0.25
S0613,,467,146.0,5,0.008877468845085668,0.10474321528230184,-0.21567268264046233,586,False,False,0.3406493043168034,0.547424675451334,True,21.218100686498854,0.2585812356979405
S0614,,771,146.0,9,0.05525200514078543,0.27270049415156317,-0.20502966037575948,184,False,False,0.3010774170531573,0.5209856729274497,True,20.205601503759397,0.18796992481203006
S0615,,711,11.0,7,-0.025712124371508605,-1.0137151742668535,-0.03795489940870196,194,False,False,0.01043168034249019,0.2875330654466394,True,20.195444444444444,0.16666666666666666
S0616,,560,190.0,5,0.0026760299784607255,0.06521517179332649,-0.1317550555607625,338,False,False,0.5696753478415982,0.5576245460172958,True,21.223750000000003,0.26844262295081966
S0617,,643,177.0,4,0.13019381149320464,0.4073114771955352,-0.21561644429586807,494,False,False,0.7911951480556546,0.5577983140806368,True,21.227733598409543,0.2664015904572565
S0618,,667,166.0,5,0.10958621368802168,0.32309736779449766,-0.3438474650860001,451,False,False,0.7026186229040314,0.5639924431074747,True,21.275109780439116,0.2714570858283433
S0619,,482,189.0,7,0.0027579033454740998,0.057516025680241285,-0.10876455524125933,251,False,False,0.3772672136996076,0.5104160278591231,True,21.53686327077748,0.2949061662198391
S0620,,509,150.0,4,0.005740369894244868,0.07686885694076492,-0.14286776733855497,364,False,False,0.38869782376025686,0.5131071593693559,True,21.11604705882353,0.2635294117647059
S0621,,667,185.0,8,0.14250712486357942,0.39716641637524125,-0.31297826186281186,205,False,False,0.23980021405636817,0.5226826390601527,True,20.238277310924367,0.18907563025210083
S0622,,667,177.0,8,0.12385276216157504,0.37854160188286096,-0.2515900675095261,442,False,False,0.7107527648947556,0.5607018329495721,True,21.27262948207171,0.27091633466135456
S0623,,771,166.0,11,0.045446032707313844,0.21773972418364024,-0.3234698361228438,436,False,False,0.1820049946485908,0.5381479550754317,True,21.405252808988767,0.27808988764044945
S0624,,667,172.0,8,-0.011605086618046156,0.02105620597556544,-0.16171486303812144,243,False,False,0.20978951123795933,0.5256275199581277,True,20.377731092436974,0.20168067226890757
S0625,,605,153.0,5,-0.018967726920325223,0.016354118532928036,-0.24116034376363946,525,False,False,0.41943631823046734,0.5544146588279599,True,21.097006960556843,0.2691415313225058
S0626,,643,184.0,6,-0.04929281403596464,0.03416990586832508,-0.35059313193407765,593,False,False,0.23573314306100607,0.5557247397305325,True,21.412947368421055,0.28157894736842104
S0627,,667,164.0,7,0.0164092986498523,0.13618270976817784,-0.20873497691234721,352,False,False,0.1736567962896896,0.5634039752770674,True,21.40281690140845,0.2852112676056338
S0628,,570,192.0,5,0.054054292049207975,0.2329472391273287,-0.20400348743191668,361,False,False,0.5594862647163753,0.5578118812022017,True,21.226040816326528,0.2673469387755102
S0629,,576,66.0,6,-0.029623303734878537,-0.24857645585784993,-0.09460940782511508,511,False,False,0.2013699607563325,0.5445859824805268,True,21.51014164305949,0.29178470254957506
S0630,,574,277.0,6,0.1285293300317143,1.2977308991601164,-0.04171782430283407,60,False,False,0.0455226542989654,0.5080050734011581,True,21.203731343283582,0.23880597014925373
S0631,,495,258.0,3,-0.0015113060279603463,0.012766323070111064,-0.06036253258117641,127,False,False,0.22935426328933287,0.44969463507615853,True,20.62147959183673,0.23979591836734693
S0632,,664,219.0,2,0.044308346569843726,0.21865238947020518,-0.4024655236624905,311,False,False,0.5017338565822334,0.5328477303672434,True,21.17767605633803,0.2652582159624413
S0633,,771,162.0,6,0.08003124178078713,0.33617181978651994,-0.18708461113016106,372,False,False,0.5867855868712094,0.5738155709511745,True,21.23082627118644,0.2690677966101695
S0634,,667,169.0,7,-0.04690247661410396,-0.004286904951992138,-0.26763668490388864,260,False,False,0.441098822689975,0.5222032255799918,True,21.041562499999998,0.2578125
S0635,,674,186.0,7,0.05905789843139253,0.24260721752822748,-0.2628249939665352,416,False,False,0.6416839100963254,0.559541141748579,True,21.243346693386773,0.2685370741482966
S0636,,667,163.0,7,-0.037237535613431794,-0.04183095327601129,-0.2436659139710493,311,False,False,0.5080128433820906,0.5298164050977386,True,21.1903023255814,0.2627906976744186
S0637,,560,177.0,5,0.0820419850744809,0.28127053105394095,-0.35924658430914885,346,False,False,0.5573171601855155,0.557204936923299,True,21.27603305785124,0.2727272727272727
S0638,,667,166.0,8,-0.009091038394379969,0.1304968259097273,-0.4381513276631825,432,False,False,0.342689975026757,0.5278608817559822,True,21.391030927835054,0.2757731958762887
S0639,,633,331.0,3,0.011325508490044323,0.1556640698878397,-0.05049870848938117,42,False,False,0.11914377452729219,0.49755897264386545,True,21.386153846153846,0.31868131868131866
S0640,,964,341.0,6,-0.7082374387449414,-1.774565123898167,-0.7521869298777911,251,False,False,0.6891616125579736,0.5707908516102165,True,21.36459051724138,0.27155172413793105
S0641,,843,271.0,4,-0.687633449049672,-1.0010508927764037,-0.7316747539607741,532,False,False,0.668383874420264,0.5544809253141797,True,21.268643724696354,0.2692307692307692
S0642,,950,291.0,8,-0.6853061126365618,-1.738737328870917,-0.7481060644842255,551,False,False,0.49551195148055655,0.5945667494378154,True,21.472374727668846,0.28540305010893247
S0643,,2883,832.0,5,-0.6783364596934267,-1.4216446354267889,-0.7050659171651662,289,False,False,0.5599714591509097,0.5735679695022836,True,21.236291866028708,0.2607655502392344
S0644,,1803,647.0,4,-0.8240444358161834,-1.6609839391908312,-0.8424493245046023,279,False,False,0.4730074919728862,0.5942822344509066,True,21.4621975308642,0.2765432098765432
S0645,,1154,272.0,4,-0.6566447184483777,-1.7882941490502422,-0.6898924043907733,663,False,False,0.30969675347841596,0.5163083974298893,True,21.284207650273224,0.27049180327868855
S0646,,1137,291.0,5,-0.6704153412566325,-1.598600239629343,-0.6880563409467985,318,False,False,0.5860577952194078,0.5825987437680424,True,21.543249427917623,0.2837528604118993
S0647,,843,293.0,3,-0.7236469423310186,-1.0110198646947752,-0.8070389021010589,442,False,False,0.7579450588655012,0.5436928864125237,True,21.31008032128514,0.27309236947791166
S0648,,2876,790.0,6,-0.6932614124044967,-1.0874695002393997,-0.7703137944446967,165,False,False,0.8057509810916875,0.5509422314260998,True,21.183221052631577,0.26526315789473687
S0649,,1967,696.0,6,-0.7264936158407849,-1.3040185346534268,-0.8001331769765179,179,False,False,0.7575597574027827,0.5622389321307238,True,21.312382978723402,0.2765957446808511
S0650,,843,291.0,3,-0.687627980720275,-0.8613525975902039,-0.7555836271773845,395,False,False,0.7833749554049233,0.5509096491011685,True,21.28855421686747,0.2710843373493976
S0651,,2836,1210.0,4,-0.7249513529202549,-1.094723478796178,-0.760516315895539,169,False,False,0.5570602925437032,0.5943587692658893,True,21.3753050397878,0.27851458885941643
S0652,,904,237.0,4,-0.6897819929463163,-1.6373808394256173,-0.7167646268443176,444,False,False,0.4155404923296468,0.4745019529015264,True,21.36660621761658,0.2849740932642487
S0653,,2882,744.0,5,-0.697520463590092,-1.0921253279632732,-0.7349867730938496,235,False,False,0.6852800570816981,0.5644311415311288,True,21.20145413870246,0.25727069351230425
S0654,,882,270.0,5,-0.7367657094302825,-1.6726789587675093,-0.7615678949857468,353,False,False,0.5118943988583661,0.49238399909069414,True,21.310573394495414,0.2706422018348624
S0655,,2882,779.0,4,-0.7031334605166197,-0.9353584416479679,-0.7324360315745585,258,False,False,0.6281270067784517,0.5732915663553294,True,21.21475862068966,0.25287356321839083
S0656,,2882,853.0,3,-0.806067894694019,-1.4131150221361783,-0.827275297280504,289,False,False,0.5641384231180878,0.5740809497066893,True,21.249403341288783,0.26252983293556087
S0657,,895,285.0,3,-0.7202973872992365,-1.0045362704483363,-0.7795601198747739,359,False,False,0.7435890117731002,0.5657332048055653,True,21.242941176470588,0.26774847870182555
S0658,,2908,1308.0,3,-0.7472320837404381,-1.0200472403790886,-0.7702332019248476,85,False,False,0.7589867998572958,0.566245455452835,True,21.398878718535467,0.2814645308924485
S0659,,848,289.0,6,-0.7028785666900572,-1.3666928258029705,-0.7473169074244239,269,False,False,0.41806635747413484,0.5772771673685589,True,21.314747474747474,0.2702020202020202
S0660,,2908,1318.0,6,-0.7313005119132847,-1.1693786685330771,-0.7588160190099276,85,False,False,0.7589867998572958,0.566245455452835,True,21.398878718535467,0.2814645308924485
S0661,,1875,623.0,7,-0.6927697610307882,-0.9958073158621943,-0.7214986484145626,250,False,False,0.5607277916518016,0.5805877813036083,True,21.24706976744186,0.2534883720930233
S0662,,2937,1186.0,7,-0.7652235050347549,-1.2129789480517914,-0.7960596524627918,124,False,False,0.6191080984659294,0.5908455866848106,True,21.34065,0.2925
S0663,,2836,1256.0,5,-0.6524335507341406,-1.4999056022015271,-0.6952819567781999,155,False,False,0.5119372101320014,0.6097430226764075,True,21.481392757660167,0.28690807799442897
S0664,,1803,625.0,6,-0.7683123027497851,-1.3497684611416554,-0.7799471488542634,295,False,False,0.5383232251159472,0.5877171621179175,True,21.27138095238095,0.2619047619047619
S0665,,841,323.0,8,-0.6557693572933263,-2.012948079720633,-0.6969670622807568,596,False,False,0.3639671780235462,0.6058459284841329,True,21.55125,0.28703703703703703
S0666,,1302,45.0,9,-0.48665942875350954,-3.305555948325781,-0.4950155149180556,338,False,False,0.07516232607920086,0.4535050049287695,True,21.087307692307693,0.2644230769230769
S0667,,2908,1312.0,3,-0.6017183671737198,-0.8584067561212574,-0.6345424636011271,85,False,False,0.7524652158401712,0.5673376931086275,True,21.370298850574713,0.27816091954022987
S0668,,1803,582.0,4,-0.512223122222812,-0.8217472317377805,-0.5691607398096526,282,False,False,0.5964038530146272,0.5823177688370851,True,21.2359584295612,0.2540415704387991
S0669,,853,180.0,6,-0.5583138546488726,-1.2296166990629966,-0.6107823393820951,348,False,False,0.3912950410274706,0.5187766779503755,True,21.318196286472148,0.26790450928381965
S0670,,1147,318.0,6,-0.5261741856005506,-1.1795072795344557,-0.6063176784050734,603,False,False,0.34999643239386374,0.5318597899497689,True,21.573408450704225,0.28732394366197184
S0671,,802,256.0,4,-0.4829268521347587,-1.9153338575907644,-0.5143884148629391,307,False,False,0.18869782376025687,0.47683351483675623,True,21.313928571428573,0.2698412698412698
S0672,,1895,663.0,3,-0.5532898947611771,-1.717391744282117,-0.5890436830393275,236,False,False,0.7325294327506243,0.5549257064880501,True,21.319360341151388,0.2771855010660981
S0673,,1803,716.0,5,-0.5760083884769108,-1.5604030526094639,-0.6244946616513861,175,False,False,0.7419621833749555,0.551831443798964,True,21.2187982832618,0.26824034334763946
S0674,,1020,365.0,6,-0.49058483968096467,-1.2847889649723185,-0.5601114188073493,281,False,False,0.7764823403496254,0.5651853652748947,True,21.261454918032786,0.26844262295081966
S0675,,1258,294.0,3,-0.48894922068453506,-1.1386656206213137,-0.5681526636223706,266,False,False,0.25937923653228684,0.5178011643691419,True,21.504146341463414,0.289198606271777
S0676,,905,297.0,7,-0.6028652997116674,-1.6838527257205194,-0.6484478853513295,360,False,False,0.542247591865858,0.5481744262478939,True,21.39812641083521,0.27313769751693
S0677,,1161,89.0,8,-0.5506245320154202,-2.263881539184825,-0.6010645619190291,357,False,False,0.1676632179807349,0.49077578555470686,True,21.26108280254777,0.2802547770700637
S0678,,1875,627.0,5,-0.48838292936442884,-1.3719847430537802,-0.5183263351651484,320,False,False,0.5444452372458081,0.5820981174276676,True,21.385059101654843,0.27423167848699764
S0679,,2908,1308.0,3,-0.4585026315616163,-1.1004659452057737,-0.48385686842737363,85,False,False,0.7589867998572958,0.566245455452835,True,21.398878718535467,0.2814645308924485
S0680,,802,230.0,4,-0.5352080297525691,-1.9980445423863356,-0.5627145518448946,446,False,False,0.4452087049589725,0.4660049204260529,True,21.364569377990428,0.2703349282296651
S0681,,884,31.0,6,-0.4777778804253412,-4.204428861349646,-0.4909452652431083,659,False,False,0.04652158401712451,0.35516600209095617,True,21.43620938628159,0.2888086642599278
S0682,,932,368.0,5,-0.535955798369365,-1.4171054406347774,-0.5879860356298814,626,False,False,0.41404209775240813,0.6190534868603073,True,21.448982300884957,0.2809734513274336
S0683,,3493,1907.0,3,-0.5499731793983662,-0.7294578485295046,-0.6156071365108858,70,False,False,0.40572244024259724,0.5595666851478549,True,20.97996138996139,0.2702702702702703
S0684,,881,114.0,7,-0.45019493227222174,-1.7544665325074864,-0.49257906068623675,307,False,False,0.12452372458080628,0.5062962349102541,True,21.37093984962406,0.2857142857142857
S0685,,2883,1328.0,6,-0.5604354084559616,-1.1091497406648234,-0.6726177851757948,99,False,False,0.2988797716732073,0.5329722563574043,True,20.88137614678899,0.26146788990825687
S0686,,884,156.0,6,-0.5317009162625894,-1.4679830966797383,-0.5806646860307476,610,False,False,0.4458936853371388,0.5274887230148789,True,21.029256594724224,0.2589928057553957
S0687,,1461,353.0,6,-0.5161180058646762,-1.5685684529317825,-0.608121860895056,156,False,False,0.2837816625044595,0.4606812187238954,True,21.34152,0.28
S0688,,2876,788.0,6,-0.4579119359586393,-0.5846659388791055,-0.5988766196139207,165,False,False,0.8057509810916875,0.5509422314260998,True,21.183221052631577,0.26526315789473687
S0689,,843,279.0,4,-0.5407522401037328,-1.3768311133631852,-0.6076510284073737,360,False,False,0.7447021048876205,0.5652961745721024,True,21.242941176470588,0.26774847870182555
S0690,,821,268.0,4,-0.626257304462897,-1.0430187814879,-0.7169469424804218,284,False,False,0.5917659650374598,0.5690867668542917,True,21.188586497890295,0.270042194092827
S0691,,1137,363.0,4,-0.5316516610309994,-1.0182344343784726,-0.6304961761603703,284,False,False,0.7992151266500178,0.5640483310968067,True,21.286387755102044,0.2693877551020408
S0692,,2047,1109.0,4,-0.46694753415776213,-0.6325681180114341,-0.48126646030002973,199,False,False,0.33743845879414913,0.6162227056106071,True,21.566833333333335,0.29333333333333333
S0693,,947,198.0,6,-0.5860011709462176,-1.9199729024061292,-0.5918764933299171,250,False,False,0.21001783803068141,0.5077337284587884,True,21.06648745519713,0.2616487455197133
S0694,,2099,721.0,4,-0.5101498549585255,-1.3815798563801953,-0.5422443186072489,345,False,False,0.45946485907955764,0.5679881198255509,True,21.221995073891627,0.26354679802955666
S0695,,950,55.0,7,-0.4534863232798715,-1.1600538348790308,-0.5100216406455198,374,False,False,0.1670353193007492,0.5647799044707678,True,21.229257950530034,0.27208480565371024
S0696,,1165,215.0,8,-0.5027836660774985,-1.5889043317939486,-0.6086645534963395,347,False,False,0.4543988583660364,0.4681613211701313,True,20.937323943661973,0.24507042253521127
S0697,,1897,617.0,5,-0.5448861504006466,-1.118188119809862,-0.5800528439281754,113,False,False,0.41315733143061006,0.5139082976640809,True,21.07187943262411,0.2553191489361702
S0698,,1967,658.0,7,-0.4566863413494645,-1.7223583867680101,-0.48716382629891264,236,False,False,0.7325294327506243,0.5549257064880501,True,21.319360341151388,0.2771855010660981
S0699,,905,253.0,3,-0.577014390112915,-1.237207310322069,-0.6223152446847576,396,False,False,0.5152764894755619,0.49351836306761504,True,21.24033734939759,0.2674698795180723
S0700,,950,291.0,8,-0.5716558306848292,-1.7230989747767935,-0.6398486172955594,551,False,False,0.49551195148055655,0.5945667494378154,True,21.472374727668846,0.28540305010893247
S0701,,993,22.0,7,-0.5173329204610111,-4.307829278805241,-0.5238947220305734,550,False,False,0.04536567962896896,0.34578859858065475,True,21.459400749063672,0.2883895131086142
S0702,,1161,208.0,5,-0.5180679450426835,-1.4389494498832627,-0.6070536269043594,370,False,False,0.21569746699964323,0.5078291825837594,True,21.242904191616763,0.27844311377245506
S0703,,1194,254.0,3,-0.4857795820193729,-1.1599841353096678,-0.574281905760809,597,False,False,0.4607920085622547,0.534625822872943,True,21.342029702970297,0.26732673267326734
S0704,,1192,91.0,7,-0.3941753577927355,-1.4444448890606922,-0.4006895202944801,376,False,False,0.17469853728148413,0.5122610963465556,True,21.64132258064516,0.2967741935483871
S0705,,3309,49.0,5,-0.2511438997276544,-2.6583146265718285,-0.2598317932718501,107,False,False,0.02179093828041384,0.539996607043963,True,21.52512195121951,0.3048780487804878
S0706,,993,194.0,7,-0.3361380372152828,-1.4963148829592674,-0.36356567972161774,247,False,False,0.37234391723153765,0.48386091294046435,True,21.292857142857144,0.27405247813411077
S0707,,1190,27.0,7,-0.3470357429083838,-2.142035730170891,-0.39672782321535144,373,False,False,0.03644666428826258,0.41189856970574323,True,21.715991735537187,0.3140495867768595
S0708,,950,16.0,7,-0.3520554779764481,-2.4015283081720207,-0.35402916482829094,487,False,False,0.01973599714591509,0.7135630075543115,True,21.303991596638657,0.2773109243697479
S0709,,855,434.0,5,-0.27337312111096035,-0.678241714926362,-0.41022168281477245,143,False,False,0.2719086692829112,0.6240786547192364,True,22.044232365145227,0.3236514522821577
S0710,,1256,141.0,8,-0.3270196354883679,-1.830996495246074,-0.349713103322189,217,False,False,0.0806136282554406,0.39822418740120924,True,20.883350785340316,0.25654450261780104
S0711,,1271,367.0,9,-0.3879879328813499,-1.0380675943071573,-0.4558037680285697,448,False,False,0.5137067427755976,0.5859692477599244,True,21.546153846153846,0.2828054298642534
S0712,,2836,1127.0,5,-0.3240925282922962,-0.5230651646287706,-0.4404302267135243,129,False,False,0.6910024973242954,0.5706168380688718,True,21.44183098591549,0.284037558685446
S0713,,1088,54.0,3,-0.3409699553143245,-1.5088999066259838,-0.36798582699249344,356,False,False,0.13224402425972173,0.464382764856209,True,21.12244019138756,0.2727272727272727
S0714,,1021,65.0,7,-0.31130101027683554,-1.9696596997514673,-0.32765288124415864,255,False,False,0.08015697466999644,0.40355450483617683,True,21.519578947368423,0.28421052631578947
S0715,,964,318.0,8,-0.282983941696745,-0.32389336246107325,-0.3843071496562618,266,False,False,0.4622618622904031,0.588598424970726,True,21.376543209876544,0.2716049382716049
S0716,,1154,300.0,4,-0.3026254957005994,-0.850268032948498,-0.466780929569131,695,False,False,0.5785515519086692,0.5615572104405284,True,21.245357967667434,0.26558891454965355
S0717,,3247,98.0,5,-0.34293879870673305,-3.0814842184730047,-0.35220907994524503,213,False,False,0.0594077773813771,0.4263044091567717,True,21.86777777777778,0.30994152046783624
S0718,,896,36.0,4,-0.26522594324060955,-2.4225777301230598,-0.27090161837162097,471,False,False,0.029454156261148768,0.47941861947973463,True,21.275170731707316,0.2780487804878049
S0719,,1298,258.0,6,-0.250648973979697,-1.7730036433402931,-0.267351941626853,196,False,False,0.16956118444523724,0.5133793952417128,True,21.379409282700422,0.2869198312236287
S0720,,881,156.0,5,-0.417824526415674,-1.4284458782658636,-0.5182199871970734,619,False,False,0.20442383160899036,0.5025267181158821,True,21.18725212464589,0.2719546742209632
S0721,,1009,82.0,9,-0.29933827621958997,-1.118888007696056,-0.36587812732840375,339,False,False,0.12251159471994291,0.5107485586649326,True,21.21540650406504,0.2682926829268293
S0722,,2883,1484.0,7,-0.38476234260148945,-1.5439808268771424,-0.4116961237986827,90,False,False,0.25986443096682127,0.5302048499222397,True,20.428578947368422,0.21052631578947367
S0723,,1235,374.0,7,-0.34295277570125926,-0.924246759912029,-0.40295793179614386,400,False,False,0.647349268640742,0.5677081792270456,True,21.53830835117773,0.2826552462526767
S0724,,2836,1323.0,4,-0.4072557683082101,-1.1567839423749342,-0.43715152733804696,145,False,False,0.4561683910096325,0.6013310532465865,True,21.438436578171093,0.2920353982300885
S0725,,1895,382.0,6,-0.3058485350829322,-0.6559113907706534,-0.42637475162379596,149,False,False,0.29962183374955403,0.6144036696069763,True,22.047098039215687,0.30980392156862746
S0726,,837,11.0,7,-0.38829584476229173,-2.77742580049946,-0.38829584476229173,427,False,False,0.013585444166963967,0.4805040291181286,True,21.880675105485228,0.31223628691983124
S0727,,1351,537.0,5,-0.27407583390635437,-2.064834233167277,-0.27407583390635437,110,False,False,0.15340706386014985,0.4958940681911606,True,20.621390728476822,0.23178807947019867
S0728,,853,171.0,6,-0.4024852215069442,-1.2337581021100812,-0.42577783573126754,221,False,False,0.233535497681056,0.5209655997801065,True,21.207919708029195,0.28102189781021897
S0729,,952,101.0,4,-0.3397994465679308,-1.4271392214398897,-0.3962811370769715,364,False,False,0.11841598287549054,0.48227251280428307,True,21.737859778597787,0.2952029520295203
S0730,,1028,551.0,5,-0.280543818226879,-0.8635331276678727,-0.3735281199034303,291,False,False,0.32819122368890474,0.6654893917889378,True,21.82150887573965,0.2988165680473373
S0731,,902,194.0,6,-0.43532487278614895,-0.6793920806422097,-0.6347800850962184,192,False,False,0.4287834463075276,0.5142463486568583,True,20.882067988668553,0.24362606232294617
S0732,,1037,112.0,5,-0.3663930586860381,-0.8277507808071417,-0.4058468877440909,148,False,False,0.20756332500891903,0.5276241117429615,True,20.873880597014928,0.22885572139303484
S0733,,1895,685.0,4,-0.281301063339808,-0.7766865749178573,-0.3374405759489575,180,False,False,0.7680770602925437,0.5603841211951417,True,21.257478813559324,0.2733050847457627
S0734,,1255,65.0,7,-0.2811015631464253,-2.0405068146942953,-0.34330075022499257,336,False,False,0.04622190510167677,0.3590011080558302,True,21.5997461928934,0.29949238578680204
S0735,,1129,104.0,3,-0.3980243582250328,-1.1649236923718376,-0.4858167031252865,195,False,False,0.14744202640028542,0.5218684759372078,True,21.310570175438595,0.2850877192982456
S0736,,903,15.0,5,-0.14856815218754904,-1.5233986260876273,-0.15957327093094992,255,False,False,0.01970745629682483,0.6435708543431595,True,20.905407407407406,0.25925925925925924
S0737,,1256,173.0,7,-0.18648149470896747,-1.5722804863889546,-0.2347918984915453,237,False,False,0.10336068498037816,0.4167625488799782,True,20.889223300970876,0.25728155339805825
S0738,,1069,556.0,6,-0.05748839586941901,-0.02205383507558713,-0.36531165271919114,408,False,False,0.1708597930788441,0.570704578614649,True,21.316439393939397,0.2727272727272727
S0739,,833,173.0,7,-0.10903356113328733,-0.5752484456233329,-0.17236289825986745,227,False,False,0.2603068141277203,0.48677568119061265,True,21.033661016949154,0.2542372881355932
S0740,,3324,166.0,6,-0.23965262478602745,-1.0038009555146923,-0.28941542977554185,126,False,False,0.1100820549411345,0.5227627852420849,True,21.611307692307694,0.3153846153846154
S0741,,1301,410.0,4,-0.12168909432927288,-0.2500474490641663,-0.3634342929486625,146,False,False,0.45970745629682486,0.5417377215981245,True,21.149630769230768,0.2553846153846154
S0742,,3057,1656.0,6,-0.054295258537097824,-0.06400251286268697,-0.29809014624843216,75,False,False,0.26211915804495184,0.5205028927251201,True,21.407336683417082,0.2814070351758794
S0743,,1190,68.0,6,-0.11043212164686633,-0.8549307968434806,-0.19056418598651903,363,False,False,0.09368533713877988,0.3890663345194278,True,21.375,0.2851851851851852
S0744,,3324,15.0,6,-0.18806416351623867,-1.19734959748293,-0.18806416351623867,135,False,False,0.016582233321441313,0.6035586446724701,True,22.06267441860465,0.313953488372093
S0745,,3475,1845.0,2,-0.11743819329536487,-0.22385026357440987,-0.309340906346187,36,False,False,0.48299678915447736,0.5622540976102048,True,21.58690566037736,0.30566037735849055
S0746,,3923,2385.0,5,-0.2081940402675655,-0.5596551453408148,-0.40710327659927703,42,False,False,0.6568676418123439,0.5505103508450163,True,21.394423076923076,0.28846153846153844
S0747,,1037,29.0,7,-0.12628713541987002,-0.31824185529106913,-0.18761304523194094,308,False,False,0.10561541205850875,0.5616209250950108,True,21.13407894736842,0.22807017543859648
S0748,,1946,238.0,6,-0.15276982678111506,-0.8399173391211517,-0.16680066791710035,257,False,False,0.18764181234391722,0.48633215846795674,True,21.855458715596328,0.30275229357798167
S0749,,1137,369.0,4,-0.13455310149659794,-0.9726960518345186,-0.18282873013288922,279,False,False,0.7952479486264716,0.5640904673911723,True,21.31059426229508,0.27049180327868855
S0750,,1152,328.0,8,-0.12291611833484495,0.059351219236970065,-0.5988089897714866,251,False,False,0.7245522654298966,0.5690429766484493,True,21.29896186440678,0.2690677966101695
S0751,,1138,403.0,2,-0.19877440645238487,-0.3903059840456603,-0.3391016652005115,227,False,False,0.6398287549054584,0.5762781958635296,True,21.458660714285713,0.27455357142857145
S0752,,1895,220.0,4,-0.11979358218096736,-0.2973102494109973,-0.25794784453151753,151,False,False,0.17215840171245095,0.5151983931484525,True,22.48283505154639,0.3402061855670103
S0753,,950,25.0,9,-0.07126421051018839,-0.6657318441516762,-0.1260553463875907,464,False,False,0.040428112736353904,0.6181200819628399,True,21.330522088353415,0.27710843373493976
S0754,,841,357.0,6,-0.11638021547074351,-0.08627464216230409,-0.36572369705092045,604,False,False,0.36518016410988224,0.6370757385007366,True,21.5455023923445,0.284688995215311
S0755,,950,52.0,7,-0.16664544446423202,-2.51554630945,-0.16871496450429777,450,False,False,0.05372814841241527,0.43860368527295535,True,21.448884120171673,0.2875536480686695
S0756,,1116,330.0,10,-0.13480004162516435,-0.43847394773039605,-0.31203809206921984,255,False,False,0.36338209061719584,0.5141201497871614,True,21.042462006079028,0.25227963525835867
S0757,,1147,369.0,4,-0.12517257830779038,-0.2871712104915049,-0.30918126693533265,337,False,False,0.24615055297895114,0.4943820315800205,True,21.398101694915255,0.28135593220338984
S0758,,1037,10.0,7,-0.12038370787636343,-2.9783684103501202,-0.12163987322301582,366,False,False,0.013613985016054228,0.6212893938615393,True,21.074114583333337,0.22395833333333334
S0759,,1369,435.0,4,-0.23761025394099167,-0.27576565753963095,-0.4623000786278475,211,False,False,0.7376097038886907,0.5620557799897039,True,21.340780911062907,0.27765726681127983
S0760,,2830,54.19999999999982,7,-0.08934142883959506,-1.2791467270738013,-0.08934142883959503,80,False,False,0.0020834819835890118,0.6908269965595257,True,21.324358974358976,0.20512820512820512
S0761,,879,44.0,5,-0.17061992190455566,-2.012580905312099,-0.18540803481384763,461,False,False,0.1039457723867285,0.3847118147781098,True,21.475274725274726,0.2893772893772894
S0762,,840,172.0,9,-0.10258480083819321,-0.6509494619242614,-0.14448014203361473,425,False,False,0.2023118087763111,0.52795968751234,True,21.45855421686747,0.2710843373493976
S0763,,1021,14.0,7,-0.2227680282886878,-4.472842621135845,-0.2231013126050637,321,False,False,0.01905101676774884,0.338465945231883,True,21.60543352601156,0.2947976878612717
S0764,,1261,43.0,8,-0.13259041633709534,-0.9348555843935487,-0.22452490713123258,590,False,False,0.12616482340349625,0.45487337515968973,True,21.316529209621994,0.27491408934707906
S0765,,1244,384.0,9,-0.22572471825602802,-0.610878107103984,-0.40172979716619106,174,False,False,0.515618979664645,0.5073938941385407,True,20.841801075268815,0.24193548387096775
S0766,,952,263.0,5,-0.08811582642498617,-0.6980331794296691,-0.10796578899680262,318,False,False,0.114191937210132,0.5878342576776419,True,21.143645320197045,0.2315270935960591
S0767,,802,149.0,2,-0.12060702421976599,-0.9326903672090496,-0.18119263128996344,425,False,False,0.23493399928647876,0.5366606253738766,True,21.19376,0.2773333333333333
S0768,,1161,577.0,7,0.123386305294793,0.34315426067841526,-0.2702679013044612,337,False,False,0.278244737780949,0.6656059551721127,True,22.102703583061892,0.32247557003257327
S0769,,9211,4069.0,6,0.08237634437681063,0.5011267264636549,-0.08425571878911302,26,False,False,0.09389939350695684,0.5265616429378125,True,19.84393939393939,0.045454545454545456
S0770,,1139,338.0,7,0.04144188472903099,0.20290548095681785,-0.3574788399762707,363,False,False,0.6573242953977881,0.5733312677873715,True,21.45957716701903,0.28118393234672306
S0771,,1246,402.0,7,0.021639132999290878,0.16370717414706332,-0.3786015038388696,178,False,False,0.5164752051373528,0.5089912151244571,True,20.849336870026526,0.2440318302387268
S0772,,6053,3093.199999999997,4,0.0710828203597429,0.2620517826281705,-0.2871638039836457,36,False,False,0.7137780948983232,0.5448405808443246,True,21.452886075949365,0.2759493670886076
S0773,,9474,28.0,8,0.049950805852722935,0.4598558630815426,-0.05730736234075607,33,False,False,0.009033178737067427,0.6254641096165994,True,19.877857142857145,0.10714285714285714
S0774,,1255,361.0,3,-0.011525899353569957,0.0420147234881121,-0.24701899714742337,326,False,False,0.46518729932215486,0.5089495968481376,True,20.904360313315927,0.2506527415143603
S0775,,4816,13.0,5,-0.027048158311632542,-0.9359896699272242,-0.027048158311632507,47,False,False,0.0010132001427042455,0.7102901283306331,True,19.862222222222222,0.05555555555555555
S0776,,1741,337.0,4,0.006665150697618305,0.0814298205272305,-0.1226040399620364,158,False,False,0.1074848376739208,0.5436966374921455,True,21.30967320261438,0.2875816993464052
S0777,,1244,331.0,9,-0.03977886227321725,0.10053343496463037,-0.5424998418899694,175,False,False,0.5164609347128077,0.507079772048211,True,20.831233243967826,0.24128686327077747
S0778,,9474,71.0,6,0.03126915506946926,0.7485473777453806,-0.023975906375961056,33,False,False,0.012943275062433108,0.5550705629305794,True,19.504074074074076,0.037037037037037035
S0779,,1138,532.0,3,0.13872943336396082,0.3748963530991936,-0.3707194622545495,261,False,False,0.26527292186942564,0.5394569340982882,True,21.01687919463087,0.2550335570469799
S0780,,961,313.0,6,0.11067878731668546,0.32392076617454385,-0.37791266346013813,418,False,False,0.45698180520870496,0.602971882878289,True,21.635995203836927,0.290167865707434
S0781,,2574,203.0,7,-0.04112285399671478,-0.3668640818115324,-0.07034609914785088,23,False,False,0.01304316803424902,0.38541272927236114,True,20.07,0.21739130434782608
S0782,,895,324.0,8,-0.018090063241433696,-0.04355654601420255,-0.15378771341679984,209,False,False,0.10737067427755975,0.5584932367404312,True,20.49967213114754,0.22950819672131148
S0783,,4736,3877.0,5,0.0655012031520168,0.3104132932823352,-0.14956124823283629,25,False,False,0.11907242240456653,0.49003332521106674,True,20.296835443037974,0.05063291139240506
S0784,,4736,3680.0,4,0.010177162568361764,0.11577000838081168,-0.06803458562176155,48,False,False,0.14782732786300393,0.5599047321430285,True,22.192149532710275,0.2803738317757009
S0785,,3324,46.0,9,-0.04309913614198613,-1.2381649687621394,-0.04309913614198613,20,False,False,0.0028683553335711737,0.4491372495820933,True,21.254615384615384,0.23076923076923078
S0786,,802,345.0,4,0.04574377172988897,0.40333877977190474,-0.06491606147694332,158,False,False,0.19841598287549056,0.5171424743328075,True,20.9784,0.23
S0787,,4173,62.0,7,-0.005905408422380187,-0.0649323100109379,-0.038298505141840807,63,False,False,0.013628255440599358,0.49894174664970103,True,20.69772727272727,0.18181818181818182
S0788,,1244,355.0,9,0.06942017324851069,0.25963918639233813,-0.42891924527174924,174,False,False,0.515618979664645,0.5073938941385407,True,20.841801075268815,0.24193548387096775
S0789,,1494,446.0,5,-0.04912050170311755,-0.07731804297235971,-0.2335723655779637,158,False,False,0.12252586514448804,0.5846107296723251,True,20.934044943820226,0.2640449438202247
S0790,,5624,73.0,5,-0.018340383467840393,-0.22178747928086248,-0.04769957456306319,65,False,False,0.011402069211559044,0.6141348542370054,True,20.87525,0.175
S0791,,2018,1218.0,5,0.01068302027925827,0.10598803714442784,-0.13197559369921164,32,False,False,0.19397788084195505,0.6118146725440646,True,21.74040983606558,0.38524590163934425
S0792,,9474,42.0,7,-0.007848669591657975,-0.07860508710780656,-0.045780533507364454,33,False,False,0.0029254370317516945,0.6292186417782079,True,19.270952380952377,0.047619047619047616
S0793,,9474,48.0,7,0.015366056581326948,0.5247916373377712,-0.012538898517420542,20,False,False,0.002154834106314663,0.4386679123481995,True,18.750833333333336,0.0
S0794,,1996,796.0,2,0.027988366101083573,0.21735322602230706,-0.45864688547305194,94,False,False,0.5102675704602212,0.5001686705751763,True,20.723493975903615,0.23795180722891565
S0795,,1461,60.0,9,-0.04528261717037663,-0.23665417716887235,-0.16703666171512457,220,False,False,0.04336782019265073,0.41851087944087034,True,21.035911949685534,0.27044025157232704
S0796,,1138,365.0,5,-0.023640141694795003,-0.05804740008748039,-0.15675951227325993,248,False,False,0.6913449875133785,0.5698184178519629,True,21.259726315789475,0.2673684210526316
S0797,,840,177.0,7,0.10768491914918132,0.3488651843353899,-0.19361018795451534,304,False,False,0.35190866928291115,0.5271878316400663,True,21.11744318181818,0.26704545454545453
S0798,,1360,535.0,4,-0.030865423962263216,0.18240457162018817,-0.38772722638058743,233,False,False,0.6341348555119515,0.597633814539438,True,21.680835266821347,0.2923433874709977
S0799,,1585,218.0,6,0.00034565277494102986,0.02540440719169664,-0.06444462299431168,39,False,False,0.029639671780235462,0.46497266193598275,True,20.652954545454545,0.25
