strategy_id,error,tau_max,tau_p90,n_registers,R_bench,sharpe_bench,maxdd_bench,n_trades_bench,bust_early,always_flat,frac_in_pos,realized_vol,pass_filter,vix_mean_held,frac_held_days_high_vix
S0000,,129,20.0,5,0.2059249262949039,0.44733693331224317,-0.08898863752247889,1194,False,False,0.22253225476141716,0.1428312268394073,True,20.751722113502932,0.22798434442270057
S0001,,35,11.0,6,0.014542001999089615,0.08758565373059297,-0.08379736500249163,1430,False,False,0.17932111406921974,0.11030943589451231,True,20.548,0.2056338028169014
S0002,,42,14.0,6,-0.047045432476156,-0.16375282020496193,-0.20225758456428564,2439,False,False,0.4230237558877739,0.16765331825024993,True,20.685170020818873,0.21582234559333796
S0003,,17,15.0,4,0.34728114597085313,0.9228434927847199,-0.08507684249706612,462,False,False,0.11511877943886954,0.159539116888776,True,20.555796460176992,0.19911504424778761
S0004,,33,24.0,6,0.3651854421316123,0.649428679651908,-0.12116769290755651,1337,False,False,0.5650471021912759,0.18589243781393996,True,20.73355300859599,0.2163323782234957
S0005,,33,16.0,8,0.09391590928657934,0.23971522771618692,-0.1666934650627469,941,False,False,0.16232336678271556,0.1275531789322568,True,20.902598314606742,0.22612359550561797
S0006,,64,22.0,4,-0.14511877297299158,-0.4079620211994074,-0.17562812560916854,1430,False,False,0.5019455252918288,0.18976903565636527,True,20.559397759103643,0.211484593837535
S0007,,71,21.0,5,0.2632285293810521,0.7321279085482839,-0.07908380743586645,594,False,False,0.1043159942658202,0.1549082757486167,True,20.735871404399326,0.2233502538071066
S0008,,33,16.0,6,0.10327096868086105,0.36236680024751594,-0.09353921555450369,705,False,False,0.1448136391562564,0.11895961056577886,True,20.46926785714286,0.2017857142857143
S0009,,35,13.0,4,0.045933863357628724,0.18072328436948107,-0.1073899808514396,1077,False,False,0.23039115297972557,0.13451097075646312,True,18.75248520710059,0.13609467455621302
S0010,,57,17.0,5,0.06511769986646376,0.2533312486506807,-0.07174201259781707,1430,False,False,0.35283125127995085,0.13778431816948541,True,20.531953376205788,0.20659163987138263
S0011,,26,9.0,6,-0.08133329936547162,-0.4784431442414943,-0.1149497956452301,1550,False,False,0.15907229162400163,0.07823713312719631,True,18.652412935323383,0.13557213930348258
S0012,,33,26.0,6,0.23040862258107597,0.38083080549840215,-0.18284834624015037,859,False,False,0.3886954740937948,0.1803227728312559,True,20.604399277326106,0.2140921409214092
S0013,,37,16.0,4,0.04256694573788056,0.13489486829829175,-0.2443488105841129,1823,False,False,0.4596303501945525,0.19366804269163382,True,20.70435172413793,0.21586206896551724
S0014,,78,19.0,5,0.1284138019102663,0.43328544943315084,-0.0738308794025186,460,False,False,0.08831660864222814,0.13601186225027767,True,20.84064837905237,0.20947630922693267
S0015,,197,22.0,4,0.3002338265210829,1.1415665987822234,-0.055278261259619946,1021,False,False,0.1985203768175302,0.15197752816076576,True,20.958082051282048,0.2317948717948718
S0016,,30,9.0,7,-0.03258004832334138,-0.12805080256214021,-0.1407066824222015,1550,False,False,0.22296743805037886,0.13396717447673168,True,18.756445652173912,0.1391304347826087
S0017,,33,21.0,5,0.09628264755903149,0.3514178840874975,-0.08615233659796152,1099,False,False,0.2908048330944092,0.15245197725646403,True,20.83747493163172,0.23062898814949864
S0018,,37,13.0,6,-0.05106264657423676,-0.17358525394212293,-0.16072204094714795,2489,False,False,0.469409174687692,0.1974721601124811,True,20.68563611491108,0.2161422708618331
S0019,,102,23.0,4,0.2489165547147234,0.7969017642919929,-0.08848924508036161,761,False,False,0.14745033790702436,0.14090460286632925,True,20.535493827160494,0.2037037037037037
S0020,,47,16.0,3,-0.17738805119587597,-0.9781184166083179,-0.2226740405038644,1946,False,False,0.41910710628711856,0.202766964984727,True,20.68380204778157,0.21638225255972696
S0021,,50,9.0,4,-0.06919704933764803,-0.4978770302288399,-0.09850094383995839,1577,False,False,0.17043825517100145,0.14427811666582563,True,20.67910043668122,0.21397379912663755
S0022,,30,9.0,5,-0.02817051148681826,-0.08325780246982013,-0.11177144051322818,1280,False,False,0.17097583452795412,0.13453439718706497,True,19.33630221130221,0.16216216216216217
S0023,,32,11.0,4,-0.09322260098624136,-0.5281596799977711,-0.17297342893939036,2952,False,False,0.4037476960884702,0.15644159670295515,True,20.675344352617085,0.21487603305785125
S0024,,47,13.0,7,-0.23997834702517462,-0.8700677482020214,-0.3037149850453249,1965,False,False,0.4143200901085398,0.16764087408076478,True,20.68629781420765,0.21653005464480873
S0025,,33,11.0,5,-0.10701074595513926,-0.39916460048207764,-0.1575594167186132,1466,False,False,0.2298535736227729,0.1429773829900616,True,20.716682785299806,0.22147001934235977
S0026,,21,7.0,4,-0.11190148031586744,-0.9439370360981022,-0.12020967265491023,2411,False,False,0.2204331353676019,0.11797240211696454,True,20.69841121495327,0.21261682242990654
S0027,,25,8.0,4,-0.058363272318220916,-0.4033929850310955,-0.0758517180956012,2048,False,False,0.23691890231415114,0.17289685150242923,True,20.636347107438016,0.21487603305785125
S0028,,33,22.0,8,-0.05601462434735671,-0.06511911312597979,-0.2188517309579188,667,False,False,0.2883473274626254,0.17130688991564436,True,21.017310426540284,0.23459715639810427
S0029,,37,16.0,5,0.04568141574865958,0.1431301440564721,-0.2382117004217621,1823,False,False,0.44048228548023755,0.1873845003447219,True,20.699672929714684,0.2150313152400835
S0030,,33,25.0,5,0.1465697941936599,0.31260942677629194,-0.11738785219340028,518,False,False,0.26459143968871596,0.1952619785112167,True,20.701235370611183,0.2067620286085826
S0031,,33,11.0,4,0.06750116690721852,0.21790809526487528,-0.10666758163655216,1077,False,False,0.1834681548228548,0.11889030918500165,True,18.790885416666665,0.13411458333333334
S0032,,56,16.0,5,0.0706055487897137,0.2517582596933414,-0.10444253917537237,721,False,False,0.15469485971738686,0.11822758147483742,True,19.142949526813883,0.15615141955835962
S0033,,33,28.0,4,0.49448448600991424,1.0425578480297624,-0.054534709491247085,472,False,False,0.21672127790292853,0.14044038532083358,True,19.806469696969696,0.18787878787878787
S0034,,25,11.0,5,-0.09726942201422573,-0.5444672346043279,-0.11037838765656117,248,False,False,0.03430268277698136,0.14310061295638868,True,20.52676616915423,0.25870646766169153
S0035,,47,18.0,5,0.06517996573040974,0.28677967378955316,-0.08410911311509969,500,False,False,0.09548433340159738,0.14240498796651135,True,20.849481765834938,0.23416506717850288
S0036,,17,14.0,5,-0.2557229611029824,-0.9376173182353823,-0.25940566753243655,583,False,False,0.16649600655334834,0.14414863015945234,True,20.729746376811594,0.22644927536231885
S0037,,37,16.0,4,0.025776031315823733,0.14053586275326188,-0.12622589097894188,1823,False,False,0.44048228548023755,0.1873845003447219,True,20.699672929714684,0.2150313152400835
S0038,,33,15.0,8,0.10112848571753119,0.32636471403301814,-0.11095390300994595,677,False,False,0.13974503379070244,0.12160342257620291,True,19.81488524590164,0.18360655737704917
S0039,,17,14.0,5,0.29840616534780406,0.7006998435679485,-0.15521297681251872,742,False,False,0.2163884906819578,0.17679890232830323,True,19.87820476858345,0.18934081346423562
S0040,,51,17.0,8,0.0974830565849758,0.3208421787046697,-0.09827017104444224,682,False,False,0.14553041163219332,0.1206962510859542,True,19.768743961352655,0.1819645732689211
S0041,,25,10.0,4,-0.011238289795164391,-0.11200145378841155,-0.04108568724839242,1633,False,False,0.219306778619701,0.08906859418086986,True,18.497966480446927,0.11955307262569832
S0042,,33,17.0,5,0.03291278739324888,0.19458489309515123,-0.06765578792450849,1257,False,False,0.3343487610075773,0.18241054278660548,True,20.413247078464106,0.20617696160267113
S0043,,34,11.0,5,-0.05387470687527307,-0.38596544757488427,-0.09398785979158801,1823,False,False,0.25166393610485355,0.11813812705439908,True,20.842471074380164,0.2190082644628099
S0044,,33,16.0,9,-0.008213224913478201,-0.043309054838370276,-0.051625125511380175,1380,False,False,0.278261314765513,0.12706466757315102,True,20.881513982642236,0.23143683702989393
S0045,,33,30.0,2,0.16186263224364983,0.3607575282562613,-0.10442864532133597,361,False,False,0.2907536350604137,0.14779497579845188,True,19.183552631578948,0.1652046783625731
S0046,,33,29.0,2,0.05653899225066339,0.14079744890313162,-0.14514245583328683,789,False,False,0.6062359205406512,0.20318598307190305,True,20.838771796815774,0.22820318423047764
S0047,,97,22.0,4,0.08579067820533481,0.46793177362175364,-0.048707984069563025,263,False,False,0.05245238582838419,0.11974184345224076,True,20.206653992395438,0.18631178707224336
S0048,,33,26.0,5,0.32068555232390183,0.7121207578406226,-0.08489717368052094,1036,False,False,0.615067581404874,0.20411977512683288,True,20.788365591397852,0.21935483870967742
S0049,,33,17.0,2,0.05534186792727014,0.27030523536214135,-0.07296846504155059,1175,False,False,0.2836115093180422,0.1322407080248226,True,18.492152704135737,0.12089077412513255
S0050,,33,27.0,8,-0.04350405013268732,-0.06891592742414267,-0.11816883280192557,749,False,False,0.5794849477780053,0.20158298799869076,True,20.822363919129085,0.22472783825816486
S0051,,17,12.0,6,0.23756650828420867,0.8708097929973112,-0.05181228417739905,787,False,False,0.1350092156461192,0.11565807606694951,True,19.328495999999998,0.1696
S0052,,17,12.0,7,0.16904253737252795,0.5916064988118301,-0.08016914506689857,1228,False,False,0.19511570755682983,0.11469276582370333,True,20.1680815876516,0.19625137816979052
S0053,,54,13.0,6,-0.018701042347055274,-0.12625256272204932,-0.04997729646072015,879,False,False,0.14970305140282614,0.16369917535730916,True,20.617097130242826,0.2163355408388521
S0054,,28,9.0,7,-0.02238508479073298,-0.20316738661455597,-0.052570547649751866,1550,False,False,0.17281896375179193,0.08156002909737327,True,18.650903540903542,0.1343101343101343
S0055,,52,16.0,4,0.05008997733205223,0.208939447083669,-0.0961781733835419,847,False,False,0.20704484947778004,0.11779352686655005,True,18.763091849935314,0.13583441138421734
S0056,,33,28.0,7,-0.007400455669139383,0.026527912256052028,-0.1905882659638692,505,False,False,0.30580585705508906,0.19822170263394773,True,20.84055837563452,0.22461928934010153
S0057,,85,12.0,6,-0.06856999923740437,-0.24078145226978503,-0.12998356332068065,1163,False,False,0.12584476756092566,0.11063823898722107,True,20.698409742120344,0.22206303724928367
S0058,,33,13.0,2,-0.06504313036320053,-0.4495061739874885,-0.08913829074078852,1446,False,False,0.2670489453204997,0.1913969978523104,True,20.682609442060084,0.2206008583690987
S0059,,33,26.0,6,0.027359161913089958,0.11465868185609347,-0.07092680886900031,869,False,False,0.4887620315379889,0.18326796581825341,True,20.97244147157191,0.2265886287625418
S0060,,196,19.0,7,0.06482220483447465,0.259239957332656,-0.09931653944725959,1042,False,False,0.17798996518533688,0.11161451608675613,True,20.649090909090912,0.23066485753052918
S0061,,76,14.0,9,-0.11983437427255672,-0.38225243682900933,-0.1684488638922636,823,False,False,0.15290292852754453,0.16663732560866273,True,21.236905444126077,0.23925501432664756
S0062,,36,13.0,4,-0.008362301977317688,-0.02751471861475069,-0.13448818540710708,1823,False,False,0.36043415932828177,0.15830906700730304,True,20.741771428571433,0.21785714285714286
S0063,,51,15.0,9,0.04985603557366036,0.23978736647832757,-0.07877439605599672,669,False,False,0.14376407945934877,0.11916575825235463,True,19.780032626427406,0.18107667210440456
S0064,,33,26.0,6,-0.02881402026857416,-0.09493317492511863,-0.14472641402789305,554,False,False,0.2655386033176326,0.16878567538326592,True,20.665233415233416,0.214987714987715
S0065,,17,14.0,7,0.28566011433361593,1.2374420061858666,-0.033140932439362725,312,False,False,0.09264284251484743,0.1407322031421757,True,20.22310055865922,0.19832402234636873
S0066,,33,25.0,7,-0.1663759201035402,-0.5650168747158046,-0.21621516075965902,262,False,False,0.11714110178169158,0.19715047881238132,True,22.698637770897836,0.28792569659442724
S0067,,25,13.0,6,0.13310009992333804,0.9362216688943737,-0.043780488889290745,316,False,False,0.054986688511161175,0.09218445185152725,True,20.289864864864864,0.19932432432432431
S0068,,17,15.0,5,0.1656083869334679,0.9739557060759065,-0.03907872492499382,187,False,False,0.06829817734998976,0.14931215616286733,True,20.547020408163267,0.22857142857142856
S0069,,33,23.0,6,0.15173037125982636,0.6238598373616175,-0.0568591801420581,246,False,False,0.09599631374155232,0.144227326507683,True,20.76016129032258,0.23225806451612904
S0070,,33,23.0,5,0.06861010076034835,0.3162390487739014,-0.049014612112517064,161,False,False,0.04382551710014335,0.11311191556566606,True,21.363062499999998,0.2625
S0071,,102,24.0,7,0.1352837611966029,0.9112578690983669,-0.056361500039789424,410,False,False,0.10741347532254761,0.12886982543342698,True,20.21864745011086,0.1951219512195122
S0072,,33,24.0,7,0.16825334192049302,0.8837914850374334,-0.03568816792103953,585,False,False,0.22662809748105672,0.15210446344822987,True,20.85158501440922,0.22910662824207492
S0073,,17,14.0,5,0.15363264439921798,0.9587650287141527,-0.04006964882787955,251,False,False,0.0787169772680729,0.15012427334726802,True,20.48557894736842,0.22105263157894736
S0074,,17,15.0,2,-0.12242467337101282,-0.2870541961386667,-0.20529033872871716,351,False,False,0.14309850501740734,0.21037806774155016,True,22.193941441441442,0.2635135135135135
S0075,,33,27.0,4,0.05919875214390813,0.35754599289614974,-0.04462470496080476,969,False,False,0.2894736842105263,0.17501042859838073,True,20.67968106995885,0.22016460905349794
S0076,,56,15.0,6,0.05240185232324057,0.42826278041861676,-0.02707878497269903,847,False,False,0.17985869342617244,0.12195645376927268,True,18.849083665338643,0.13811420982735723
S0077,,44,14.0,6,-0.10768261680716729,-0.7446809862224313,-0.13788524916362413,365,False,False,0.05905693221380299,0.15197179710564274,True,21.4151367781155,0.23404255319148937
S0078,,17,12.0,7,0.0462523458616364,0.4870023119723428,-0.03207782830933563,604,False,False,0.11099733770223223,0.13078620759311058,True,20.61163763066202,0.20034843205574912
S0079,,17,13.0,7,0.05995349943505057,0.507104947371988,-0.033750749451932426,353,False,False,0.09361560516076183,0.1420569265978609,True,20.925252808988766,0.21629213483146068
S0080,,33,23.0,6,0.08728316967551653,0.5316481104303887,-0.04987339472654704,1000,False,False,0.4265052221994675,0.17297265176717894,True,20.911472039473683,0.22615131578947367
S0081,,130,20.0,6,0.06602129572679938,0.5722197426432781,-0.04038435161998144,1064,False,False,0.2137773909481876,0.10809246553349418,True,20.180659840728104,0.19340159271899887
S0082,,33,25.0,4,-0.05914807156159607,-0.3849466930061268,-0.09100679870992143,61,False,False,0.02611099733770223,0.1468119856497135,True,20.76065789473685,0.25
S0083,,29,13.0,5,-0.01108515629169271,-0.17901583451348013,-0.027208532877084562,361,False,False,0.050993241859512595,0.10408822160538887,True,20.927796052631578,0.2138157894736842
S0084,,33,27.0,8,0.08006736834224149,0.2938280467418839,-0.09238286194237895,322,False,False,0.2587804628302273,0.12836016721120697,True,18.34574712643678,0.12151067323481117
S0085,,33,27.0,5,0.10356246117894563,0.3681499932750458,-0.08537550263937775,449,False,False,0.3462523039115298,0.16404249005562008,True,20.057980997624703,0.19714964370546317
S0086,,35,11.0,7,0.07352090715915716,0.6819908333852561,-0.03009893178053905,721,False,False,0.11071574851525702,0.11277391135182173,True,19.15691029900332,0.15614617940199335
S0087,,35,12.0,6,0.06189190501714825,0.5755633507639515,-0.03722691723910753,721,False,False,0.11030616424329306,0.09162302001037662,True,19.10377570093458,0.14766355140186915
S0088,,17,14.0,5,-0.003924937558915542,0.006552994258870178,-0.11594538173968068,430,False,False,0.1338828588982183,0.12463302824698842,True,18.50274418604651,0.13488372093023257
S0089,,17,15.0,5,-0.00215838855957462,0.006334014957817348,-0.08417985124139088,135,False,False,0.04474708171206226,0.14785710792388085,True,20.529298245614036,0.1871345029239766
S0090,,33,16.0,5,-0.051423721859649385,-0.6387153523073635,-0.059406926483282226,64,False,False,0.008754863813229572,0.11437616399540258,True,20.330192307692307,0.19230769230769232
S0091,,33,27.0,6,0.07730858230742998,0.3434707037388727,-0.06316718511944884,485,False,False,0.23041675199672332,0.17060407690476562,True,20.907507288629738,0.23323615160349853
S0092,,31,15.0,6,0.11539559595465909,1.2338830507008929,-0.017893349637360244,246,False,False,0.037860946139668235,0.09905385561141405,True,20.60341121495327,0.19626168224299065
S0093,,17,14.0,7,0.10678770460109144,0.6619916174363922,-0.051023281377024776,897,False,False,0.3166854392791317,0.16086694686426542,True,20.880837988826816,0.2324022346368715
S0094,,33,29.0,4,-0.018020023623097625,-0.007860374425306193,-0.1350866823920692,728,False,False,0.49298586934261723,0.19109542490208734,True,20.961230899830223,0.22580645161290322
S0095,,17,11.0,8,0.0008663301008353663,0.01789903035759289,-0.08043617542014744,1080,False,False,0.1497542494368216,0.12161976101060451,True,20.81914618369987,0.23027166882276842
S0096,,61,15.0,5,0.04560698412821296,0.44994198134551516,-0.0342240284208172,138,False,False,0.025163833708785582,0.10498875215602375,True,21.234895104895106,0.24475524475524477
S0097,,53,28.0,4,0.04524071653662687,0.4382602550217371,-0.036055669349271506,34,False,False,0.011621953716977268,0.12348475134210794,True,19.63409090909091,0.1590909090909091
S0098,,51,14.0,8,0.0011190821572695242,0.019482382509562312,-0.04406226905649113,543,False,False,0.11207249641613762,0.1017560000951164,True,18.40569958847736,0.12139917695473251
S0099,,72,17.0,5,0.03940312496203768,0.4723061525966572,-0.02862299869702855,145,False,False,0.03228036043415933,0.09144947977364691,True,21.000136054421766,0.23129251700680273
S0100,,33,26.0,5,-0.028271860032030194,-0.30975814988380174,-0.03772115663407126,90,False,False,0.03696498054474708,0.09359398716060285,True,17.71552845528455,0.10569105691056911
S0101,,197,24.0,4,0.08128816938580341,0.567969820482752,-0.03470360068400611,511,False,False,0.12338726192914191,0.10274788802549563,True,18.776387755102043,0.1510204081632653
S0102,,17,14.0,7,0.08393667531394122,0.9319538277107056,-0.021899275775592038,510,False,False,0.1915830432111407,0.1208787178014222,True,19.120503731343284,0.16044776119402984
S0103,,34,17.0,6,0.023396753053392505,0.46976965236680934,-0.013136408446448445,129,False,False,0.03215236534917059,0.10385718205703214,True,20.950337837837836,0.20945945945945946
S0104,,33,28.0,2,0.024433900905390438,0.3044215588896044,-0.03242970523580199,360,False,False,0.18700081916854394,0.12322265946730938,True,18.24511194029851,0.11753731343283583
S0105,,17,15.0,5,0.026624262822292355,0.4743195058596829,-0.01583903857339415,17,False,False,0.006962932623387262,0.1311992526656023,False,18.9755,0.15
S0106,,17,15.0,5,-0.07098645357775168,-0.570111529038373,-0.08218034047360046,77,False,False,0.03153798894122466,0.21458888669887696,True,23.31591836734694,0.3673469387755102
S0107,,25,12.0,5,0.03536219934069518,0.5936332664860487,-0.0293952786762236,316,False,False,0.04820294900675814,0.09265977793658997,True,20.28925170068027,0.20068027210884354
S0108,,51,17.0,9,0.010016090713954595,0.10288045352915669,-0.035533865269558984,682,False,False,0.14553041163219332,0.1206962510859542,True,19.768743961352655,0.1819645732689211
S0109,,33,21.0,8,0.049206190322611754,0.40116781889798425,-0.037651103262402744,230,False,False,0.07154925250870367,0.15483801477769893,True,20.72382470119522,0.19123505976095617
S0110,,78,20.0,7,0.046293720675876004,0.5502844732343344,-0.022821998840704353,187,False,False,0.05053245955355314,0.12630713198928709,True,20.674626168224304,0.21495327102803738
S0111,,118,22.0,6,0.08319767766493569,0.6443991680650831,-0.04582416445388452,408,False,False,0.10923100552938766,0.10842266012752168,True,20.859516483516483,0.210989010989011
S0112,,96,24.0,4,0.0718568579277774,0.8608193860482583,-0.022060286793036215,316,False,False,0.08498873643252099,0.13186786673477194,True,20.29832884097035,0.19946091644204852
S0113,,17,15.0,5,0.10601939703278673,0.9091041210529611,-0.024666611329835168,554,False,False,0.2235306164243293,0.1315302893076448,True,19.05434169278997,0.15047021943573669
S0114,,17,14.0,6,0.008163555407713297,0.21137452801211146,-0.014643813866716524,66,False,False,0.017509727626459144,0.08798263090452897,True,17.430142857142858,0.05714285714285714
S0115,,33,28.0,5,0.07499598494173543,0.26423971749246056,-0.12139978426250514,283,False,False,0.23080073725168954,0.13647111605399687,True,18.66768946395564,0.14048059149722736
S0116,,33,28.0,5,0.04348846465376366,0.16023297445991624,-0.11005828464504046,593,False,False,0.47993037067376615,0.2009710002535201,True,20.92020091324201,0.2310502283105023
S0117,,26,16.0,4,0.04508485354807412,0.7435593392342553,-0.013412028706871347,90,False,False,0.019276059799303708,0.08531282520464585,True,17.803793103448278,0.09195402298850575
S0118,,33,28.0,4,0.10061810700612983,0.3540576366909718,-0.061839403505584756,405,False,False,0.18095945115707557,0.11064106421437087,True,18.42852772466539,0.13193116634799235
S0119,,33,26.0,6,-0.06432835032666029,-0.36014891612574823,-0.10260796788666832,85,False,False,0.04868933032971534,0.19984761296343626,True,23.238740740740745,0.37777777777777777
S0120,,33,23.0,6,0.04449186337663358,0.47740968808028456,-0.02517419849039692,411,False,False,0.13897706328077003,0.08667707750161084,True,18.26968674698795,0.12771084337349398
S0121,,197,21.0,6,0.12157827560158774,1.0768634511057806,-0.01567135181253838,679,False,False,0.15377329510546794,0.11437706927821496,True,19.364863563402892,0.17014446227929375
S0122,,222,30.0,6,0.003193863350418269,0.04457465304925782,-0.02870591725319512,467,False,False,0.09422998156870777,0.07930403106625253,True,18.218440860215054,0.12365591397849462
S0123,,48,32.0,5,-0.009992466877369544,-0.13235922104714481,-0.04324497836576109,34,False,False,0.010444398935080893,0.12395595188339119,True,20.851315789473688,0.23684210526315788
S0124,,77,16.0,6,-0.002345469536950806,-0.0019192347570829082,-0.041842490260908416,200,False,False,0.03952488224452181,0.1429597066713913,True,22.115844748858443,0.2694063926940639
S0125,,33,30.0,2,-0.06194012162451801,-0.5620905143560676,-0.0869483668637936,146,False,False,0.1174738890026623,0.21752258624280338,True,20.82276094276094,0.18855218855218855
S0126,,33,28.0,4,0.17374695126376571,1.3277171337128442,-0.021812104016615114,361,False,False,0.1956532869137825,0.17540295454761237,True,21.287205323193916,0.2414448669201521
S0127,,17,13.0,8,-0.059542646165960056,-0.9424541972728501,-0.0642607040464683,86,False,False,0.02065840671718206,0.20588350466792438,True,23.562234042553197,0.3829787234042553
S0128,,17,14.0,5,-0.012077080175544319,-0.7458489825654425,-0.014496071600067148,7,False,False,0.001331148883882859,0.14508258056330392,False,15.497142857142858,0.0
S0129,,53,37.0,5,-0.0017492556112436164,-0.3077594256369444,-0.00394419262749494,8,False,False,0.002227114478804014,0.06072559348290472,False,15.968999999999998,0.0
S0130,,53,38.0,4,0.010781708203563278,0.38728668774047964,-0.006206436134777382,18,False,False,0.0069373336063895145,0.1803854711953838,False,20.237826086956524,0.2608695652173913
S0131,,33,29.0,2,-0.057440158865936786,-0.1999872711331293,-0.13367777148411586,114,False,False,0.08903338111816506,0.14913249471336817,True,19.408223140495867,0.14049586776859505
S0132,,22,13.0,6,-0.0013288943503212414,-0.052787127878194874,-0.008983916899447905,34,False,False,0.0068349375383985255,0.1297141617701109,True,21.16714285714286,0.17857142857142858
S0133,,53,37.0,5,0.0015413871012219804,0.10164203573830907,-0.00794436456344704,8,False,False,0.0022015154618062666,0.059143763085002216,False,15.968999999999998,0.0
S0134,,17,14.0,6,0.00232621837674607,0.04805919761857527,-0.019552462386790394,83,False,False,0.018789678476346508,0.08447998726327596,True,19.388478260869565,0.13043478260869565
S0135,,33,22.300000000000068,6,0.015789608184270998,0.31002834943250174,-0.009547299337334697,10,False,False,0.0021759164448085194,0.17633218814919852,False,20.459166666666665,0.3333333333333333
S0136,,17,15.0,5,-0.011535375868646613,-0.5394365281958903,-0.01609930105606547,10,False,False,0.0038910505836575876,0.1385102927297082,False,19.48909090909091,0.2727272727272727
S0137,,33,26.0,5,0.021754096518824317,0.3362017353304877,-0.017932437712200676,10,False,False,0.0031742781077206635,0.23284584783456377,False,20.633076923076924,0.3076923076923077
S0138,,26,13.0,6,-0.010139915132310162,-0.622320697913145,-0.013821199334788615,17,False,False,0.0021759164448085194,0.09124211760563232,False,18.80466666666667,0.2
S0139,,17,15.0,6,-0.006906092860969659,-0.10872831355000308,-0.02079648153852963,86,False,False,0.03396989555601065,0.1919295579022438,True,22.553271028037386,0.32710280373831774
S0140,,21,12.0,6,-0.0034554424172827947,-0.2362003613716672,-0.007214362844321477,29,False,False,0.0033278722097071474,0.14797901108360803,True,24.179047619047612,0.42857142857142855
S0141,,33,28.0,7,0.042302119477942934,0.3962173994750682,-0.02648195591864585,17,False,False,0.011647552733975015,0.19421084945878964,False,19.981935483870966,0.22580645161290322
S0142,,33,29.0,6,0.004062522264054236,0.04958730201791801,-0.045030957571310086,78,False,False,0.061156051607618264,0.20726281143392752,True,22.412974683544302,0.3227848101265823
S0143,,31,22.69999999999999,4,-0.004987226918456877,-0.24365286757837348,-0.011675130585452474,8,False,False,0.0015359410198648373,0.055269997121629465,False,15.864444444444441,0.0
S0144,,30,21.0,6,-0.0032047298723713036,-0.35767565589302813,-0.005625255585028137,17,False,False,0.003379070243702642,0.07257956312079147,False,18.4075,0.1875
S0145,,53,35.0,6,0.026512787199354015,0.27844968184585067,-0.02486256095700946,18,False,False,0.006911734589391767,0.18060539276201495,False,20.237826086956524,0.2608695652173913
S0146,,53,31.0,7,0.0038168716193727192,0.25337702846506865,-0.006847586499386848,14,False,False,0.007142125742371493,0.07553617146616863,False,18.302105263157895,0.15789473684210525
S0147,,33,28.0,6,0.02272401948076941,0.2638508664816369,-0.026788372366740455,13,False,False,0.007193323776366988,0.1993450371018218,False,19.437000000000005,0.2
S0148,,53,24.0,6,-0.027139368082390147,-0.6336297435823693,-0.03362712928980701,97,False,False,0.03565943067786197,0.0888892036007734,True,18.422916666666666,0.13333333333333333
S0149,,42,21.0,6,-0.004042187040705136,-0.12932346081552354,-0.014849789464558378,33,False,False,0.006732541470407537,0.10919496756899176,True,18.68441176470588,0.17647058823529413
S0150,,17,14.0,5,0.014733862190409397,0.4026377508342652,-0.012673189409200206,19,False,False,0.004582224042596764,0.137935510374702,False,19.71666666666667,0.2222222222222222
S0151,,185,112.0,5,0.039543803967847735,0.4988137044870787,-0.029657147609369168,16,False,False,0.014565840671718205,0.09054828096362061,False,17.541176470588237,0.08823529411764706
S0152,,27,19.0,5,0.007510395172502626,0.167682825150865,-0.01692547224757897,18,False,False,0.003814253532664346,0.17933166490235486,False,20.317368421052635,0.2631578947368421
S0153,,33,29.0,4,0.06998828485219133,0.255798492265333,-0.10145380618084529,312,False,False,0.16117141101781693,0.11923931653676594,True,18.513333333333332,0.1373873873873874
S0154,,27,21.0,5,-0.0002101356336529081,-0.017873186620026058,-0.002912644248631793,11,False,False,0.002150317427810772,0.17289958932610724,False,20.669230769230772,0.3076923076923077
S0155,,34,23.0,5,0.015982194497603297,0.6185319466474211,-0.004126706216068792,11,False,False,0.0019199262748310466,0.13113526287652724,False,17.183999999999997,0.0
S0156,,17,14.0,5,0.023611597289383557,0.44585950831211935,-0.010445833244601131,19,False,False,0.003507065328691378,0.1380281557177972,False,19.71666666666667,0.2222222222222222
S0157,,33,27.0,6,0.08951200631255274,0.4487760905283852,-0.0456346908069849,395,False,False,0.2081456072086832,0.12427297496004888,True,18.87140597539543,0.1546572934973638
S0158,,53,29.0,5,-0.003250123034716501,-0.3394160981377136,-0.00477330498241246,17,False,False,0.0048638132295719845,0.07134675266141037,False,18.031052631578948,0.15789473684210525
S0159,,53,36.0,5,0.0009324951726612518,0.10394344842795024,-0.00442963091078156,13,False,False,0.006015768994470612,0.07225655615849381,False,18.187894736842107,0.15789473684210525
S0160,,108,18.0,7,0.018347182451560196,0.08315528920951928,-0.29269252578711225,1645,False,False,0.47068912553757936,0.16405684967108541,True,20.642340730136006,0.21546170365068004
S0161,,72,17.0,5,0.1679331735301639,0.3891334971393883,-0.14921158106692456,851,False,False,0.1849272987917264,0.16368890386281615,True,20.478259109311736,0.2054655870445344
S0162,,63,14.0,6,-0.079396913981855,-0.42446633117719035,-0.12884856811882273,1747,False,False,0.3412604955969691,0.2274764165421663,True,20.678332140300643,0.2140300644237652
S0163,,62,21.0,6,-0.1105633275679686,-0.16371275477690572,-0.2501524974609495,1245,False,False,0.4468820397296744,0.19458402187943544,True,20.610646306818182,0.21306818181818182
S0164,,74,15.0,6,0.06626771074573545,0.20537720711634513,-0.11631770574405584,971,False,False,0.2137773909481876,0.15153381471714822,True,20.72936970837253,0.2116650987770461
S0165,,61,14.0,5,-0.1563350661911691,-0.31780280560289925,-0.25362835347798846,1247,False,False,0.2776469383575671,0.16379447828832513,True,21.337124117053477,0.24520686175580222
S0166,,65,48.0,6,-0.2252627392769767,-0.41478200822667094,-0.3215171439375299,1003,False,False,0.7298535736227729,0.19671038889178005,True,20.710918437285812,0.21795750514050719
S0167,,179,44.0,5,0.3516938500915898,0.530706893564633,-0.16171655219861958,790,False,False,0.4021861560516076,0.12876619140782897,True,20.184423076923075,0.1971153846153846
S0168,,129,40.0,8,0.054729917547165385,0.14087375152301262,-0.1612182592263219,842,False,False,0.424943682162605,0.1724765379406054,True,20.856232931726908,0.22409638554216868
S0169,,129,47.0,5,0.38014757494578366,0.6694652628915033,-0.12565431986807452,630,False,False,0.29479827974605777,0.1327086946043034,True,20.722476446837145,0.22072678331090176
S0170,,126,42.0,6,0.2048420278593155,0.3171748228480542,-0.2359304938824962,713,False,False,0.5598761007577309,0.17823992776735312,True,20.829546558704454,0.22267206477732793
S0171,,72,20.0,6,0.08697677368022294,0.23535222973863199,-0.10276590760034719,1077,False,False,0.26861048535736226,0.14416156091688734,True,20.672379146919432,0.22274881516587677
S0172,,56,15.0,6,0.060256699395780045,0.2078548829464291,-0.11979277172864723,1265,False,False,0.3236227728855212,0.1743045269539464,True,20.456314432989693,0.20790378006872853
S0173,,59,15.0,6,-0.30300650562920295,-0.9272444676156872,-0.3092132872531055,2416,False,False,0.4539217694040549,0.15548038181212248,True,20.68997267759563,0.21653005464480873
S0174,,196,21.0,4,0.0633573659068214,0.18073517200855946,-0.18177657934733799,1035,False,False,0.18364734794183904,0.11172237997844832,True,20.633044654939106,0.23004059539918809
S0175,,145,38.0,6,0.16140211630607904,0.5632324346873686,-0.0934174789069804,296,False,False,0.07592668441531845,0.17639409221692764,True,20.91119777158774,0.23119777158774374
S0176,,81,20.0,3,-0.04205926300963092,-0.12011708977106379,-0.16386384843352775,1514,False,False,0.24319066147859922,0.13866457712204558,True,18.75521505376344,0.13870967741935483
S0177,,65,56.0,2,0.08063971740798603,0.16395364102762833,-0.25630348672856207,493,False,False,0.6335500716772476,0.192543459971717,True,20.83,0.2204724409448819
S0178,,61,15.0,8,-0.0985978761707329,-0.4401081075808937,-0.13913761847234157,1173,False,False,0.16485766946549252,0.12355197147519534,True,20.921335927367057,0.22178988326848248
S0179,,129,43.0,5,-0.25279107107506193,-0.34816399946306803,-0.3204937245732239,741,False,False,0.5257014130657383,0.17221770984775125,True,20.76365517241379,0.21551724137931033
S0180,,75,17.0,5,-0.025292556964015556,-0.047170462166967,-0.13167005718803287,1108,False,False,0.21290702437026418,0.14927205989415873,True,20.475991605456453,0.20776495278069254
S0181,,75,12.0,6,0.07065496300447083,0.19253304917337632,-0.19386182171364671,2121,False,False,0.2627227114478804,0.11409413543312823,True,20.58372110365399,0.2117822520507084
S0182,,77,16.0,8,0.013743629825703207,0.06765750974124334,-0.15338949652040418,869,False,False,0.1731261519557649,0.1349747638095664,True,20.93455431754875,0.22562674094707522
S0183,,74,22.0,5,0.07093880399760466,0.1663544849553175,-0.21590153389821348,912,False,False,0.3378302273192709,0.19986777155336927,True,20.56994011976048,0.2125748502994012
S0184,,65,49.0,2,0.22726275934283002,0.32631075462399095,-0.28445584682176034,574,False,False,0.5032254761417162,0.19666443299616074,True,20.86622673434856,0.21996615905245348
S0185,,66,12.0,6,-0.06454581418130334,-0.10761697598452791,-0.24105056335664812,2612,False,False,0.34510034814663115,0.14575962661131467,True,20.671927297668038,0.21536351165980797
S0186,,129,75.0,4,0.6631942764745302,0.7828443138841851,-0.19200422457111563,640,False,False,0.41140180217079664,0.15488571396177858,True,20.24068833652008,0.19980879541108987
S0187,,104,25.0,3,0.046946820176420045,0.13992536345009313,-0.14676099980387208,1687,False,False,0.5882142125742371,0.18408668900406466,True,20.887815924032143,0.22352081811541272
S0188,,91,15.0,5,-0.24197312867699305,-0.5232616422357226,-0.3093689860633019,1389,False,False,0.254761417161581,0.1736634995230522,True,20.694768270944742,0.2192513368983957
S0189,,61,15.0,6,-0.03464562018462236,-0.05521518196936903,-0.1865719182314428,1247,False,False,0.28732336678271553,0.1710270019779728,True,21.31377097729516,0.24481737413622903
S0190,,58,17.0,6,-0.1227664481542099,-0.3402189290714666,-0.193573800945957,879,False,False,0.2144941634241245,0.17103965609100105,True,21.653848133848136,0.2651222651222651
S0191,,75,26.0,3,0.22711024197418017,0.729669770382364,-0.06444012976642333,494,False,False,0.15658918697522015,0.18930401176682374,True,20.50452865064695,0.19963031423290203
S0192,,129,86.0,5,0.1018598537960711,0.24842263481519963,-0.12507244217512736,333,False,False,0.3800942043825517,0.18954505956106696,True,21.20340243902439,0.23536585365853657
S0193,,182,53.0,5,0.45455121552964384,0.738649221400951,-0.14052645704573735,563,False,False,0.43794798279746056,0.14778810993619543,True,20.184253092293055,0.19600380589914368
S0194,,60,20.0,7,0.13607854376538442,0.5204867224242411,-0.1045052703804191,1430,False,False,0.4464724554577104,0.1807290287903953,True,20.654473304473303,0.215007215007215
S0195,,94,23.0,6,0.09258077385977104,0.6010407350540727,-0.061251797768672504,588,False,False,0.1319373336063895,0.11823216169933522,True,20.617301293900184,0.20702402957486138
S0196,,101,30.0,5,-0.1281652837769136,-0.30191054162763337,-0.22570540033893496,523,False,False,0.1424329305754659,0.22054954280929595,True,21.006391608391606,0.22657342657342658
S0197,,118,38.0,5,0.23974469920860209,0.6993235519726422,-0.05840405484851621,410,False,False,0.17998668851116117,0.1449752797650535,True,20.40616858237548,0.2049808429118774
S0198,,129,67.0,6,0.05154407131073069,0.13261393949495515,-0.20040511549175494,502,False,False,0.5695013311488839,0.18977824178274255,True,20.89122098022356,0.2244196044711952
S0199,,82,22.0,5,0.19618785772508662,0.7670531285412432,-0.08464713400568581,339,False,False,0.08281281998771248,0.09817400795662908,True,20.503805309734513,0.19174041297935104
S0200,,65,34.0,5,0.38848946733822975,0.7818841168229994,-0.15892930666801594,537,False,False,0.3190149498259267,0.13491042948511714,True,19.291156211562114,0.15375153751537515
S0201,,83,21.0,4,-0.24637571825625504,-1.5541193900928834,-0.2472951455420408,1648,False,False,0.4260444398935081,0.14513216729236023,True,20.773525236593063,0.22318611987381703
S0202,,77,22.0,7,0.0074061841014605445,0.053124638363885764,-0.2027579044376862,1378,False,False,0.37686872824083556,0.13656904793732716,True,20.79727744807122,0.2218100890207715
S0203,,65,34.0,8,0.15775684946126645,0.589260411743159,-0.06294902886421132,658,False,False,0.3050122875281589,0.13689738247142844,True,19.70164366373902,0.178168130489335
S0204,,77,17.0,9,0.0008905887631514009,0.02632692446972231,-0.10394213579980621,934,False,False,0.1654976448904362,0.12702120520348809,True,20.89970546984572,0.22580645161290322
S0205,,130,27.0,6,0.23988040897879936,0.5851900262373856,-0.09591948313129958,800,False,False,0.29269916035224247,0.13864358839585317,True,20.15417095777549,0.1956745623069001
S0206,,65,23.0,11,0.020774144684851947,0.09967061856631187,-0.09707536184500551,779,False,False,0.2719639565840672,0.1324657373560334,True,20.794007263922516,0.22518159806295399
S0207,,146,44.0,5,0.018677092015208174,0.08350653610033588,-0.1761999807093377,334,False,False,0.05936412041777596,0.21536617005118613,True,20.879319899244333,0.22418136020151133
S0208,,65,51.0,9,0.21422850891076162,0.4705713116455205,-0.12158083746093772,718,False,False,0.6657792340774115,0.17484855113183947,True,20.66765873015873,0.21666666666666667
S0209,,81,13.0,8,-0.07760092854852663,-0.27997346160814557,-0.1732055534979805,2436,False,False,0.45594409174687694,0.17487388696496775,True,20.6955677907777,0.21679284239504473
S0210,,121,42.0,5,0.34610367647737683,1.1256459206570197,-0.07522961682208495,604,False,False,0.37576797050993244,0.1815097294460292,True,20.527742946708468,0.1974921630094044
S0211,,102,32.0,3,-0.15198682086395132,-0.43519436280875096,-0.202740485721586,514,False,False,0.1905590825312308,0.22705136743019141,True,20.83620474406991,0.2272159800249688
S0212,,129,100.0,6,0.21055136184701406,0.4509103392831057,-0.20380049790703075,223,False,False,0.4233309440917469,0.14282994194046444,True,19.085025445292622,0.15776081424936386
S0213,,65,12.0,7,-0.026755765319346425,-0.17132693856891895,-0.06898103055950155,1506,False,False,0.23947880401392588,0.13738279266095915,True,20.8470385561936,0.21821164889253486
S0214,,81,10.0,7,0.012910621304087488,0.0796359496505352,-0.09367818808012217,2436,False,False,0.31038808109768584,0.18251017273027464,True,20.767346637102737,0.21951219512195122
S0215,,130,24.0,6,0.2976089470152332,0.6280118885503613,-0.1927691243469063,1334,False,False,0.2705304116321933,0.1453910948243201,True,20.791357839459867,0.21905476369092272
S0216,,53,18.0,4,0.06227123184362804,0.3195113560222462,-0.06603440582292798,1723,False,False,0.48356543108744626,0.1679777855342291,True,20.62788984263233,0.2145922746781116
S0217,,66,22.0,3,-0.2714588285553017,-0.7185534843033285,-0.29314986941087173,1433,False,False,0.3413372926479623,0.1569025250032135,True,20.676662106703144,0.2161422708618331
S0218,,148,47.0,4,-0.17439482698975028,-0.4702071154061015,-0.26597645766636546,329,False,False,0.08890538603317633,0.15848457838840854,True,20.848454106280197,0.2246376811594203
S0219,,66,15.0,7,-0.29155116766993705,-0.8746477637958784,-0.3490905833889388,2255,False,False,0.46462215850911326,0.1682868200451671,True,20.67116723549488,0.21569965870307167
S0220,,99,27.0,7,0.0029425689559334778,0.03240072100792722,-0.1472933801796644,557,False,False,0.16780155642023345,0.2096869204534909,True,20.927242236024846,0.22732919254658385
S0221,,65,29.0,4,0.11178276742926996,0.5070368937276412,-0.07592475330584723,1006,False,False,0.4856389514642638,0.1744688895351234,True,20.45445552784705,0.20199501246882792
S0222,,129,101.0,5,-0.07382523864510782,-0.06951537395315294,-0.3008574055602933,380,False,False,0.44826438664755275,0.20695457597300554,True,20.84,0.23804226918798665
S0223,,91,13.0,7,0.07850623212774854,0.27430117227617923,-0.09179869436657706,1117,False,False,0.1712318246979316,0.07886107504212382,True,18.432432778489115,0.11395646606914213
S0224,,66,22.0,3,-0.04766438647755189,-0.10002448945238443,-0.25772248969112055,1318,False,False,0.2490272373540856,0.16246268899258023,True,20.696194029850748,0.21417910447761193
S0225,,90,19.0,7,-0.07954198697931003,-0.25456465356052027,-0.18156258841371453,638,False,False,0.14970305140282614,0.14988339327194183,True,20.670483425414364,0.20303867403314918
S0226,,197,32.0,4,0.01725756191269312,0.08376832133742712,-0.12338179058176951,552,False,False,0.17504607823059595,0.14755401304248641,True,20.622109500805156,0.22705314009661837
S0227,,55,19.0,6,0.08295408101052337,0.5204186702773232,-0.034021980491613577,156,False,False,0.05265717796436617,0.11541211251323906,True,21.01623595505618,0.21348314606741572
S0228,,91,20.0,9,-0.027207201732555752,-0.09701687401835866,-0.1251393537739703,489,False,False,0.09397399139873029,0.18573579432413231,True,20.85446308724832,0.2231543624161074
S0229,,129,28.0,6,0.048261922464727824,0.25306966353212634,-0.07932574310402334,730,False,False,0.226295310260086,0.14857317876616838,True,20.77997506234414,0.22942643391521197
S0230,,48,15.0,7,-0.03825476322058763,-0.16981089480038744,-0.08383306988570442,621,False,False,0.10160249846405899,0.08456360115110431,True,18.94745283018868,0.14622641509433962
S0231,,81,14.0,7,-0.059019341527981495,-0.2140584086362594,-0.16575173468600576,2177,False,False,0.4226397706328077,0.2039414541535192,True,20.71652990264256,0.21766342141863698
S0232,,65,52.0,5,0.21038148463687456,0.6262216152322095,-0.09349605842196851,533,False,False,0.670182265001024,0.1952306569494601,True,20.793120676402765,0.21829362029208302
S0233,,65,53.0,2,0.13223352042970804,0.3700783725307883,-0.08073908532971624,408,False,False,0.4270428015564202,0.18918448788520928,True,20.52983016983017,0.2057942057942058
S0234,,81,13.0,6,0.017325560340380353,0.09683602517161449,-0.08480727903610577,769,False,False,0.11209809543313537,0.1468543629430244,True,19.380156453715777,0.1681877444589309
S0235,,199,40.0,6,0.270201305292221,0.9315596472527596,-0.09458696469281021,368,False,False,0.1632705304116322,0.0981363362818263,True,19.2915625,0.15625
S0236,,104,17.0,5,-0.03672043618791143,-0.3794519081109165,-0.06131857917439838,587,False,False,0.08319680524267868,0.13946292028470184,True,20.704316309719935,0.21911037891268534
S0237,,129,99.0,2,0.016099864760358074,0.07455553859685204,-0.17408404694869278,227,False,False,0.414908867499488,0.1920671566350239,True,20.900673194614445,0.20807833537331702
S0238,,65,52.0,6,0.5306005047748616,1.2279939614988074,-0.05776199591919139,251,False,False,0.212318246979316,0.1533871605101472,True,20.30732510288066,0.19547325102880658
S0239,,119,28.0,5,-0.00552935582793912,0.015380568818781155,-0.17247144225837543,170,False,False,0.08895658406717181,0.1799710180615974,True,21.65459074733096,0.27402135231316727
S0240,,129,92.0,5,0.4289277358490444,0.5898225637363064,-0.14685767378720466,261,False,False,0.5233719025189433,0.15868487822745347,True,19.887465483234713,0.1883629191321499
S0241,,110,19.0,5,-0.034403860902718186,-0.26565862716371985,-0.05278944233844812,492,False,False,0.0750307188203973,0.1537942215516855,True,20.34782449725777,0.20109689213893966
S0242,,129,106.0,6,-0.019685773275945895,-0.02958767812894797,-0.15628355258933826,165,False,False,0.3388797870161786,0.20800480754601575,True,20.692433774834438,0.19536423841059603
S0243,,91,22.0,3,0.04000515192748466,0.17232889084861183,-0.08381967858356325,1170,False,False,0.28289473684210525,0.1320871919869181,True,18.500828025477706,0.12101910828025478
S0244,,73,20.0,7,0.0964518617669734,0.6052862047313862,-0.03685513131808288,277,False,False,0.056753020684005735,0.12086271777447169,True,21.431115537848605,0.23904382470119523
S0245,,144,35.0,5,-0.07420511913422323,-0.23249343369456188,-0.18339547342728382,334,False,False,0.07254761417161582,0.13167627307024968,True,20.359779614325067,0.2066115702479339
S0246,,173,50.0,5,0.16902740984736853,0.7968414500275514,-0.05155173394066333,257,False,False,0.1301454024165472,0.12624942306513684,True,20.555819209039548,0.19491525423728814
S0247,,91,11.0,7,-0.06741748344806997,-0.6665064326776179,-0.09033488015437069,872,False,False,0.11243088265410608,0.09938111507923732,True,19.37017322834646,0.16535433070866143
S0248,,66,11.0,8,-0.04956964877639225,-0.27923332824307706,-0.10795881255419575,1956,False,False,0.2541214417366373,0.17406652437081196,True,20.591547433903578,0.20917573872472783
S0249,,154,18.0,7,0.16871665715891138,0.6775479526099681,-0.09485222796633862,314,False,False,0.08608949416342412,0.17754156700290633,True,20.780096852300243,0.22033898305084745
S0250,,153,44.0,6,0.006086695282158772,0.051595063580482964,-0.06929663438348685,342,False,False,0.034097890640999384,0.12304523843726002,True,20.640451612903224,0.20967741935483872
S0251,,66,16.0,6,0.026138569397356592,0.16802972664722385,-0.10250335105650704,1254,False,False,0.2058672946958837,0.16807336283849647,True,20.612664551942903,0.21094369547977795
S0252,,262,94.0,5,0.08418986697927822,0.5604379467602391,-0.04542370093768184,408,False,False,0.19383575670694245,0.1383800528545086,True,20.63164705882353,0.20336134453781513
S0253,,91,14.0,8,0.02192800622765545,0.09421158120663706,-0.19326185265081983,1736,False,False,0.3802477984845382,0.16343325809901812,True,20.711728571428573,0.215
S0254,,129,104.0,5,0.6452855533392832,0.9999108441624824,-0.0731344202716296,246,False,False,0.3494265820192505,0.15614984208126936,True,20.244538904899137,0.1873198847262248
S0255,,53,16.0,4,-0.07063132835178043,-0.42753052167486266,-0.10849079430202334,584,False,False,0.08619189023141512,0.13980120206005361,True,22.1352,0.2675
S0256,,128,26.0,9,0.010781564930462562,0.085805074227919,-0.03385044874259519,497,False,False,0.1357771861560516,0.09522888252600344,True,18.945194805194806,0.1471861471861472
S0257,,65,58.0,2,-0.0378414435243738,-0.14661657108324797,-0.10867430992632111,33,False,False,0.053271554372312103,0.17034158098662466,True,20.02441176470588,0.16666666666666666
S0258,,61,27.0,10,0.08579943988772931,0.4848773704652507,-0.03820757254981917,488,False,False,0.33135367601884086,0.15473355195183416,True,19.897506112469436,0.18581907090464547
S0259,,52,24.0,6,0.025271621981723058,0.2761156006430323,-0.052427729312633106,34,False,False,0.01264591439688716,0.1193263869538102,True,19.566279069767447,0.18604651162790697
S0260,,77,15.0,8,-0.01796012626989507,-0.1442098831239368,-0.03714931708061641,288,False,False,0.048714929346713086,0.10923626316592892,True,21.301627906976748,0.2441860465116279
S0261,,65,50.0,5,0.05421430520747328,0.49516525654660554,-0.022755590897976203,368,False,False,0.36235408560311283,0.1872121055269804,True,21.03854066985646,0.23444976076555024
S0262,,129,99.0,5,0.01584606195830829,0.08363369047635198,-0.11039258407783951,142,False,False,0.2891408969895556,0.19074597941602356,True,21.02176895306859,0.20397111913357402
S0263,,65,38.0,6,0.11069943777789049,0.5884577403353334,-0.044214185154907756,420,False,False,0.20174585295924635,0.09625035130868763,True,18.740446096654278,0.15055762081784388
S0264,,65,56.0,5,-0.0499261149619179,-0.19474065871616456,-0.14118981347840864,182,False,False,0.2842770837599836,0.21794999538853055,True,20.659168173598555,0.18806509945750452
S0265,,74,15.0,4,-0.14653363171177447,-1.0291320619421267,-0.15658258991407714,287,False,False,0.04648781486790907,0.16668512696266213,True,23.259173913043472,0.3130434782608696
S0266,,65,49.0,8,0.4019745718273524,0.8211068213629429,-0.07733166397558361,412,False,False,0.3850092156461192,0.14892668801506065,True,19.747302709069494,0.17785630153121318
S0267,,104,39.0,6,0.02088296121865474,0.10751112666753374,-0.1673138493231866,254,False,False,0.12192811796027032,0.1495615317826058,True,20.53101063829787,0.2127659574468085
S0268,,103,23.0,4,0.01999389686126629,0.3739281491285998,-0.016528657092110446,251,False,False,0.060874462420643045,0.09901862462703281,True,20.422821576763482,0.1950207468879668
S0269,,129,71.0,6,0.16984889526976432,0.9060073627104316,-0.03612139785123511,381,False,False,0.3739760393200901,0.16832128058533516,True,19.89456077015644,0.1901323706377858
S0270,,129,85.0,8,0.13778743743831123,0.2447123468400503,-0.16173712804401244,400,False,False,0.7854290395248823,0.2020043843488954,True,20.705982783357246,0.21951219512195122
S0271,,89,35.0,5,0.03560783307188786,0.40051577270243083,-0.02017992640397257,410,False,False,0.12773909481875895,0.14466635899383062,True,20.542022222222222,0.21333333333333335
S0272,,65,51.0,8,0.16306102888531604,0.6664607754756814,-0.06914737621609776,363,False,False,0.2866833913577719,0.14116943669428372,True,19.158079268292685,0.15396341463414634
S0273,,65,52.0,5,0.24202545084786098,0.6154342058881085,-0.08918666195141103,286,False,False,0.30275957403235715,0.18235421604225852,True,21.104552023121386,0.22976878612716764
S0274,,129,39.0,4,0.08074206936992079,0.7213437251665126,-0.024330821259138397,291,False,False,0.1183954536145812,0.16129434377450386,True,21.147573333333334,0.23733333333333334
S0275,,65,45.0,5,-0.021831733377438156,-0.20839569442091715,-0.06812815444624892,96,False,False,0.05419311898423101,0.1468705980914529,True,19.618344370860928,0.1390728476821192
S0276,,73,23.0,3,-0.049478550964437096,-0.4230176591412801,-0.06841635776085288,1003,False,False,0.19347737046897398,0.1728661595305512,True,20.739016083254494,0.2194891201513718
S0277,,65,48.0,5,0.1288916763169512,0.3890056122459131,-0.15102782031166384,244,False,False,0.22836883063690355,0.11982365715426783,True,18.529158878504674,0.12149532710280374
S0278,,60,20.0,4,-0.011536257454987542,-0.2507560706883744,-0.027656377670709945,48,False,False,0.009369240221175508,0.13537717217810172,True,19.42259259259259,0.18518518518518517
S0279,,93,21.0,4,0.008693169043517468,0.16742350394006042,-0.018052401306889627,387,False,False,0.05900573417980749,0.14443291428023128,True,18.957310344827587,0.1425287356321839
S0280,,301,105.0,5,0.04370452731875729,0.21140662014462658,-0.060608901423419105,117,False,False,0.14934466516485767,0.11628989340777823,True,18.524761904761906,0.09206349206349207
S0281,,65,57.0,2,0.2984444834762541,0.6881841014724638,-0.11590646754541296,126,False,False,0.15976346508294081,0.16853721641527655,True,20.772136752136753,0.21652421652421652
S0282,,65,22.0,9,0.12032098605822239,0.5185531335371001,-0.04712904251410449,482,False,False,0.1316557444194143,0.11252608799382903,True,18.917008196721312,0.14959016393442623
S0283,,101,32.0,5,0.04502083572863347,0.4277087701311857,-0.03018085079101456,265,False,False,0.10638951464263773,0.09667608715415454,True,18.87396103896104,0.11688311688311688
S0284,,129,59.0,5,0.06333826295052902,0.6029851489567877,-0.026458979575237608,166,False,False,0.07792340774114274,0.10402465577104475,True,18.783362068965516,0.125
S0285,,26,15.0,6,0.0012987317599906234,0.032453714335875655,-0.01884374328412277,102,False,False,0.015871390538603317,0.09922412489286293,True,21.316625,0.2125
S0286,,76,18.0,5,-0.006053564934388134,-0.1028051063720817,-0.02205998253092846,109,False,False,0.01630657382756502,0.14214740123872383,True,22.588404255319155,0.32978723404255317
S0287,,52,22.0,8,0.06602420833408362,0.6209245710873913,-0.030207701904936084,236,False,False,0.04943170182265001,0.12725561874343247,True,19.98740566037736,0.17452830188679244
S0288,,74,51.0,6,0.009485926812049517,0.15289646069344562,-0.022451808916950415,10,False,False,0.007321318861355724,0.15848036160365248,False,20.35611111111111,0.3333333333333333
S0289,,129,76.0,7,0.13137979118986798,0.5547916562908052,-0.0672188489867775,254,False,False,0.3105672742166701,0.12688020373023282,True,18.861057542768272,0.15552099533437014
S0290,,129,52.0,7,-0.0036588490460806034,0.008465633616048296,-0.09987274933607342,264,False,False,0.1788603317632603,0.10556804286841558,True,18.081393258426964,0.12134831460674157
S0291,,65,44.0,10,0.10496201746759182,0.7215088337953875,-0.02458482943641914,276,False,False,0.23407741142740118,0.11411565181938162,True,18.088279773156902,0.11720226843100189
S0292,,28,19.0,6,0.006556265657053251,0.16554388685660001,-0.009813845142002443,10,False,False,0.0017407331558468154,0.17695980648987683,False,19.48909090909091,0.2727272727272727
S0293,,129,54.0,6,0.23700766667179085,0.8877998105561263,-0.04233813300494438,370,False,False,0.3209348761007577,0.14338651019098195,True,19.367767379679144,0.16176470588235295
S0294,,65,57.0,4,0.0018026047699377656,0.07249109389776087,-0.00883809455823958,7,False,False,0.003814253532664346,0.05558481484734105,False,15.2,0.0
S0295,,129,82.0,8,0.11905764263131235,0.35432936440437623,-0.10121098202367071,223,False,False,0.45594409174687694,0.14263931960696946,True,19.1707622298066,0.15244596131968147
S0296,,99,55.0,4,0.015544640295718448,0.34437668868780535,-0.018292927920121327,17,False,False,0.01264591439688716,0.10129995952871113,False,17.94896551724138,0.10344827586206896
S0297,,129,111.0,5,-0.014639863455514046,-0.12330704379003642,-0.07973522053801195,12,False,False,0.0387057137005939,0.18332251292043178,False,19.128709677419355,0.22580645161290322
S0298,,129,88.0,8,0.2339567399187179,0.7297583350782297,-0.05581326060721855,261,False,False,0.5233719025189433,0.15868487822745347,True,19.887465483234713,0.1883629191321499
S0299,,65,57.0,5,0.01681905499263925,0.21509597065554967,-0.020510902196594558,17,False,False,0.027851730493549047,0.18741812057688492,False,19.426153846153845,0.21153846153846154
S0300,,50,22.0,4,-0.024527279375064603,-0.8281513696919177,-0.02452727937506461,36,False,False,0.004940610280565226,0.21721460989409938,True,21.228709677419356,0.1935483870967742
S0301,,65,53.0,7,-0.05048312055590154,-0.13642910300109956,-0.154945598754818,367,False,False,0.42537886545156667,0.2102245494991005,True,20.952683486238534,0.23738532110091742
S0302,,129,100.0,5,-0.016690511607739933,-0.2480256387196936,-0.0348227468472844,69,False,False,0.09254044644685644,0.11005764968414554,True,17.521122994652405,0.0855614973262032
S0303,,65,44.0,5,-0.00844246795216308,-0.14290644700611058,-0.02834887038232853,13,False,False,0.010111611714110178,0.16254445854883043,False,18.59318181818182,0.18181818181818182
S0304,,197,29.0,7,0.001424432289216293,0.023235097074733386,-0.040423289719198126,348,False,False,0.12011058775343027,0.10052605109671181,True,18.20238805970149,0.12686567164179105
S0305,,50,17.0,7,-0.03170412635278552,-0.6420812238125141,-0.032171164577171535,34,False,False,0.009292443170182265,0.17576855285290552,True,20.95257142857143,0.2
S0306,,129,103.0,2,0.4726415035221443,0.6645987854964094,-0.1279867664978257,267,False,False,0.5355826336268688,0.17057787059743262,True,19.8794330400782,0.18866080156402737
S0307,,129,113.0,4,0.004301106815876032,0.11248001818060673,-0.01369696653140635,10,False,False,0.011954740937947983,0.15841317407660127,False,20.063200000000002,0.32
S0308,,129,103.0,2,0.07941084943274035,0.5008912265201532,-0.05682090247751528,192,False,False,0.2521503174278108,0.124029937646285,True,18.043805825242718,0.10485436893203884
S0309,,129,92.0,5,0.20530041462385373,0.4892981178207962,-0.11375413699257328,261,False,False,0.5233719025189433,0.15868487822745347,True,19.887465483234713,0.1883629191321499
S0310,,50,19.0,5,-0.003457094910923275,-0.11944353946992137,-0.010032643358598709,41,False,False,0.012441122260905182,0.11470472049112902,True,19.48125,0.14583333333333334
S0311,,56,28.0,8,0.025477931908534535,0.26852268751035846,-0.026874002660435506,19,False,False,0.004889412246569732,0.18897973199776197,False,20.854000000000003,0.3
S0312,,129,89.0,5,0.18399690725572637,0.3977031562023542,-0.12462788908414756,223,False,False,0.45594409174687694,0.14263931960696946,True,19.1707622298066,0.15244596131968147
S0313,,185,111.0,5,0.03557013398197695,0.45526892806460795,-0.029261417069190204,17,False,False,0.014745033790702437,0.09052180949857767,False,17.570857142857147,0.08571428571428572
S0314,,65,45.0,7,0.01013384283018759,0.1803255591272904,-0.015559162742296299,19,False,False,0.010111611714110178,0.15837584498518428,False,20.277199999999997,0.28
S0315,,129,91.0,8,0.38470461436728853,0.7252223589175772,-0.09735564498172587,287,False,False,0.46797562973581813,0.15426072814853464,True,19.931561497326204,0.18823529411764706
S0316,,197,37.0,4,0.02328404287959085,0.3629754356033538,-0.018484649744752862,331,False,False,0.1258191685439279,0.09954129899269305,True,18.23051724137931,0.12561576354679804
S0317,,44,30.0,5,-0.03179631252056825,-1.077514769959705,-0.03381478841344692,8,False,False,0.003123080073725169,0.08077017483672419,False,15.293000000000001,0.0
S0318,,284,55.0,7,-0.02028269944604566,-0.1636192820274002,-0.06519857965527777,353,False,False,0.1605058365758755,0.09099110304547933,True,18.12769053117783,0.12240184757505773
S0319,,129,96.0,8,0.24759959098809148,0.7867987092982154,-0.07848989057999715,226,False,False,0.4085091132500512,0.14204144421791223,True,19.05444730077121,0.15167095115681234
S0320,,196,32.0,5,0.13961089222431422,0.2998625171223538,-0.15870315883299219,789,False,False,0.26643456891255374,0.12421816846930411,True,20.73540632054176,0.2291196388261851
S0321,,206,73.0,2,0.5885172282095932,0.6580715910633207,-0.23509640969479773,561,False,False,0.5390896989555601,0.18376929288493557,True,20.453756097560976,0.2032520325203252
S0322,,240,70.0,5,0.5847624395645723,0.6037945288451816,-0.15711682178442302,847,False,False,0.6804474708171206,0.1869668343809351,True,20.796438848920864,0.22302158273381295
S0323,,217,73.0,6,0.4441188868863475,0.7098806581607365,-0.10875726197360712,1242,False,False,0.619828998566455,0.18070043694989688,True,20.752510668563303,0.22048364153627312
S0324,,193,21.0,7,0.010066686988280393,0.05999801352573766,-0.16590034161566555,1036,False,False,0.30854495187384806,0.15930354462195528,True,20.840863039399625,0.2298311444652908
S0325,,145,28.0,7,-0.06775140143768077,-0.04720475158411508,-0.1780693712999193,789,False,False,0.6062359205406512,0.20318598307190305,True,20.838771796815774,0.22820318423047764
S0326,,282,72.0,5,0.30580907322685413,0.5642091838268086,-0.0774918684351051,938,False,False,0.3848556215441327,0.1492901794958363,True,20.6418125,0.22321428571428573
S0327,,221,15.0,3,0.26030947034985563,0.6214666630327261,-0.09411958107425532,788,False,False,0.2490784353880811,0.20371777404115793,True,20.933811563169165,0.21734475374732334
S0328,,215,72.0,4,0.7588359226881942,0.8240639808099947,-0.0988561809807031,1098,False,False,0.5430319475732132,0.18274447772642505,True,20.79165283018868,0.22490566037735849
S0329,,244,59.0,6,0.05131026671165406,0.12959856478120654,-0.3193033331594012,675,False,False,0.544670284661069,0.18809650776296918,True,20.755808000000002,0.2176
S0330,,269,48.0,6,0.35909278197197647,0.9108194720169431,-0.09841246480830988,478,False,False,0.3224708171206226,0.2106635379789017,True,20.985684326710814,0.2240618101545254
S0331,,371,82.0,6,0.28911864002220855,0.6886342773252272,-0.09935973460697974,496,False,False,0.37981261519557646,0.18443187160198504,True,20.629178571428575,0.2130952380952381
S0332,,240,65.0,4,0.13042521735270718,0.2529102101305871,-0.23546128796396198,771,False,False,0.8287169772680729,0.2006178173982376,True,20.703524982888432,0.21765913757700206
S0333,,261,69.0,6,0.5370342594097446,0.7440328352146772,-0.1793585484824018,509,False,False,0.5750819168543928,0.1955753862961869,True,20.789091639871383,0.22106109324758844
S0334,,83,15.0,7,-0.025491258845792952,-0.05583283926067585,-0.14762321708430562,811,False,False,0.1324749129633422,0.10009988429778494,True,19.960285204991088,0.18716577540106952
S0335,,305,65.0,5,0.8443329799908486,1.0478194129235936,-0.11539764915888145,575,False,False,0.3544951873848044,0.15560169139472982,True,20.7447923681257,0.2166105499438833
S0336,,238,62.0,6,0.7149925167483433,0.7575604829423895,-0.13998459938567046,824,False,False,0.5888029899651853,0.16259591214891655,True,20.55927184466019,0.20711974110032363
S0337,,217,74.0,6,0.22565886147748815,0.47796732765933975,-0.1345532411622323,1265,False,False,0.629044644685644,0.18230240613116402,True,20.750653409090912,0.22017045454545456
S0338,,267,24.0,6,0.14429246071706037,0.33282287138354016,-0.14915465542830644,542,False,False,0.19652365349170592,0.13261709293284143,True,20.914405705229793,0.22345483359746435
S0339,,128,19.0,5,0.2601052904704868,0.6706605207934657,-0.1086615831429578,1281,False,False,0.18741040344050788,0.11023519063886868,True,20.70332611050921,0.23293607800650054
S0340,,209,66.0,5,0.7350335735463187,0.9983834824719349,-0.14470832960401714,1098,False,False,0.7044081507270121,0.1963753022866219,True,20.741737317581656,0.21820708825573315
S0341,,214,17.0,7,0.2702173386513971,0.7701362961159772,-0.06657143062095401,1439,False,False,0.2201771451976244,0.09938148411531862,True,20.132468571428568,0.19314285714285714
S0342,,180,73.0,3,0.3194300922472777,0.5567484195645536,-0.15143309763587962,710,False,False,0.44864837190251894,0.1505551337854422,True,20.176763925729443,0.1971706454465075
S0343,,266,59.0,6,0.028346418695330833,0.09697764833870662,-0.3441844812281749,842,False,False,0.4628046283022732,0.18130814956725272,True,20.985777368905243,0.22539098436062557
S0344,,100,19.0,7,0.042229956329792095,0.1771456235022069,-0.07075144445239333,1426,False,False,0.4148576694654925,0.15689692259164928,True,20.550381231671555,0.21041055718475074
S0345,,335,113.0,5,0.6594437426522517,1.0020499335722037,-0.10767638327241447,388,False,False,0.38180933852140075,0.17659656093481033,True,20.35119733924612,0.20288248337028825
S0346,,106,22.0,7,0.09404008280585896,0.2166927683400497,-0.21388261355756144,814,False,False,0.21393098505017408,0.13506309173304326,True,20.586695778748183,0.21688500727802038
S0347,,95,26.0,5,-0.028123768395082682,0.0022605408210186334,-0.28843000858663737,901,False,False,0.37881425353266435,0.1768836350258489,True,20.616497659906397,0.21606864274570983
S0348,,99,34.0,5,-0.47090759546051053,-1.0183190153498292,-0.475232003659253,1336,False,False,0.5997337702232234,0.16131955448603452,True,20.794718772826883,0.22279035792549307
S0349,,166,41.0,6,0.18299068674511698,0.28249272389969343,-0.2896735371699826,872,False,False,0.42627483104648783,0.16032838387932238,True,20.977431018078022,0.22930542340627974
S0350,,83,24.0,7,-0.1096776292180286,-0.2758877057476858,-0.15613986146219877,1176,False,False,0.29344153184517713,0.1395137955849049,True,20.83164824120603,0.22311557788944725
S0351,,232,67.0,7,1.0424597067165475,0.9675050024248236,-0.13790577982861724,730,False,False,0.7459809543313537,0.19806347610583783,True,20.75388194444444,0.21944444444444444
S0352,,106,21.0,9,-0.03945103074854761,-0.2238026532186797,-0.08027230743817852,1375,False,False,0.365477165676838,0.13332110757252819,True,20.889237668161435,0.2304932735426009
S0353,,222,44.0,5,-0.024661879936086706,-0.036764666565231544,-0.18329007070226688,692,False,False,0.32326438664755275,0.13476762959848496,True,20.619680729760546,0.22576966932725198
S0354,,166,32.0,10,-0.07813042386650082,-0.19651816057037,-0.18570150778978547,979,False,False,0.5409584271963956,0.1479551737627929,True,20.700407166123778,0.22068403908794787
S0355,,126,18.0,7,0.030737083093853368,0.1252004450756744,-0.08051890555638393,547,False,False,0.14128097481056728,0.09477713125035007,True,18.902738336713995,0.14807302231237324
S0356,,248,43.0,6,-0.0795260826031634,-0.17050208764954258,-0.27000032094105353,477,False,False,0.28532664345689124,0.1616498350011431,True,20.434643799472294,0.21108179419525067
S0357,,188,33.0,6,0.2504098812546476,0.6943324798465261,-0.0646371518211446,567,False,False,0.21876919926274832,0.08042928211236622,True,18.589355828220857,0.1273006134969325
S0358,,180,53.0,6,-0.09929368788861104,-0.20427928097154638,-0.21349097548055432,468,False,False,0.308647347941839,0.1804901954973286,True,20.543325817361893,0.2153325817361894
S0359,,281,72.0,10,-0.10147649121111868,-0.15291464821200493,-0.21439586193873136,329,False,False,0.3291265615400369,0.166660309237792,True,20.52016129032258,0.20698924731182797
S0360,,129,18.0,8,0.06193959576823982,0.21558119553368732,-0.09182291715214497,1601,False,False,0.22404259676428426,0.11202899071879498,True,20.588705763397375,0.22649140546006066
S0361,,266,45.0,11,-0.04936417548800631,-0.16512137892014886,-0.11130630784303894,774,False,False,0.4730954331353676,0.16019339592638268,True,20.758963730569945,0.22452504317789293
S0362,,315,43.0,6,0.6518949908999858,0.9765033957846826,-0.10765944815717464,537,False,False,0.33690866270735204,0.1807730769145937,True,20.574101123595508,0.20337078651685395
S0363,,400,113.0,4,0.6372763138239819,0.8831126310528782,-0.14176936972665008,410,False,False,0.4248668851116117,0.139067478751795,True,19.690542372881357,0.17401129943502824
S0364,,154,58.0,6,0.018780922404673106,0.07994446447374809,-0.19563589460046696,410,False,False,0.2836371083350399,0.192641767268482,True,20.67965789473684,0.2118421052631579
S0365,,225,63.0,2,0.1613150488323114,0.25970096174899593,-0.23753569777255734,464,False,False,0.42007986893303295,0.23277183932578913,True,21.277542857142855,0.23904761904761904
S0366,,171,21.0,10,0.05538755036286802,0.17391307407872278,-0.1300082134366878,700,False,False,0.25435183288961705,0.13782572622158126,True,20.746552162849873,0.22646310432569974
S0367,,172,21.0,6,0.4682207155768381,0.7984211907456003,-0.1744028234597446,904,False,False,0.23407741142740118,0.13293042472533284,True,20.950804597701147,0.2309299895506792
S0368,,196,37.0,6,0.39785018500668556,1.070168155180108,-0.06219145194558227,632,False,False,0.2601116117141102,0.10070252098256552,True,19.491185714285713,0.1742857142857143
S0369,,244,63.0,7,0.26620176889947333,0.4580958779686256,-0.2288245994281342,664,False,False,0.7138797870161786,0.19282460082159175,True,20.66129189944134,0.2164804469273743
S0370,,317,83.0,7,-0.012041064293302095,0.010589241035063632,-0.216583961783068,401,False,False,0.2805140282613148,0.1536728964414395,True,20.510842245989306,0.21657754010695188
S0371,,214,65.0,5,0.06076332893645309,0.1636472094630506,-0.24218840097665623,537,False,False,0.21835961499078435,0.19057632222653562,True,21.845061728395063,0.24691358024691357
S0372,,79,26.0,5,0.030925141452606608,0.15552065921546346,-0.0803795799511422,279,False,False,0.08370878558263363,0.14126311847145484,True,21.087404129793512,0.23303834808259588
S0373,,207,43.0,4,-0.13606051668681907,-0.31972434142765804,-0.19191489679385465,1408,False,False,0.5123387261929142,0.16789319840646225,True,20.7942497972425,0.2222222222222222
S0374,,214,68.0,3,0.0014448430574758309,0.044484630576891206,-0.18438526482432685,487,False,False,0.27419107106287116,0.19531058815452634,True,21.83140866873065,0.24148606811145512
S0375,,203,23.0,9,-0.006412975739786608,-0.014551975265026522,-0.11462970012991505,499,False,False,0.13585398320704484,0.14058276332671535,True,20.797404021937844,0.2340036563071298
S0376,,155,26.0,4,-0.3120226496781797,-1.0579005877663388,-0.31785728161621213,621,False,False,0.2045873438459963,0.14015016431777294,True,20.621544715447154,0.21300813008130082
S0377,,100,21.0,5,0.03267067792437417,0.18755173838142264,-0.08399619482484706,1426,False,False,0.3959911939381528,0.16009840795963348,True,20.58088102409638,0.21159638554216867
S0378,,108,44.0,3,0.2757126191818433,1.042722078763211,-0.04338864075088518,947,False,False,0.6770939995904157,0.18851176276446788,True,20.71791988756149,0.21714687280393535
S0379,,257,102.0,5,-0.05067152026021282,-0.06917941397005595,-0.22726453249448053,552,False,False,0.3934056932213803,0.15066568953368747,True,20.447710330138445,0.21405750798722045
S0380,,180,64.0,6,0.18856205059476805,0.5388296940288126,-0.09918150976388686,1469,False,False,0.47117550686053655,0.17303172785475282,True,20.7289275147929,0.22115384615384615
S0381,,78,21.0,7,-0.14158191131009668,-0.6693821242850768,-0.15025110312846993,1563,False,False,0.48658611509318045,0.13087067718604709,True,20.78698215671063,0.22265321955003878
S0382,,214,20.0,6,0.49680193247366145,1.2162107816451444,-0.07203062405186116,1095,False,False,0.22081712062256809,0.11305497099923455,True,20.179978165938866,0.1965065502183406
S0383,,196,22.0,6,0.24204002132302538,0.520460634385505,-0.12644958377971835,1075,False,False,0.2023090313331968,0.10994118824259239,True,20.47376483279396,0.22006472491909385
S0384,,193,20.0,8,-0.002763866072282517,-0.003223388263196384,-0.05242404789786594,1055,False,False,0.2968718001228753,0.13163391816202005,True,20.813035887487878,0.22793404461687683
S0385,,215,69.0,5,0.17699222880190946,0.44004010755771916,-0.12888160383375719,693,False,False,0.6727421667007987,0.18867126376796683,True,20.7185590778098,0.21902017291066284
S0386,,223,43.0,7,-0.13557488198528977,-0.5631742449272917,-0.19882749307663425,794,False,False,0.34422998156870777,0.1349321955748329,True,20.66090032154341,0.21972132904608788
S0387,,106,25.0,7,0.11409149597091295,0.458373679202763,-0.04901206830372099,580,False,False,0.16877431906614787,0.09321802736778934,True,18.91799607072691,0.1512770137524558
S0388,,402,180.0,3,-0.010823635260451603,-0.014730994346992684,-0.077640857225988,246,False,False,0.19956993651443786,0.11408718948630675,True,18.250592255125284,0.0979498861047836
S0389,,258,47.0,6,0.07577196145082699,0.5102166916869555,-0.037158252994473534,242,False,False,0.11588674994880196,0.14224574716922073,True,20.36229850746269,0.19402985074626866
S0390,,257,200.0,5,0.5365841580253448,0.713217037119806,-0.24081745528792575,131,False,False,0.5426991603522425,0.14835261752779422,True,19.285203862660943,0.15879828326180256
S0391,,83,36.0,5,-0.027037423427144325,-0.07941038161882837,-0.08784008086254083,98,False,False,0.042366373131271756,0.18582352325563684,True,23.151428571428575,0.36134453781512604
S0392,,181,49.0,4,0.186256260358596,0.9629069494767676,-0.051980218863441785,587,False,False,0.4341081302477985,0.14372525987709125,True,20.250391221374045,0.19561068702290077
S0393,,176,54.0,8,0.11714400957075388,0.369599849231797,-0.10860665674637397,735,False,False,0.515999385623592,0.1802987334051018,True,20.65910037174721,0.220817843866171
S0394,,247,44.0,10,-0.08406293991518143,-0.22768071691604097,-0.17540903907309888,349,False,False,0.21851320909277083,0.161278285170322,True,20.497688442211054,0.21608040201005024
S0395,,315,54.0,7,0.5411886057320203,0.8707551117939759,-0.1427451834510728,436,False,False,0.37945422895760805,0.13892754726411485,True,19.36545251396648,0.16089385474860335
S0396,,100,19.0,7,0.054334572269885806,0.2585464925435445,-0.0990830574830222,813,False,False,0.19962113454843333,0.11468928084817125,True,18.60042160737813,0.13306982872200263
S0397,,50,16.800000000000182,4,0.14455474387947942,0.7054661864667665,-0.0420393353823872,161,False,False,0.03716977268072906,0.11868302254432467,True,21.15171974522293,0.2484076433121019
S0398,,77,32.0,3,0.13981155109310128,0.7439021653192297,-0.04721764741190529,161,False,False,0.05345074749129634,0.15671266415016308,True,21.53153439153439,0.2751322751322751
S0399,,290,117.0,5,0.21840106638723178,0.8325054509928009,-0.05161292613092146,187,False,False,0.2540702437026418,0.13993723529330096,True,19.818980769230766,0.17884615384615385
S0400,,195,46.0,6,0.23138100326445055,0.603770166633492,-0.06626563933819363,530,False,False,0.2766229776776572,0.11214732116897247,True,19.3887023977433,0.16502115655853314
S0401,,181,71.0,7,0.7467766574851702,1.0657512757300944,-0.1202252977666267,603,False,False,0.43305857055089086,0.15327031569956856,True,20.06388940092166,0.19262672811059908
S0402,,207,56.0,3,0.17089698808284015,0.5102940103745162,-0.06340260630083291,767,False,False,0.4934466516485767,0.1601407627490107,True,19.975865580448065,0.1894093686354379
S0403,,260,90.0,6,0.09853970143332691,0.43464757943931354,-0.06470828247170661,285,False,False,0.2812819987712472,0.1440726412172117,True,19.830791139240507,0.19462025316455697
S0404,,242,90.0,2,0.4768599259426085,0.8570940927328076,-0.10830793205589292,328,False,False,0.3954792135981978,0.1281589072817958,True,18.64628770301624,0.12877030162412992
S0405,,243,55.0,3,-0.00021373082047082548,0.015614962624496905,-0.1531040822785828,567,False,False,0.32167724759369243,0.19569166066869098,True,21.053337484433378,0.22540473225404734
S0406,,83,26.0,5,0.06481109619027703,0.25863761039150046,-0.08471639845067232,420,False,False,0.17558365758754862,0.1305732406370352,True,19.074932562620422,0.14065510597302505
S0407,,334,45.0,6,0.20167075592212536,1.1361140142865318,-0.03503435626810138,733,False,False,0.323033995494573,0.13798641284501975,True,20.6889841986456,0.208803611738149
S0408,,182,68.0,8,0.06140437138677424,0.15202056099823333,-0.16546602619959047,645,False,False,0.844818758959656,0.1794026443676701,True,20.70816455696203,0.21729957805907174
S0409,,219,75.0,5,-0.12101239637702565,-0.2184535503613818,-0.29150422642226265,274,False,False,0.27081200081916856,0.17040102872899646,True,20.014463722397476,0.19558359621451105
S0410,,257,150.0,5,0.3761686848385839,0.557751797996213,-0.15337862117345197,306,False,False,0.4628302273192709,0.16889342684614883,True,19.880288770053475,0.18609625668449198
S0411,,257,139.0,6,0.051869609109440606,0.22499347425365218,-0.0936314416817057,80,False,False,0.06673663731312718,0.15765427011347988,True,18.694267515923567,0.09554140127388536
S0412,,257,212.0,5,0.056990175980701,0.15311090575096545,-0.20049222149641563,160,False,False,0.8203716977268073,0.20087109920857704,True,20.843088685015292,0.22706422018348624
S0413,,260,72.0,5,-0.07199595315357399,-0.18619761109824784,-0.161441999864764,376,False,False,0.43126663936104853,0.20003671969681547,True,20.719484936831876,0.20796890184645286
S0414,,197,27.0,4,0.10746585921759766,0.6221270937066925,-0.028419771992428136,1046,False,False,0.30951771451976245,0.14978193037437237,True,20.800941176470587,0.22986425339366515
S0415,,169,50.0,6,0.05784083741666124,0.16637966779878935,-0.11583062723371747,928,False,False,0.6565379889412246,0.1860842171057682,True,20.8452983465133,0.22214234363767074
S0416,,119,39.0,3,-0.0992116774662718,-0.6100163379160287,-0.13441468433484063,808,False,False,0.29420950235510956,0.16489161482082287,True,20.716509040333797,0.22809457579972184
S0417,,257,195.0,5,0.33574866725387587,0.6068420001519683,-0.19067609225891727,135,False,False,0.544567888593078,0.14826254037077471,True,19.25022364217252,0.15867944621938232
S0418,,284,50.0,5,0.026545917637085248,0.1697728420528445,-0.056406444563706866,738,False,False,0.3357055089084579,0.1386876253233417,True,20.656833890746935,0.2229654403567447
S0419,,102,22.0,6,0.06471175662212292,0.8398325482745078,-0.017837988561928978,901,False,False,0.1552068400573418,0.08601059539810228,True,19.04576241134752,0.15780141843971632
S0420,,219,90.0,5,-0.01876207500495497,-0.1296663015225399,-0.07269072752702038,202,False,False,0.17310055293876714,0.1669608722457175,True,19.775966183574877,0.178743961352657
S0421,,147,64.0,4,0.11415978662593673,0.6353911974163452,-0.05830962256927059,441,False,False,0.36133012492320293,0.19149366969946663,True,20.285829383886252,0.19075829383886256
S0422,,288,110.0,4,0.4115059005169579,0.8601795526301527,-0.050151120869338414,316,False,False,0.4111714110178169,0.13847790339601537,True,19.603652482269506,0.17848699763593381
S0423,,83,16.0,9,-0.004814803898590236,-0.05473792936424972,-0.03855014007907323,811,False,False,0.1324749129633422,0.10009988429778494,True,19.960285204991088,0.18716577540106952
S0424,,284,66.0,6,0.07022899797881466,0.4167263891288242,-0.047788462944429747,394,False,False,0.2471329100962523,0.10431702646028802,True,18.725697278911568,0.14625850340136054
S0425,,257,209.0,5,-0.12746433449384553,-0.4585714395960983,-0.15701251569549757,113,False,False,0.5654822854802376,0.20512568669861264,True,20.71541935483871,0.2064516129032258
S0426,,430,74.0,8,-0.10024704325100142,-0.46019510631815336,-0.13214209659170728,584,False,False,0.6593794798279746,0.1753058182537369,True,20.678132118451025,0.2201974183750949
S0427,,347,97.0,2,0.262333035341487,0.4898098587995952,-0.17072667006246228,233,False,False,0.31450952283432315,0.18885787195906947,True,20.390759312320917,0.19627507163323782
S0428,,295,75.0,5,0.09484595018593578,0.716294673340782,-0.043791971725027905,401,False,False,0.40907229162400166,0.18384880021699376,True,20.394237461617198,0.19651995905834185
S0429,,187,20.0,11,0.013027505670076156,0.1588741710463686,-0.02731365875623235,265,False,False,0.06732541470407537,0.1163704940898974,True,20.621495016611295,0.21926910299003322
S0430,,77,33.0,5,0.11473742463797909,0.7900542220857704,-0.026671612500019287,87,False,False,0.03755375793569527,0.12648024859256035,True,18.016557377049182,0.09016393442622951
S0431,,266,39.0,6,0.08617508598555035,0.7728621247281788,-0.01424709895216676,251,False,False,0.027032561949621135,0.11215283944910366,True,21.001037735849053,0.2358490566037736
S0432,,257,174.0,8,0.009051147939943993,0.05811328042991206,-0.10813954995906544,480,False,False,0.5709348761007578,0.21236082728576114,True,20.906441124780315,0.23198594024604569
S0433,,280,35.0,6,0.04712663386083249,0.27155466362789105,-0.05554986853244071,165,False,False,0.0778466106901495,0.12861732569904147,True,19.13389961389961,0.14671814671814673
S0434,,50,24.0,4,0.0012217934234968197,0.029879389703858977,-0.011734148385176352,77,False,False,0.022015154618062666,0.07142151101680579,True,17.155875,0.075
S0435,,242,48.0,8,0.027755409529568453,0.13258455330190366,-0.10050869576007722,237,False,False,0.26251791931189844,0.19644379439730686,True,20.694890387858347,0.2209106239460371
S0436,,226,32.0,5,-9.812810209663958e-05,0.010152523104013458,-0.05265267505369231,431,False,False,0.22545054269916034,0.1916223705436372,True,20.666398362892224,0.2100954979536153
S0437,,44,21.0,7,0.006044228936727514,0.15618001682546265,-0.011247632306160953,79,False,False,0.023064714314970307,0.07537885315412349,True,17.4375,0.075
S0438,,102,22.0,4,0.06471175662212292,0.8398325482745078,-0.017837988561928978,901,False,False,0.1552068400573418,0.08601059539810228,True,19.04576241134752,0.15780141843971632
S0439,,125,43.0,6,0.06400233694596724,0.4343983506695306,-0.030688188515289698,145,False,False,0.06256399754249437,0.13261293910254437,True,21.040247524752477,0.22772277227722773
S0440,,196,60.0,5,-0.009463006624061743,-0.024333217687557203,-0.08646501199146404,577,False,False,0.3905386033176326,0.23145083628055785,True,21.516686807653574,0.24773413897280966
S0441,,257,167.0,5,0.5855647972787263,0.8239898817935307,-0.1432865355992821,223,False,False,0.5429807495392177,0.15172033512376065,True,19.628252234359486,0.16981132075471697
S0442,,100,18.0,6,0.018376961528642655,0.21661354162299154,-0.03270432110709016,844,False,False,0.20640487405283636,0.117800851689951,True,18.769831606217615,0.13601036269430053
S0443,,169,42.0,5,0.08520801902413067,0.3243543019683198,-0.0791917929286684,570,False,False,0.3496057751382347,0.12119591543027211,True,19.605476493011434,0.17534942820838628
S0444,,104,40.0,3,0.05457671098144701,0.7850205671854572,-0.015797608313789614,251,False,False,0.08570550890845792,0.13724494765411704,True,20.34154639175258,0.20962199312714777
S0445,,176,62.0,5,0.11345959341570677,0.47524986028622185,-0.052822624616033126,570,False,False,0.2851730493549048,0.11203108577423893,True,18.394272727272728,0.11688311688311688
S0446,,171,23.0,11,-0.020372336994216145,-0.09911526454367706,-0.07840287751486126,966,False,False,0.23272066352652057,0.13129670038511562,True,20.84155412647374,0.22615219721329047
S0447,,79,20.0,7,0.01301103191316133,0.08147118626898966,-0.07050794714415827,499,False,False,0.10536555396272783,0.07747976846769689,True,18.11386934673367,0.10552763819095477
S0448,,135,45.0,7,0.002276122542999026,0.03022221884373098,-0.1381161631948163,292,False,False,0.08583350399344665,0.1669004689847033,True,22.88487632508834,0.31802120141342755
S0449,,257,132.0,5,0.17834267102499912,0.25170920303964756,-0.21666189256966645,378,False,False,0.8659379479827974,0.19303306554226204,True,20.71043356643357,0.21818181818181817
S0450,,67,20.0,6,0.013212169045089928,0.26096042911126843,-0.01706765354135829,196,False,False,0.047972557853778415,0.10455983626891135,True,18.91384615384615,0.10989010989010989
S0451,,863,151.0,4,0.13965124334010248,0.5325215556812992,-0.05702685028869415,260,False,False,0.19946754044644685,0.10436654098348472,True,17.989239130434783,0.11521739130434783
S0452,,245,71.0,5,-0.10283407035231906,-0.3379304286457388,-0.18866694521133978,586,False,False,0.24856645504812616,0.14039386767151746,True,20.145909774436088,0.20300751879699247
S0453,,166,56.0,6,0.10721329069707708,0.5133846851100544,-0.049192996879455005,520,False,False,0.3215748515257014,0.12856206833738937,True,18.836487148102815,0.1346389228886169
S0454,,257,207.0,5,-0.11775442820779158,-0.33829202045826967,-0.164040259110493,81,False,False,0.06919414294491091,0.20949659744895008,True,22.968630952380956,0.3333333333333333
S0455,,257,137.0,5,0.3346374468676334,0.5152270658439818,-0.16403583379099249,254,False,False,0.5575465902109359,0.1536458328955854,True,19.64781783681215,0.1793168880455408
S0456,,158,31.0,6,-0.09441209520256455,-0.7337066578855643,-0.11125197841033224,242,False,False,0.07889617038705714,0.15273195169474085,True,20.550243161094222,0.19756838905775076
S0457,,257,184.0,7,0.02891232057193216,0.2297093322001592,-0.036180907785402165,110,False,False,0.03404669260700389,0.1875352524673813,True,23.219375000000003,0.3125
S0458,,257,168.0,2,0.5307095102683634,0.6741503037825264,-0.12887438388805883,226,False,False,0.5584681548228548,0.17137272038489842,True,19.90386882129278,0.18726235741444866
S0459,,257,206.0,5,8.32883704107168e-05,0.009278699288083822,-0.04350642729150035,19,False,False,0.05316915830432111,0.300868600987078,False,25.390109890109894,0.4725274725274725
S0460,,257,137.0,6,-0.09166208484056881,-0.2552536911414035,-0.13675715477428804,253,False,False,0.556215441327053,0.1941575779301276,True,20.65259534883721,0.2158139534883721
S0461,,298,66.0,7,0.019081740096941635,0.08184355639168624,-0.07169613419593815,264,False,False,0.11706430473069834,0.22058638197924477,True,20.91897435897436,0.22564102564102564
S0462,,257,224.0,5,-0.04028300021586384,-0.27641886455396997,-0.11154517688740578,15,False,False,0.094409174687692,0.16823028383844765,False,19.779328859060403,0.2483221476510067
S0463,,164,61.0,5,0.03135105795019144,0.36604628007660517,-0.03987928114791929,83,False,False,0.0632295719844358,0.12784323561270694,True,17.82930379746836,0.0949367088607595
S0464,,23,18.0,4,0.00022385408930403194,0.0126551020608711,-0.009017571986702071,4,False,False,0.0014079459348761007,0.08848879346285532,False,20.482,0.0
S0465,,164,47.0,7,-0.03820928797675771,-0.17429414845615795,-0.1130940147938326,209,False,False,0.11662912144173664,0.1644659967956219,True,20.43943396226415,0.18867924528301888
S0466,,270,62.0,7,-0.001460454470047945,-0.05854135630318511,-0.009489920798360784,10,False,False,0.00043518328896170386,0.10908350748035585,False,19.471666666666668,0.16666666666666666
S0467,,257,223.0,2,0.030686868895102304,0.19613381071118066,-0.07026859078750747,50,False,False,0.2730135162809748,0.21676310996764703,True,22.27610869565217,0.3173913043478261
S0468,,195,45.0,4,0.02693424940446354,0.265162692110073,-0.029681537946436423,362,False,False,0.13946344460372723,0.09339980635189728,True,18.199556650246304,0.1206896551724138
S0469,,390,79.0,7,0.004474666825660112,0.056254562938803085,-0.02574760884546662,346,False,False,0.20087548638132297,0.11760880654666166,True,18.859402390438248,0.13545816733067728
S0470,,270,50.0,6,0.018700996404124703,0.23439749357784181,-0.02300383992061782,88,False,False,0.058058570550890844,0.2144493050709956,True,20.626387096774195,0.15483870967741936
S0471,,245,87.0,5,-0.04259639107327107,-0.23133663575254118,-0.08785150820548458,398,False,False,0.351090518124104,0.1839918172224315,True,21.23739776951673,0.23543990086741015
S0472,,257,231.0,2,-0.05991936330314307,-0.39291846863117524,-0.10126777415102158,15,False,False,0.094409174687692,0.16823028383844765,False,19.779328859060403,0.2483221476510067
S0473,,164,67.0,5,0.09785575341070585,0.6149745157596677,-0.04551614127610325,84,False,False,0.05618984231005529,0.13076561734834782,True,18.075384615384618,0.0979020979020979
S0474,,257,209.0,4,-0.011615774637829257,-0.1760582534254016,-0.03329010757361898,15,False,False,0.04858693426172435,0.19805564527504999,False,21.345176470588235,0.2
S0475,,195,38.0,8,0.023327110795635653,0.23651733277134737,-0.0300380681412037,87,False,False,0.0570602088879787,0.21612970213224145,True,20.49794871794872,0.16025641025641027
S0476,,257,183.0,8,0.19980193655939193,0.6601539966086507,-0.08511055000196216,180,False,False,0.40377329510546794,0.12454419751307813,True,18.140460704607047,0.11517615176151762
S0477,,273,54.0,3,0.13683478966803264,0.6371451335771208,-0.054200446992008586,254,False,False,0.22312103215236534,0.12806144757177754,True,18.45851145038168,0.11641221374045801
S0478,,185,84.0,2,-0.13233283139419694,-0.312448688871379,-0.24672728520168893,251,False,False,0.23794286299406103,0.18418546638033845,True,20.53697217675941,0.20458265139116202
S0479,,197,45.0,5,0.12626896639133833,1.15870047790259,-0.019042032794886594,423,False,False,0.24144992832275242,0.12989968917657563,True,19.246180981595092,0.16104294478527606
S0480,,314,51.0,6,0.2511490213345957,0.4330600031027829,-0.14423785759856586,637,False,False,0.39212574237149295,0.16253832819786343,True,19.949701492537315,0.1894374282433984
S0481,,175,54.0,7,0.1902176673097875,0.33676827353072164,-0.18278800101563905,558,False,False,0.44560208887978703,0.14137962006129454,True,19.86747334754798,0.1791044776119403
S0482,,243,87.0,6,0.07742177462362565,0.1627288691201822,-0.34903859873415477,595,False,False,0.7280360434159329,0.17762597051508752,True,20.7486015625,0.2203125
S0483,,401,95.0,4,0.35847937456482404,0.5217867249658692,-0.14244491427164013,397,False,False,0.38546999795207865,0.18472738824850307,True,20.80533410138249,0.21428571428571427
S0484,,375,147.0,6,0.27403549298309193,0.3272995772360391,-0.2677897381136957,508,False,False,0.6796283022731927,0.20483837114280448,True,20.853635658914726,0.224031007751938
S0485,,208,41.0,5,0.5483588269955852,0.9688622206452345,-0.11457357041527012,631,False,False,0.2817427810772066,0.13649193990091785,True,20.290858823529412,0.19647058823529412
S0486,,400,117.0,4,0.8736356237021121,0.9139889391398204,-0.12229322874837545,435,False,False,0.4582736022936719,0.21385024405685352,True,21.054765306122448,0.22755102040816327
S0487,,375,143.0,7,0.33064847582083434,0.5065566104298428,-0.19200238568452463,566,False,False,0.6361611714110178,0.2060487847131709,True,20.869092344119966,0.2249408050513023
S0488,,401,71.0,7,0.15902381480711525,0.36655022978245094,-0.10279669865010813,516,False,False,0.285147450337907,0.1497941400164639,True,20.58113416320885,0.21023513139695713
S0489,,375,77.0,7,-0.08493328031552483,-0.03569533366164704,-0.27073761802811336,614,False,False,0.6183954536145811,0.16167768087044396,True,20.606773162939298,0.21645367412140576
S0490,,244,35.0,11,0.17500461140764134,0.31073365658269475,-0.12308547758639025,792,False,False,0.4271451976244112,0.15494985262023106,True,20.74235412474849,0.22635814889336017
S0491,,246,16.0,5,0.2604851472860614,0.44046571485020897,-0.19740831249473328,715,False,False,0.292340774114274,0.18623917145208355,True,21.01129290617849,0.2402745995423341
S0492,,452,129.0,6,0.5912990216350971,0.7818411714585068,-0.14120517904970398,410,False,False,0.5633831660864222,0.16141572984217867,True,19.979344703770195,0.18312387791741472
S0493,,209,48.0,5,0.5620773092258897,0.9208825057486045,-0.16378967544357423,609,False,False,0.4789832070448495,0.1842627755377741,True,20.459348017621146,0.20176211453744494
S0494,,342,92.0,10,0.319088276036682,0.38240016252956294,-0.35659542892436713,494,False,False,0.7562461601474504,0.18770560792900018,True,20.826065950920245,0.22469325153374234
S0495,,375,76.0,7,-0.08087875280247969,-0.03642001339628535,-0.23641812932942236,622,False,False,0.6231312717591645,0.16264738667021125,True,20.613942992874108,0.21773555027711797
S0496,,353,118.0,8,0.43803924572378894,0.42385756093796473,-0.3260895117974892,391,False,False,0.7993037067376613,0.19409713825736566,True,20.769776119402984,0.22164179104477613
S0497,,206,44.0,4,-0.09715082489103533,-0.17903440159393033,-0.1598269175803405,1069,False,False,0.36463239811591236,0.17618603691419799,True,20.96589268292683,0.22341463414634147
S0498,,234,24.0,6,0.26647277967796623,0.5782152738371863,-0.12628565612178988,468,False,False,0.09899139873028875,0.13916373875980872,True,20.577787234042553,0.20638297872340425
S0499,,182,54.0,6,0.1498147863422159,0.2751489341441683,-0.25594918684299206,539,False,False,0.2628507065328691,0.1731826054203293,True,20.529265687583443,0.2082777036048064
S0500,,431,120.0,5,0.7364381353151292,1.1634761840732728,-0.05921074001543587,750,False,False,0.4993600245750563,0.19290319920779564,True,20.854426807760138,0.22663139329805995
S0501,,317,38.0,8,0.3626755258870409,0.6897477990636398,-0.195817376927766,443,False,False,0.24654413270530412,0.1453826658015825,True,19.959232995658464,0.18668596237337193
S0502,,325,83.0,8,0.33000183010653106,0.4435513388629803,-0.3027240314926409,584,False,False,0.6985459758345279,0.17304386467959162,True,20.689108129439624,0.21941594317284924
S0503,,478,105.0,4,0.1255617412860166,0.20758013051577678,-0.4469620825383907,560,False,False,0.8624052836371083,0.18236106772134317,True,20.788501070663813,0.22198429693076374
S0504,,436,132.0,4,0.1919852057651492,0.28940398042981114,-0.24611222144414507,474,False,False,0.43047306983411837,0.18222417031465257,True,20.675288844621512,0.21912350597609562
S0505,,377,85.0,8,0.3191931225401299,0.46013389821809364,-0.14202244422927604,436,False,False,0.4968001228752816,0.18639702003781064,True,20.833333333333332,0.2254335260115607
S0506,,270,102.0,7,-0.22233992733694408,-0.2666766111782461,-0.37500532050254454,495,False,False,0.7010802785173049,0.20331647975090283,True,20.753095238095238,0.22005772005772006
S0507,,223,29.0,9,0.06722104286054198,0.18495146158162576,-0.2172327194370354,674,False,False,0.2541214417366373,0.13268248672318025,True,20.733093709884468,0.2246469833119384
S0508,,399,27.0,7,0.26310618019874954,0.4698585041795186,-0.13111086501158764,493,False,False,0.266408969895556,0.17461046775254063,True,20.932739187418086,0.22935779816513763
S0509,,378,20.0,5,0.17659208325954068,0.5296465730887528,-0.10493900669751301,512,False,False,0.1199057956174483,0.14753250943078405,True,20.79190019193858,0.21689059500959693
S0510,,561,121.0,5,0.25228852958961023,0.30800679614624715,-0.33698202186409415,414,False,False,0.8792750358386238,0.19112079513613084,True,20.713764124293785,0.21610169491525424
S0511,,270,104.0,3,-0.30649125680179945,-0.4056236565057823,-0.44218549001112756,522,False,False,0.7495648167110383,0.20118942276760124,True,20.752512384996464,0.21939136588818117
S0512,,754,236.0,5,0.058545552742843565,0.1839055219835361,-0.09115690351865006,223,False,False,0.2324134753225476,0.16801283801879965,True,21.021122047244095,0.22244094488188976
S0513,,244,18.0,9,0.03347821631737702,0.1416009175241123,-0.09752689641080206,879,False,False,0.16667519967233257,0.1666127425356329,True,21.082225130890055,0.2369109947643979
S0514,,388,135.0,8,0.27504019286155534,0.38774954383952404,-0.23104237166098773,353,False,False,0.6575363506041368,0.2016913617040135,True,20.937461224489795,0.22448979591836735
S0515,,181,82.0,6,0.37651116239819316,0.6706647613212349,-0.17450932576387465,353,False,False,0.33091849272987917,0.1824974009433108,True,20.3965,0.2
S0516,,244,28.0,10,0.017021219393294373,0.07997709775959932,-0.16051414848625206,411,False,False,0.11962420643047307,0.12072736502463423,True,20.608596112311012,0.2203023758099352
S0517,,744,30.0,5,0.13248678991280172,0.6223607091040213,-0.07602664245193987,254,False,False,0.07293159942658202,0.15741525338924764,True,20.49742160278746,0.1986062717770035
S0518,,240,68.0,8,0.4331991677412308,0.9166502947323842,-0.11566195052290668,381,False,False,0.3506041368011468,0.14021418693453727,True,19.162888349514564,0.14805825242718446
S0519,,464,68.0,6,-0.17466543289514558,-0.3789154114684918,-0.3087263971559788,534,False,False,0.29259676428425146,0.15911157633846618,True,20.936106557377048,0.23224043715846995
S0520,,768,37.0,7,0.14008478782799672,0.4534546926105926,-0.09134732497364277,354,False,False,0.08975015359410199,0.11950431119201567,True,21.019478260869562,0.20579710144927535
S0521,,259,68.0,11,-0.00739763885772704,0.026205404555565623,-0.23736736634276356,652,False,False,0.532715543723121,0.16252788164087517,True,20.77476937269373,0.22324723247232472
S0522,,234,26.0,7,0.25086203728859546,0.8231672389051867,-0.0950433655652309,590,False,False,0.1815738275650215,0.12514011419518017,True,19.119632352941174,0.14558823529411766
S0523,,463,84.0,7,-0.172597233559997,-0.3799274253064533,-0.347441920862715,467,False,False,0.2764949825926684,0.16027002594609027,True,20.706358381502888,0.21820809248554912
S0524,,542,157.0,4,0.09639818275281464,0.3030615928581879,-0.08357211232407151,186,False,False,0.40285173049354905,0.17655539278241897,True,20.418216080402008,0.21482412060301506
S0525,,258,27.0,4,0.0027229478568735477,0.03579203767636623,-0.10766540859406472,281,False,False,0.08276162195371697,0.17108913374459106,True,20.938374233128833,0.2085889570552147
S0526,,332,53.0,7,0.302458602647371,0.6092017839508309,-0.1252880126596209,505,False,False,0.280590825312308,0.10554474332080255,True,19.3831724137931,0.1724137931034483
S0527,,381,15.0,7,0.01610415399833065,0.08168258664231931,-0.12742487773207445,406,False,False,0.14634958017612124,0.20658225463032626,True,20.73459302325581,0.2189922480620155
S0528,,477,50.0,8,0.03417278926454825,0.11793067500924694,-0.09359694658951294,479,False,False,0.273397501535941,0.14787216513593135,True,20.716574074074074,0.23015873015873015
S0529,,460,50.0,7,0.12755796495905214,0.26356474662708423,-0.172208591392777,388,False,False,0.3682674585295925,0.19213857837587547,True,21.12041860465116,0.23372093023255813
S0530,,561,84.0,6,0.16327790972957112,0.389848194416991,-0.17637362373742252,311,False,False,0.4152672537374565,0.13822574695075585,True,19.18920918367347,0.15816326530612246
S0531,,282,95.0,2,-0.16812350760642936,-0.1987714577550294,-0.3199295487293688,253,False,False,0.35073213188613556,0.20567504417592714,True,21.12370273794003,0.23598435462842243
S0532,,321,73.0,6,0.4326387696945324,0.9609367175804178,-0.07082284455096353,425,False,False,0.3297409379479828,0.1750177346632225,True,20.280453987730063,0.19386503067484662
S0533,,222,53.0,7,0.12985377238364149,0.2247896712995066,-0.254504562887208,678,False,False,0.6006041368011469,0.19012311391525755,True,20.83254358161648,0.22424722662440572
S0534,,555,16.0,3,-0.014512025085356206,0.0160282321641047,-0.21144674923083803,562,False,False,0.23005836575875485,0.20060261501853463,True,21.016656891495604,0.2434017595307918
S0535,,271,68.0,7,0.16040266984993212,0.3684033779426652,-0.181078154655665,237,False,False,0.20440815072701207,0.167666699372303,True,20.364479166666666,0.21041666666666667
S0536,,430,151.0,9,0.3192262221594364,0.6038007711818872,-0.1292193372182798,278,False,False,0.44562768789678475,0.15016678280583723,True,19.671280353200885,0.17549668874172186
S0537,,436,131.0,4,0.21947207417966919,0.409112283373794,-0.19527565145351045,379,False,False,0.7775701413065739,0.1959701659249014,True,20.72188191881919,0.21623616236162363
S0538,,226,101.0,4,0.23577145467637206,0.5588242681542884,-0.10968921524309666,641,False,False,0.4942146221585091,0.18046937441920724,True,20.627437874892887,0.21765209940017138
S0539,,399,16.0,7,0.1969091775730063,0.8597648254554049,-0.06657363907901966,582,False,False,0.09609870980954331,0.10915242839217974,True,20.61072463768116,0.20910973084886128
S0540,,440,29.0,7,-0.1532021404853724,-0.6484858290793213,-0.21399226146812408,291,False,False,0.103829612942863,0.14325729506862658,True,20.820200573065904,0.22063037249283668
S0541,,198,63.0,3,-0.13586392579393647,-0.28284661585936455,-0.218746532195928,732,False,False,0.6027544542289576,0.17990897964477975,True,20.945650080256822,0.22792937399678972
S0542,,378,79.0,5,0.1849295441393901,0.275764290285531,-0.3050766312061008,920,False,False,0.782817939791112,0.18174134285436577,True,20.80702031602709,0.2197140707298721
S0543,,315,27.0,7,0.3141514120870139,0.7624176054120044,-0.11144070876733432,651,False,False,0.19864837190251894,0.1082034448032092,True,19.6003550295858,0.1760355029585799
S0544,,257,37.0,6,-0.1301772014500584,-0.5891914736908684,-0.146468597278348,220,False,False,0.1070294900675814,0.1424447781774563,True,20.180575539568345,0.23741007194244604
S0545,,312,23.0,11,0.0503787362051753,0.21251949776707113,-0.06228703545076271,489,False,False,0.1716670079868933,0.10869832899343745,True,18.894527629233508,0.1408199643493761
S0546,,378,77.0,3,0.24300789241901044,0.9330800332391913,-0.05578130493986197,603,False,False,0.4999488019660045,0.13804187456416078,True,19.234091415830544,0.15719063545150502
S0547,,309,75.0,6,0.21162856842762223,0.9515910307945312,-0.04007988662095244,387,False,False,0.3098761007577309,0.13053566064061348,True,19.435445945945947,0.17297297297297298
S0548,,491,37.0,4,-0.02753698943274463,-0.09669405325923854,-0.08419082668926235,148,False,False,0.052477984845381936,0.15655869792638716,True,20.33994897959184,0.2193877551020408
S0549,,337,90.0,7,-0.10660461494574303,-0.06407053870046198,-0.2937730417586286,328,False,False,0.43805037886545156,0.2303454512234086,True,21.25175129533679,0.23937823834196892
S0550,,281,73.0,9,0.17086084867662876,0.3230543798738201,-0.17422026378568745,495,False,False,0.6772731927094,0.18946846376026139,True,20.81282091917591,0.21870047543581617
S0551,,447,151.0,3,-0.051027395807838216,0.0030915518789533807,-0.5087661948814836,304,False,False,0.641408969895556,0.1998132644552605,True,20.61029313232831,0.21105527638190955
S0552,,521,258.0,4,0.25334780338887675,0.8406121069553545,-0.06709899943273313,187,False,False,0.29781896375179195,0.14471257980710062,True,19.931239242685024,0.16523235800344235
S0553,,389,23.0,7,0.12776675679528338,0.6668334990686389,-0.04707195488989113,439,False,False,0.07769301658816301,0.07226796732658511,True,18.71425287356322,0.14080459770114942
S0554,,319,97.0,7,0.37682927422767,0.5522832314380415,-0.26977815983444253,508,False,False,0.7821267663321728,0.18640578954339596,True,20.759617691154425,0.22113943028485758
S0555,,506,169.0,4,-0.011516772953976573,-0.019123817209295818,-0.0748767223191501,399,False,False,0.686488838828589,0.1875985827636537,True,20.815255417956653,0.22213622291021673
S0556,,220,27.0,6,-0.04658810753074538,-0.14912775288314692,-0.11543704756430437,662,False,False,0.14028261314765514,0.11816739422365567,True,20.742593167701862,0.2329192546583851
S0557,,257,60.0,8,0.23297521836257862,0.7683518460040643,-0.09632239357480873,441,False,False,0.3524216670079869,0.1707958954471628,True,19.83901392111369,0.1751740139211137
S0558,,313,47.0,5,0.10364097437111885,0.45578787508624824,-0.0543706172464039,587,False,False,0.2599068195781282,0.10743874394306599,True,19.399942528735632,0.1752873563218391
S0559,,375,124.0,8,0.10702807873479325,0.23094652845655225,-0.1771817567835017,294,False,False,0.707352037681753,0.20147780946135851,True,20.799443155452437,0.21809744779582366
S0560,,332,29.0,6,0.1465848034764523,0.48751105547938706,-0.08528484055390541,520,False,False,0.3699569936514438,0.17873805255249878,True,20.1014527027027,0.1981981981981982
S0561,,505,104.0,6,0.37333536169213377,0.6342397922346542,-0.10246432139886451,320,False,False,0.27933647347941837,0.20988734038733192,True,22.076251851851854,0.2637037037037037
S0562,,391,57.0,7,-0.08460045886368439,-0.25648406575193683,-0.17304420534178425,210,False,False,0.19189023141511366,0.14974679416484937,True,20.256475770925107,0.19823788546255505
S0563,,465,169.0,6,0.44009018252032983,0.9037473691171022,-0.09909857548890948,353,False,False,0.32620827360229365,0.16932936736776816,True,20.295548037889038,0.1880920162381597
S0564,,768,15.0,7,0.03196843212869438,0.18524536312940074,-0.06483133394260777,184,False,False,0.06599426582019251,0.1483085359989262,True,20.821799163179914,0.2175732217573222
S0565,,311,28.0,7,-0.014538430471928265,-0.1364627206484114,-0.0537548709969731,586,False,False,0.1974452181036248,0.1137852403830339,True,19.82819595645412,0.19129082426127528
S0566,,396,97.0,3,0.1382560100755026,0.28631445458163335,-0.23351515866711534,689,False,False,0.8481466311693631,0.1807841853378581,True,20.76547670250896,0.21863799283154123
S0567,,485,207.0,4,0.5949496497418623,0.9938366575334594,-0.10407575396695075,312,False,False,0.5233207044849478,0.15000521265730662,True,19.69102463054187,0.17832512315270935
S0568,,243,48.0,5,0.15783618883920303,0.5282722397244255,-0.09520257751789983,281,False,False,0.11732029490067582,0.15515357672851968,True,20.659533678756475,0.20725388601036268
S0569,,378,16.0,8,0.04535995912191848,0.6256960964567911,-0.016144101275841913,578,False,False,0.08437436002457506,0.11105520838553296,True,20.68741418764302,0.20594965675057209
S0570,,337,94.0,2,-0.00449085538770555,0.05163562206618971,-0.21859720877232738,344,False,False,0.46748924841286094,0.22787176015530028,True,21.285234297108673,0.24027916251246262
S0571,,227,13.0,11,0.010730147777983534,0.06836866522203369,-0.0980529085459414,422,False,False,0.09364120417775958,0.1270909472020778,True,20.935124716553286,0.23356009070294784
S0572,,365,94.0,5,0.26920928571153246,0.5028263373075303,-0.10936425071737352,299,False,False,0.4449109154208478,0.12422356051203147,True,18.720811455847254,0.1324582338902148
S0573,,223,63.0,7,0.09148672030993055,0.335203015606698,-0.09098064374672701,352,False,False,0.2539422486176531,0.18274840795514163,True,20.924354587869363,0.2161741835147745
S0574,,170,61.0,6,0.11176746635388057,0.2524244510947025,-0.10714579616928606,716,False,False,0.7508959655949211,0.1829790083781376,True,20.725545058139538,0.22020348837209303
S0575,,549,203.0,6,0.19760777622248726,0.5220990501334928,-0.11107549633395852,120,False,False,0.4102242473889003,0.1497577455292714,True,19.534857142857145,0.15918367346938775
S0576,,457,127.0,5,-0.0024289896134567224,-0.020821687682657408,-0.03732636698875329,149,False,False,0.19265820192504607,0.1234077113624102,True,18.561980676328503,0.13768115942028986
S0577,,395,36.0,6,0.04461409128377403,0.8238198284669386,-0.015256106438975882,255,False,False,0.054167519967233256,0.09354230997909432,True,19.723974895397493,0.19665271966527198
S0578,,336,138.0,4,-0.027561067318819576,-0.16696408216609399,-0.05993454286428937,224,False,False,0.37784149088674995,0.2578894423496503,True,22.428425925925925,0.2830687830687831
S0579,,410,126.0,7,-0.22477640177865155,-0.3485797767092034,-0.32890836532525497,221,False,False,0.5326899447061233,0.1976874430360534,True,20.564955577492597,0.2073050345508391
S0580,,561,134.0,3,0.284873284981501,0.6350104890843887,-0.15471440486705765,231,False,False,0.49513618677042803,0.1256472287809527,True,18.43060141509434,0.11674528301886793
S0581,,450,144.0,6,-0.016289007914566334,-0.02805782204893871,-0.12336542901996554,205,False,False,0.17965390129019046,0.1144564938265705,True,18.25685185185185,0.10648148148148148
S0582,,450,119.0,6,0.2170224888709269,0.9683396317672931,-0.059726494603073305,211,False,False,0.21001433544951875,0.12398000100889597,True,18.367526652452028,0.09808102345415778
S0583,,504,139.0,2,0.19371366016749225,0.40786408089565945,-0.14893070095491334,214,False,False,0.43193221380298996,0.22821311896205523,True,21.691971830985914,0.2511737089201878
S0584,,379,169.0,5,0.2377398760667253,0.45922696732746615,-0.12082165102652904,340,False,False,0.42517407331558466,0.1389508264094667,True,19.375807909604514,0.1694915254237288
S0585,,472,45.0,7,0.045498458895411265,0.8051910628845163,-0.019833336808385536,248,False,False,0.055703460987098094,0.09822057191112205,True,19.639563318777288,0.18340611353711792
S0586,,261,74.0,8,0.0488468723325608,0.4093614213546806,-0.04400002322026729,312,False,False,0.42578844972353064,0.15635473946135814,True,20.036552106430157,0.19401330376940132
S0587,,443,16.0,6,-0.011698845240695532,-0.15848914579544537,-0.028258460879837907,227,False,False,0.08122568093385214,0.17494327102068447,True,20.92718446601942,0.23300970873786409
S0588,,248,118.0,5,-0.053751333096998644,-0.8348112740133798,-0.05432295348197493,55,False,False,0.022731927093999592,0.13581728316890307,True,21.6577027027027,0.21621621621621623
S0589,,593,114.0,5,0.05638636486961812,0.3690971360671796,-0.037443951130162564,172,False,False,0.18451771451976245,0.2049534338876025,True,21.99498771498771,0.27764127764127766
S0590,,367,14.0,8,0.05295988059055201,0.40719431340536394,-0.031662109868543876,219,False,False,0.08900778210116732,0.13709970288901563,True,19.459607843137253,0.18627450980392157
S0591,,430,133.0,7,-0.02474886558996181,-0.07736515232211118,-0.11766111300935904,460,False,False,0.7463905386033176,0.1962881035234773,True,20.762545854732206,0.2215700660308144
S0592,,388,110.0,8,-0.09970905189639856,-0.31584202727213456,-0.1673977995479877,246,False,False,0.5566506246160148,0.18055471759229721,True,20.617266791044774,0.2126865671641791
S0593,,355,122.0,5,0.08084914696987577,0.33232316190107486,-0.06934895283694316,287,False,False,0.6973172230186361,0.20407550511871178,True,20.685510360706065,0.21412125863392173
S0594,,603,45.0,7,0.07377483330128909,0.4033561988548127,-0.06576760118994883,237,False,False,0.0609000614376408,0.1390243769930188,True,20.687814814814814,0.22592592592592592
S0595,,863,116.0,5,0.012384340683762485,0.07067631551013014,-0.09161829310995488,328,False,False,0.36847225066557443,0.17454613112478323,True,20.5533631713555,0.22122762148337596
S0596,,430,158.0,7,0.32492024600528957,0.5161831546338566,-0.13361291852204735,247,False,False,0.5101116117141101,0.15343119824167645,True,19.868110316649645,0.18386108273748722
S0597,,555,163.0,5,0.12508769025524802,0.8348959749040756,-0.021149692874173516,301,False,False,0.38792750358386235,0.14475868036191206,True,19.57447204968944,0.16770186335403728
S0598,,430,129.0,8,-0.05405805543706288,-0.11317334313765202,-0.15994474560204489,460,False,False,0.7461345484333402,0.19590699317017538,True,20.72205580029369,0.2209985315712188
S0599,,312,25.0,10,0.06093053926651382,0.267096813179138,-0.0634822533748872,476,False,False,0.13132295719844359,0.07947806931992399,True,18.440280777537794,0.11879049676025918
S0600,,357,117.0,5,0.08285481763737934,0.7128608172860376,-0.033168529925895605,286,False,False,0.2539934466516486,0.16043799275344578,True,20.26922314049587,0.2
S0601,,391,69.0,7,-0.05053047603959404,-0.11017712062106,-0.2662566669859683,194,False,False,0.2632346917878354,0.16117128901921784,True,20.227695035460993,0.20567375886524822
S0602,,309,87.0,5,0.113713284172273,1.01714148063315,-0.023648320082782746,290,False,False,0.2428578742576285,0.12635461142930313,True,19.432767402376907,0.17147707979626486
S0603,,333,27.0,5,-0.11452062779866135,-0.5797703105894414,-0.16014242734177578,226,False,False,0.09382039729674381,0.11285873971075247,True,18.911521739130436,0.14285714285714285
S0604,,339,123.0,3,0.5247357528820513,0.8912411342909003,-0.08319597320187072,427,False,False,0.5489453204996928,0.16792807936004656,True,20.059391534391533,0.18606701940035272
S0605,,506,161.0,7,0.23810987509955672,0.7022326985600649,-0.07814781000043226,185,False,False,0.48307904976448907,0.1411454847984509,True,19.09737668161435,0.1468609865470852
S0606,,202,56.0,6,0.0654920436457469,0.29582331613548885,-0.0806881991405554,671,False,False,0.5828384190047102,0.17241437382118774,True,20.688674176776427,0.2123050259965338
S0607,,430,16.0,6,8.80889203136448e-06,0.004977093884255324,-0.024725517991365728,309,False,False,0.051377227114478806,0.11360015280385542,True,20.804150943396223,0.22641509433962265
S0608,,357,133.0,5,0.08136585565958754,0.2130064130550293,-0.10504443981517254,296,False,False,0.708273602293672,0.19266009995668146,True,20.6800608365019,0.21901140684410647
S0609,,746,405.0,5,-0.038556343149893646,-0.5748702504503923,-0.053605001319405016,55,False,False,0.18177861970100348,0.13314135259467252,True,17.628548387096775,0.08709677419354839
S0610,,354,159.0,7,0.03270661539426101,0.2601649765717943,-0.04445328560303158,430,False,False,0.31814458324800327,0.14043910938732132,True,19.71643048128342,0.1697860962566845
S0611,,430,191.0,2,0.31894516029098763,0.4681231190321163,-0.19581272922357937,199,False,False,0.4984384599631374,0.17428086226270617,True,20.019094781682643,0.19488817891373802
S0612,,305,97.0,8,0.09522129857657324,0.5428616273232781,-0.05406578874736125,225,False,False,0.2670489453204997,0.13974504577871258,True,19.156833910034603,0.1453287197231834
S0613,,457,143.0,5,0.22601896465408422,0.7824088692096084,-0.07065393790459606,305,False,False,0.41252815891869754,0.1496026007274532,True,19.751564705882355,0.18941176470588236
S0614,,500,132.0,9,0.0996590046657293,0.420570580957995,-0.05242777588880522,170,False,False,0.4607311079254557,0.13426044629524822,True,18.672011695906434,0.13333333333333333
S0615,,523,21.0,7,0.020331518952156236,0.5064252863369288,-0.012170641899907722,131,False,False,0.02470305140282613,0.06919431900099873,True,18.144878048780487,0.06504065040650407
S0616,,388,124.0,5,-0.07873467650947952,-0.3951422457423485,-0.10761058807340763,242,False,False,0.5615912348965799,0.17997544363682358,True,20.602574349442378,0.21096654275092938
S0617,,379,145.0,4,0.19992118302824413,0.4107974399381096,-0.1239648210512114,363,False,False,0.85636391562564,0.1890318503087786,True,20.656572836030964,0.21815622800844475
S0618,,375,122.0,5,0.2159184496726545,0.3202390153029672,-0.18988536956205898,318,False,False,0.7751638337087856,0.19862233314776484,True,20.72332850940666,0.21924746743849494
S0619,,277,101.0,7,0.07531620535262551,0.4109255301194616,-0.08815752898781466,189,False,False,0.3613557239402007,0.1932410441826123,True,20.56467718794835,0.20803443328550933
S0620,,534,163.0,4,0.04732471682086681,0.215106830768702,-0.07246526432941304,199,False,False,0.37482080688101577,0.23903267570811593,True,21.24617608409987,0.22470433639947437
S0621,,388,165.0,8,0.2271062060058262,0.4993777731540624,-0.0734433168333219,199,False,False,0.40216055703460984,0.126671248001194,True,18.539152542372882,0.12516297262059975
S0622,,375,128.0,8,0.15244330416870144,0.3359723326649921,-0.08366118505042915,313,False,False,0.7724503379070243,0.19887549990412148,True,20.72109738372093,0.2180232558139535
S0623,,504,141.0,11,0.05944982370716678,0.20093722688570875,-0.10687260434756769,387,False,False,0.34015973786606596,0.13995641460954739,True,19.567097591888466,0.16856780735107732
S0624,,375,162.0,8,0.1834119105104255,0.705790311631317,-0.06278506327606427,227,False,False,0.3621492934671309,0.12611879531584227,True,18.48242424242424,0.12258953168044077
S0625,,485,166.0,5,0.19933910497151008,0.5073622251717361,-0.10272030875905909,253,False,False,0.414908867499488,0.2318388127166544,True,20.99802570093458,0.205607476635514
S0626,,336,157.0,6,0.2602850854209313,0.5080924569322781,-0.09615207383669876,383,False,False,0.38040139258652467,0.1350778458563716,True,19.27905389221557,0.16047904191616766
S0627,,354,134.0,7,0.0871297282586121,0.2821230574014357,-0.10184379466745551,261,False,False,0.23238787630554986,0.14556052654246923,True,19.406972477064222,0.15045871559633028
S0628,,391,145.0,5,-0.1172160690399251,-0.3040673314920013,-0.1571863000703826,251,False,False,0.561181650624616,0.19398126830324203,True,20.65927977839335,0.21606648199445982
S0629,,443,112.0,6,0.1491220301493863,0.8310427997630306,-0.03550283419694901,319,False,False,0.38872107311079257,0.1368095402167869,True,19.50827798277983,0.17343173431734318
S0630,,128,82.0,6,-0.0012875255240676342,-0.01604364006754196,-0.020189790679284825,17,False,False,0.017535326643456892,0.16697181936647734,False,19.837297297297297,0.2702702702702703
S0631,,405,172.0,3,0.023385037610684334,0.19815699110861876,-0.07091260534076,101,False,False,0.21295822240425968,0.17569491941197912,True,20.3571679197995,0.19298245614035087
S0632,,430,190.5,2,0.3996257403716046,0.6767040319778983,-0.09747918777710024,216,False,False,0.5632551710014335,0.1708399159522887,True,19.899040835707503,0.18708452041785376
S0633,,397,125.0,6,0.06743264245511593,0.19815036333053723,-0.1390808755190639,271,False,False,0.6697214826950645,0.204749730475618,True,20.684309076042517,0.214227309893704
S0634,,430,145.0,7,0.362417116785656,0.763393297961863,-0.14682952421364348,190,False,False,0.5295412656154004,0.1490152202598059,True,19.422984615384618,0.16615384615384615
S0635,,357,139.0,7,0.12134697825099172,0.28566944449065806,-0.10160872834787382,296,False,False,0.708273602293672,0.19266009995668146,True,20.6800608365019,0.21901140684410647
S0636,,430,142.0,7,0.15737472666686947,0.4382319012718171,-0.12774424019636926,216,False,False,0.5612328486586116,0.15819930082175718,True,19.855900857959963,0.18589132507149667
S0637,,388,117.0,5,-0.18982520775359213,-0.3153666618118704,-0.31063052568249816,243,False,False,0.557239402006963,0.18020046704754802,True,20.585247432306254,0.21101774042950514
S0638,,375,161.0,8,0.2734768364507454,0.4937426949460145,-0.09722707384823394,289,False,False,0.4401238992422691,0.14842617570235223,True,19.76361486486486,0.18355855855855857
S0639,,771,482.0,3,-0.04011766981192455,-0.2314802887203651,-0.10475801707413432,44,False,False,0.14745033790702436,0.33039389051852747,True,23.481394422310757,0.2908366533864542
S0640,,1087,328.0,6,0.16831614324516075,0.28633202333912006,-0.3053381158297519,178,False,False,0.8735920540651239,0.2011097654798316,True,20.71285918513224,0.21729807005003574
S0641,,476,205.0,4,-0.1266336153482589,-0.05237261914040476,-0.4130867425691074,395,False,False,0.6925558058570551,0.19866892504146275,True,20.62855791962175,0.21040189125295508
S0642,,1034,322.0,8,-0.014563432544783983,0.02785103154001397,-0.37665895246507486,437,False,False,0.6281230800737252,0.2078484048304403,True,20.81265716680637,0.22632020117351215
S0643,,962,382.0,5,-0.07099384011594956,-0.037901180926630876,-0.2804669621439258,230,False,False,0.5757474912963342,0.21613465019800143,True,20.893257874015752,0.22736220472440946
S0644,,859,318.0,4,0.02889700100047321,0.10178705785922756,-0.21301470649029852,232,False,False,0.49040036862584474,0.1728959084128213,True,20.37610503282275,0.2089715536105033
S0645,,633,311.0,4,0.6070497878628789,0.6936956695324753,-0.14783949166743474,270,False,False,0.3694962113454843,0.23293687066851668,True,21.001069012178622,0.19891745602165087
S0646,,1018,330.0,5,0.1390933159117449,0.25095195422958283,-0.29896229260312585,235,False,False,0.7603420028670899,0.20293868843917037,True,20.741260700389105,0.21556420233463036
S0647,,476,215.0,3,-0.11121580207710702,-0.020216294281386025,-0.37748027910077003,320,False,False,0.7678169158304321,0.19796206373129682,True,20.751381381381382,0.2222222222222222
S0648,,960,391.0,5,-0.0883537993986474,-0.012348510338330284,-0.39348239548342545,137,False,False,0.8032203563383166,0.20491866326315594,True,20.752365177195685,0.22419106317411402
S0649,,997,344.0,5,0.1484420392357384,0.24757271115357804,-0.34473969229890694,159,False,False,0.7782357157485152,0.20571075272766423,True,20.781871118012425,0.2267080745341615
S0650,,476,216.0,3,-0.07123962509582493,0.023371466251916575,-0.39201961233593347,292,False,False,0.7992525087036658,0.1981673783332933,True,20.69027900146843,0.21806167400881057
S0651,,1486,657.0,4,-0.15423115923158126,-0.10015074373256033,-0.3831499860435234,147,False,False,0.4278363710833504,0.23712345185491082,True,21.46812080536913,0.24697986577181208
S0652,,779,238.0,4,-0.3002766660373428,-0.3693309986153151,-0.40392746550199843,171,False,False,0.32618267458529593,0.2022272750828792,True,20.88379661016949,0.1864406779661017
S0653,,905,349.0,5,-0.014752026111664596,0.06783138009815375,-0.38751715342894305,208,False,False,0.6609922178988327,0.2109731750365225,True,20.865363475177304,0.2198581560283688
S0654,,770,272.0,4,-0.4086933425114866,-0.7034216477633704,-0.5129468130913506,161,False,False,0.4570192504607823,0.19225008610622477,True,20.547575000000002,0.20125
S0655,,905,364.0,4,0.03734097597574104,0.12242516624047564,-0.3819215350153762,217,False,False,0.6336012697112431,0.21408550127926926,True,20.859424131627055,0.22120658135283364
S0656,,907,382.0,3,-0.10539405230744492,-0.025464707902405428,-0.36908983306258136,230,False,False,0.5757474912963342,0.21613465019800143,True,20.893257874015752,0.22736220472440946
S0657,,636,217.0,3,-0.0417367521584161,0.039954027419668296,-0.36262196056475904,261,False,False,0.7792596764284252,0.1998292555660322,True,20.772559701492536,0.2208955223880597
S0658,,1873,878.0,2,0.31644020485257185,0.3492459514588669,-0.3432031936980504,64,False,False,0.7651546180626664,0.2019360574668663,True,20.215836802664448,0.17901748542880933
S0659,,466,178.0,6,0.2968061106127966,0.4679056110589715,-0.15550718715364417,187,False,False,0.3679602703256195,0.18012347948087942,True,20.319327846364885,0.20713305898491083
S0660,,1873,858.0,5,0.28703294709838745,0.45232184199633263,-0.1669591862025218,64,False,False,0.7651546180626664,0.2019360574668663,True,20.215836802664448,0.17901748542880933
S0661,,997,304.0,7,0.02785025314526557,0.11063412174929345,-0.34910721657026933,233,False,False,0.5836063895146426,0.21109158271127446,True,20.851982840800765,0.219256434699714
S0662,,1470,682.0,6,0.011701895293183107,0.08902237717302953,-0.3267331206438516,108,False,False,0.4810055293876715,0.22433089711614665,True,21.18945137157107,0.22942643391521197
S0663,,1468,745.0,5,0.028316340133751172,0.1008089508686832,-0.10620378851912837,124,False,False,0.36811386442760596,0.17558160166002781,True,20.57617924528302,0.24056603773584906
S0664,,859,308.0,6,-0.028145003254812395,0.03420870409142665,-0.21241509585503868,266,False,False,0.5259062052017203,0.1823312062893409,True,20.703536585365853,0.22459349593495934
S0665,,994,366.0,8,0.27412440045655195,0.48974335837209404,-0.19171818362599505,422,False,False,0.5643047306983412,0.2052823165485939,True,20.749585958595862,0.2151215121512151
S0666,,966,26.0,9,-0.036168184283781546,-0.20399841865800084,-0.08381912935834458,253,False,False,0.07641306573827565,0.11238204264675866,True,20.21320463320463,0.22393822393822393
S0667,,1873,878.0,2,0.2948896902973315,0.33447690423882315,-0.3432031936980504,64,False,False,0.7651546180626664,0.2019360574668663,True,20.215836802664448,0.17901748542880933
S0668,,859,301.0,4,0.057876591963712753,0.13876900045902144,-0.26274180518705476,246,False,False,0.6018328896170387,0.20902183138854435,True,20.859214953271028,0.22242990654205608
S0669,,881,220.0,6,-0.05867107328884158,-0.011039674250242444,-0.33658026062506263,183,False,False,0.3893098505017407,0.2485478579027957,True,21.911783783783786,0.23378378378378378
S0670,,620,308.0,6,0.08502537041490155,0.18883610154294309,-0.17711585030461968,241,False,False,0.37205611304525904,0.1614434259836658,True,20.717705146036163,0.22809457579972184
S0671,,586,190.0,4,-0.10423532431843485,-0.24850431225101607,-0.2800569193715513,125,False,False,0.15251894327257834,0.20398631286223293,True,21.768603896103894,0.2824675324675325
S0672,,859,328.0,3,-0.2166204486029344,-0.2804986316608471,-0.37726199119293563,204,False,False,0.7257065328691378,0.20527241350948952,True,20.81089564502876,0.22432210353327856
S0673,,859,351.0,5,-0.01851018838925178,0.014915081383752884,-0.1870617571661891,152,False,False,0.7432674585295924,0.20670941695057105,True,20.614675740592478,0.21297037630104082
S0674,,1087,340.5,5,0.14820413236451158,0.32205282389410245,-0.2288096490296653,188,False,False,0.9173663731312718,0.20005479154284103,True,20.705252595155713,0.21591695501730104
S0675,,1047,390.0,3,0.7286548857482533,0.9322164663804092,-0.14637559115025062,155,False,False,0.5239862789268892,0.14472167286972729,True,19.387803278688526,0.16393442622950818
S0676,,1241,359.0,7,0.06664362731017759,0.1682129595139591,-0.19188004199471348,165,False,False,0.4826182674585296,0.2136342276910704,True,21.404546539379478,0.2649164677804296
S0677,,656,100.0,8,0.3366116710832858,0.7294232558166094,-0.07945355529134908,182,False,False,0.20212983821421257,0.1722229489932162,True,20.84717105263158,0.22807017543859648
S0678,,997,327.0,5,-0.11653491096002255,-0.2213353749393859,-0.20559085555545323,261,False,False,0.5576745852959246,0.21560045572438583,True,20.957581764122896,0.2309217046580773
S0679,,1873,878.0,2,0.16233979519330166,0.33921080255201247,-0.17601737800934866,64,False,False,0.7651546180626664,0.2019360574668663,True,20.215836802664448,0.17901748542880933
S0680,,568,231.0,4,-0.20309778097021614,-0.5074801478659746,-0.3010526562512443,185,False,False,0.381681343436412,0.17925312728036857,True,20.222432045779684,0.20600858369098712
S0681,,492,19.0,6,0.08307087692309256,0.48878920778308005,-0.04534892117373655,312,False,False,0.05680421871800123,0.10529833410441819,True,20.307142857142853,0.19413919413919414
S0682,,894,339.0,5,0.2736847625622054,0.4950276223751494,-0.14057461655117512,405,False,False,0.6015768994470613,0.207136582199605,True,20.724104347826085,0.2182608695652174
S0683,,1470,914.0,3,-0.14021123395698232,-0.12861435488739634,-0.32687731168624856,40,False,False,0.19404054884292443,0.295307215608156,True,22.39157894736842,0.2476780185758514
S0684,,524,227.0,7,0.31190880940924237,0.7265196429893566,-0.11756970439390967,147,False,False,0.22283944296539013,0.15156274660576233,True,19.498595744680852,0.15531914893617021
S0685,,1026,541.0,6,-0.32204486274731503,-0.40489480525904376,-0.4617552726582493,76,False,False,0.27969485971738683,0.26238523617972276,True,21.340871369294604,0.22199170124481327
S0686,,492,192.0,6,0.4770297437640121,0.8597639578569907,-0.07142400170499016,310,False,False,0.5953563383166086,0.15067668235752021,True,19.544479073909173,0.1709706144256456
S0687,,1092,150.0,6,0.5157505326979308,1.0012926939060935,-0.13154843542559386,150,False,False,0.2678681138644276,0.14512952953078773,True,19.393228346456695,0.16535433070866143
S0688,,960,394.0,5,0.21443260487706328,0.3212100475537041,-0.2730621398807171,137,False,False,0.8032203563383166,0.20491866326315594,True,20.752365177195685,0.22419106317411402
S0689,,557,216.0,4,-0.16266122129810578,-0.22679101548629296,-0.2587375718290906,261,False,False,0.7792596764284252,0.1998292555660322,True,20.772559701492536,0.2208955223880597
S0690,,555,209.0,4,-0.028440454181750785,0.02777338289723348,-0.2676010416252873,195,False,False,0.5674278107720664,0.19808077323891154,True,20.570887404580155,0.21946564885496184
S0691,,1010,335.0,4,0.20855128625718278,0.3454560833052935,-0.2747275715824449,188,False,False,0.9173663731312718,0.20005479154284103,True,20.705252595155713,0.21591695501730104
S0692,,1468,742.0,4,-0.10283338193213254,-0.1527288778266321,-0.19801976643489738,151,False,False,0.2554781896375179,0.17588216046679642,True,20.170217391304348,0.22727272727272727
S0693,,848,265.0,6,-0.04876737737450565,-0.06834041341162823,-0.13855186631626784,120,False,False,0.21359819782920336,0.1673426007094147,True,21.102493946731236,0.2542372881355932
S0694,,907,386.0,4,-0.19029032236506072,-0.28076953751468015,-0.31380712475658196,287,False,False,0.46866680319475734,0.224612824277971,True,20.844707828004413,0.21719955898566704
S0695,,645,53.0,7,0.22391291298151428,0.4875723854070402,-0.09305990372698214,368,False,False,0.2868113864427606,0.1345360456390824,True,18.9941975308642,0.15432098765432098
S0696,,645,102.0,8,0.35309002493954744,0.5887813570314117,-0.247747368482002,335,False,False,0.5158713905386033,0.13802853598427683,True,19.2215,0.1532608695652174
S0697,,889,370.0,5,-0.15887038284135846,-0.15572988338078936,-0.3892499376595952,98,False,False,0.40945627687896785,0.23704834351021933,True,21.61235465116279,0.22819767441860464
S0698,,997,325.0,7,0.008627022927697903,0.053731635060447654,-0.1612756260240465,204,False,False,0.7257065328691378,0.20527241350948952,True,20.81089564502876,0.22432210353327856
S0699,,779,298.0,3,-0.18584487067925615,-0.2866442774687784,-0.3346592884206915,152,False,False,0.39775752611099735,0.19567752762409052,True,20.680872093023257,0.18459302325581395
S0700,,1034,323.0,8,0.002870216013736382,0.045308070608068046,-0.28987955255199827,437,False,False,0.6281230800737252,0.2078484048304403,True,20.81265716680637,0.22632020117351215
S0701,,774,17.0,7,-0.0193989391040994,-0.06645591617112541,-0.06969448140469237,284,False,False,0.04853573622772885,0.10920270740193039,True,21.318599221789885,0.245136186770428
S0702,,752,299.0,5,0.41861796823471153,0.6910021250304892,-0.10113793484626414,169,False,False,0.2887057137005939,0.1703302133212204,True,20.419147826086956,0.22434782608695653
S0703,,886,199.0,3,0.09712797962428499,0.19884834907238325,-0.2838611347478527,246,False,False,0.35628711857464673,0.26980737533080945,True,23.059051603905157,0.3110181311018131
S0704,,774,101.0,7,0.45104565561073473,0.8258552917932873,-0.1288267474840449,246,False,False,0.2495648167110383,0.20268398041536215,True,21.543449541284403,0.24770642201834864
S0705,,1865,18.0,5,-0.0876136351958412,-0.8974441854582207,-0.09421873546255112,72,False,False,0.009804423510137212,0.1492991271952885,True,23.27878787878788,0.3939393939393939
S0706,,797,278.0,7,0.03350081424921658,0.12755762442269733,-0.11445858642824755,119,False,False,0.41805754659021094,0.18635108151155258,True,20.984360000000002,0.24133333333333334
S0707,,927,26.0,7,0.1122472020096863,0.4206018747804209,-0.08302641548274757,254,False,False,0.06207761621953717,0.12840546078877701,True,21.491102661596962,0.24334600760456274
S0708,,649,24.0,7,0.11383692646555987,0.5657671223801115,-0.04759620413607754,511,False,False,0.12323366782715543,0.1025977652814408,True,18.776387755102043,0.1510204081632653
S0709,,771,380.0,5,0.14881357117785954,0.3250028597506371,-0.16363663692043476,125,False,False,0.2462625435183289,0.2957751782416966,True,24.15655172413793,0.35560344827586204
S0710,,963,46.0,8,-0.12880575559066132,-0.5764571992314551,-0.15477034324007738,170,False,False,0.0887773909481876,0.12593529611694732,True,20.034625,0.2125
S0711,,1165,365.0,9,0.36893402977686063,0.650402766790011,-0.14620098744348003,294,False,False,0.6865400368625845,0.20319331228401674,True,20.704651924651923,0.2153972153972154
S0712,,1468,849.0,5,-0.1874433666180687,-0.1710672310513002,-0.3994999223947555,91,False,False,0.5969434773704689,0.21496090832347248,True,20.652362694300518,0.22487046632124352
S0713,,760,54.0,3,-0.024297241143664716,-0.06741864213451429,-0.1115733280940085,130,False,False,0.09650829408150727,0.1617264870953938,True,20.635375494071145,0.19367588932806323
S0714,,806,59.0,7,0.05525939120613943,0.2781275381752795,-0.05476437724408806,136,False,False,0.07761621953716977,0.1267895034436833,True,20.916090909090908,0.22272727272727272
S0715,,854,285.0,8,0.04170516794070522,0.11751414470060785,-0.3595249558149406,207,False,False,0.5387825107515871,0.2092592402044413,True,20.625723014256618,0.1985743380855397
S0716,,762,325.0,4,0.71681738785165,1.3145318144764815,-0.08742958737098327,278,False,False,0.636749948801966,0.20645392959818126,True,20.719579982126902,0.21715817694369974
S0717,,988,25.0,5,-0.04564618219635885,-0.2013732695635491,-0.10786080787692291,174,False,False,0.04474708171206226,0.20475847232948005,True,23.258410256410254,0.31794871794871793
S0718,,624,40.0,4,0.08768869069092977,0.413811536774766,-0.06229284233190267,487,False,False,0.13175814048740528,0.08673293872815672,True,18.745066371681418,0.1504424778761062
S0719,,1073,385.0,6,0.07655023880409684,0.46216645364294334,-0.05543435351575355,82,False,False,0.29769096866680317,0.14211069376433244,True,19.23255238095238,0.1580952380952381
S0720,,485,219.0,5,0.42166512290009583,0.9632988609170867,-0.11287428868455704,291,False,False,0.332761621953717,0.14098594234300274,True,19.45337465564738,0.16115702479338842
S0721,,909,98.0,9,0.19908953030195198,0.581411093213235,-0.05610825580280705,282,False,False,0.26095637927503584,0.12775317124798122,True,19.00511187607573,0.1549053356282272
S0722,,1026,607.0,7,-0.12899250653448946,-0.5293715687445347,-0.13709513523834016,50,False,False,0.19470612328486586,0.1917868132403311,True,20.506957831325302,0.20783132530120482
S0723,,1377,372.0,7,0.6012386963916976,0.9323075126697363,-0.10512234498448655,236,False,False,0.7537630554986688,0.202892686874504,True,20.730742767787333,0.2181391712275215
S0724,,1468,769.0,4,-0.007534847628249519,0.00028691547260044706,-0.10406676581705576,114,False,False,0.33772783125128,0.1684886072855288,True,20.383857868020307,0.233502538071066
S0725,,887,261.0,6,0.06698110698609416,0.1583887558915976,-0.2097469184486878,120,False,False,0.28299713291009626,0.26704956221105036,True,23.1284440227704,0.2998102466793169
S0726,,741,18.0,7,0.08783975327632287,0.4368027155149523,-0.05367540559980556,198,False,False,0.030872414499283227,0.13091695349350385,True,20.556195652173916,0.18478260869565216
S0727,,1689,1279.0,5,0.004123569492553658,0.04548036128006763,-0.03939912196115702,49,False,False,0.18387773909481875,0.1425977123492192,True,19.707824675324677,0.1038961038961039
S0728,,652,201.0,6,0.4032376025874085,0.9080784268181119,-0.0900877516883904,141,False,False,0.32738582838419006,0.14673041957768654,True,19.282652388797363,0.16474464579901152
S0729,,574,92.0,4,0.03784865707496432,0.15085022107165166,-0.11197137966142821,230,False,False,0.09092770837599837,0.18547970733584068,True,21.737016949152544,0.23728813559322035
S0730,,1063,572.0,5,0.045655939293146375,0.1528436378938807,-0.20822300041157138,245,False,False,0.5302580380913373,0.20970128489023881,True,20.22042931937173,0.20104712041884817
S0731,,652,197.0,6,0.5116252273236914,0.7006237421212637,-0.22814757026968036,122,False,False,0.5034814663116937,0.15069865051004502,True,19.37950800915332,0.16361556064073227
S0732,,1132,114.0,5,-0.16026347392175266,-0.4700151395420868,-0.20973803186430873,69,False,False,0.18001228752815893,0.13791403574225392,True,18.357156549520766,0.12779552715654952
S0733,,859,355.0,4,0.02177358039716526,0.09014608270500739,-0.14332565529234667,159,False,False,0.7782357157485152,0.20571075272766423,True,20.781871118012425,0.2267080745341615
S0734,,1016,36.0,7,0.053506625630511895,0.3053586690896724,-0.056602028986615725,139,False,False,0.0494828998566455,0.10907682422941022,True,20.936627218934913,0.20710059171597633
S0735,,838,110.0,3,0.013229296012168712,0.06651542951225271,-0.14037986552874318,98,False,False,0.15420847839442967,0.1778417570916837,True,21.484150943396227,0.25157232704402516
S0736,,632,16.0,5,0.07696673995129744,0.7883881536738536,-0.018376163935242516,265,False,False,0.06258959655949212,0.0999013235659623,True,18.747194244604316,0.13309352517985612
S0737,,963,48.0,7,-0.04866301083232427,-0.3652622423218896,-0.07137776960872746,194,False,False,0.10787425762850707,0.131002468724733,True,20.12392857142857,0.22142857142857142
S0738,,974,409.0,6,0.48038745569985974,0.8482654255530406,-0.09290713039184531,266,False,False,0.3824749129633422,0.12976823418902036,True,18.852843665768194,0.14555256064690028
S0739,,466,110.0,7,0.004441478345385885,0.03857489330089692,-0.13640872621348593,161,False,False,0.24380503788654515,0.19755587991655013,True,19.75198473282443,0.1736641221374046
S0740,,1804,92.0,6,0.1211158318299983,0.39190447263104294,-0.13149253728271468,94,False,False,0.103829612942863,0.1647251957819983,True,21.364336283185843,0.26991150442477874
S0741,,1575,630.0,4,0.040291072697479446,0.17563400239189536,-0.12076823429394797,48,False,False,0.3617909072291624,0.15452713288624123,True,19.202680412371137,0.16494845360824742
S0742,,1689,1236.5,6,-0.011365102605180089,0.010121092547749545,-0.1869956398428414,44,False,False,0.18840876510342003,0.2934992242541459,True,23.283375796178344,0.20382165605095542
S0743,,927,38.0,5,0.05483449258075779,0.3654969926676061,-0.045089790802529756,223,False,False,0.0868318656563588,0.1400703352394817,True,21.069965635738832,0.23024054982817868
S0744,,1881,15.0,6,-0.10735907062896677,-0.7004948940717469,-0.11636365698056082,102,False,False,0.017560925660454637,0.18350956893308548,True,23.516097560975613,0.36585365853658536
S0745,,6644,5009.700000000001,2,-0.12212720932380383,-0.22311770205516746,-0.24246283287787124,11,False,False,0.6311181650624617,0.21799010885138778,False,20.779906639004146,0.2095435684647303
S0746,,6644,4365.5,5,-0.08976753851648278,-0.17965056225324016,-0.2270289461680094,14,False,False,0.7107823059594511,0.20976071171547192,False,20.773560257589697,0.20699172033118676
S0747,,1132,28.0,6,-0.036940635160156665,-0.1488408497963178,-0.08638633788194566,124,False,False,0.08649907843538808,0.21175446742189596,True,18.972098214285715,0.14285714285714285
S0748,,958,128.0,6,0.04664075253292088,0.22123447538546154,-0.1437906464526876,225,False,False,0.16892791316813435,0.18251789486461856,True,22.205491183879094,0.2619647355163728
S0749,,1010,340.0,4,0.04244430808590649,0.30866694143096873,-0.07234777340164042,188,False,False,0.9162912144173664,0.2001367747639499,True,20.715703395703397,0.21621621621621623
S0750,,1467,303.0,8,0.20540995391658323,0.27428369338301334,-0.33293162611967236,166,False,False,0.8336575875486382,0.20269238978774515,True,20.694008778346745,0.21872713972201902
S0751,,922,365.0,2,0.08776499530836546,0.21320805970722936,-0.20255382549078224,156,False,False,0.7752918287937743,0.20433203089486382,True,20.77811638591118,0.22052067381316998
S0752,,1076,161.40000000000146,4,0.003156171669307817,0.037873494506742406,-0.1558598128632325,116,False,False,0.15454126561540038,0.16899490573410147,True,21.009006211180125,0.18944099378881987
S0753,,649,31.0,9,0.03897906169413545,0.331310407550688,-0.03944445536202455,426,False,False,0.16211857464673357,0.11044201171228263,True,18.76447013487476,0.15028901734104047
S0754,,863,318.0,6,0.019762762171819936,0.08384273668664512,-0.19115509473462283,453,False,False,0.5385265205816097,0.21218319910327846,True,21.040915032679738,0.2250233426704015
S0755,,649,31.0,7,0.05017898467735282,0.3185345831808773,-0.03918656962037078,485,False,False,0.15088060618472252,0.10256424823765632,True,18.92405737704918,0.16393442622950818
S0756,,1097,395.0,10,0.22458054852175047,0.6138582481923406,-0.13780076856726067,171,False,False,0.493318656563588,0.14419327559205425,True,19.07171821305842,0.15234822451317298
S0757,,620,366.0,4,0.24351440976362837,0.6316972313446778,-0.08498969257348983,139,False,False,0.3317376612738071,0.12816515786252858,True,19.232156862745097,0.13562091503267973
S0758,,1132,24.700000000000728,7,0.024126554193725447,0.559879699627385,-0.014504469666820782,130,False,False,0.03563383166086422,0.11685783123944157,True,18.815753424657533,0.136986301369863
S0759,,1684,703.0,4,-0.39208723236673837,-0.8122336805343386,-0.43031153763641233,74,False,False,0.7362533278722098,0.20513647710741056,True,20.645758354755785,0.19965724078834618
S0760,,4063,15.600000000000023,6,-0.00590080763260592,-0.12954972447214008,-0.023314972973330638,20,False,False,0.003123080073725169,0.12430405800686757,True,20.770000000000003,0.25
S0761,,530,32.5,5,0.10281893339822434,0.6601910204210822,-0.038731614650035696,218,False,False,0.09622670489453206,0.13189334406751851,True,20.324837662337664,0.19480519480519481
S0762,,504,160.0,9,0.09483546654065322,0.5156730168211816,-0.035601559822637206,369,False,False,0.35185848863403646,0.14658307595822437,True,19.727550505050502,0.17676767676767677
S0763,,806,20.0,7,0.0059393157562714904,0.07613815358845064,-0.031815658003689115,145,False,False,0.026162195371697727,0.09761382555223212,True,20.969571428571427,0.24285714285714285
S0764,,783,92.0,8,0.15175285301330899,0.7958152668156757,-0.03421532702962261,246,False,False,0.20965594921155029,0.12917991626807251,True,20.002058212058213,0.18087318087318088
S0765,,1097,352.0,8,0.1846903085985867,0.4739800959643962,-0.19044854717995527,103,False,False,0.5785889821830842,0.14642686576153732,True,19.20443987667009,0.1551901336073998
S0766,,1130,471.0,5,0.04997204203899597,0.4932369106640441,-0.019493650013245,111,False,False,0.1489862789268892,0.14880933652611833,True,19.586171617161718,0.1782178217821782
S0767,,474,189.0,2,0.10218083869388983,0.7633495372807171,-0.03354237144277007,204,False,False,0.28581302477984843,0.1589207602989395,True,20.228920634920637,0.19206349206349208
S0768,,1080,559.0,7,-0.021387341810693017,0.03794670343897393,-0.3411577226024091,286,False,False,0.5547562973581814,0.20799880540311397,True,20.373402571711175,0.19386745796241345
S0769,,10367,1078.0,6,-0.010129085035396779,-0.12789140737632126,-0.04187445489602025,6,False,False,0.05078844972353062,0.11170621643457661,False,15.789749999999998,0.0375
S0770,,1043,339.0,7,0.05178583867325104,0.14408074744825736,-0.23636138419395866,277,False,False,0.7614939586319885,0.20331483002748987,True,20.785765696784072,0.21669218989280245
S0771,,1095,382.0,6,0.4068802978702326,0.8009918530591019,-0.15107544421727007,104,False,False,0.5817120622568094,0.14770554327869917,True,19.20402862985685,0.15439672801635992
S0772,,3584,2327.0,4,0.011528010399723954,0.0836778099637612,-0.326909759149829,17,False,False,0.6883063690354291,0.21804103856538573,False,21.745309229305423,0.2597526165556613
S0773,,10624,27.700000000000045,7,-0.012122544356166332,-0.5106229509343673,-0.014796946317917364,8,False,False,0.003993446651648577,0.08415999255420868,False,15.1875,0.0
S0774,,1044,401.2000000000007,3,0.3927933453294419,1.088714895676922,-0.06667023279354196,139,False,False,0.6182418595125947,0.1413866137367296,True,19.171481481481482,0.15194681861348527
S0775,,5423,17.400000000000034,5,-0.006075516246415669,-0.41280058754773485,-0.008749924247830963,12,False,False,0.0019455252918287938,0.09219205063840652,False,19.324545454545454,0.2727272727272727
S0776,,1684,514.7000000000007,4,0.03380715331668194,0.266143669006366,-0.04130513987722404,52,False,False,0.10551914806471431,0.1137219830098306,True,17.140406091370558,0.08121827411167512
S0777,,1097,308.0,8,0.6137027842561547,0.8503289614787156,-0.18242398534635776,104,False,False,0.5788705713700594,0.14681419762492867,True,19.210143589743588,0.15487179487179487
S0778,,10624,95.29999999999995,5,0.004190691488861864,0.15879344278436064,-0.014928378929114071,8,False,False,0.007782101167315175,0.05837119707411345,False,15.085,0.0
S0779,,922,431.0,3,0.8025989729744676,1.1321387826691443,-0.12407910125084816,152,False,False,0.4862021298382142,0.13876213799082412,True,18.930957943925232,0.14602803738317757
S0780,,872,327.0,6,0.23372183312111505,0.33332333101639183,-0.21233374596890953,386,False,False,0.6344716362891665,0.209463245548741,True,20.916737109044803,0.22485207100591717
S0781,,2103,29.0,7,-0.01190672685837757,-0.2166877315852122,-0.02883118337955243,10,False,False,0.0038910505836575876,0.1096435535303813,False,22.38461538461538,0.23076923076923078
S0782,,863,349.0,8,0.03497414023519063,0.19855581008719564,-0.06480393985444644,206,False,False,0.20975834527954126,0.12840686083674718,True,19.01260303687636,0.14533622559652928
S0783,,1279,1064.0,5,-0.02232006695966593,-0.18718506064292742,-0.06429720184077645,6,False,False,0.05368113864427606,0.11226691723606076,False,15.772261904761907,0.03571428571428571
S0784,,2022,1638.0,4,-0.01427218386218121,-0.12000506930905569,-0.049951891010009054,17,False,False,0.09650829408150727,0.16356923662488812,False,19.395384615384618,0.1987179487179487
S0785,,1881,21.0,9,-0.014620314415999758,-0.72851414363791,-0.016469853274880427,16,False,False,0.0024831046487814867,0.09116491118998864,False,20.12875,0.125
S0786,,591,323.0,4,-0.04764221659697121,-0.6207395918156721,-0.05940860502574464,77,False,False,0.1609922178988327,0.128909085892453,True,17.953000000000003,0.12
S0787,,7423,50.0,7,0.013930698076851655,0.23129557984857607,-0.014601987733057539,19,False,False,0.010495596969076388,0.1555573673708901,False,20.277199999999997,0.28
S0788,,1097,333.0,8,0.4448645329391292,0.8664539390637154,-0.13959599951309487,103,False,False,0.5785889821830842,0.14642686576153732,True,19.20443987667009,0.1551901336073998
S0789,,1093,670.0,5,0.010625833214223945,0.05974249441042268,-0.1764101198148234,129,False,False,0.20742883473274626,0.1329645729083473,True,18.61382352941176,0.14215686274509803
S0790,,5430,39.0,4,0.013829176613542105,0.2656176752975495,-0.028121772344023722,17,False,False,0.010572394020069629,0.11400698881278343,False,18.79923076923077,0.15384615384615385
S0791,,865,678.0,5,-0.03699370311835537,-0.08337122392159273,-0.1634386558431244,19,False,False,0.08322240425967643,0.434044579349488,False,29.928345323741006,0.49640287769784175
S0792,,10624,42.0,6,-0.005152707922698063,-0.2034166102978507,-0.017001872344792814,8,False,False,0.002227114478804014,0.06072559348290472,False,15.968999999999998,0.0
S0793,,10624,12.0,6,-0.0063414772153308485,-0.5992852785933804,-0.008813496629575797,8,False,False,0.0008191685439279131,0.09329731365110742,False,15.76125,0.0
S0794,,1618,689.0,2,0.4307820617364404,0.5972096711471254,-0.18773974682986316,55,False,False,0.6036248208068811,0.14281323162219003,True,18.96085062240664,0.1421161825726141
S0795,,1092,52.0,9,-0.0010734156700568098,0.019152210272428295,-0.101176219176357,307,False,False,0.1797306983411837,0.09843869459178924,True,18.265875831485587,0.12638580931263857
S0796,,922,345.0,5,0.15129311027112569,0.5571743915254953,-0.05837155830928923,159,False,False,0.7870673766127381,0.20410407442935166,True,20.778362264150946,0.22037735849056603
S0797,,506,159.0,7,0.647871248372657,1.2498251690852558,-0.07206803735503967,220,False,False,0.47155949211550274,0.14774397991292829,True,19.29677094972067,0.15865921787709497
S0798,,1081,549.0,4,0.02395529344365377,0.10425608590616377,-0.3630878567752998,167,False,False,0.740989146016793,0.2057507941475419,True,20.847668863261944,0.23476112026359144
S0799,,966,43.0,6,-0.010114367424300497,-0.2643283318832418,-0.018264396954064715,17,False,False,0.009702027442146221,0.12001224098497303,False,20.52692307692308,0.15384615384615385
