note: "version 2" Tectonic command-line interface activated
note: Running TeX ...
warning: libertine.sty:308: 
Requested font "[LinLibertine_R.otf]/OT" at 8.99997pt
warning: libertine.sty:308: Requested font "[LinLibertine_R.otf]/OT" at 9.00003pt
warning: libertine.sty:308: Requested font "[LinLibertine_R.otf]/OT:script=latn;language=dflt;" at 9.00003pt
warning: libertine.sty:308: Requested font "[LinLibertine_RB.otf]/OT:script=latn;language=dflt;" at 9.00003pt
warning: libertine.sty:308: Requested font "[LinLibertine_RI.otf]/OT:script=latn;language=dflt;" at 9.00003pt
warning: libertine.sty:308: Requested font "[LinLibertine_RBI.otf]/OT:script=latn;language=dflt;" at 9.00003pt
warning: libertine.sty:308: Requested font "[LinLibertine_R.otf]/OT:script=latn;language=dflt;+tnum;+lnum;mapping=tex-text;" at 9.0pt
warning: libertine.sty:319: Requested font "[LinBiolinum_R.otf]/OT" at 8.99997pt
warning: libertine.sty:319: Requested font "[LinBiolinum_R.otf]/OT" at 9.00003pt
warning: libertine.sty:319: Requested font "[LinBiolinum_R.otf]/OT:script=latn;language=dflt;" at 9.00003pt
warning: libertine.sty:319: Requested font "[LinBiolinum_RB.otf]/OT:script=latn;language=dflt;" at 9.00003pt
warning: libertine.sty:319: Requested font "[LinBiolinum_RI.otf]/OT:script=latn;language=dflt;" at 9.00003pt
warning: libertine.sty:319: Requested font "[LinBiolinum_RBO.otf]/OT:script=latn;language=dflt;" at 9.00003pt
warning: libertine.sty:338: Requested font "[LinLibertine_RZ.otf]/OT" at 8.99997pt
warning: libertine.sty:338: Requested font "[LinLibertine_RZ.otf]/OT" at 9.00003pt
warning: libertine.sty:338: Requested font "[LinLibertine_RZ.otf]/OT:script=latn;language=dflt;" at 9.00003pt
warning: libertine.sty:338: Requested font "[LinLibertine_RZI.otf]/OT:script=latn;language=dflt;" at 9.00003pt
warning: libertine.sty:361: Requested font "[LinLibertine_DR.otf]/OT" at 8.99997pt
warning: libertine.sty:361: Requested font "[LinLibertine_DR.otf]/OT" at 9.00003pt
warning: libertine.sty:361: Requested font "[LinLibertine_DR.otf]/OT:script=latn;language=dflt;" at 9.00003pt
warning: libertine.sty:435: Requested font "[LinLibertine_M.otf]/OT" at 8.99997pt
warning: libertine.sty:435: Requested font "[LinLibertine_M.otf]/OT" at 9.00003pt
warning: libertine.sty:435: Requested font "[LinLibertine_M.otf]/OT:script=latn;language=dflt;" at 9.00003pt
warning: libertine.sty:435: Requested font "[LinLibertine_MB.otf]/OT:script=latn;language=dflt;" at 9.00003pt
warning: libertine.sty:435: Requested font "[LinLibertine_MO.otf]/OT:script=latn;language=dflt;" at 9.00003pt
warning: libertine.sty:435: Requested font "[LinLibertine_MBO.otf]/OT:script=latn;language=dflt;" at 9.00003pt
warning: libertine.sty:436: Requested font "[LinBiolinum_K.otf]/OT" at 8.99997pt
warning: libertine.sty:436: Requested font "[LinBiolinum_K.otf]/OT" at 9.00003pt
warning: libertine.sty:436: Requested font "[LinBiolinum_K.otf]/OT:script=latn;language=dflt;" at 9.00003pt
warning: libertine.sty:437: Requested font "[LinLibertine_I.otf]/OT" at 8.99997pt
warning: libertine.sty:437: Requested font "[LinLibertine_I.otf]/OT" at 9.00003pt
warning: libertine.sty:437: Requested font "[LinLibertine_I.otf]/OT:script=latn;language=dflt;" at 9.00003pt
warning: acmart.cls:815: 
Requested font "[Inconsolatazi4-Regular.otf]/OT" at 8.99997pt
warning: acmart.cls:815: Requested font "[Inconsolatazi4-Regular.otf]/OT" at 9.00003pt
warning: acmart.cls:815: Requested font "[Inconsolatazi4-Regular.otf]/OT:script=latn;language=dflt;" at 9.00003pt
warning: acmart.cls:815: Requested font "[Inconsolatazi4-Bold.otf]/OT:script=latn;language=dflt;" at 9.00003pt
warning: main.tex:10: Requested font "[LinLibertine_R.otf]/OT:script=latn;language=dflt;+tnum;+lnum;mapping=tex-text;" at 7.0pt
warning: main.tex:10: 
Requested font "MinLibReg-ot1" at 7.3pt
warning: main.tex:10:  -> MinLibReg-ot1
warning: main.tex:10: Requested font "MinLibReg-ot1" at 5.5pt
warning: main.tex:10:  -> MinLibReg-ot1
warning: main.tex:10: Requested font "nxlmi7" at 7.3pt
warning: main.tex:10:  -> nxlmi7
warning: main.tex:10: Requested font "nxlmi5" at 5.5pt
warning: main.tex:10:  -> nxlmi5
warning: main.tex:10: Requested font "ntxsy7" at 7.3pt
warning: main.tex:10:  -> ntxsy7
warning: main.tex:10: Requested font "ntxsy5" at 5.5pt
warning: main.tex:10:  -> ntxsy5
warning: main.tex:10: Requested font "ntxexx" at 7.3pt
warning: main.tex:10:  -> ntxexx
warning: main.tex:10: Requested font "ntxexx" at 5.5pt
warning: main.tex:10:  -> ntxexx
warning: main.tex:10: 
Requested font "msam7" at 7.3pt
warning: main.tex:10:  -> msam7
warning: main.tex:10: Requested font "msam5" at 5.5pt
warning: main.tex:10:  -> msam5
warning: main.tex:10: 
Requested font "msbm7" at 7.3pt
warning: main.tex:10:  -> msbm7
warning: main.tex:10: Requested font "msbm5" at 5.5pt
warning: main.tex:10:  -> msbm5
warning: main.tex:10: 
Requested font "nxlmia" at 7.3pt
warning: main.tex:10:  -> nxlmia
warning: main.tex:10: Requested font "nxlmia" at 5.5pt
warning: main.tex:10:  -> nxlmia
warning: main.tex:10: 
Requested font "ntxsym" at 7.3pt
warning: main.tex:10:  -> ntxsym
warning: main.tex:10: Requested font "ntxsym" at 5.5pt
warning: main.tex:10:  -> ntxsym
warning: main.tex:10: 
Requested font "ntxsyc" at 7.3pt
warning: main.tex:10:  -> ntxsyc
warning: main.tex:10: Requested font "ntxsyc" at 5.5pt
warning: main.tex:10:  -> ntxsyc
warning: main.tex:10: Requested font "ntxexa" at 7.3pt
warning: main.tex:10:  -> ntxexa
warning: main.tex:10: Requested font "ntxexa" at 5.5pt
warning: main.tex:10:  -> ntxexa
warning: main.tex:55: Requested font "[LinLibertine_R.otf]/OT:script=latn;language=dflt;+tnum;+lnum;mapping=tex-text;" at 17.28pt
warning: main.tex:55: Requested font "[LinBiolinum_R.otf]/OT:script=latn;language=dflt;+tnum;+lnum;mapping=tex-text;" at 17.28pt
warning: main.tex:55: Requested font "[LinBiolinum_RB.otf]/OT:script=latn;language=dflt;+tnum;+lnum;mapping=tex-text;" at 17.28pt
warning: main.tex:55: Requested font "[LinBiolinum_RB.otf]/OT:script=latn;language=dflt;+tnum;+lnum;mapping=tex-text;" at 9.0pt
warning: main.tex:55: Requested font "[LinBiolinum_RB.otf]/OT:script=latn;language=dflt;+tnum;+lnum;mapping=tex-text;" at 12.0pt
warning: main.tex:55: Requested font "[LinBiolinum_R.otf]/OT:script=latn;language=dflt;+tnum;+lnum;mapping=tex-text;" at 12.0pt
warning: main.tex:55: Requested font "[LinLibertine_R.otf]/OT:script=latn;language=dflt;+tnum;+lnum;mapping=tex-text;" at 12.0pt
warning: main.tex:55: Requested font "[LinLibertine_RB.otf]/OT:script=latn;language=dflt;+tnum;+lnum;mapping=tex-text;" at 12.0pt
warning: main.tex:55: Requested font "[LinLibertine_R.otf]/OT:script=latn;language=dflt;+tnum;+lnum;mapping=tex-text;" at 10.0pt
warning: main.tex:55: Requested font "[LinLibertine_RB.otf]/OT:script=latn;language=dflt;+tnum;+lnum;mapping=tex-text;" at 10.0pt
warning: main.tex:55: Requested font "[LinLibertine_RB.otf]/OT:script=latn;language=dflt;+tnum;+lnum;mapping=tex-text;" at 9.0pt
warning: main.tex:55: Requested font "[LinLibertine_RB.otf]/OT:script=latn;language=dflt;+tnum;+lnum;mapping=tex-text;" at 10.95pt
warning: main.tex:55: Requested font "[LinLibertine_RI.otf]/OT:script=latn;language=dflt;+tnum;+lnum;mapping=tex-text;" at 9.0pt
warning: main.tex:55: Requested font "MinLibReg-ot1" at 9.0pt
warning: main.tex:55:  -> MinLibReg-ot1
warning: main.tex:55: Requested font "nxlmi" at 9.0pt
warning: main.tex:55:  -> nxlmi
warning: main.tex:55: Requested font "ntxsy" at 9.0pt
warning: main.tex:55:  -> ntxsy
warning: main.tex:55: Requested font "ntxexx" at 9.0pt
warning: main.tex:55:  -> ntxexx
warning: main.tex:55: Requested font "msam10" at 9.0pt
warning: main.tex:55:  -> msam10
warning: main.tex:55: 
Requested font "msbm10" at 9.0pt
warning: main.tex:55:  -> msbm10
warning: main.tex:55: 
Requested font "nxlmia" at 9.0pt
warning: main.tex:55:  -> nxlmia
warning: main.tex:55: Requested font "ntxsym" at 9.0pt
warning: main.tex:55:  -> ntxsym
warning: main.tex:55: Requested font "ntxsyc" at 9.0pt
warning: main.tex:55:  -> ntxsyc
warning: main.tex:55: Requested font "ntxexa" at 9.0pt
warning: main.tex:55:  -> ntxexa
warning: main.tex:87: Requested font "[Inconsolatazi4-Regular.otf]/OT:script=latn;language=dflt;+ss03;" at 9.0pt
warning: main.tex:112: Underfull \vbox (badness 1320) has occurred while \output is active
warning: main.tex:148: Overfull \hbox (4.77701pt too wide) in paragraph at lines 137--148
warning: main.tex:153: Requested font "[LinLibertine_R.otf]/OT:script=latn;language=dflt;+tnum;+lnum;mapping=tex-text;" at 8.0pt
warning: table1.tex:1: 
Requested font "MinLibReg-ot1" at 8.0pt
warning: table1.tex:1:  -> MinLibReg-ot1
warning: table1.tex:1: Requested font "MinLibReg-ot1" at 6.2pt
warning: table1.tex:1:  -> MinLibReg-ot1
warning: table1.tex:1: Requested font "nxlmi7" at 8.0pt
warning: table1.tex:1:  -> nxlmi7
warning: table1.tex:1: Requested font "nxlmi5" at 6.2pt
warning: table1.tex:1:  -> nxlmi5
warning: table1.tex:1: Requested font "ntxsy7" at 8.0pt
warning: table1.tex:1:  -> ntxsy7
warning: table1.tex:1: Requested font "ntxsy5" at 6.2pt
warning: table1.tex:1:  -> ntxsy5
warning: table1.tex:1: Requested font "ntxexx" at 8.0pt
warning: table1.tex:1:  -> ntxexx
warning: table1.tex:1: Requested font "ntxexx" at 6.2pt
warning: table1.tex:1:  -> ntxexx
warning: table1.tex:1: Requested font "msam10" at 8.0pt
warning: table1.tex:1:  -> msam10
warning: table1.tex:1: Requested font "msam7" at 6.2pt
warning: table1.tex:1:  -> msam7
warning: table1.tex:1: Requested font "msbm10" at 8.0pt
warning: table1.tex:1:  -> msbm10
warning: table1.tex:1: Requested font "msbm7" at 6.2pt
warning: table1.tex:1:  -> msbm7
warning: table1.tex:1: Requested font "nxlmia" at 8.0pt
warning: table1.tex:1:  -> nxlmia
warning: table1.tex:1: Requested font "nxlmia" at 6.2pt
warning: table1.tex:1:  -> nxlmia
warning: table1.tex:1: Requested font "ntxsym" at 8.0pt
warning: table1.tex:1:  -> ntxsym
warning: table1.tex:1: Requested font "ntxsym" at 6.2pt
warning: table1.tex:1:  -> ntxsym
warning: table1.tex:1: Requested font "ntxsyc" at 8.0pt
warning: table1.tex:1:  -> ntxsyc
warning: table1.tex:1: Requested font "ntxsyc" at 6.2pt
warning: table1.tex:1:  -> ntxsyc
warning: table1.tex:1: Requested font "ntxexa" at 8.0pt
warning: table1.tex:1:  -> ntxexa
warning: table1.tex:1: Requested font "ntxexa" at 6.2pt
warning: table1.tex:1:  -> ntxexa
warning: main.tex:180: Underfull \vbox (badness 10000) has occurred while \output is active
warning: main.tex:195: Overfull \hbox (2.0273pt too wide) in paragraph at lines 187--195
warning: main.tex:210: Requested font "[LinBiolinum_R.otf]/OT:script=latn;language=dflt;+tnum;+lnum;mapping=tex-text;" at 9.0pt
warning: main.tex:210: Requested font "[LinBiolinum_R.otf]/OT:script=latn;language=dflt;+tnum;+lnum;mapping=tex-text;" at 7.0pt
warning: main.tex:210: Requested font "[LinBiolinum_RB.otf]/OT:script=latn;language=dflt;+tnum;+lnum;mapping=tex-text;" at 7.0pt
warning: main.tex:220: Overfull \hbox (1.13628pt too wide) in paragraph at lines 211--220
warning: main.tex:243: Overfull \hbox (5.6693pt too wide) in paragraph at lines 230--243
warning: main.tex:243: Underfull \vbox (badness 10000) has occurred while \output is active
warning: main.tex:258: Overfull \hbox (9.90529pt too wide) in paragraph at lines 245--258
warning: main.tex:269: Requested font "MinLibReg-ot1" at 10.95pt
warning: main.tex:269:  -> MinLibReg-ot1
warning: main.tex:269: Requested font "MinLibReg-ot1" at 6.1pt
warning: main.tex:269:  -> MinLibReg-ot1
warning: main.tex:269: Requested font "nxlmi" at 10.95pt
warning: main.tex:269:  -> nxlmi
warning: main.tex:269: Requested font "nxlmi5" at 6.1pt
warning: main.tex:269:  -> nxlmi5
warning: main.tex:269: Requested font "ntxsy" at 10.95pt
warning: main.tex:269:  -> ntxsy
warning: main.tex:269: Requested font "ntxsy5" at 6.1pt
warning: main.tex:269:  -> ntxsy5
warning: main.tex:269: Requested font "ntxexx" at 10.95pt
warning: main.tex:269:  -> ntxexx
warning: main.tex:269: Requested font "ntxexx" at 6.1pt
warning: main.tex:269:  -> ntxexx
warning: main.tex:269: Requested font "msam10" at 10.95pt
warning: main.tex:269:  -> msam10
warning: main.tex:269: Requested font "msam7" at 6.1pt
warning: main.tex:269:  -> msam7
warning: main.tex:269: Requested font "msbm10" at 10.95pt
warning: main.tex:269:  -> msbm10
warning: main.tex:269: Requested font "msbm7" at 6.1pt
warning: main.tex:269:  -> msbm7
warning: main.tex:269: Requested font "nxlmia" at 10.95pt
warning: main.tex:269:  -> nxlmia
warning: main.tex:269: Requested font "nxlmia" at 6.1pt
warning: main.tex:269:  -> nxlmia
warning: main.tex:269: Requested font "ntxsym" at 10.95pt
warning: main.tex:269:  -> ntxsym
warning: main.tex:269: Requested font "ntxsym" at 6.1pt
warning: main.tex:269:  -> ntxsym
warning: main.tex:269: Requested font "ntxsyc" at 10.95pt
warning: main.tex:269:  -> ntxsyc
warning: main.tex:269: Requested font "ntxsyc" at 6.1pt
warning: main.tex:269:  -> ntxsyc
warning: main.tex:269: Requested font "ntxexa" at 10.95pt
warning: main.tex:269:  -> ntxexa
warning: main.tex:269: Requested font "ntxexa" at 6.1pt
warning: main.tex:269:  -> ntxexa
note: Running BibTeX on main.aux ...
note: warnings were issued by BibTeX; use --print and/or --keep-logs for details.
note: Rerunning TeX because bibtex was run ...
warning: libertine.sty:308: 
Requested font "[LinLibertine_R.otf]/OT" at 8.99997pt
warning: libertine.sty:308: Requested font "[LinLibertine_R.otf]/OT" at 9.00003pt
warning: libertine.sty:308: Requested font "[LinLibertine_R.otf]/OT:script=latn;language=dflt;" at 9.00003pt
warning: libertine.sty:308: Requested font "[LinLibertine_RB.otf]/OT:script=latn;language=dflt;" at 9.00003pt
warning: libertine.sty:308: Requested font "[LinLibertine_RI.otf]/OT:script=latn;language=dflt;" at 9.00003pt
warning: libertine.sty:308: Requested font "[LinLibertine_RBI.otf]/OT:script=latn;language=dflt;" at 9.00003pt
warning: libertine.sty:308: Requested font "[LinLibertine_R.otf]/OT:script=latn;language=dflt;+tnum;+lnum;mapping=tex-text;" at 9.0pt
warning: libertine.sty:319: Requested font "[LinBiolinum_R.otf]/OT" at 8.99997pt
warning: libertine.sty:319: Requested font "[LinBiolinum_R.otf]/OT" at 9.00003pt
warning: libertine.sty:319: Requested font "[LinBiolinum_R.otf]/OT:script=latn;language=dflt;" at 9.00003pt
warning: libertine.sty:319: Requested font "[LinBiolinum_RB.otf]/OT:script=latn;language=dflt;" at 9.00003pt
warning: libertine.sty:319: Requested font "[LinBiolinum_RI.otf]/OT:script=latn;language=dflt;" at 9.00003pt
warning: libertine.sty:319: Requested font "[LinBiolinum_RBO.otf]/OT:script=latn;language=dflt;" at 9.00003pt
warning: libertine.sty:338: Requested font "[LinLibertine_RZ.otf]/OT" at 8.99997pt
warning: libertine.sty:338: Requested font "[LinLibertine_RZ.otf]/OT" at 9.00003pt
warning: libertine.sty:338: Requested font "[LinLibertine_RZ.otf]/OT:script=latn;language=dflt;" at 9.00003pt
warning: libertine.sty:338: Requested font "[LinLibertine_RZI.otf]/OT:script=latn;language=dflt;" at 9.00003pt
warning: libertine.sty:361: Requested font "[LinLibertine_DR.otf]/OT" at 8.99997pt
warning: libertine.sty:361: Requested font "[LinLibertine_DR.otf]/OT" at 9.00003pt
warning: libertine.sty:361: Requested font "[LinLibertine_DR.otf]/OT:script=latn;language=dflt;" at 9.00003pt
warning: libertine.sty:435: Requested font "[LinLibertine_M.otf]/OT" at 8.99997pt
warning: libertine.sty:435: Requested font "[LinLibertine_M.otf]/OT" at 9.00003pt
warning: libertine.sty:435: Requested font "[LinLibertine_M.otf]/OT:script=latn;language=dflt;" at 9.00003pt
warning: libertine.sty:435: Requested font "[LinLibertine_MB.otf]/OT:script=latn;language=dflt;" at 9.00003pt
warning: libertine.sty:435: Requested font "[LinLibertine_MO.otf]/OT:script=latn;language=dflt;" at 9.00003pt
warning: libertine.sty:435: Requested font "[LinLibertine_MBO.otf]/OT:script=latn;language=dflt;" at 9.00003pt
warning: libertine.sty:436: Requested font "[LinBiolinum_K.otf]/OT" at 8.99997pt
warning: libertine.sty:436: Requested font "[LinBiolinum_K.otf]/OT" at 9.00003pt
warning: libertine.sty:436: Requested font "[LinBiolinum_K.otf]/OT:script=latn;language=dflt;" at 9.00003pt
warning: libertine.sty:437: Requested font "[LinLibertine_I.otf]/OT" at 8.99997pt
warning: libertine.sty:437: Requested font "[LinLibertine_I.otf]/OT" at 9.00003pt
warning: libertine.sty:437: Requested font "[LinLibertine_I.otf]/OT:script=latn;language=dflt;" at 9.00003pt
warning: acmart.cls:815: 
Requested font "[Inconsolatazi4-Regular.otf]/OT" at 8.99997pt
warning: acmart.cls:815: Requested font "[Inconsolatazi4-Regular.otf]/OT" at 9.00003pt
warning: acmart.cls:815: Requested font "[Inconsolatazi4-Regular.otf]/OT:script=latn;language=dflt;" at 9.00003pt
warning: acmart.cls:815: Requested font "[Inconsolatazi4-Bold.otf]/OT:script=latn;language=dflt;" at 9.00003pt
warning: main.tex:10: Requested font "[LinLibertine_R.otf]/OT:script=latn;language=dflt;+tnum;+lnum;mapping=tex-text;" at 7.0pt
warning: main.tex:10: 
Requested font "MinLibReg-ot1" at 7.3pt
warning: main.tex:10:  -> MinLibReg-ot1
warning: main.tex:10: Requested font "MinLibReg-ot1" at 5.5pt
warning: main.tex:10:  -> MinLibReg-ot1
warning: main.tex:10: Requested font "nxlmi7" at 7.3pt
warning: main.tex:10:  -> nxlmi7
warning: main.tex:10: Requested font "nxlmi5" at 5.5pt
warning: main.tex:10:  -> nxlmi5
warning: main.tex:10: Requested font "ntxsy7" at 7.3pt
warning: main.tex:10:  -> ntxsy7
warning: main.tex:10: Requested font "ntxsy5" at 5.5pt
warning: main.tex:10:  -> ntxsy5
warning: main.tex:10: Requested font "ntxexx" at 7.3pt
warning: main.tex:10:  -> ntxexx
warning: main.tex:10: Requested font "ntxexx" at 5.5pt
warning: main.tex:10:  -> ntxexx
warning: main.tex:10: 
Requested font "msam7" at 7.3pt
warning: main.tex:10:  -> msam7
warning: main.tex:10: Requested font "msam5" at 5.5pt
warning: main.tex:10:  -> msam5
warning: main.tex:10: 
Requested font "msbm7" at 7.3pt
warning: main.tex:10:  -> msbm7
warning: main.tex:10: Requested font "msbm5" at 5.5pt
warning: main.tex:10:  -> msbm5
warning: main.tex:10: 
Requested font "nxlmia" at 7.3pt
warning: main.tex:10:  -> nxlmia
warning: main.tex:10: Requested font "nxlmia" at 5.5pt
warning: main.tex:10:  -> nxlmia
warning: main.tex:10: 
Requested font "ntxsym" at 7.3pt
warning: main.tex:10:  -> ntxsym
warning: main.tex:10: Requested font "ntxsym" at 5.5pt
warning: main.tex:10:  -> ntxsym
warning: main.tex:10: 
Requested font "ntxsyc" at 7.3pt
warning: main.tex:10:  -> ntxsyc
warning: main.tex:10: Requested font "ntxsyc" at 5.5pt
warning: main.tex:10:  -> ntxsyc
warning: main.tex:10: Requested font "ntxexa" at 7.3pt
warning: main.tex:10:  -> ntxexa
warning: main.tex:10: Requested font "ntxexa" at 5.5pt
warning: main.tex:10:  -> ntxexa
warning: main.tex:55: Requested font "[LinLibertine_R.otf]/OT:script=latn;language=dflt;+tnum;+lnum;mapping=tex-text;" at 17.28pt
warning: main.tex:55: Requested font "[LinBiolinum_R.otf]/OT:script=latn;language=dflt;+tnum;+lnum;mapping=tex-text;" at 17.28pt
warning: main.tex:55: Requested font "[LinBiolinum_RB.otf]/OT:script=latn;language=dflt;+tnum;+lnum;mapping=tex-text;" at 17.28pt
warning: main.tex:55: Requested font "[LinBiolinum_RB.otf]/OT:script=latn;language=dflt;+tnum;+lnum;mapping=tex-text;" at 9.0pt
warning: main.tex:55: Requested font "[LinBiolinum_RB.otf]/OT:script=latn;language=dflt;+tnum;+lnum;mapping=tex-text;" at 12.0pt
warning: main.tex:55: Requested font "[LinBiolinum_R.otf]/OT:script=latn;language=dflt;+tnum;+lnum;mapping=tex-text;" at 12.0pt
warning: main.tex:55: Requested font "[LinLibertine_R.otf]/OT:script=latn;language=dflt;+tnum;+lnum;mapping=tex-text;" at 12.0pt
warning: main.tex:55: Requested font "[LinLibertine_RB.otf]/OT:script=latn;language=dflt;+tnum;+lnum;mapping=tex-text;" at 12.0pt
warning: main.tex:55: Requested font "[LinLibertine_R.otf]/OT:script=latn;language=dflt;+tnum;+lnum;mapping=tex-text;" at 10.0pt
warning: main.tex:55: Requested font "[LinLibertine_RB.otf]/OT:script=latn;language=dflt;+tnum;+lnum;mapping=tex-text;" at 10.0pt
warning: main.tex:55: Requested font "[LinLibertine_RB.otf]/OT:script=latn;language=dflt;+tnum;+lnum;mapping=tex-text;" at 9.0pt
warning: main.tex:55: Requested font "[LinLibertine_RB.otf]/OT:script=latn;language=dflt;+tnum;+lnum;mapping=tex-text;" at 10.95pt
warning: main.tex:55: Requested font "[LinLibertine_RI.otf]/OT:script=latn;language=dflt;+tnum;+lnum;mapping=tex-text;" at 9.0pt
warning: main.tex:55: Requested font "MinLibReg-ot1" at 9.0pt
warning: main.tex:55:  -> MinLibReg-ot1
warning: main.tex:55: Requested font "nxlmi" at 9.0pt
warning: main.tex:55:  -> nxlmi
warning: main.tex:55: Requested font "ntxsy" at 9.0pt
warning: main.tex:55:  -> ntxsy
warning: main.tex:55: Requested font "ntxexx" at 9.0pt
warning: main.tex:55:  -> ntxexx
warning: main.tex:55: Requested font "msam10" at 9.0pt
warning: main.tex:55:  -> msam10
warning: main.tex:55: 
Requested font "msbm10" at 9.0pt
warning: main.tex:55:  -> msbm10
warning: main.tex:55: 
Requested font "nxlmia" at 9.0pt
warning: main.tex:55:  -> nxlmia
warning: main.tex:55: Requested font "ntxsym" at 9.0pt
warning: main.tex:55:  -> ntxsym
warning: main.tex:55: Requested font "ntxsyc" at 9.0pt
warning: main.tex:55:  -> ntxsyc
warning: main.tex:55: Requested font "ntxexa" at 9.0pt
warning: main.tex:55:  -> ntxexa
warning: main.tex:87: Requested font "[Inconsolatazi4-Regular.otf]/OT:script=latn;language=dflt;+ss03;" at 9.0pt
warning: main.tex:112: Underfull \vbox (badness 1320) has occurred while \output is active
warning: main.tex:148: Overfull \hbox (4.77701pt too wide) in paragraph at lines 137--148
warning: main.tex:153: Requested font "[LinLibertine_R.otf]/OT:script=latn;language=dflt;+tnum;+lnum;mapping=tex-text;" at 8.0pt
warning: table1.tex:1: 
Requested font "MinLibReg-ot1" at 8.0pt
warning: table1.tex:1:  -> MinLibReg-ot1
warning: table1.tex:1: Requested font "MinLibReg-ot1" at 6.2pt
warning: table1.tex:1:  -> MinLibReg-ot1
warning: table1.tex:1: Requested font "nxlmi7" at 8.0pt
warning: table1.tex:1:  -> nxlmi7
warning: table1.tex:1: Requested font "nxlmi5" at 6.2pt
warning: table1.tex:1:  -> nxlmi5
warning: table1.tex:1: Requested font "ntxsy7" at 8.0pt
warning: table1.tex:1:  -> ntxsy7
warning: table1.tex:1: Requested font "ntxsy5" at 6.2pt
warning: table1.tex:1:  -> ntxsy5
warning: table1.tex:1: Requested font "ntxexx" at 8.0pt
warning: table1.tex:1:  -> ntxexx
warning: table1.tex:1: Requested font "ntxexx" at 6.2pt
warning: table1.tex:1:  -> ntxexx
warning: table1.tex:1: Requested font "msam10" at 8.0pt
warning: table1.tex:1:  -> msam10
warning: table1.tex:1: Requested font "msam7" at 6.2pt
warning: table1.tex:1:  -> msam7
warning: table1.tex:1: Requested font "msbm10" at 8.0pt
warning: table1.tex:1:  -> msbm10
warning: table1.tex:1: Requested font "msbm7" at 6.2pt
warning: table1.tex:1:  -> msbm7
warning: table1.tex:1: Requested font "nxlmia" at 8.0pt
warning: table1.tex:1:  -> nxlmia
warning: table1.tex:1: Requested font "nxlmia" at 6.2pt
warning: table1.tex:1:  -> nxlmia
warning: table1.tex:1: Requested font "ntxsym" at 8.0pt
warning: table1.tex:1:  -> ntxsym
warning: table1.tex:1: Requested font "ntxsym" at 6.2pt
warning: table1.tex:1:  -> ntxsym
warning: table1.tex:1: Requested font "ntxsyc" at 8.0pt
warning: table1.tex:1:  -> ntxsyc
warning: table1.tex:1: Requested font "ntxsyc" at 6.2pt
warning: table1.tex:1:  -> ntxsyc
warning: table1.tex:1: Requested font "ntxexa" at 8.0pt
warning: table1.tex:1:  -> ntxexa
warning: table1.tex:1: Requested font "ntxexa" at 6.2pt
warning: table1.tex:1:  -> ntxexa
warning: main.tex:180: Underfull \vbox (badness 10000) has occurred while \output is active
warning: main.tex:195: Overfull \hbox (2.0273pt too wide) in paragraph at lines 187--195
warning: main.tex:210: Requested font "[LinBiolinum_R.otf]/OT:script=latn;language=dflt;+tnum;+lnum;mapping=tex-text;" at 9.0pt
warning: main.tex:210: Requested font "[LinBiolinum_R.otf]/OT:script=latn;language=dflt;+tnum;+lnum;mapping=tex-text;" at 7.0pt
warning: main.tex:210: Requested font "[LinBiolinum_RB.otf]/OT:script=latn;language=dflt;+tnum;+lnum;mapping=tex-text;" at 7.0pt
warning: main.tex:220: Overfull \hbox (1.13628pt too wide) in paragraph at lines 211--220
warning: main.tex:243: Overfull \hbox (5.6693pt too wide) in paragraph at lines 230--243
warning: main.tex:243: Underfull \vbox (badness 10000) has occurred while \output is active
warning: main.tex:258: Overfull \hbox (9.90529pt too wide) in paragraph at lines 245--258
warning: main.bbl:46: Requested font "[LinLibertine_RI.otf]/OT:script=latn;language=dflt;+tnum;+lnum;mapping=tex-text;" at 7.0pt
warning: main.bbl:206: Underfull \hbox (badness 10000) in paragraph at lines 200--206
warning: main.bbl:206: Underfull \hbox (badness 2600) in paragraph at lines 200--206
warning: main.tex:269: 
Requested font "MinLibReg-ot1" at 10.95pt
warning: main.tex:269:  -> MinLibReg-ot1
warning: main.tex:269: Requested font "MinLibReg-ot1" at 6.1pt
warning: main.tex:269:  -> MinLibReg-ot1
warning: main.tex:269: Requested font "nxlmi" at 10.95pt
warning: main.tex:269:  -> nxlmi
warning: main.tex:269: Requested font "nxlmi5" at 6.1pt
warning: main.tex:269:  -> nxlmi5
warning: main.tex:269: Requested font "ntxsy" at 10.95pt
warning: main.tex:269:  -> ntxsy
warning: main.tex:269: Requested font "ntxsy5" at 6.1pt
warning: main.tex:269:  -> ntxsy5
warning: main.tex:269: Requested font "ntxexx" at 10.95pt
warning: main.tex:269:  -> ntxexx
warning: main.tex:269: Requested font "ntxexx" at 6.1pt
warning: main.tex:269:  -> ntxexx
warning: main.tex:269: Requested font "msam10" at 10.95pt
warning: main.tex:269:  -> msam10
warning: main.tex:269: Requested font "msam7" at 6.1pt
warning: main.tex:269:  -> msam7
warning: main.tex:269: Requested font "msbm10" at 10.95pt
warning: main.tex:269:  -> msbm10
warning: main.tex:269: Requested font "msbm7" at 6.1pt
warning: main.tex:269:  -> msbm7
warning: main.tex:269: Requested font "nxlmia" at 10.95pt
warning: main.tex:269:  -> nxlmia
warning: main.tex:269: Requested font "nxlmia" at 6.1pt
warning: main.tex:269:  -> nxlmia
warning: main.tex:269: Requested font "ntxsym" at 10.95pt
warning: main.tex:269:  -> ntxsym
warning: main.tex:269: Requested font "ntxsym" at 6.1pt
warning: main.tex:269:  -> ntxsym
warning: main.tex:269: Requested font "ntxsyc" at 10.95pt
warning: main.tex:269:  -> ntxsyc
warning: main.tex:269: Requested font "ntxsyc" at 6.1pt
warning: main.tex:269:  -> ntxsyc
warning: main.tex:269: Requested font "ntxexa" at 10.95pt
warning: main.tex:269:  -> ntxexa
warning: main.tex:269: Requested font "ntxexa" at 6.1pt
warning: main.tex:269:  -> ntxexa
note: Rerunning TeX because "main.out" changed ...
warning: libertine.sty:308: 
Requested font "[LinLibertine_R.otf]/OT" at 8.99997pt
warning: libertine.sty:308: Requested font "[LinLibertine_R.otf]/OT" at 9.00003pt
warning: libertine.sty:308: Requested font "[LinLibertine_R.otf]/OT:script=latn;language=dflt;" at 9.00003pt
warning: libertine.sty:308: Requested font "[LinLibertine_RB.otf]/OT:script=latn;language=dflt;" at 9.00003pt
warning: libertine.sty:308: Requested font "[LinLibertine_RI.otf]/OT:script=latn;language=dflt;" at 9.00003pt
warning: libertine.sty:308: Requested font "[LinLibertine_RBI.otf]/OT:script=latn;language=dflt;" at 9.00003pt
warning: libertine.sty:308: Requested font "[LinLibertine_R.otf]/OT:script=latn;language=dflt;+tnum;+lnum;mapping=tex-text;" at 9.0pt
warning: libertine.sty:319: Requested font "[LinBiolinum_R.otf]/OT" at 8.99997pt
warning: libertine.sty:319: Requested font "[LinBiolinum_R.otf]/OT" at 9.00003pt
warning: libertine.sty:319: Requested font "[LinBiolinum_R.otf]/OT:script=latn;language=dflt;" at 9.00003pt
warning: libertine.sty:319: Requested font "[LinBiolinum_RB.otf]/OT:script=latn;language=dflt;" at 9.00003pt
warning: libertine.sty:319: Requested font "[LinBiolinum_RI.otf]/OT:script=latn;language=dflt;" at 9.00003pt
warning: libertine.sty:319: Requested font "[LinBiolinum_RBO.otf]/OT:script=latn;language=dflt;" at 9.00003pt
warning: libertine.sty:338: Requested font "[LinLibertine_RZ.otf]/OT" at 8.99997pt
warning: libertine.sty:338: Requested font "[LinLibertine_RZ.otf]/OT" at 9.00003pt
warning: libertine.sty:338: Requested font "[LinLibertine_RZ.otf]/OT:script=latn;language=dflt;" at 9.00003pt
warning: libertine.sty:338: Requested font "[LinLibertine_RZI.otf]/OT:script=latn;language=dflt;" at 9.00003pt
warning: libertine.sty:361: Requested font "[LinLibertine_DR.otf]/OT" at 8.99997pt
warning: libertine.sty:361: Requested font "[LinLibertine_DR.otf]/OT" at 9.00003pt
warning: libertine.sty:361: Requested font "[LinLibertine_DR.otf]/OT:script=latn;language=dflt;" at 9.00003pt
warning: libertine.sty:435: Requested font "[LinLibertine_M.otf]/OT" at 8.99997pt
warning: libertine.sty:435: Requested font "[LinLibertine_M.otf]/OT" at 9.00003pt
warning: libertine.sty:435: Requested font "[LinLibertine_M.otf]/OT:script=latn;language=dflt;" at 9.00003pt
warning: libertine.sty:435: Requested font "[LinLibertine_MB.otf]/OT:script=latn;language=dflt;" at 9.00003pt
warning: libertine.sty:435: Requested font "[LinLibertine_MO.otf]/OT:script=latn;language=dflt;" at 9.00003pt
warning: libertine.sty:435: Requested font "[LinLibertine_MBO.otf]/OT:script=latn;language=dflt;" at 9.00003pt
warning: libertine.sty:436: Requested font "[LinBiolinum_K.otf]/OT" at 8.99997pt
warning: libertine.sty:436: Requested font "[LinBiolinum_K.otf]/OT" at 9.00003pt
warning: libertine.sty:436: Requested font "[LinBiolinum_K.otf]/OT:script=latn;language=dflt;" at 9.00003pt
warning: libertine.sty:437: Requested font "[LinLibertine_I.otf]/OT" at 8.99997pt
warning: libertine.sty:437: Requested font "[LinLibertine_I.otf]/OT" at 9.00003pt
warning: libertine.sty:437: Requested font "[LinLibertine_I.otf]/OT:script=latn;language=dflt;" at 9.00003pt
warning: acmart.cls:815: 
Requested font "[Inconsolatazi4-Regular.otf]/OT" at 8.99997pt
warning: acmart.cls:815: Requested font "[Inconsolatazi4-Regular.otf]/OT" at 9.00003pt
warning: acmart.cls:815: Requested font "[Inconsolatazi4-Regular.otf]/OT:script=latn;language=dflt;" at 9.00003pt
warning: acmart.cls:815: Requested font "[Inconsolatazi4-Bold.otf]/OT:script=latn;language=dflt;" at 9.00003pt
warning: main.tex:10: Requested font "[LinLibertine_R.otf]/OT:script=latn;language=dflt;+tnum;+lnum;mapping=tex-text;" at 7.0pt
warning: main.tex:10: 
Requested font "MinLibReg-ot1" at 7.3pt
warning: main.tex:10:  -> MinLibReg-ot1
warning: main.tex:10: Requested font "MinLibReg-ot1" at 5.5pt
warning: main.tex:10:  -> MinLibReg-ot1
warning: main.tex:10: Requested font "nxlmi7" at 7.3pt
warning: main.tex:10:  -> nxlmi7
warning: main.tex:10: Requested font "nxlmi5" at 5.5pt
warning: main.tex:10:  -> nxlmi5
warning: main.tex:10: Requested font "ntxsy7" at 7.3pt
warning: main.tex:10:  -> ntxsy7
warning: main.tex:10: Requested font "ntxsy5" at 5.5pt
warning: main.tex:10:  -> ntxsy5
warning: main.tex:10: Requested font "ntxexx" at 7.3pt
warning: main.tex:10:  -> ntxexx
warning: main.tex:10: Requested font "ntxexx" at 5.5pt
warning: main.tex:10:  -> ntxexx
warning: main.tex:10: 
Requested font "msam7" at 7.3pt
warning: main.tex:10:  -> msam7
warning: main.tex:10: Requested font "msam5" at 5.5pt
warning: main.tex:10:  -> msam5
warning: main.tex:10: 
Requested font "msbm7" at 7.3pt
warning: main.tex:10:  -> msbm7
warning: main.tex:10: Requested font "msbm5" at 5.5pt
warning: main.tex:10:  -> msbm5
warning: main.tex:10: 
Requested font "nxlmia" at 7.3pt
warning: main.tex:10:  -> nxlmia
warning: main.tex:10: Requested font "nxlmia" at 5.5pt
warning: main.tex:10:  -> nxlmia
warning: main.tex:10: 
Requested font "ntxsym" at 7.3pt
warning: main.tex:10:  -> ntxsym
warning: main.tex:10: Requested font "ntxsym" at 5.5pt
warning: main.tex:10:  -> ntxsym
warning: main.tex:10: 
Requested font "ntxsyc" at 7.3pt
warning: main.tex:10:  -> ntxsyc
warning: main.tex:10: Requested font "ntxsyc" at 5.5pt
warning: main.tex:10:  -> ntxsyc
warning: main.tex:10: Requested font "ntxexa" at 7.3pt
warning: main.tex:10:  -> ntxexa
warning: main.tex:10: Requested font "ntxexa" at 5.5pt
warning: main.tex:10:  -> ntxexa
warning: main.tex:55: Requested font "[LinLibertine_R.otf]/OT:script=latn;language=dflt;+tnum;+lnum;mapping=tex-text;" at 17.28pt
warning: main.tex:55: Requested font "[LinBiolinum_R.otf]/OT:script=latn;language=dflt;+tnum;+lnum;mapping=tex-text;" at 17.28pt
warning: main.tex:55: Requested font "[LinBiolinum_RB.otf]/OT:script=latn;language=dflt;+tnum;+lnum;mapping=tex-text;" at 17.28pt
warning: main.tex:55: Requested font "[LinBiolinum_RB.otf]/OT:script=latn;language=dflt;+tnum;+lnum;mapping=tex-text;" at 9.0pt
warning: main.tex:55: Requested font "[LinBiolinum_RB.otf]/OT:script=latn;language=dflt;+tnum;+lnum;mapping=tex-text;" at 12.0pt
warning: main.tex:55: Requested font "[LinBiolinum_R.otf]/OT:script=latn;language=dflt;+tnum;+lnum;mapping=tex-text;" at 12.0pt
warning: main.tex:55: Requested font "[LinLibertine_R.otf]/OT:script=latn;language=dflt;+tnum;+lnum;mapping=tex-text;" at 12.0pt
warning: main.tex:55: Requested font "[LinLibertine_RB.otf]/OT:script=latn;language=dflt;+tnum;+lnum;mapping=tex-text;" at 12.0pt
warning: main.tex:55: Requested font "[LinLibertine_R.otf]/OT:script=latn;language=dflt;+tnum;+lnum;mapping=tex-text;" at 10.0pt
warning: main.tex:55: Requested font "[LinLibertine_RB.otf]/OT:script=latn;language=dflt;+tnum;+lnum;mapping=tex-text;" at 10.0pt
warning: main.tex:55: Requested font "[LinLibertine_RB.otf]/OT:script=latn;language=dflt;+tnum;+lnum;mapping=tex-text;" at 9.0pt
warning: main.tex:55: Requested font "[LinLibertine_RB.otf]/OT:script=latn;language=dflt;+tnum;+lnum;mapping=tex-text;" at 10.95pt
warning: main.tex:55: Requested font "[LinLibertine_RI.otf]/OT:script=latn;language=dflt;+tnum;+lnum;mapping=tex-text;" at 9.0pt
warning: main.tex:55: Requested font "MinLibReg-ot1" at 9.0pt
warning: main.tex:55:  -> MinLibReg-ot1
warning: main.tex:55: Requested font "nxlmi" at 9.0pt
warning: main.tex:55:  -> nxlmi
warning: main.tex:55: Requested font "ntxsy" at 9.0pt
warning: main.tex:55:  -> ntxsy
warning: main.tex:55: Requested font "ntxexx" at 9.0pt
warning: main.tex:55:  -> ntxexx
warning: main.tex:55: Requested font "msam10" at 9.0pt
warning: main.tex:55:  -> msam10
warning: main.tex:55: 
Requested font "msbm10" at 9.0pt
warning: main.tex:55:  -> msbm10
warning: main.tex:55: 
Requested font "nxlmia" at 9.0pt
warning: main.tex:55:  -> nxlmia
warning: main.tex:55: Requested font "ntxsym" at 9.0pt
warning: main.tex:55:  -> ntxsym
warning: main.tex:55: Requested font "ntxsyc" at 9.0pt
warning: main.tex:55:  -> ntxsyc
warning: main.tex:55: Requested font "ntxexa" at 9.0pt
warning: main.tex:55:  -> ntxexa
warning: main.tex:74: Overfull \hbox (1.098pt too wide) in paragraph at lines 66--74
warning: main.tex:74: Underfull \vbox (badness 1259) has occurred while \output is active
warning: main.tex:87: Requested font "[Inconsolatazi4-Regular.otf]/OT:script=latn;language=dflt;+ss03;" at 9.0pt
warning: main.tex:112: Underfull \vbox (badness 10000) has occurred while \output is active
warning: main.tex:148: Overfull \hbox (4.77701pt too wide) in paragraph at lines 137--148
warning: main.tex:152: Underfull \vbox (badness 10000) has occurred while \output is active
warning: main.tex:153: Requested font "[LinLibertine_R.otf]/OT:script=latn;language=dflt;+tnum;+lnum;mapping=tex-text;" at 8.0pt
warning: table1.tex:1: 
Requested font "MinLibReg-ot1" at 8.0pt
warning: table1.tex:1:  -> MinLibReg-ot1
warning: table1.tex:1: Requested font "MinLibReg-ot1" at 6.2pt
warning: table1.tex:1:  -> MinLibReg-ot1
warning: table1.tex:1: Requested font "nxlmi7" at 8.0pt
warning: table1.tex:1:  -> nxlmi7
warning: table1.tex:1: Requested font "nxlmi5" at 6.2pt
warning: table1.tex:1:  -> nxlmi5
warning: table1.tex:1: Requested font "ntxsy7" at 8.0pt
warning: table1.tex:1:  -> ntxsy7
warning: table1.tex:1: Requested font "ntxsy5" at 6.2pt
warning: table1.tex:1:  -> ntxsy5
warning: table1.tex:1: Requested font "ntxexx" at 8.0pt
warning: table1.tex:1:  -> ntxexx
warning: table1.tex:1: Requested font "ntxexx" at 6.2pt
warning: table1.tex:1:  -> ntxexx
warning: table1.tex:1: Requested font "msam10" at 8.0pt
warning: table1.tex:1:  -> msam10
warning: table1.tex:1: Requested font "msam7" at 6.2pt
warning: table1.tex:1:  -> msam7
warning: table1.tex:1: Requested font "msbm10" at 8.0pt
warning: table1.tex:1:  -> msbm10
warning: table1.tex:1: Requested font "msbm7" at 6.2pt
warning: table1.tex:1:  -> msbm7
warning: table1.tex:1: Requested font "nxlmia" at 8.0pt
warning: table1.tex:1:  -> nxlmia
warning: table1.tex:1: Requested font "nxlmia" at 6.2pt
warning: table1.tex:1:  -> nxlmia
warning: table1.tex:1: Requested font "ntxsym" at 8.0pt
warning: table1.tex:1:  -> ntxsym
warning: table1.tex:1: Requested font "ntxsym" at 6.2pt
warning: table1.tex:1:  -> ntxsym
warning: table1.tex:1: Requested font "ntxsyc" at 8.0pt
warning: table1.tex:1:  -> ntxsyc
warning: table1.tex:1: Requested font "ntxsyc" at 6.2pt
warning: table1.tex:1:  -> ntxsyc
warning: table1.tex:1: Requested font "ntxexa" at 8.0pt
warning: table1.tex:1:  -> ntxexa
warning: table1.tex:1: Requested font "ntxexa" at 6.2pt
warning: table1.tex:1:  -> ntxexa
warning: main.tex:195: Overfull \hbox (2.0273pt too wide) in paragraph at lines 187--195
warning: main.tex:196: Requested font "[LinBiolinum_R.otf]/OT:script=latn;language=dflt;+tnum;+lnum;mapping=tex-text;" at 9.0pt
warning: main.tex:196: Requested font "[LinBiolinum_R.otf]/OT:script=latn;language=dflt;+tnum;+lnum;mapping=tex-text;" at 7.0pt
warning: main.tex:196: Requested font "[LinBiolinum_RB.otf]/OT:script=latn;language=dflt;+tnum;+lnum;mapping=tex-text;" at 7.0pt
warning: main.tex:220: Overfull \hbox (1.13628pt too wide) in paragraph at lines 211--220
warning: main.tex:243: Overfull \hbox (6.0pt too wide) in paragraph at lines 230--243
warning: main.tex:243: Overfull \hbox (5.6693pt too wide) in paragraph at lines 230--243
warning: main.tex:243: Underfull \vbox (badness 10000) has occurred while \output is active
warning: main.tex:258: Overfull \hbox (9.90529pt too wide) in paragraph at lines 245--258
warning: main.bbl:46: Requested font "[LinLibertine_RI.otf]/OT:script=latn;language=dflt;+tnum;+lnum;mapping=tex-text;" at 7.0pt
warning: main.bbl:49: Underfull \vbox (badness 10000) has occurred while \output is active
warning: main.bbl:206: Underfull \hbox (badness 10000) in paragraph at lines 200--206
warning: main.bbl:206: Underfull \hbox (badness 2600) in paragraph at lines 200--206
warning: main.tex:269: 
Requested font "MinLibReg-ot1" at 10.95pt
warning: main.tex:269:  -> MinLibReg-ot1
warning: main.tex:269: Requested font "MinLibReg-ot1" at 6.1pt
warning: main.tex:269:  -> MinLibReg-ot1
warning: main.tex:269: Requested font "nxlmi" at 10.95pt
warning: main.tex:269:  -> nxlmi
warning: main.tex:269: Requested font "nxlmi5" at 6.1pt
warning: main.tex:269:  -> nxlmi5
warning: main.tex:269: Requested font "ntxsy" at 10.95pt
warning: main.tex:269:  -> ntxsy
warning: main.tex:269: Requested font "ntxsy5" at 6.1pt
warning: main.tex:269:  -> ntxsy5
warning: main.tex:269: Requested font "ntxexx" at 10.95pt
warning: main.tex:269:  -> ntxexx
warning: main.tex:269: Requested font "ntxexx" at 6.1pt
warning: main.tex:269:  -> ntxexx
warning: main.tex:269: Requested font "msam10" at 10.95pt
warning: main.tex:269:  -> msam10
warning: main.tex:269: Requested font "msam7" at 6.1pt
warning: main.tex:269:  -> msam7
warning: main.tex:269: Requested font "msbm10" at 10.95pt
warning: main.tex:269:  -> msbm10
warning: main.tex:269: Requested font "msbm7" at 6.1pt
warning: main.tex:269:  -> msbm7
warning: main.tex:269: Requested font "nxlmia" at 10.95pt
warning: main.tex:269:  -> nxlmia
warning: main.tex:269: Requested font "nxlmia" at 6.1pt
warning: main.tex:269:  -> nxlmia
warning: main.tex:269: Requested font "ntxsym" at 10.95pt
warning: main.tex:269:  -> ntxsym
warning: main.tex:269: Requested font "ntxsym" at 6.1pt
warning: main.tex:269:  -> ntxsym
warning: main.tex:269: Requested font "ntxsyc" at 10.95pt
warning: main.tex:269:  -> ntxsyc
warning: main.tex:269: Requested font "ntxsyc" at 6.1pt
warning: main.tex:269:  -> ntxsyc
warning: main.tex:269: Requested font "ntxexa" at 10.95pt
warning: main.tex:269:  -> ntxexa
warning: main.tex:269: Requested font "ntxexa" at 6.1pt
warning: main.tex:269:  -> ntxexa
note: Rerunning TeX because "main.aux" changed ...
warning: libertine.sty:308: 
Requested font "[LinLibertine_R.otf]/OT" at 8.99997pt
warning: libertine.sty:308: Requested font "[LinLibertine_R.otf]/OT" at 9.00003pt
warning: libertine.sty:308: Requested font "[LinLibertine_R.otf]/OT:script=latn;language=dflt;" at 9.00003pt
warning: libertine.sty:308: Requested font "[LinLibertine_RB.otf]/OT:script=latn;language=dflt;" at 9.00003pt
warning: libertine.sty:308: Requested font "[LinLibertine_RI.otf]/OT:script=latn;language=dflt;" at 9.00003pt
warning: libertine.sty:308: Requested font "[LinLibertine_RBI.otf]/OT:script=latn;language=dflt;" at 9.00003pt
warning: libertine.sty:308: Requested font "[LinLibertine_R.otf]/OT:script=latn;language=dflt;+tnum;+lnum;mapping=tex-text;" at 9.0pt
warning: libertine.sty:319: Requested font "[LinBiolinum_R.otf]/OT" at 8.99997pt
warning: libertine.sty:319: Requested font "[LinBiolinum_R.otf]/OT" at 9.00003pt
warning: libertine.sty:319: Requested font "[LinBiolinum_R.otf]/OT:script=latn;language=dflt;" at 9.00003pt
warning: libertine.sty:319: Requested font "[LinBiolinum_RB.otf]/OT:script=latn;language=dflt;" at 9.00003pt
warning: libertine.sty:319: Requested font "[LinBiolinum_RI.otf]/OT:script=latn;language=dflt;" at 9.00003pt
warning: libertine.sty:319: Requested font "[LinBiolinum_RBO.otf]/OT:script=latn;language=dflt;" at 9.00003pt
warning: libertine.sty:338: Requested font "[LinLibertine_RZ.otf]/OT" at 8.99997pt
warning: libertine.sty:338: Requested font "[LinLibertine_RZ.otf]/OT" at 9.00003pt
warning: libertine.sty:338: Requested font "[LinLibertine_RZ.otf]/OT:script=latn;language=dflt;" at 9.00003pt
warning: libertine.sty:338: Requested font "[LinLibertine_RZI.otf]/OT:script=latn;language=dflt;" at 9.00003pt
warning: libertine.sty:361: Requested font "[LinLibertine_DR.otf]/OT" at 8.99997pt
warning: libertine.sty:361: Requested font "[LinLibertine_DR.otf]/OT" at 9.00003pt
warning: libertine.sty:361: Requested font "[LinLibertine_DR.otf]/OT:script=latn;language=dflt;" at 9.00003pt
warning: libertine.sty:435: Requested font "[LinLibertine_M.otf]/OT" at 8.99997pt
warning: libertine.sty:435: Requested font "[LinLibertine_M.otf]/OT" at 9.00003pt
warning: libertine.sty:435: Requested font "[LinLibertine_M.otf]/OT:script=latn;language=dflt;" at 9.00003pt
warning: libertine.sty:435: Requested font "[LinLibertine_MB.otf]/OT:script=latn;language=dflt;" at 9.00003pt
warning: libertine.sty:435: Requested font "[LinLibertine_MO.otf]/OT:script=latn;language=dflt;" at 9.00003pt
warning: libertine.sty:435: Requested font "[LinLibertine_MBO.otf]/OT:script=latn;language=dflt;" at 9.00003pt
warning: libertine.sty:436: Requested font "[LinBiolinum_K.otf]/OT" at 8.99997pt
warning: libertine.sty:436: Requested font "[LinBiolinum_K.otf]/OT" at 9.00003pt
warning: libertine.sty:436: Requested font "[LinBiolinum_K.otf]/OT:script=latn;language=dflt;" at 9.00003pt
warning: libertine.sty:437: Requested font "[LinLibertine_I.otf]/OT" at 8.99997pt
warning: libertine.sty:437: Requested font "[LinLibertine_I.otf]/OT" at 9.00003pt
warning: libertine.sty:437: Requested font "[LinLibertine_I.otf]/OT:script=latn;language=dflt;" at 9.00003pt
warning: acmart.cls:815: 
Requested font "[Inconsolatazi4-Regular.otf]/OT" at 8.99997pt
warning: acmart.cls:815: Requested font "[Inconsolatazi4-Regular.otf]/OT" at 9.00003pt
warning: acmart.cls:815: Requested font "[Inconsolatazi4-Regular.otf]/OT:script=latn;language=dflt;" at 9.00003pt
warning: acmart.cls:815: Requested font "[Inconsolatazi4-Bold.otf]/OT:script=latn;language=dflt;" at 9.00003pt
warning: main.tex:10: Requested font "[LinLibertine_R.otf]/OT:script=latn;language=dflt;+tnum;+lnum;mapping=tex-text;" at 7.0pt
warning: main.tex:10: 
Requested font "MinLibReg-ot1" at 7.3pt
warning: main.tex:10:  -> MinLibReg-ot1
warning: main.tex:10: Requested font "MinLibReg-ot1" at 5.5pt
warning: main.tex:10:  -> MinLibReg-ot1
warning: main.tex:10: Requested font "nxlmi7" at 7.3pt
warning: main.tex:10:  -> nxlmi7
warning: main.tex:10: Requested font "nxlmi5" at 5.5pt
warning: main.tex:10:  -> nxlmi5
warning: main.tex:10: Requested font "ntxsy7" at 7.3pt
warning: main.tex:10:  -> ntxsy7
warning: main.tex:10: Requested font "ntxsy5" at 5.5pt
warning: main.tex:10:  -> ntxsy5
warning: main.tex:10: Requested font "ntxexx" at 7.3pt
warning: main.tex:10:  -> ntxexx
warning: main.tex:10: Requested font "ntxexx" at 5.5pt
warning: main.tex:10:  -> ntxexx
warning: main.tex:10: 
Requested font "msam7" at 7.3pt
warning: main.tex:10:  -> msam7
warning: main.tex:10: Requested font "msam5" at 5.5pt
warning: main.tex:10:  -> msam5
warning: main.tex:10: 
Requested font "msbm7" at 7.3pt
warning: main.tex:10:  -> msbm7
warning: main.tex:10: Requested font "msbm5" at 5.5pt
warning: main.tex:10:  -> msbm5
warning: main.tex:10: 
Requested font "nxlmia" at 7.3pt
warning: main.tex:10:  -> nxlmia
warning: main.tex:10: Requested font "nxlmia" at 5.5pt
warning: main.tex:10:  -> nxlmia
warning: main.tex:10: 
Requested font "ntxsym" at 7.3pt
warning: main.tex:10:  -> ntxsym
warning: main.tex:10: Requested font "ntxsym" at 5.5pt
warning: main.tex:10:  -> ntxsym
warning: main.tex:10: 
Requested font "ntxsyc" at 7.3pt
warning: main.tex:10:  -> ntxsyc
warning: main.tex:10: Requested font "ntxsyc" at 5.5pt
warning: main.tex:10:  -> ntxsyc
warning: main.tex:10: Requested font "ntxexa" at 7.3pt
warning: main.tex:10:  -> ntxexa
warning: main.tex:10: Requested font "ntxexa" at 5.5pt
warning: main.tex:10:  -> ntxexa
warning: main.tex:55: Requested font "[LinLibertine_R.otf]/OT:script=latn;language=dflt;+tnum;+lnum;mapping=tex-text;" at 17.28pt
warning: main.tex:55: Requested font "[LinBiolinum_R.otf]/OT:script=latn;language=dflt;+tnum;+lnum;mapping=tex-text;" at 17.28pt
warning: main.tex:55: Requested font "[LinBiolinum_RB.otf]/OT:script=latn;language=dflt;+tnum;+lnum;mapping=tex-text;" at 17.28pt
warning: main.tex:55: Requested font "[LinBiolinum_RB.otf]/OT:script=latn;language=dflt;+tnum;+lnum;mapping=tex-text;" at 9.0pt
warning: main.tex:55: Requested font "[LinBiolinum_RB.otf]/OT:script=latn;language=dflt;+tnum;+lnum;mapping=tex-text;" at 12.0pt
warning: main.tex:55: Requested font "[LinBiolinum_R.otf]/OT:script=latn;language=dflt;+tnum;+lnum;mapping=tex-text;" at 12.0pt
warning: main.tex:55: Requested font "[LinLibertine_R.otf]/OT:script=latn;language=dflt;+tnum;+lnum;mapping=tex-text;" at 12.0pt
warning: main.tex:55: Requested font "[LinLibertine_RB.otf]/OT:script=latn;language=dflt;+tnum;+lnum;mapping=tex-text;" at 12.0pt
warning: main.tex:55: Requested font "[LinLibertine_R.otf]/OT:script=latn;language=dflt;+tnum;+lnum;mapping=tex-text;" at 10.0pt
warning: main.tex:55: Requested font "[LinLibertine_RB.otf]/OT:script=latn;language=dflt;+tnum;+lnum;mapping=tex-text;" at 10.0pt
warning: main.tex:55: Requested font "[LinLibertine_RB.otf]/OT:script=latn;language=dflt;+tnum;+lnum;mapping=tex-text;" at 9.0pt
warning: main.tex:55: Requested font "[LinLibertine_RB.otf]/OT:script=latn;language=dflt;+tnum;+lnum;mapping=tex-text;" at 10.95pt
warning: main.tex:55: Requested font "[LinLibertine_RI.otf]/OT:script=latn;language=dflt;+tnum;+lnum;mapping=tex-text;" at 9.0pt
warning: main.tex:55: Requested font "MinLibReg-ot1" at 9.0pt
warning: main.tex:55:  -> MinLibReg-ot1
warning: main.tex:55: Requested font "nxlmi" at 9.0pt
warning: main.tex:55:  -> nxlmi
warning: main.tex:55: Requested font "ntxsy" at 9.0pt
warning: main.tex:55:  -> ntxsy
warning: main.tex:55: Requested font "ntxexx" at 9.0pt
warning: main.tex:55:  -> ntxexx
warning: main.tex:55: Requested font "msam10" at 9.0pt
warning: main.tex:55:  -> msam10
warning: main.tex:55: 
Requested font "msbm10" at 9.0pt
warning: main.tex:55:  -> msbm10
warning: main.tex:55: 
Requested font "nxlmia" at 9.0pt
warning: main.tex:55:  -> nxlmia
warning: main.tex:55: Requested font "ntxsym" at 9.0pt
warning: main.tex:55:  -> ntxsym
warning: main.tex:55: Requested font "ntxsyc" at 9.0pt
warning: main.tex:55:  -> ntxsyc
warning: main.tex:55: Requested font "ntxexa" at 9.0pt
warning: main.tex:55:  -> ntxexa
warning: main.tex:74: Overfull \hbox (1.098pt too wide) in paragraph at lines 66--74
warning: main.tex:74: Underfull \vbox (badness 1259) has occurred while \output is active
warning: main.tex:87: Requested font "[Inconsolatazi4-Regular.otf]/OT:script=latn;language=dflt;+ss03;" at 9.0pt
warning: main.tex:112: Underfull \vbox (badness 10000) has occurred while \output is active
warning: main.tex:148: Overfull \hbox (4.77701pt too wide) in paragraph at lines 137--148
warning: main.tex:152: Underfull \vbox (badness 10000) has occurred while \output is active
warning: main.tex:153: Requested font "[LinLibertine_R.otf]/OT:script=latn;language=dflt;+tnum;+lnum;mapping=tex-text;" at 8.0pt
warning: table1.tex:1: 
Requested font "MinLibReg-ot1" at 8.0pt
warning: table1.tex:1:  -> MinLibReg-ot1
warning: table1.tex:1: Requested font "MinLibReg-ot1" at 6.2pt
warning: table1.tex:1:  -> MinLibReg-ot1
warning: table1.tex:1: Requested font "nxlmi7" at 8.0pt
warning: table1.tex:1:  -> nxlmi7
warning: table1.tex:1: Requested font "nxlmi5" at 6.2pt
warning: table1.tex:1:  -> nxlmi5
warning: table1.tex:1: Requested font "ntxsy7" at 8.0pt
warning: table1.tex:1:  -> ntxsy7
warning: table1.tex:1: Requested font "ntxsy5" at 6.2pt
warning: table1.tex:1:  -> ntxsy5
warning: table1.tex:1: Requested font "ntxexx" at 8.0pt
warning: table1.tex:1:  -> ntxexx
warning: table1.tex:1: Requested font "ntxexx" at 6.2pt
warning: table1.tex:1:  -> ntxexx
warning: table1.tex:1: Requested font "msam10" at 8.0pt
warning: table1.tex:1:  -> msam10
warning: table1.tex:1: Requested font "msam7" at 6.2pt
warning: table1.tex:1:  -> msam7
warning: table1.tex:1: Requested font "msbm10" at 8.0pt
warning: table1.tex:1:  -> msbm10
warning: table1.tex:1: Requested font "msbm7" at 6.2pt
warning: table1.tex:1:  -> msbm7
warning: table1.tex:1: Requested font "nxlmia" at 8.0pt
warning: table1.tex:1:  -> nxlmia
warning: table1.tex:1: Requested font "nxlmia" at 6.2pt
warning: table1.tex:1:  -> nxlmia
warning: table1.tex:1: Requested font "ntxsym" at 8.0pt
warning: table1.tex:1:  -> ntxsym
warning: table1.tex:1: Requested font "ntxsym" at 6.2pt
warning: table1.tex:1:  -> ntxsym
warning: table1.tex:1: Requested font "ntxsyc" at 8.0pt
warning: table1.tex:1:  -> ntxsyc
warning: table1.tex:1: Requested font "ntxsyc" at 6.2pt
warning: table1.tex:1:  -> ntxsyc
warning: table1.tex:1: Requested font "ntxexa" at 8.0pt
warning: table1.tex:1:  -> ntxexa
warning: table1.tex:1: Requested font "ntxexa" at 6.2pt
warning: table1.tex:1:  -> ntxexa
warning: main.tex:195: Overfull \hbox (2.0273pt too wide) in paragraph at lines 187--195
warning: main.tex:196: Requested font "[LinBiolinum_R.otf]/OT:script=latn;language=dflt;+tnum;+lnum;mapping=tex-text;" at 9.0pt
warning: main.tex:196: Requested font "[LinBiolinum_R.otf]/OT:script=latn;language=dflt;+tnum;+lnum;mapping=tex-text;" at 7.0pt
warning: main.tex:196: Requested font "[LinBiolinum_RB.otf]/OT:script=latn;language=dflt;+tnum;+lnum;mapping=tex-text;" at 7.0pt
warning: main.tex:220: Overfull \hbox (1.13628pt too wide) in paragraph at lines 211--220
warning: main.tex:243: Overfull \hbox (6.0pt too wide) in paragraph at lines 230--243
warning: main.tex:243: Overfull \hbox (5.6693pt too wide) in paragraph at lines 230--243
warning: main.tex:243: Underfull \vbox (badness 10000) has occurred while \output is active
warning: main.tex:258: Overfull \hbox (9.90529pt too wide) in paragraph at lines 245--258
warning: main.bbl:46: Requested font "[LinLibertine_RI.otf]/OT:script=latn;language=dflt;+tnum;+lnum;mapping=tex-text;" at 7.0pt
warning: main.bbl:49: Underfull \vbox (badness 10000) has occurred while \output is active
warning: main.bbl:206: Underfull \hbox (badness 10000) in paragraph at lines 200--206
warning: main.bbl:206: Underfull \hbox (badness 2600) in paragraph at lines 200--206
warning: main.tex:269: 
Requested font "MinLibReg-ot1" at 10.95pt
warning: main.tex:269:  -> MinLibReg-ot1
warning: main.tex:269: Requested font "MinLibReg-ot1" at 6.1pt
warning: main.tex:269:  -> MinLibReg-ot1
warning: main.tex:269: Requested font "nxlmi" at 10.95pt
warning: main.tex:269:  -> nxlmi
warning: main.tex:269: Requested font "nxlmi5" at 6.1pt
warning: main.tex:269:  -> nxlmi5
warning: main.tex:269: Requested font "ntxsy" at 10.95pt
warning: main.tex:269:  -> ntxsy
warning: main.tex:269: Requested font "ntxsy5" at 6.1pt
warning: main.tex:269:  -> ntxsy5
warning: main.tex:269: Requested font "ntxexx" at 10.95pt
warning: main.tex:269:  -> ntxexx
warning: main.tex:269: Requested font "ntxexx" at 6.1pt
warning: main.tex:269:  -> ntxexx
warning: main.tex:269: Requested font "msam10" at 10.95pt
warning: main.tex:269:  -> msam10
warning: main.tex:269: Requested font "msam7" at 6.1pt
warning: main.tex:269:  -> msam7
warning: main.tex:269: Requested font "msbm10" at 10.95pt
warning: main.tex:269:  -> msbm10
warning: main.tex:269: Requested font "msbm7" at 6.1pt
warning: main.tex:269:  -> msbm7
warning: main.tex:269: Requested font "nxlmia" at 10.95pt
warning: main.tex:269:  -> nxlmia
warning: main.tex:269: Requested font "nxlmia" at 6.1pt
warning: main.tex:269:  -> nxlmia
warning: main.tex:269: Requested font "ntxsym" at 10.95pt
warning: main.tex:269:  -> ntxsym
warning: main.tex:269: Requested font "ntxsym" at 6.1pt
warning: main.tex:269:  -> ntxsym
warning: main.tex:269: Requested font "ntxsyc" at 10.95pt
warning: main.tex:269:  -> ntxsyc
warning: main.tex:269: Requested font "ntxsyc" at 6.1pt
warning: main.tex:269:  -> ntxsyc
warning: main.tex:269: Requested font "ntxexa" at 10.95pt
warning: main.tex:269:  -> ntxexa
warning: main.tex:269: Requested font "ntxexa" at 6.1pt
warning: main.tex:269:  -> ntxexa
warning: internal consistency problem when checking if main.bbl changed
note: Rerunning TeX because "main.bbl" changed ...
warning: libertine.sty:308: 
Requested font "[LinLibertine_R.otf]/OT" at 8.99997pt
warning: libertine.sty:308: Requested font "[LinLibertine_R.otf]/OT" at 9.00003pt
warning: libertine.sty:308: Requested font "[LinLibertine_R.otf]/OT:script=latn;language=dflt;" at 9.00003pt
warning: libertine.sty:308: Requested font "[LinLibertine_RB.otf]/OT:script=latn;language=dflt;" at 9.00003pt
warning: libertine.sty:308: Requested font "[LinLibertine_RI.otf]/OT:script=latn;language=dflt;" at 9.00003pt
warning: libertine.sty:308: Requested font "[LinLibertine_RBI.otf]/OT:script=latn;language=dflt;" at 9.00003pt
warning: libertine.sty:308: Requested font "[LinLibertine_R.otf]/OT:script=latn;language=dflt;+tnum;+lnum;mapping=tex-text;" at 9.0pt
warning: libertine.sty:319: Requested font "[LinBiolinum_R.otf]/OT" at 8.99997pt
warning: libertine.sty:319: Requested font "[LinBiolinum_R.otf]/OT" at 9.00003pt
warning: libertine.sty:319: Requested font "[LinBiolinum_R.otf]/OT:script=latn;language=dflt;" at 9.00003pt
warning: libertine.sty:319: Requested font "[LinBiolinum_RB.otf]/OT:script=latn;language=dflt;" at 9.00003pt
warning: libertine.sty:319: Requested font "[LinBiolinum_RI.otf]/OT:script=latn;language=dflt;" at 9.00003pt
warning: libertine.sty:319: Requested font "[LinBiolinum_RBO.otf]/OT:script=latn;language=dflt;" at 9.00003pt
warning: libertine.sty:338: Requested font "[LinLibertine_RZ.otf]/OT" at 8.99997pt
warning: libertine.sty:338: Requested font "[LinLibertine_RZ.otf]/OT" at 9.00003pt
warning: libertine.sty:338: Requested font "[LinLibertine_RZ.otf]/OT:script=latn;language=dflt;" at 9.00003pt
warning: libertine.sty:338: Requested font "[LinLibertine_RZI.otf]/OT:script=latn;language=dflt;" at 9.00003pt
warning: libertine.sty:361: Requested font "[LinLibertine_DR.otf]/OT" at 8.99997pt
warning: libertine.sty:361: Requested font "[LinLibertine_DR.otf]/OT" at 9.00003pt
warning: libertine.sty:361: Requested font "[LinLibertine_DR.otf]/OT:script=latn;language=dflt;" at 9.00003pt
warning: libertine.sty:435: Requested font "[LinLibertine_M.otf]/OT" at 8.99997pt
warning: libertine.sty:435: Requested font "[LinLibertine_M.otf]/OT" at 9.00003pt
warning: libertine.sty:435: Requested font "[LinLibertine_M.otf]/OT:script=latn;language=dflt;" at 9.00003pt
warning: libertine.sty:435: Requested font "[LinLibertine_MB.otf]/OT:script=latn;language=dflt;" at 9.00003pt
warning: libertine.sty:435: Requested font "[LinLibertine_MO.otf]/OT:script=latn;language=dflt;" at 9.00003pt
warning: libertine.sty:435: Requested font "[LinLibertine_MBO.otf]/OT:script=latn;language=dflt;" at 9.00003pt
warning: libertine.sty:436: Requested font "[LinBiolinum_K.otf]/OT" at 8.99997pt
warning: libertine.sty:436: Requested font "[LinBiolinum_K.otf]/OT" at 9.00003pt
warning: libertine.sty:436: Requested font "[LinBiolinum_K.otf]/OT:script=latn;language=dflt;" at 9.00003pt
warning: libertine.sty:437: Requested font "[LinLibertine_I.otf]/OT" at 8.99997pt
warning: libertine.sty:437: Requested font "[LinLibertine_I.otf]/OT" at 9.00003pt
warning: libertine.sty:437: Requested font "[LinLibertine_I.otf]/OT:script=latn;language=dflt;" at 9.00003pt
warning: acmart.cls:815: 
Requested font "[Inconsolatazi4-Regular.otf]/OT" at 8.99997pt
warning: acmart.cls:815: Requested font "[Inconsolatazi4-Regular.otf]/OT" at 9.00003pt
warning: acmart.cls:815: Requested font "[Inconsolatazi4-Regular.otf]/OT:script=latn;language=dflt;" at 9.00003pt
warning: acmart.cls:815: Requested font "[Inconsolatazi4-Bold.otf]/OT:script=latn;language=dflt;" at 9.00003pt
warning: main.tex:10: Requested font "[LinLibertine_R.otf]/OT:script=latn;language=dflt;+tnum;+lnum;mapping=tex-text;" at 7.0pt
warning: main.tex:10: 
Requested font "MinLibReg-ot1" at 7.3pt
warning: main.tex:10:  -> MinLibReg-ot1
warning: main.tex:10: Requested font "MinLibReg-ot1" at 5.5pt
warning: main.tex:10:  -> MinLibReg-ot1
warning: main.tex:10: Requested font "nxlmi7" at 7.3pt
warning: main.tex:10:  -> nxlmi7
warning: main.tex:10: Requested font "nxlmi5" at 5.5pt
warning: main.tex:10:  -> nxlmi5
warning: main.tex:10: Requested font "ntxsy7" at 7.3pt
warning: main.tex:10:  -> ntxsy7
warning: main.tex:10: Requested font "ntxsy5" at 5.5pt
warning: main.tex:10:  -> ntxsy5
warning: main.tex:10: Requested font "ntxexx" at 7.3pt
warning: main.tex:10:  -> ntxexx
warning: main.tex:10: Requested font "ntxexx" at 5.5pt
warning: main.tex:10:  -> ntxexx
warning: main.tex:10: 
Requested font "msam7" at 7.3pt
warning: main.tex:10:  -> msam7
warning: main.tex:10: Requested font "msam5" at 5.5pt
warning: main.tex:10:  -> msam5
warning: main.tex:10: 
Requested font "msbm7" at 7.3pt
warning: main.tex:10:  -> msbm7
warning: main.tex:10: Requested font "msbm5" at 5.5pt
warning: main.tex:10:  -> msbm5
warning: main.tex:10: 
Requested font "nxlmia" at 7.3pt
warning: main.tex:10:  -> nxlmia
warning: main.tex:10: Requested font "nxlmia" at 5.5pt
warning: main.tex:10:  -> nxlmia
warning: main.tex:10: 
Requested font "ntxsym" at 7.3pt
warning: main.tex:10:  -> ntxsym
warning: main.tex:10: Requested font "ntxsym" at 5.5pt
warning: main.tex:10:  -> ntxsym
warning: main.tex:10: 
Requested font "ntxsyc" at 7.3pt
warning: main.tex:10:  -> ntxsyc
warning: main.tex:10: Requested font "ntxsyc" at 5.5pt
warning: main.tex:10:  -> ntxsyc
warning: main.tex:10: Requested font "ntxexa" at 7.3pt
warning: main.tex:10:  -> ntxexa
warning: main.tex:10: Requested font "ntxexa" at 5.5pt
warning: main.tex:10:  -> ntxexa
warning: main.tex:55: Requested font "[LinLibertine_R.otf]/OT:script=latn;language=dflt;+tnum;+lnum;mapping=tex-text;" at 17.28pt
warning: main.tex:55: Requested font "[LinBiolinum_R.otf]/OT:script=latn;language=dflt;+tnum;+lnum;mapping=tex-text;" at 17.28pt
warning: main.tex:55: Requested font "[LinBiolinum_RB.otf]/OT:script=latn;language=dflt;+tnum;+lnum;mapping=tex-text;" at 17.28pt
warning: main.tex:55: Requested font "[LinBiolinum_RB.otf]/OT:script=latn;language=dflt;+tnum;+lnum;mapping=tex-text;" at 9.0pt
warning: main.tex:55: Requested font "[LinBiolinum_RB.otf]/OT:script=latn;language=dflt;+tnum;+lnum;mapping=tex-text;" at 12.0pt
warning: main.tex:55: Requested font "[LinBiolinum_R.otf]/OT:script=latn;language=dflt;+tnum;+lnum;mapping=tex-text;" at 12.0pt
warning: main.tex:55: Requested font "[LinLibertine_R.otf]/OT:script=latn;language=dflt;+tnum;+lnum;mapping=tex-text;" at 12.0pt
warning: main.tex:55: Requested font "[LinLibertine_RB.otf]/OT:script=latn;language=dflt;+tnum;+lnum;mapping=tex-text;" at 12.0pt
warning: main.tex:55: Requested font "[LinLibertine_R.otf]/OT:script=latn;language=dflt;+tnum;+lnum;mapping=tex-text;" at 10.0pt
warning: main.tex:55: Requested font "[LinLibertine_RB.otf]/OT:script=latn;language=dflt;+tnum;+lnum;mapping=tex-text;" at 10.0pt
warning: main.tex:55: Requested font "[LinLibertine_RB.otf]/OT:script=latn;language=dflt;+tnum;+lnum;mapping=tex-text;" at 9.0pt
warning: main.tex:55: Requested font "[LinLibertine_RB.otf]/OT:script=latn;language=dflt;+tnum;+lnum;mapping=tex-text;" at 10.95pt
warning: main.tex:55: Requested font "[LinLibertine_RI.otf]/OT:script=latn;language=dflt;+tnum;+lnum;mapping=tex-text;" at 9.0pt
warning: main.tex:55: Requested font "MinLibReg-ot1" at 9.0pt
warning: main.tex:55:  -> MinLibReg-ot1
warning: main.tex:55: Requested font "nxlmi" at 9.0pt
warning: main.tex:55:  -> nxlmi
warning: main.tex:55: Requested font "ntxsy" at 9.0pt
warning: main.tex:55:  -> ntxsy
warning: main.tex:55: Requested font "ntxexx" at 9.0pt
warning: main.tex:55:  -> ntxexx
warning: main.tex:55: Requested font "msam10" at 9.0pt
warning: main.tex:55:  -> msam10
warning: main.tex:55: 
Requested font "msbm10" at 9.0pt
warning: main.tex:55:  -> msbm10
warning: main.tex:55: 
Requested font "nxlmia" at 9.0pt
warning: main.tex:55:  -> nxlmia
warning: main.tex:55: Requested font "ntxsym" at 9.0pt
warning: main.tex:55:  -> ntxsym
warning: main.tex:55: Requested font "ntxsyc" at 9.0pt
warning: main.tex:55:  -> ntxsyc
warning: main.tex:55: Requested font "ntxexa" at 9.0pt
warning: main.tex:55:  -> ntxexa
warning: main.tex:74: Overfull \hbox (1.098pt too wide) in paragraph at lines 66--74
warning: main.tex:74: Underfull \vbox (badness 1259) has occurred while \output is active
warning: main.tex:87: Requested font "[Inconsolatazi4-Regular.otf]/OT:script=latn;language=dflt;+ss03;" at 9.0pt
warning: main.tex:112: Underfull \vbox (badness 10000) has occurred while \output is active
warning: main.tex:148: Overfull \hbox (4.77701pt too wide) in paragraph at lines 137--148
warning: main.tex:152: Underfull \vbox (badness 10000) has occurred while \output is active
warning: main.tex:153: Requested font "[LinLibertine_R.otf]/OT:script=latn;language=dflt;+tnum;+lnum;mapping=tex-text;" at 8.0pt
warning: table1.tex:1: 
Requested font "MinLibReg-ot1" at 8.0pt
warning: table1.tex:1:  -> MinLibReg-ot1
warning: table1.tex:1: Requested font "MinLibReg-ot1" at 6.2pt
warning: table1.tex:1:  -> MinLibReg-ot1
warning: table1.tex:1: Requested font "nxlmi7" at 8.0pt
warning: table1.tex:1:  -> nxlmi7
warning: table1.tex:1: Requested font "nxlmi5" at 6.2pt
warning: table1.tex:1:  -> nxlmi5
warning: table1.tex:1: Requested font "ntxsy7" at 8.0pt
warning: table1.tex:1:  -> ntxsy7
warning: table1.tex:1: Requested font "ntxsy5" at 6.2pt
warning: table1.tex:1:  -> ntxsy5
warning: table1.tex:1: Requested font "ntxexx" at 8.0pt
warning: table1.tex:1:  -> ntxexx
warning: table1.tex:1: Requested font "ntxexx" at 6.2pt
warning: table1.tex:1:  -> ntxexx
warning: table1.tex:1: Requested font "msam10" at 8.0pt
warning: table1.tex:1:  -> msam10
warning: table1.tex:1: Requested font "msam7" at 6.2pt
warning: table1.tex:1:  -> msam7
warning: table1.tex:1: Requested font "msbm10" at 8.0pt
warning: table1.tex:1:  -> msbm10
warning: table1.tex:1: Requested font "msbm7" at 6.2pt
warning: table1.tex:1:  -> msbm7
warning: table1.tex:1: Requested font "nxlmia" at 8.0pt
warning: table1.tex:1:  -> nxlmia
warning: table1.tex:1: Requested font "nxlmia" at 6.2pt
warning: table1.tex:1:  -> nxlmia
warning: table1.tex:1: Requested font "ntxsym" at 8.0pt
warning: table1.tex:1:  -> ntxsym
warning: table1.tex:1: Requested font "ntxsym" at 6.2pt
warning: table1.tex:1:  -> ntxsym
warning: table1.tex:1: Requested font "ntxsyc" at 8.0pt
warning: table1.tex:1:  -> ntxsyc
warning: table1.tex:1: Requested font "ntxsyc" at 6.2pt
warning: table1.tex:1:  -> ntxsyc
warning: table1.tex:1: Requested font "ntxexa" at 8.0pt
warning: table1.tex:1:  -> ntxexa
warning: table1.tex:1: Requested font "ntxexa" at 6.2pt
warning: table1.tex:1:  -> ntxexa
warning: main.tex:195: Overfull \hbox (2.0273pt too wide) in paragraph at lines 187--195
warning: main.tex:196: Requested font "[LinBiolinum_R.otf]/OT:script=latn;language=dflt;+tnum;+lnum;mapping=tex-text;" at 9.0pt
warning: main.tex:196: Requested font "[LinBiolinum_R.otf]/OT:script=latn;language=dflt;+tnum;+lnum;mapping=tex-text;" at 7.0pt
warning: main.tex:196: Requested font "[LinBiolinum_RB.otf]/OT:script=latn;language=dflt;+tnum;+lnum;mapping=tex-text;" at 7.0pt
warning: main.tex:220: Overfull \hbox (1.13628pt too wide) in paragraph at lines 211--220
warning: main.tex:243: Overfull \hbox (6.0pt too wide) in paragraph at lines 230--243
warning: main.tex:243: Overfull \hbox (5.6693pt too wide) in paragraph at lines 230--243
warning: main.tex:243: Underfull \vbox (badness 10000) has occurred while \output is active
warning: main.tex:258: Overfull \hbox (9.90529pt too wide) in paragraph at lines 245--258
warning: main.bbl:46: Requested font "[LinLibertine_RI.otf]/OT:script=latn;language=dflt;+tnum;+lnum;mapping=tex-text;" at 7.0pt
warning: main.bbl:49: Underfull \vbox (badness 10000) has occurred while \output is active
warning: main.bbl:206: Underfull \hbox (badness 10000) in paragraph at lines 200--206
warning: main.bbl:206: Underfull \hbox (badness 2600) in paragraph at lines 200--206
warning: main.tex:269: 
Requested font "MinLibReg-ot1" at 10.95pt
warning: main.tex:269:  -> MinLibReg-ot1
warning: main.tex:269: Requested font "MinLibReg-ot1" at 6.1pt
warning: main.tex:269:  -> MinLibReg-ot1
warning: main.tex:269: Requested font "nxlmi" at 10.95pt
warning: main.tex:269:  -> nxlmi
warning: main.tex:269: Requested font "nxlmi5" at 6.1pt
warning: main.tex:269:  -> nxlmi5
warning: main.tex:269: Requested font "ntxsy" at 10.95pt
warning: main.tex:269:  -> ntxsy
warning: main.tex:269: Requested font "ntxsy5" at 6.1pt
warning: main.tex:269:  -> ntxsy5
warning: main.tex:269: Requested font "ntxexx" at 10.95pt
warning: main.tex:269:  -> ntxexx
warning: main.tex:269: Requested font "ntxexx" at 6.1pt
warning: main.tex:269:  -> ntxexx
warning: main.tex:269: Requested font "msam10" at 10.95pt
warning: main.tex:269:  -> msam10
warning: main.tex:269: Requested font "msam7" at 6.1pt
warning: main.tex:269:  -> msam7
warning: main.tex:269: Requested font "msbm10" at 10.95pt
warning: main.tex:269:  -> msbm10
warning: main.tex:269: Requested font "msbm7" at 6.1pt
warning: main.tex:269:  -> msbm7
warning: main.tex:269: Requested font "nxlmia" at 10.95pt
warning: main.tex:269:  -> nxlmia
warning: main.tex:269: Requested font "nxlmia" at 6.1pt
warning: main.tex:269:  -> nxlmia
warning: main.tex:269: Requested font "ntxsym" at 10.95pt
warning: main.tex:269:  -> ntxsym
warning: main.tex:269: Requested font "ntxsym" at 6.1pt
warning: main.tex:269:  -> ntxsym
warning: main.tex:269: Requested font "ntxsyc" at 10.95pt
warning: main.tex:269:  -> ntxsyc
warning: main.tex:269: Requested font "ntxsyc" at 6.1pt
warning: main.tex:269:  -> ntxsyc
warning: main.tex:269: Requested font "ntxexa" at 10.95pt
warning: main.tex:269:  -> ntxexa
warning: main.tex:269: Requested font "ntxexa" at 6.1pt
warning: main.tex:269:  -> ntxexa
warning: internal consistency problem when checking if main.bbl changed
note: Rerunning TeX because "main.bbl" changed ...
warning: libertine.sty:308: 
Requested font "[LinLibertine_R.otf]/OT" at 8.99997pt
warning: libertine.sty:308: Requested font "[LinLibertine_R.otf]/OT" at 9.00003pt
warning: libertine.sty:308: Requested font "[LinLibertine_R.otf]/OT:script=latn;language=dflt;" at 9.00003pt
warning: libertine.sty:308: Requested font "[LinLibertine_RB.otf]/OT:script=latn;language=dflt;" at 9.00003pt
warning: libertine.sty:308: Requested font "[LinLibertine_RI.otf]/OT:script=latn;language=dflt;" at 9.00003pt
warning: libertine.sty:308: Requested font "[LinLibertine_RBI.otf]/OT:script=latn;language=dflt;" at 9.00003pt
warning: libertine.sty:308: Requested font "[LinLibertine_R.otf]/OT:script=latn;language=dflt;+tnum;+lnum;mapping=tex-text;" at 9.0pt
warning: libertine.sty:319: Requested font "[LinBiolinum_R.otf]/OT" at 8.99997pt
warning: libertine.sty:319: Requested font "[LinBiolinum_R.otf]/OT" at 9.00003pt
warning: libertine.sty:319: Requested font "[LinBiolinum_R.otf]/OT:script=latn;language=dflt;" at 9.00003pt
warning: libertine.sty:319: Requested font "[LinBiolinum_RB.otf]/OT:script=latn;language=dflt;" at 9.00003pt
warning: libertine.sty:319: Requested font "[LinBiolinum_RI.otf]/OT:script=latn;language=dflt;" at 9.00003pt
warning: libertine.sty:319: Requested font "[LinBiolinum_RBO.otf]/OT:script=latn;language=dflt;" at 9.00003pt
warning: libertine.sty:338: Requested font "[LinLibertine_RZ.otf]/OT" at 8.99997pt
warning: libertine.sty:338: Requested font "[LinLibertine_RZ.otf]/OT" at 9.00003pt
warning: libertine.sty:338: Requested font "[LinLibertine_RZ.otf]/OT:script=latn;language=dflt;" at 9.00003pt
warning: libertine.sty:338: Requested font "[LinLibertine_RZI.otf]/OT:script=latn;language=dflt;" at 9.00003pt
warning: libertine.sty:361: Requested font "[LinLibertine_DR.otf]/OT" at 8.99997pt
warning: libertine.sty:361: Requested font "[LinLibertine_DR.otf]/OT" at 9.00003pt
warning: libertine.sty:361: Requested font "[LinLibertine_DR.otf]/OT:script=latn;language=dflt;" at 9.00003pt
warning: libertine.sty:435: Requested font "[LinLibertine_M.otf]/OT" at 8.99997pt
warning: libertine.sty:435: Requested font "[LinLibertine_M.otf]/OT" at 9.00003pt
warning: libertine.sty:435: Requested font "[LinLibertine_M.otf]/OT:script=latn;language=dflt;" at 9.00003pt
warning: libertine.sty:435: Requested font "[LinLibertine_MB.otf]/OT:script=latn;language=dflt;" at 9.00003pt
warning: libertine.sty:435: Requested font "[LinLibertine_MO.otf]/OT:script=latn;language=dflt;" at 9.00003pt
warning: libertine.sty:435: Requested font "[LinLibertine_MBO.otf]/OT:script=latn;language=dflt;" at 9.00003pt
warning: libertine.sty:436: Requested font "[LinBiolinum_K.otf]/OT" at 8.99997pt
warning: libertine.sty:436: Requested font "[LinBiolinum_K.otf]/OT" at 9.00003pt
warning: libertine.sty:436: Requested font "[LinBiolinum_K.otf]/OT:script=latn;language=dflt;" at 9.00003pt
warning: libertine.sty:437: Requested font "[LinLibertine_I.otf]/OT" at 8.99997pt
warning: libertine.sty:437: Requested font "[LinLibertine_I.otf]/OT" at 9.00003pt
warning: libertine.sty:437: Requested font "[LinLibertine_I.otf]/OT:script=latn;language=dflt;" at 9.00003pt
warning: acmart.cls:815: 
Requested font "[Inconsolatazi4-Regular.otf]/OT" at 8.99997pt
warning: acmart.cls:815: Requested font "[Inconsolatazi4-Regular.otf]/OT" at 9.00003pt
warning: acmart.cls:815: Requested font "[Inconsolatazi4-Regular.otf]/OT:script=latn;language=dflt;" at 9.00003pt
warning: acmart.cls:815: Requested font "[Inconsolatazi4-Bold.otf]/OT:script=latn;language=dflt;" at 9.00003pt
warning: main.tex:10: Requested font "[LinLibertine_R.otf]/OT:script=latn;language=dflt;+tnum;+lnum;mapping=tex-text;" at 7.0pt
warning: main.tex:10: 
Requested font "MinLibReg-ot1" at 7.3pt
warning: main.tex:10:  -> MinLibReg-ot1
warning: main.tex:10: Requested font "MinLibReg-ot1" at 5.5pt
warning: main.tex:10:  -> MinLibReg-ot1
warning: main.tex:10: Requested font "nxlmi7" at 7.3pt
warning: main.tex:10:  -> nxlmi7
warning: main.tex:10: Requested font "nxlmi5" at 5.5pt
warning: main.tex:10:  -> nxlmi5
warning: main.tex:10: Requested font "ntxsy7" at 7.3pt
warning: main.tex:10:  -> ntxsy7
warning: main.tex:10: Requested font "ntxsy5" at 5.5pt
warning: main.tex:10:  -> ntxsy5
warning: main.tex:10: Requested font "ntxexx" at 7.3pt
warning: main.tex:10:  -> ntxexx
warning: main.tex:10: Requested font "ntxexx" at 5.5pt
warning: main.tex:10:  -> ntxexx
warning: main.tex:10: 
Requested font "msam7" at 7.3pt
warning: main.tex:10:  -> msam7
warning: main.tex:10: Requested font "msam5" at 5.5pt
warning: main.tex:10:  -> msam5
warning: main.tex:10: 
Requested font "msbm7" at 7.3pt
warning: main.tex:10:  -> msbm7
warning: main.tex:10: Requested font "msbm5" at 5.5pt
warning: main.tex:10:  -> msbm5
warning: main.tex:10: 
Requested font "nxlmia" at 7.3pt
warning: main.tex:10:  -> nxlmia
warning: main.tex:10: Requested font "nxlmia" at 5.5pt
warning: main.tex:10:  -> nxlmia
warning: main.tex:10: 
Requested font "ntxsym" at 7.3pt
warning: main.tex:10:  -> ntxsym
warning: main.tex:10: Requested font "ntxsym" at 5.5pt
warning: main.tex:10:  -> ntxsym
warning: main.tex:10: 
Requested font "ntxsyc" at 7.3pt
warning: main.tex:10:  -> ntxsyc
warning: main.tex:10: Requested font "ntxsyc" at 5.5pt
warning: main.tex:10:  -> ntxsyc
warning: main.tex:10: Requested font "ntxexa" at 7.3pt
warning: main.tex:10:  -> ntxexa
warning: main.tex:10: Requested font "ntxexa" at 5.5pt
warning: main.tex:10:  -> ntxexa
warning: main.tex:55: Requested font "[LinLibertine_R.otf]/OT:script=latn;language=dflt;+tnum;+lnum;mapping=tex-text;" at 17.28pt
warning: main.tex:55: Requested font "[LinBiolinum_R.otf]/OT:script=latn;language=dflt;+tnum;+lnum;mapping=tex-text;" at 17.28pt
warning: main.tex:55: Requested font "[LinBiolinum_RB.otf]/OT:script=latn;language=dflt;+tnum;+lnum;mapping=tex-text;" at 17.28pt
warning: main.tex:55: Requested font "[LinBiolinum_RB.otf]/OT:script=latn;language=dflt;+tnum;+lnum;mapping=tex-text;" at 9.0pt
warning: main.tex:55: Requested font "[LinBiolinum_RB.otf]/OT:script=latn;language=dflt;+tnum;+lnum;mapping=tex-text;" at 12.0pt
warning: main.tex:55: Requested font "[LinBiolinum_R.otf]/OT:script=latn;language=dflt;+tnum;+lnum;mapping=tex-text;" at 12.0pt
warning: main.tex:55: Requested font "[LinLibertine_R.otf]/OT:script=latn;language=dflt;+tnum;+lnum;mapping=tex-text;" at 12.0pt
warning: main.tex:55: Requested font "[LinLibertine_RB.otf]/OT:script=latn;language=dflt;+tnum;+lnum;mapping=tex-text;" at 12.0pt
warning: main.tex:55: Requested font "[LinLibertine_R.otf]/OT:script=latn;language=dflt;+tnum;+lnum;mapping=tex-text;" at 10.0pt
warning: main.tex:55: Requested font "[LinLibertine_RB.otf]/OT:script=latn;language=dflt;+tnum;+lnum;mapping=tex-text;" at 10.0pt
warning: main.tex:55: Requested font "[LinLibertine_RB.otf]/OT:script=latn;language=dflt;+tnum;+lnum;mapping=tex-text;" at 9.0pt
warning: main.tex:55: Requested font "[LinLibertine_RB.otf]/OT:script=latn;language=dflt;+tnum;+lnum;mapping=tex-text;" at 10.95pt
warning: main.tex:55: Requested font "[LinLibertine_RI.otf]/OT:script=latn;language=dflt;+tnum;+lnum;mapping=tex-text;" at 9.0pt
warning: main.tex:55: Requested font "MinLibReg-ot1" at 9.0pt
warning: main.tex:55:  -> MinLibReg-ot1
warning: main.tex:55: Requested font "nxlmi" at 9.0pt
warning: main.tex:55:  -> nxlmi
warning: main.tex:55: Requested font "ntxsy" at 9.0pt
warning: main.tex:55:  -> ntxsy
warning: main.tex:55: Requested font "ntxexx" at 9.0pt
warning: main.tex:55:  -> ntxexx
warning: main.tex:55: Requested font "msam10" at 9.0pt
warning: main.tex:55:  -> msam10
warning: main.tex:55: 
Requested font "msbm10" at 9.0pt
warning: main.tex:55:  -> msbm10
warning: main.tex:55: 
Requested font "nxlmia" at 9.0pt
warning: main.tex:55:  -> nxlmia
warning: main.tex:55: Requested font "ntxsym" at 9.0pt
warning: main.tex:55:  -> ntxsym
warning: main.tex:55: Requested font "ntxsyc" at 9.0pt
warning: main.tex:55:  -> ntxsyc
warning: main.tex:55: Requested font "ntxexa" at 9.0pt
warning: main.tex:55:  -> ntxexa
warning: main.tex:74: Overfull \hbox (1.098pt too wide) in paragraph at lines 66--74
warning: main.tex:74: Underfull \vbox (badness 1259) has occurred while \output is active
warning: main.tex:87: Requested font "[Inconsolatazi4-Regular.otf]/OT:script=latn;language=dflt;+ss03;" at 9.0pt
warning: main.tex:112: Underfull \vbox (badness 10000) has occurred while \output is active
warning: main.tex:148: Overfull \hbox (4.77701pt too wide) in paragraph at lines 137--148
warning: main.tex:152: Underfull \vbox (badness 10000) has occurred while \output is active
warning: main.tex:153: Requested font "[LinLibertine_R.otf]/OT:script=latn;language=dflt;+tnum;+lnum;mapping=tex-text;" at 8.0pt
warning: table1.tex:1: 
Requested font "MinLibReg-ot1" at 8.0pt
warning: table1.tex:1:  -> MinLibReg-ot1
warning: table1.tex:1: Requested font "MinLibReg-ot1" at 6.2pt
warning: table1.tex:1:  -> MinLibReg-ot1
warning: table1.tex:1: Requested font "nxlmi7" at 8.0pt
warning: table1.tex:1:  -> nxlmi7
warning: table1.tex:1: Requested font "nxlmi5" at 6.2pt
warning: table1.tex:1:  -> nxlmi5
warning: table1.tex:1: Requested font "ntxsy7" at 8.0pt
warning: table1.tex:1:  -> ntxsy7
warning: table1.tex:1: Requested font "ntxsy5" at 6.2pt
warning: table1.tex:1:  -> ntxsy5
warning: table1.tex:1: Requested font "ntxexx" at 8.0pt
warning: table1.tex:1:  -> ntxexx
warning: table1.tex:1: Requested font "ntxexx" at 6.2pt
warning: table1.tex:1:  -> ntxexx
warning: table1.tex:1: Requested font "msam10" at 8.0pt
warning: table1.tex:1:  -> msam10
warning: table1.tex:1: Requested font "msam7" at 6.2pt
warning: table1.tex:1:  -> msam7
warning: table1.tex:1: Requested font "msbm10" at 8.0pt
warning: table1.tex:1:  -> msbm10
warning: table1.tex:1: Requested font "msbm7" at 6.2pt
warning: table1.tex:1:  -> msbm7
warning: table1.tex:1: Requested font "nxlmia" at 8.0pt
warning: table1.tex:1:  -> nxlmia
warning: table1.tex:1: Requested font "nxlmia" at 6.2pt
warning: table1.tex:1:  -> nxlmia
warning: table1.tex:1: Requested font "ntxsym" at 8.0pt
warning: table1.tex:1:  -> ntxsym
warning: table1.tex:1: Requested font "ntxsym" at 6.2pt
warning: table1.tex:1:  -> ntxsym
warning: table1.tex:1: Requested font "ntxsyc" at 8.0pt
warning: table1.tex:1:  -> ntxsyc
warning: table1.tex:1: Requested font "ntxsyc" at 6.2pt
warning: table1.tex:1:  -> ntxsyc
warning: table1.tex:1: Requested font "ntxexa" at 8.0pt
warning: table1.tex:1:  -> ntxexa
warning: table1.tex:1: Requested font "ntxexa" at 6.2pt
warning: table1.tex:1:  -> ntxexa
warning: main.tex:195: Overfull \hbox (2.0273pt too wide) in paragraph at lines 187--195
warning: main.tex:196: Requested font "[LinBiolinum_R.otf]/OT:script=latn;language=dflt;+tnum;+lnum;mapping=tex-text;" at 9.0pt
warning: main.tex:196: Requested font "[LinBiolinum_R.otf]/OT:script=latn;language=dflt;+tnum;+lnum;mapping=tex-text;" at 7.0pt
warning: main.tex:196: Requested font "[LinBiolinum_RB.otf]/OT:script=latn;language=dflt;+tnum;+lnum;mapping=tex-text;" at 7.0pt
warning: main.tex:220: Overfull \hbox (1.13628pt too wide) in paragraph at lines 211--220
warning: main.tex:243: Overfull \hbox (6.0pt too wide) in paragraph at lines 230--243
warning: main.tex:243: Overfull \hbox (5.6693pt too wide) in paragraph at lines 230--243
warning: main.tex:243: Underfull \vbox (badness 10000) has occurred while \output is active
warning: main.tex:258: Overfull \hbox (9.90529pt too wide) in paragraph at lines 245--258
warning: main.bbl:46: Requested font "[LinLibertine_RI.otf]/OT:script=latn;language=dflt;+tnum;+lnum;mapping=tex-text;" at 7.0pt
warning: main.bbl:49: Underfull \vbox (badness 10000) has occurred while \output is active
warning: main.bbl:206: Underfull \hbox (badness 10000) in paragraph at lines 200--206
warning: main.bbl:206: Underfull \hbox (badness 2600) in paragraph at lines 200--206
warning: main.tex:269: 
Requested font "MinLibReg-ot1" at 10.95pt
warning: main.tex:269:  -> MinLibReg-ot1
warning: main.tex:269: Requested font "MinLibReg-ot1" at 6.1pt
warning: main.tex:269:  -> MinLibReg-ot1
warning: main.tex:269: Requested font "nxlmi" at 10.95pt
warning: main.tex:269:  -> nxlmi
warning: main.tex:269: Requested font "nxlmi5" at 6.1pt
warning: main.tex:269:  -> nxlmi5
warning: main.tex:269: Requested font "ntxsy" at 10.95pt
warning: main.tex:269:  -> ntxsy
warning: main.tex:269: Requested font "ntxsy5" at 6.1pt
warning: main.tex:269:  -> ntxsy5
warning: main.tex:269: Requested font "ntxexx" at 10.95pt
warning: main.tex:269:  -> ntxexx
warning: main.tex:269: Requested font "ntxexx" at 6.1pt
warning: main.tex:269:  -> ntxexx
warning: main.tex:269: Requested font "msam10" at 10.95pt
warning: main.tex:269:  -> msam10
warning: main.tex:269: Requested font "msam7" at 6.1pt
warning: main.tex:269:  -> msam7
warning: main.tex:269: Requested font "msbm10" at 10.95pt
warning: main.tex:269:  -> msbm10
warning: main.tex:269: Requested font "msbm7" at 6.1pt
warning: main.tex:269:  -> msbm7
warning: main.tex:269: Requested font "nxlmia" at 10.95pt
warning: main.tex:269:  -> nxlmia
warning: main.tex:269: Requested font "nxlmia" at 6.1pt
warning: main.tex:269:  -> nxlmia
warning: main.tex:269: Requested font "ntxsym" at 10.95pt
warning: main.tex:269:  -> ntxsym
warning: main.tex:269: Requested font "ntxsym" at 6.1pt
warning: main.tex:269:  -> ntxsym
warning: main.tex:269: Requested font "ntxsyc" at 10.95pt
warning: main.tex:269:  -> ntxsyc
warning: main.tex:269: Requested font "ntxsyc" at 6.1pt
warning: main.tex:269:  -> ntxsyc
warning: main.tex:269: Requested font "ntxexa" at 10.95pt
warning: main.tex:269:  -> ntxexa
warning: main.tex:269: Requested font "ntxexa" at 6.1pt
warning: main.tex:269:  -> ntxexa
warning: internal consistency problem when checking if main.bbl changed
note: Rerunning TeX because "main.bbl" changed ...
warning: libertine.sty:308: 
Requested font "[LinLibertine_R.otf]/OT" at 8.99997pt
warning: libertine.sty:308: Requested font "[LinLibertine_R.otf]/OT" at 9.00003pt
warning: libertine.sty:308: Requested font "[LinLibertine_R.otf]/OT:script=latn;language=dflt;" at 9.00003pt
warning: libertine.sty:308: Requested font "[LinLibertine_RB.otf]/OT:script=latn;language=dflt;" at 9.00003pt
warning: libertine.sty:308: Requested font "[LinLibertine_RI.otf]/OT:script=latn;language=dflt;" at 9.00003pt
warning: libertine.sty:308: Requested font "[LinLibertine_RBI.otf]/OT:script=latn;language=dflt;" at 9.00003pt
warning: libertine.sty:308: Requested font "[LinLibertine_R.otf]/OT:script=latn;language=dflt;+tnum;+lnum;mapping=tex-text;" at 9.0pt
warning: libertine.sty:319: Requested font "[LinBiolinum_R.otf]/OT" at 8.99997pt
warning: libertine.sty:319: Requested font "[LinBiolinum_R.otf]/OT" at 9.00003pt
warning: libertine.sty:319: Requested font "[LinBiolinum_R.otf]/OT:script=latn;language=dflt;" at 9.00003pt
warning: libertine.sty:319: Requested font "[LinBiolinum_RB.otf]/OT:script=latn;language=dflt;" at 9.00003pt
warning: libertine.sty:319: Requested font "[LinBiolinum_RI.otf]/OT:script=latn;language=dflt;" at 9.00003pt
warning: libertine.sty:319: Requested font "[LinBiolinum_RBO.otf]/OT:script=latn;language=dflt;" at 9.00003pt
warning: libertine.sty:338: Requested font "[LinLibertine_RZ.otf]/OT" at 8.99997pt
warning: libertine.sty:338: Requested font "[LinLibertine_RZ.otf]/OT" at 9.00003pt
warning: libertine.sty:338: Requested font "[LinLibertine_RZ.otf]/OT:script=latn;language=dflt;" at 9.00003pt
warning: libertine.sty:338: Requested font "[LinLibertine_RZI.otf]/OT:script=latn;language=dflt;" at 9.00003pt
warning: libertine.sty:361: Requested font "[LinLibertine_DR.otf]/OT" at 8.99997pt
warning: libertine.sty:361: Requested font "[LinLibertine_DR.otf]/OT" at 9.00003pt
warning: libertine.sty:361: Requested font "[LinLibertine_DR.otf]/OT:script=latn;language=dflt;" at 9.00003pt
warning: libertine.sty:435: Requested font "[LinLibertine_M.otf]/OT" at 8.99997pt
warning: libertine.sty:435: Requested font "[LinLibertine_M.otf]/OT" at 9.00003pt
warning: libertine.sty:435: Requested font "[LinLibertine_M.otf]/OT:script=latn;language=dflt;" at 9.00003pt
warning: libertine.sty:435: Requested font "[LinLibertine_MB.otf]/OT:script=latn;language=dflt;" at 9.00003pt
warning: libertine.sty:435: Requested font "[LinLibertine_MO.otf]/OT:script=latn;language=dflt;" at 9.00003pt
warning: libertine.sty:435: Requested font "[LinLibertine_MBO.otf]/OT:script=latn;language=dflt;" at 9.00003pt
warning: libertine.sty:436: Requested font "[LinBiolinum_K.otf]/OT" at 8.99997pt
warning: libertine.sty:436: Requested font "[LinBiolinum_K.otf]/OT" at 9.00003pt
warning: libertine.sty:436: Requested font "[LinBiolinum_K.otf]/OT:script=latn;language=dflt;" at 9.00003pt
warning: libertine.sty:437: Requested font "[LinLibertine_I.otf]/OT" at 8.99997pt
warning: libertine.sty:437: Requested font "[LinLibertine_I.otf]/OT" at 9.00003pt
warning: libertine.sty:437: Requested font "[LinLibertine_I.otf]/OT:script=latn;language=dflt;" at 9.00003pt
warning: acmart.cls:815: 
Requested font "[Inconsolatazi4-Regular.otf]/OT" at 8.99997pt
warning: acmart.cls:815: Requested font "[Inconsolatazi4-Regular.otf]/OT" at 9.00003pt
warning: acmart.cls:815: Requested font "[Inconsolatazi4-Regular.otf]/OT:script=latn;language=dflt;" at 9.00003pt
warning: acmart.cls:815: Requested font "[Inconsolatazi4-Bold.otf]/OT:script=latn;language=dflt;" at 9.00003pt
warning: main.tex:10: Requested font "[LinLibertine_R.otf]/OT:script=latn;language=dflt;+tnum;+lnum;mapping=tex-text;" at 7.0pt
warning: main.tex:10: 
Requested font "MinLibReg-ot1" at 7.3pt
warning: main.tex:10:  -> MinLibReg-ot1
warning: main.tex:10: Requested font "MinLibReg-ot1" at 5.5pt
warning: main.tex:10:  -> MinLibReg-ot1
warning: main.tex:10: Requested font "nxlmi7" at 7.3pt
warning: main.tex:10:  -> nxlmi7
warning: main.tex:10: Requested font "nxlmi5" at 5.5pt
warning: main.tex:10:  -> nxlmi5
warning: main.tex:10: Requested font "ntxsy7" at 7.3pt
warning: main.tex:10:  -> ntxsy7
warning: main.tex:10: Requested font "ntxsy5" at 5.5pt
warning: main.tex:10:  -> ntxsy5
warning: main.tex:10: Requested font "ntxexx" at 7.3pt
warning: main.tex:10:  -> ntxexx
warning: main.tex:10: Requested font "ntxexx" at 5.5pt
warning: main.tex:10:  -> ntxexx
warning: main.tex:10: 
Requested font "msam7" at 7.3pt
warning: main.tex:10:  -> msam7
warning: main.tex:10: Requested font "msam5" at 5.5pt
warning: main.tex:10:  -> msam5
warning: main.tex:10: 
Requested font "msbm7" at 7.3pt
warning: main.tex:10:  -> msbm7
warning: main.tex:10: Requested font "msbm5" at 5.5pt
warning: main.tex:10:  -> msbm5
warning: main.tex:10: 
Requested font "nxlmia" at 7.3pt
warning: main.tex:10:  -> nxlmia
warning: main.tex:10: Requested font "nxlmia" at 5.5pt
warning: main.tex:10:  -> nxlmia
warning: main.tex:10: 
Requested font "ntxsym" at 7.3pt
warning: main.tex:10:  -> ntxsym
warning: main.tex:10: Requested font "ntxsym" at 5.5pt
warning: main.tex:10:  -> ntxsym
warning: main.tex:10: 
Requested font "ntxsyc" at 7.3pt
warning: main.tex:10:  -> ntxsyc
warning: main.tex:10: Requested font "ntxsyc" at 5.5pt
warning: main.tex:10:  -> ntxsyc
warning: main.tex:10: Requested font "ntxexa" at 7.3pt
warning: main.tex:10:  -> ntxexa
warning: main.tex:10: Requested font "ntxexa" at 5.5pt
warning: main.tex:10:  -> ntxexa
warning: main.tex:55: Requested font "[LinLibertine_R.otf]/OT:script=latn;language=dflt;+tnum;+lnum;mapping=tex-text;" at 17.28pt
warning: main.tex:55: Requested font "[LinBiolinum_R.otf]/OT:script=latn;language=dflt;+tnum;+lnum;mapping=tex-text;" at 17.28pt
warning: main.tex:55: Requested font "[LinBiolinum_RB.otf]/OT:script=latn;language=dflt;+tnum;+lnum;mapping=tex-text;" at 17.28pt
warning: main.tex:55: Requested font "[LinBiolinum_RB.otf]/OT:script=latn;language=dflt;+tnum;+lnum;mapping=tex-text;" at 9.0pt
warning: main.tex:55: Requested font "[LinBiolinum_RB.otf]/OT:script=latn;language=dflt;+tnum;+lnum;mapping=tex-text;" at 12.0pt
warning: main.tex:55: Requested font "[LinBiolinum_R.otf]/OT:script=latn;language=dflt;+tnum;+lnum;mapping=tex-text;" at 12.0pt
warning: main.tex:55: Requested font "[LinLibertine_R.otf]/OT:script=latn;language=dflt;+tnum;+lnum;mapping=tex-text;" at 12.0pt
warning: main.tex:55: Requested font "[LinLibertine_RB.otf]/OT:script=latn;language=dflt;+tnum;+lnum;mapping=tex-text;" at 12.0pt
warning: main.tex:55: Requested font "[LinLibertine_R.otf]/OT:script=latn;language=dflt;+tnum;+lnum;mapping=tex-text;" at 10.0pt
warning: main.tex:55: Requested font "[LinLibertine_RB.otf]/OT:script=latn;language=dflt;+tnum;+lnum;mapping=tex-text;" at 10.0pt
warning: main.tex:55: Requested font "[LinLibertine_RB.otf]/OT:script=latn;language=dflt;+tnum;+lnum;mapping=tex-text;" at 9.0pt
warning: main.tex:55: Requested font "[LinLibertine_RB.otf]/OT:script=latn;language=dflt;+tnum;+lnum;mapping=tex-text;" at 10.95pt
warning: main.tex:55: Requested font "[LinLibertine_RI.otf]/OT:script=latn;language=dflt;+tnum;+lnum;mapping=tex-text;" at 9.0pt
warning: main.tex:55: Requested font "MinLibReg-ot1" at 9.0pt
warning: main.tex:55:  -> MinLibReg-ot1
warning: main.tex:55: Requested font "nxlmi" at 9.0pt
warning: main.tex:55:  -> nxlmi
warning: main.tex:55: Requested font "ntxsy" at 9.0pt
warning: main.tex:55:  -> ntxsy
warning: main.tex:55: Requested font "ntxexx" at 9.0pt
warning: main.tex:55:  -> ntxexx
warning: main.tex:55: Requested font "msam10" at 9.0pt
warning: main.tex:55:  -> msam10
warning: main.tex:55: 
Requested font "msbm10" at 9.0pt
warning: main.tex:55:  -> msbm10
warning: main.tex:55: 
Requested font "nxlmia" at 9.0pt
warning: main.tex:55:  -> nxlmia
warning: main.tex:55: Requested font "ntxsym" at 9.0pt
warning: main.tex:55:  -> ntxsym
warning: main.tex:55: Requested font "ntxsyc" at 9.0pt
warning: main.tex:55:  -> ntxsyc
warning: main.tex:55: Requested font "ntxexa" at 9.0pt
warning: main.tex:55:  -> ntxexa
warning: main.tex:74: Overfull \hbox (1.098pt too wide) in paragraph at lines 66--74
warning: main.tex:74: Underfull \vbox (badness 1259) has occurred while \output is active
warning: main.tex:87: Requested font "[Inconsolatazi4-Regular.otf]/OT:script=latn;language=dflt;+ss03;" at 9.0pt
warning: main.tex:112: Underfull \vbox (badness 10000) has occurred while \output is active
warning: main.tex:148: Overfull \hbox (4.77701pt too wide) in paragraph at lines 137--148
warning: main.tex:152: Underfull \vbox (badness 10000) has occurred while \output is active
warning: main.tex:153: Requested font "[LinLibertine_R.otf]/OT:script=latn;language=dflt;+tnum;+lnum;mapping=tex-text;" at 8.0pt
warning: table1.tex:1: 
Requested font "MinLibReg-ot1" at 8.0pt
warning: table1.tex:1:  -> MinLibReg-ot1
warning: table1.tex:1: Requested font "MinLibReg-ot1" at 6.2pt
warning: table1.tex:1:  -> MinLibReg-ot1
warning: table1.tex:1: Requested font "nxlmi7" at 8.0pt
warning: table1.tex:1:  -> nxlmi7
warning: table1.tex:1: Requested font "nxlmi5" at 6.2pt
warning: table1.tex:1:  -> nxlmi5
warning: table1.tex:1: Requested font "ntxsy7" at 8.0pt
warning: table1.tex:1:  -> ntxsy7
warning: table1.tex:1: Requested font "ntxsy5" at 6.2pt
warning: table1.tex:1:  -> ntxsy5
warning: table1.tex:1: Requested font "ntxexx" at 8.0pt
warning: table1.tex:1:  -> ntxexx
warning: table1.tex:1: Requested font "ntxexx" at 6.2pt
warning: table1.tex:1:  -> ntxexx
warning: table1.tex:1: Requested font "msam10" at 8.0pt
warning: table1.tex:1:  -> msam10
warning: table1.tex:1: Requested font "msam7" at 6.2pt
warning: table1.tex:1:  -> msam7
warning: table1.tex:1: Requested font "msbm10" at 8.0pt
warning: table1.tex:1:  -> msbm10
warning: table1.tex:1: Requested font "msbm7" at 6.2pt
warning: table1.tex:1:  -> msbm7
warning: table1.tex:1: Requested font "nxlmia" at 8.0pt
warning: table1.tex:1:  -> nxlmia
warning: table1.tex:1: Requested font "nxlmia" at 6.2pt
warning: table1.tex:1:  -> nxlmia
warning: table1.tex:1: Requested font "ntxsym" at 8.0pt
warning: table1.tex:1:  -> ntxsym
warning: table1.tex:1: Requested font "ntxsym" at 6.2pt
warning: table1.tex:1:  -> ntxsym
warning: table1.tex:1: Requested font "ntxsyc" at 8.0pt
warning: table1.tex:1:  -> ntxsyc
warning: table1.tex:1: Requested font "ntxsyc" at 6.2pt
warning: table1.tex:1:  -> ntxsyc
warning: table1.tex:1: Requested font "ntxexa" at 8.0pt
warning: table1.tex:1:  -> ntxexa
warning: table1.tex:1: Requested font "ntxexa" at 6.2pt
warning: table1.tex:1:  -> ntxexa
warning: main.tex:195: Overfull \hbox (2.0273pt too wide) in paragraph at lines 187--195
warning: main.tex:196: Requested font "[LinBiolinum_R.otf]/OT:script=latn;language=dflt;+tnum;+lnum;mapping=tex-text;" at 9.0pt
warning: main.tex:196: Requested font "[LinBiolinum_R.otf]/OT:script=latn;language=dflt;+tnum;+lnum;mapping=tex-text;" at 7.0pt
warning: main.tex:196: Requested font "[LinBiolinum_RB.otf]/OT:script=latn;language=dflt;+tnum;+lnum;mapping=tex-text;" at 7.0pt
warning: main.tex:220: Overfull \hbox (1.13628pt too wide) in paragraph at lines 211--220
warning: main.tex:243: Overfull \hbox (6.0pt too wide) in paragraph at lines 230--243
warning: main.tex:243: Overfull \hbox (5.6693pt too wide) in paragraph at lines 230--243
warning: main.tex:243: Underfull \vbox (badness 10000) has occurred while \output is active
warning: main.tex:258: Overfull \hbox (9.90529pt too wide) in paragraph at lines 245--258
warning: main.bbl:46: Requested font "[LinLibertine_RI.otf]/OT:script=latn;language=dflt;+tnum;+lnum;mapping=tex-text;" at 7.0pt
warning: main.bbl:49: Underfull \vbox (badness 10000) has occurred while \output is active
warning: main.bbl:206: Underfull \hbox (badness 10000) in paragraph at lines 200--206
warning: main.bbl:206: Underfull \hbox (badness 2600) in paragraph at lines 200--206
warning: main.tex:269: 
Requested font "MinLibReg-ot1" at 10.95pt
warning: main.tex:269:  -> MinLibReg-ot1
warning: main.tex:269: Requested font "MinLibReg-ot1" at 6.1pt
warning: main.tex:269:  -> MinLibReg-ot1
warning: main.tex:269: Requested font "nxlmi" at 10.95pt
warning: main.tex:269:  -> nxlmi
warning: main.tex:269: Requested font "nxlmi5" at 6.1pt
warning: main.tex:269:  -> nxlmi5
warning: main.tex:269: Requested font "ntxsy" at 10.95pt
warning: main.tex:269:  -> ntxsy
warning: main.tex:269: Requested font "ntxsy5" at 6.1pt
warning: main.tex:269:  -> ntxsy5
warning: main.tex:269: Requested font "ntxexx" at 10.95pt
warning: main.tex:269:  -> ntxexx
warning: main.tex:269: Requested font "ntxexx" at 6.1pt
warning: main.tex:269:  -> ntxexx
warning: main.tex:269: Requested font "msam10" at 10.95pt
warning: main.tex:269:  -> msam10
warning: main.tex:269: Requested font "msam7" at 6.1pt
warning: main.tex:269:  -> msam7
warning: main.tex:269: Requested font "msbm10" at 10.95pt
warning: main.tex:269:  -> msbm10
warning: main.tex:269: Requested font "msbm7" at 6.1pt
warning: main.tex:269:  -> msbm7
warning: main.tex:269: Requested font "nxlmia" at 10.95pt
warning: main.tex:269:  -> nxlmia
warning: main.tex:269: Requested font "nxlmia" at 6.1pt
warning: main.tex:269:  -> nxlmia
warning: main.tex:269: Requested font "ntxsym" at 10.95pt
warning: main.tex:269:  -> ntxsym
warning: main.tex:269: Requested font "ntxsym" at 6.1pt
warning: main.tex:269:  -> ntxsym
warning: main.tex:269: Requested font "ntxsyc" at 10.95pt
warning: main.tex:269:  -> ntxsyc
warning: main.tex:269: Requested font "ntxsyc" at 6.1pt
warning: main.tex:269:  -> ntxsyc
warning: main.tex:269: Requested font "ntxexa" at 10.95pt
warning: main.tex:269:  -> ntxexa
warning: main.tex:269: Requested font "ntxexa" at 6.1pt
warning: main.tex:269:  -> ntxexa
warning: internal consistency problem when checking if main.bbl changed
warning: TeX rerun seems needed, but stopping at 6 passes
warning: warnings were issued by the TeX engine; use --print and/or --keep-logs for details.
note: Running xdvipdfmx ...
note: Writing `main.pdf` (155.15 KiB)
note: Skipped writing 4 intermediate files (use --keep-intermediates to keep them)
note: "version 2" Tectonic command-line interface activated
note: Running TeX ...
warning: libertine.sty:308: 
Requested font "[LinLibertine_R.otf]/OT" at 8.99997pt
warning: libertine.sty:308: Requested font "[LinLibertine_R.otf]/OT" at 9.00003pt
warning: libertine.sty:308: Requested font "[LinLibertine_R.otf]/OT:script=latn;language=dflt;" at 9.00003pt
warning: libertine.sty:308: Requested font "[LinLibertine_RB.otf]/OT:script=latn;language=dflt;" at 9.00003pt
warning: libertine.sty:308: Requested font "[LinLibertine_RI.otf]/OT:script=latn;language=dflt;" at 9.00003pt
warning: libertine.sty:308: Requested font "[LinLibertine_RBI.otf]/OT:script=latn;language=dflt;" at 9.00003pt
warning: libertine.sty:308: Requested font "[LinLibertine_R.otf]/OT:script=latn;language=dflt;+tnum;+lnum;mapping=tex-text;" at 9.0pt
warning: libertine.sty:319: Requested font "[LinBiolinum_R.otf]/OT" at 8.99997pt
warning: libertine.sty:319: Requested font "[LinBiolinum_R.otf]/OT" at 9.00003pt
warning: libertine.sty:319: Requested font "[LinBiolinum_R.otf]/OT:script=latn;language=dflt;" at 9.00003pt
warning: libertine.sty:319: Requested font "[LinBiolinum_RB.otf]/OT:script=latn;language=dflt;" at 9.00003pt
warning: libertine.sty:319: Requested font "[LinBiolinum_RI.otf]/OT:script=latn;language=dflt;" at 9.00003pt
warning: libertine.sty:319: Requested font "[LinBiolinum_RBO.otf]/OT:script=latn;language=dflt;" at 9.00003pt
warning: libertine.sty:338: Requested font "[LinLibertine_RZ.otf]/OT" at 8.99997pt
warning: libertine.sty:338: Requested font "[LinLibertine_RZ.otf]/OT" at 9.00003pt
warning: libertine.sty:338: Requested font "[LinLibertine_RZ.otf]/OT:script=latn;language=dflt;" at 9.00003pt
warning: libertine.sty:338: Requested font "[LinLibertine_RZI.otf]/OT:script=latn;language=dflt;" at 9.00003pt
warning: libertine.sty:361: Requested font "[LinLibertine_DR.otf]/OT" at 8.99997pt
warning: libertine.sty:361: Requested font "[LinLibertine_DR.otf]/OT" at 9.00003pt
warning: libertine.sty:361: Requested font "[LinLibertine_DR.otf]/OT:script=latn;language=dflt;" at 9.00003pt
warning: libertine.sty:435: Requested font "[LinLibertine_M.otf]/OT" at 8.99997pt
warning: libertine.sty:435: Requested font "[LinLibertine_M.otf]/OT" at 9.00003pt
warning: libertine.sty:435: Requested font "[LinLibertine_M.otf]/OT:script=latn;language=dflt;" at 9.00003pt
warning: libertine.sty:435: Requested font "[LinLibertine_MB.otf]/OT:script=latn;language=dflt;" at 9.00003pt
warning: libertine.sty:435: Requested font "[LinLibertine_MO.otf]/OT:script=latn;language=dflt;" at 9.00003pt
warning: libertine.sty:435: Requested font "[LinLibertine_MBO.otf]/OT:script=latn;language=dflt;" at 9.00003pt
warning: libertine.sty:436: Requested font "[LinBiolinum_K.otf]/OT" at 8.99997pt
warning: libertine.sty:436: Requested font "[LinBiolinum_K.otf]/OT" at 9.00003pt
warning: libertine.sty:436: Requested font "[LinBiolinum_K.otf]/OT:script=latn;language=dflt;" at 9.00003pt
warning: libertine.sty:437: Requested font "[LinLibertine_I.otf]/OT" at 8.99997pt
warning: libertine.sty:437: Requested font "[LinLibertine_I.otf]/OT" at 9.00003pt
warning: libertine.sty:437: Requested font "[LinLibertine_I.otf]/OT:script=latn;language=dflt;" at 9.00003pt
warning: acmart.cls:815: 
Requested font "[Inconsolatazi4-Regular.otf]/OT" at 8.99997pt
warning: acmart.cls:815: Requested font "[Inconsolatazi4-Regular.otf]/OT" at 9.00003pt
warning: acmart.cls:815: Requested font "[Inconsolatazi4-Regular.otf]/OT:script=latn;language=dflt;" at 9.00003pt
warning: acmart.cls:815: Requested font "[Inconsolatazi4-Bold.otf]/OT:script=latn;language=dflt;" at 9.00003pt
warning: main_submission.tex:10: Requested font "[LinLibertine_R.otf]/OT:script=latn;language=dflt;+tnum;+lnum;mapping=tex-text;" at 7.0pt
warning: main_submission.tex:10: 
Requested font "MinLibReg-ot1" at 7.3pt
warning: main_submission.tex:10:  -> MinLibReg-ot1
warning: main_submission.tex:10: Requested font "MinLibReg-ot1" at 5.5pt
warning: main_submission.tex:10:  -> MinLibReg-ot1
warning: main_submission.tex:10: Requested font "nxlmi7" at 7.3pt
warning: main_submission.tex:10:  -> nxlmi7
warning: main_submission.tex:10: Requested font "nxlmi5" at 5.5pt
warning: main_submission.tex:10:  -> nxlmi5
warning: main_submission.tex:10: Requested font "ntxsy7" at 7.3pt
warning: main_submission.tex:10:  -> ntxsy7
warning: main_submission.tex:10: Requested font "ntxsy5" at 5.5pt
warning: main_submission.tex:10:  -> ntxsy5
warning: main_submission.tex:10: Requested font "ntxexx" at 7.3pt
warning: main_submission.tex:10:  -> ntxexx
warning: main_submission.tex:10: Requested font "ntxexx" at 5.5pt
warning: main_submission.tex:10:  -> ntxexx
warning: main_submission.tex:10: 
Requested font "msam7" at 7.3pt
warning: main_submission.tex:10:  -> msam7
warning: main_submission.tex:10: Requested font "msam5" at 5.5pt
warning: main_submission.tex:10:  -> msam5
warning: main_submission.tex:10: 
Requested font "msbm7" at 7.3pt
warning: main_submission.tex:10:  -> msbm7
warning: main_submission.tex:10: Requested font "msbm5" at 5.5pt
warning: main_submission.tex:10:  -> msbm5
warning: main_submission.tex:10: 
Requested font "nxlmia" at 7.3pt
warning: main_submission.tex:10:  -> nxlmia
warning: main_submission.tex:10: Requested font "nxlmia" at 5.5pt
warning: main_submission.tex:10:  -> nxlmia
warning: main_submission.tex:10: 
Requested font "ntxsym" at 7.3pt
warning: main_submission.tex:10:  -> ntxsym
warning: main_submission.tex:10: Requested font "ntxsym" at 5.5pt
warning: main_submission.tex:10:  -> ntxsym
warning: main_submission.tex:10: 
Requested font "ntxsyc" at 7.3pt
warning: main_submission.tex:10:  -> ntxsyc
warning: main_submission.tex:10: Requested font "ntxsyc" at 5.5pt
warning: main_submission.tex:10:  -> ntxsyc
warning: main_submission.tex:10: Requested font "ntxexa" at 7.3pt
warning: main_submission.tex:10:  -> ntxexa
warning: main_submission.tex:10: Requested font "ntxexa" at 5.5pt
warning: main_submission.tex:10:  -> ntxexa
warning: main_submission.tex:55: Requested font "[LinLibertine_R.otf]/OT:script=latn;language=dflt;+tnum;+lnum;mapping=tex-text;" at 17.28pt
warning: main_submission.tex:55: Requested font "[LinBiolinum_R.otf]/OT:script=latn;language=dflt;+tnum;+lnum;mapping=tex-text;" at 17.28pt
warning: main_submission.tex:55: Requested font "[LinBiolinum_RB.otf]/OT:script=latn;language=dflt;+tnum;+lnum;mapping=tex-text;" at 17.28pt
warning: main_submission.tex:55: Requested font "[LinBiolinum_RB.otf]/OT:script=latn;language=dflt;+tnum;+lnum;mapping=tex-text;" at 9.0pt
warning: main_submission.tex:55: Requested font "[LinBiolinum_RB.otf]/OT:script=latn;language=dflt;+tnum;+lnum;mapping=tex-text;" at 12.0pt
warning: main_submission.tex:55: Requested font "[LinBiolinum_R.otf]/OT:script=latn;language=dflt;+tnum;+lnum;mapping=tex-text;" at 12.0pt
warning: main_submission.tex:55: Requested font "[LinLibertine_R.otf]/OT:script=latn;language=dflt;+tnum;+lnum;mapping=tex-text;" at 12.0pt
warning: main_submission.tex:55: Requested font "[LinLibertine_R.otf]/OT:script=latn;language=dflt;+tnum;+lnum;mapping=tex-text;" at 10.0pt
warning: main_submission.tex:55: Requested font "[LinLibertine_RI.otf]/OT:script=latn;language=dflt;+tnum;+lnum;mapping=tex-text;" at 7.0pt
warning: main_submission.tex:55: Requested font "[LinLibertine_RB.otf]/OT:script=latn;language=dflt;+tnum;+lnum;mapping=tex-text;" at 9.0pt
warning: main_submission.tex:55: Requested font "[LinLibertine_RB.otf]/OT:script=latn;language=dflt;+tnum;+lnum;mapping=tex-text;" at 10.95pt
warning: main_submission.tex:55: Requested font "[LinLibertine_RI.otf]/OT:script=latn;language=dflt;+tnum;+lnum;mapping=tex-text;" at 9.0pt
warning: main_submission.tex:55: Requested font "MinLibReg-ot1" at 9.0pt
warning: main_submission.tex:55:  -> MinLibReg-ot1
warning: main_submission.tex:55: Requested font "nxlmi" at 9.0pt
warning: main_submission.tex:55:  -> nxlmi
warning: main_submission.tex:55: Requested font "ntxsy" at 9.0pt
warning: main_submission.tex:55:  -> ntxsy
warning: main_submission.tex:55: Requested font "ntxexx" at 9.0pt
warning: main_submission.tex:55:  -> ntxexx
warning: main_submission.tex:55: Requested font "msam10" at 9.0pt
warning: main_submission.tex:55:  -> msam10
warning: main_submission.tex:55: 
Requested font "msbm10" at 9.0pt
warning: main_submission.tex:55:  -> msbm10
warning: main_submission.tex:55: 
Requested font "nxlmia" at 9.0pt
warning: main_submission.tex:55:  -> nxlmia
warning: main_submission.tex:55: Requested font "ntxsym" at 9.0pt
warning: main_submission.tex:55:  -> ntxsym
warning: main_submission.tex:55: Requested font "ntxsyc" at 9.0pt
warning: main_submission.tex:55:  -> ntxsyc
warning: main_submission.tex:55: Requested font "ntxexa" at 9.0pt
warning: main_submission.tex:55:  -> ntxexa
warning: main_submission.tex:55: Requested font "[LinLibertine_R.otf]/OT:script=latn;language=dflt;+tnum;+lnum;mapping=tex-text;" at 8.0pt
warning: main_submission.tex:55: Requested font "[LinLibertine_RB.otf]/OT:script=latn;language=dflt;+tnum;+lnum;mapping=tex-text;" at 8.0pt
warning: main_submission.tex:55: Requested font "[LinLibertine_RI.otf]/OT:script=latn;language=dflt;+tnum;+lnum;mapping=tex-text;" at 8.0pt
warning: main_submission.tex:55: Requested font "MinLibReg-ot1" at 8.0pt
warning: main_submission.tex:55:  -> MinLibReg-ot1
warning: main_submission.tex:55: Requested font "MinLibReg-ot1" at 6.2pt
warning: main_submission.tex:55:  -> MinLibReg-ot1
warning: main_submission.tex:55: Requested font "nxlmi7" at 8.0pt
warning: main_submission.tex:55:  -> nxlmi7
warning: main_submission.tex:55: Requested font "nxlmi5" at 6.2pt
warning: main_submission.tex:55:  -> nxlmi5
warning: main_submission.tex:55: Requested font "ntxsy7" at 8.0pt
warning: main_submission.tex:55:  -> ntxsy7
warning: main_submission.tex:55: Requested font "ntxsy5" at 6.2pt
warning: main_submission.tex:55:  -> ntxsy5
warning: main_submission.tex:55: Requested font "ntxexx" at 8.0pt
warning: main_submission.tex:55:  -> ntxexx
warning: main_submission.tex:55: Requested font "ntxexx" at 6.2pt
warning: main_submission.tex:55:  -> ntxexx
warning: main_submission.tex:55: Requested font "msam10" at 8.0pt
warning: main_submission.tex:55:  -> msam10
warning: main_submission.tex:55: Requested font "msam7" at 6.2pt
warning: main_submission.tex:55:  -> msam7
warning: main_submission.tex:55: Requested font "msbm10" at 8.0pt
warning: main_submission.tex:55:  -> msbm10
warning: main_submission.tex:55: Requested font "msbm7" at 6.2pt
warning: main_submission.tex:55:  -> msbm7
warning: main_submission.tex:55: Requested font "nxlmia" at 8.0pt
warning: main_submission.tex:55:  -> nxlmia
warning: main_submission.tex:55: Requested font "nxlmia" at 6.2pt
warning: main_submission.tex:55:  -> nxlmia
warning: main_submission.tex:55: Requested font "ntxsym" at 8.0pt
warning: main_submission.tex:55:  -> ntxsym
warning: main_submission.tex:55: Requested font "ntxsym" at 6.2pt
warning: main_submission.tex:55:  -> ntxsym
warning: main_submission.tex:55: Requested font "ntxsyc" at 8.0pt
warning: main_submission.tex:55:  -> ntxsyc
warning: main_submission.tex:55: Requested font "ntxsyc" at 6.2pt
warning: main_submission.tex:55:  -> ntxsyc
warning: main_submission.tex:55: Requested font "ntxexa" at 8.0pt
warning: main_submission.tex:55:  -> ntxexa
warning: main_submission.tex:55: Requested font "ntxexa" at 6.2pt
warning: main_submission.tex:55:  -> ntxexa
warning: main_submission.tex:55: Overfull \hbox (5.9366pt too wide) in paragraph at lines 55--55
warning: main_submission.tex:55: Overfull \hbox (8.14925pt too wide) in paragraph at lines 55--55
warning: main_submission.tex:55: Overfull \hbox (12.39053pt too wide) in paragraph at lines 55--55
warning: main_submission.tex:87: Requested font "[Inconsolatazi4-Regular.otf]/OT:script=latn;language=dflt;+ss03;" at 9.0pt
warning: main_submission.tex:99: Underfull \vbox (badness 10000) has occurred while \output is active
warning: main_submission.tex:99: Requested font "[LinLibertine_R.otf]/OT:script=latn;language=dflt;+tnum;+lnum;mapping=tex-text;" at 6.0pt
warning: main_submission.tex:148: Overfull \hbox (4.77701pt too wide) in paragraph at lines 137--148
warning: main_submission.tex:195: Overfull \hbox (2.0273pt too wide) in paragraph at lines 187--195
warning: main_submission.tex:195: Requested font "[LinBiolinum_R.otf]/OT:script=latn;language=dflt;+tnum;+lnum;mapping=tex-text;" at 9.0pt
warning: main_submission.tex:195: Requested font "[LinBiolinum_R.otf]/OT:script=latn;language=dflt;+tnum;+lnum;mapping=tex-text;" at 7.0pt
warning: main_submission.tex:220: Overfull \hbox (1.13628pt too wide) in paragraph at lines 211--220
warning: main_submission.tex:243: Overfull \hbox (5.6693pt too wide) in paragraph at lines 230--243
warning: main_submission.tex:243: Underfull \vbox (badness 10000) has occurred while \output is active
warning: main_submission.tex:258: Overfull \hbox (9.90529pt too wide) in paragraph at lines 245--258
warning: main_submission.tex:269: Requested font "MinLibReg-ot1" at 10.95pt
warning: main_submission.tex:269:  -> MinLibReg-ot1
warning: main_submission.tex:269: Requested font "MinLibReg-ot1" at 6.1pt
warning: main_submission.tex:269:  -> MinLibReg-ot1
warning: main_submission.tex:269: Requested font "nxlmi" at 10.95pt
warning: main_submission.tex:269:  -> nxlmi
warning: main_submission.tex:269: Requested font "nxlmi5" at 6.1pt
warning: main_submission.tex:269:  -> nxlmi5
warning: main_submission.tex:269: Requested font "ntxsy" at 10.95pt
warning: main_submission.tex:269:  -> ntxsy
warning: main_submission.tex:269: Requested font "ntxsy5" at 6.1pt
warning: main_submission.tex:269:  -> ntxsy5
warning: main_submission.tex:269: Requested font "ntxexx" at 10.95pt
warning: main_submission.tex:269:  -> ntxexx
warning: main_submission.tex:269: Requested font "ntxexx" at 6.1pt
warning: main_submission.tex:269:  -> ntxexx
warning: main_submission.tex:269: Requested font "msam10" at 10.95pt
warning: main_submission.tex:269:  -> msam10
warning: main_submission.tex:269: Requested font "msam7" at 6.1pt
warning: main_submission.tex:269:  -> msam7
warning: main_submission.tex:269: Requested font "msbm10" at 10.95pt
warning: main_submission.tex:269:  -> msbm10
warning: main_submission.tex:269: Requested font "msbm7" at 6.1pt
warning: main_submission.tex:269:  -> msbm7
warning: main_submission.tex:269: Requested font "nxlmia" at 10.95pt
warning: main_submission.tex:269:  -> nxlmia
warning: main_submission.tex:269: Requested font "nxlmia" at 6.1pt
warning: main_submission.tex:269:  -> nxlmia
warning: main_submission.tex:269: Requested font "ntxsym" at 10.95pt
warning: main_submission.tex:269:  -> ntxsym
warning: main_submission.tex:269: Requested font "ntxsym" at 6.1pt
warning: main_submission.tex:269:  -> ntxsym
warning: main_submission.tex:269: Requested font "ntxsyc" at 10.95pt
warning: main_submission.tex:269:  -> ntxsyc
warning: main_submission.tex:269: Requested font "ntxsyc" at 6.1pt
warning: main_submission.tex:269:  -> ntxsyc
warning: main_submission.tex:269: Requested font "ntxexa" at 10.95pt
warning: main_submission.tex:269:  -> ntxexa
warning: main_submission.tex:269: Requested font "ntxexa" at 6.1pt
warning: main_submission.tex:269:  -> ntxexa
note: Running BibTeX on main_submission.aux ...
note: warnings were issued by BibTeX; use --print and/or --keep-logs for details.
note: Rerunning TeX because bibtex was run ...
warning: libertine.sty:308: 
Requested font "[LinLibertine_R.otf]/OT" at 8.99997pt
warning: libertine.sty:308: Requested font "[LinLibertine_R.otf]/OT" at 9.00003pt
warning: libertine.sty:308: Requested font "[LinLibertine_R.otf]/OT:script=latn;language=dflt;" at 9.00003pt
warning: libertine.sty:308: Requested font "[LinLibertine_RB.otf]/OT:script=latn;language=dflt;" at 9.00003pt
warning: libertine.sty:308: Requested font "[LinLibertine_RI.otf]/OT:script=latn;language=dflt;" at 9.00003pt
warning: libertine.sty:308: Requested font "[LinLibertine_RBI.otf]/OT:script=latn;language=dflt;" at 9.00003pt
warning: libertine.sty:308: Requested font "[LinLibertine_R.otf]/OT:script=latn;language=dflt;+tnum;+lnum;mapping=tex-text;" at 9.0pt
warning: libertine.sty:319: Requested font "[LinBiolinum_R.otf]/OT" at 8.99997pt
warning: libertine.sty:319: Requested font "[LinBiolinum_R.otf]/OT" at 9.00003pt
warning: libertine.sty:319: Requested font "[LinBiolinum_R.otf]/OT:script=latn;language=dflt;" at 9.00003pt
warning: libertine.sty:319: Requested font "[LinBiolinum_RB.otf]/OT:script=latn;language=dflt;" at 9.00003pt
warning: libertine.sty:319: Requested font "[LinBiolinum_RI.otf]/OT:script=latn;language=dflt;" at 9.00003pt
warning: libertine.sty:319: Requested font "[LinBiolinum_RBO.otf]/OT:script=latn;language=dflt;" at 9.00003pt
warning: libertine.sty:338: Requested font "[LinLibertine_RZ.otf]/OT" at 8.99997pt
warning: libertine.sty:338: Requested font "[LinLibertine_RZ.otf]/OT" at 9.00003pt
warning: libertine.sty:338: Requested font "[LinLibertine_RZ.otf]/OT:script=latn;language=dflt;" at 9.00003pt
warning: libertine.sty:338: Requested font "[LinLibertine_RZI.otf]/OT:script=latn;language=dflt;" at 9.00003pt
warning: libertine.sty:361: Requested font "[LinLibertine_DR.otf]/OT" at 8.99997pt
warning: libertine.sty:361: Requested font "[LinLibertine_DR.otf]/OT" at 9.00003pt
warning: libertine.sty:361: Requested font "[LinLibertine_DR.otf]/OT:script=latn;language=dflt;" at 9.00003pt
warning: libertine.sty:435: Requested font "[LinLibertine_M.otf]/OT" at 8.99997pt
warning: libertine.sty:435: Requested font "[LinLibertine_M.otf]/OT" at 9.00003pt
warning: libertine.sty:435: Requested font "[LinLibertine_M.otf]/OT:script=latn;language=dflt;" at 9.00003pt
warning: libertine.sty:435: Requested font "[LinLibertine_MB.otf]/OT:script=latn;language=dflt;" at 9.00003pt
warning: libertine.sty:435: Requested font "[LinLibertine_MO.otf]/OT:script=latn;language=dflt;" at 9.00003pt
warning: libertine.sty:435: Requested font "[LinLibertine_MBO.otf]/OT:script=latn;language=dflt;" at 9.00003pt
warning: libertine.sty:436: Requested font "[LinBiolinum_K.otf]/OT" at 8.99997pt
warning: libertine.sty:436: Requested font "[LinBiolinum_K.otf]/OT" at 9.00003pt
warning: libertine.sty:436: Requested font "[LinBiolinum_K.otf]/OT:script=latn;language=dflt;" at 9.00003pt
warning: libertine.sty:437: Requested font "[LinLibertine_I.otf]/OT" at 8.99997pt
warning: libertine.sty:437: Requested font "[LinLibertine_I.otf]/OT" at 9.00003pt
warning: libertine.sty:437: Requested font "[LinLibertine_I.otf]/OT:script=latn;language=dflt;" at 9.00003pt
warning: acmart.cls:815: 
Requested font "[Inconsolatazi4-Regular.otf]/OT" at 8.99997pt
warning: acmart.cls:815: Requested font "[Inconsolatazi4-Regular.otf]/OT" at 9.00003pt
warning: acmart.cls:815: Requested font "[Inconsolatazi4-Regular.otf]/OT:script=latn;language=dflt;" at 9.00003pt
warning: acmart.cls:815: Requested font "[Inconsolatazi4-Bold.otf]/OT:script=latn;language=dflt;" at 9.00003pt
warning: main_submission.tex:10: Requested font "[LinLibertine_R.otf]/OT:script=latn;language=dflt;+tnum;+lnum;mapping=tex-text;" at 7.0pt
warning: main_submission.tex:10: 
Requested font "MinLibReg-ot1" at 7.3pt
warning: main_submission.tex:10:  -> MinLibReg-ot1
warning: main_submission.tex:10: Requested font "MinLibReg-ot1" at 5.5pt
warning: main_submission.tex:10:  -> MinLibReg-ot1
warning: main_submission.tex:10: Requested font "nxlmi7" at 7.3pt
warning: main_submission.tex:10:  -> nxlmi7
warning: main_submission.tex:10: Requested font "nxlmi5" at 5.5pt
warning: main_submission.tex:10:  -> nxlmi5
warning: main_submission.tex:10: Requested font "ntxsy7" at 7.3pt
warning: main_submission.tex:10:  -> ntxsy7
warning: main_submission.tex:10: Requested font "ntxsy5" at 5.5pt
warning: main_submission.tex:10:  -> ntxsy5
warning: main_submission.tex:10: Requested font "ntxexx" at 7.3pt
warning: main_submission.tex:10:  -> ntxexx
warning: main_submission.tex:10: Requested font "ntxexx" at 5.5pt
warning: main_submission.tex:10:  -> ntxexx
warning: main_submission.tex:10: 
Requested font "msam7" at 7.3pt
warning: main_submission.tex:10:  -> msam7
warning: main_submission.tex:10: Requested font "msam5" at 5.5pt
warning: main_submission.tex:10:  -> msam5
warning: main_submission.tex:10: 
Requested font "msbm7" at 7.3pt
warning: main_submission.tex:10:  -> msbm7
warning: main_submission.tex:10: Requested font "msbm5" at 5.5pt
warning: main_submission.tex:10:  -> msbm5
warning: main_submission.tex:10: 
Requested font "nxlmia" at 7.3pt
warning: main_submission.tex:10:  -> nxlmia
warning: main_submission.tex:10: Requested font "nxlmia" at 5.5pt
warning: main_submission.tex:10:  -> nxlmia
warning: main_submission.tex:10: 
Requested font "ntxsym" at 7.3pt
warning: main_submission.tex:10:  -> ntxsym
warning: main_submission.tex:10: Requested font "ntxsym" at 5.5pt
warning: main_submission.tex:10:  -> ntxsym
warning: main_submission.tex:10: 
Requested font "ntxsyc" at 7.3pt
warning: main_submission.tex:10:  -> ntxsyc
warning: main_submission.tex:10: Requested font "ntxsyc" at 5.5pt
warning: main_submission.tex:10:  -> ntxsyc
warning: main_submission.tex:10: Requested font "ntxexa" at 7.3pt
warning: main_submission.tex:10:  -> ntxexa
warning: main_submission.tex:10: Requested font "ntxexa" at 5.5pt
warning: main_submission.tex:10:  -> ntxexa
warning: main_submission.tex:55: Requested font "[LinLibertine_R.otf]/OT:script=latn;language=dflt;+tnum;+lnum;mapping=tex-text;" at 17.28pt
warning: main_submission.tex:55: Requested font "[LinBiolinum_R.otf]/OT:script=latn;language=dflt;+tnum;+lnum;mapping=tex-text;" at 17.28pt
warning: main_submission.tex:55: Requested font "[LinBiolinum_RB.otf]/OT:script=latn;language=dflt;+tnum;+lnum;mapping=tex-text;" at 17.28pt
warning: main_submission.tex:55: Requested font "[LinBiolinum_RB.otf]/OT:script=latn;language=dflt;+tnum;+lnum;mapping=tex-text;" at 9.0pt
warning: main_submission.tex:55: Requested font "[LinBiolinum_RB.otf]/OT:script=latn;language=dflt;+tnum;+lnum;mapping=tex-text;" at 12.0pt
warning: main_submission.tex:55: Requested font "[LinBiolinum_R.otf]/OT:script=latn;language=dflt;+tnum;+lnum;mapping=tex-text;" at 12.0pt
warning: main_submission.tex:55: Requested font "[LinLibertine_R.otf]/OT:script=latn;language=dflt;+tnum;+lnum;mapping=tex-text;" at 12.0pt
warning: main_submission.tex:55: Requested font "[LinLibertine_R.otf]/OT:script=latn;language=dflt;+tnum;+lnum;mapping=tex-text;" at 10.0pt
warning: main_submission.tex:55: Requested font "[LinLibertine_RI.otf]/OT:script=latn;language=dflt;+tnum;+lnum;mapping=tex-text;" at 7.0pt
warning: main_submission.tex:55: Requested font "[LinLibertine_RB.otf]/OT:script=latn;language=dflt;+tnum;+lnum;mapping=tex-text;" at 9.0pt
warning: main_submission.tex:55: Requested font "[LinLibertine_RB.otf]/OT:script=latn;language=dflt;+tnum;+lnum;mapping=tex-text;" at 10.95pt
warning: main_submission.tex:55: Requested font "[LinLibertine_RI.otf]/OT:script=latn;language=dflt;+tnum;+lnum;mapping=tex-text;" at 9.0pt
warning: main_submission.tex:55: Requested font "MinLibReg-ot1" at 9.0pt
warning: main_submission.tex:55:  -> MinLibReg-ot1
warning: main_submission.tex:55: Requested font "nxlmi" at 9.0pt
warning: main_submission.tex:55:  -> nxlmi
warning: main_submission.tex:55: Requested font "ntxsy" at 9.0pt
warning: main_submission.tex:55:  -> ntxsy
warning: main_submission.tex:55: Requested font "ntxexx" at 9.0pt
warning: main_submission.tex:55:  -> ntxexx
warning: main_submission.tex:55: Requested font "msam10" at 9.0pt
warning: main_submission.tex:55:  -> msam10
warning: main_submission.tex:55: 
Requested font "msbm10" at 9.0pt
warning: main_submission.tex:55:  -> msbm10
warning: main_submission.tex:55: 
Requested font "nxlmia" at 9.0pt
warning: main_submission.tex:55:  -> nxlmia
warning: main_submission.tex:55: Requested font "ntxsym" at 9.0pt
warning: main_submission.tex:55:  -> ntxsym
warning: main_submission.tex:55: Requested font "ntxsyc" at 9.0pt
warning: main_submission.tex:55:  -> ntxsyc
warning: main_submission.tex:55: Requested font "ntxexa" at 9.0pt
warning: main_submission.tex:55:  -> ntxexa
warning: main_submission.tex:55: Requested font "[LinLibertine_R.otf]/OT:script=latn;language=dflt;+tnum;+lnum;mapping=tex-text;" at 8.0pt
warning: main_submission.tex:55: Requested font "[LinLibertine_RB.otf]/OT:script=latn;language=dflt;+tnum;+lnum;mapping=tex-text;" at 8.0pt
warning: main_submission.tex:55: Requested font "[LinLibertine_RI.otf]/OT:script=latn;language=dflt;+tnum;+lnum;mapping=tex-text;" at 8.0pt
warning: main_submission.tex:55: Requested font "MinLibReg-ot1" at 8.0pt
warning: main_submission.tex:55:  -> MinLibReg-ot1
warning: main_submission.tex:55: Requested font "MinLibReg-ot1" at 6.2pt
warning: main_submission.tex:55:  -> MinLibReg-ot1
warning: main_submission.tex:55: Requested font "nxlmi7" at 8.0pt
warning: main_submission.tex:55:  -> nxlmi7
warning: main_submission.tex:55: Requested font "nxlmi5" at 6.2pt
warning: main_submission.tex:55:  -> nxlmi5
warning: main_submission.tex:55: Requested font "ntxsy7" at 8.0pt
warning: main_submission.tex:55:  -> ntxsy7
warning: main_submission.tex:55: Requested font "ntxsy5" at 6.2pt
warning: main_submission.tex:55:  -> ntxsy5
warning: main_submission.tex:55: Requested font "ntxexx" at 8.0pt
warning: main_submission.tex:55:  -> ntxexx
warning: main_submission.tex:55: Requested font "ntxexx" at 6.2pt
warning: main_submission.tex:55:  -> ntxexx
warning: main_submission.tex:55: Requested font "msam10" at 8.0pt
warning: main_submission.tex:55:  -> msam10
warning: main_submission.tex:55: Requested font "msam7" at 6.2pt
warning: main_submission.tex:55:  -> msam7
warning: main_submission.tex:55: Requested font "msbm10" at 8.0pt
warning: main_submission.tex:55:  -> msbm10
warning: main_submission.tex:55: Requested font "msbm7" at 6.2pt
warning: main_submission.tex:55:  -> msbm7
warning: main_submission.tex:55: Requested font "nxlmia" at 8.0pt
warning: main_submission.tex:55:  -> nxlmia
warning: main_submission.tex:55: Requested font "nxlmia" at 6.2pt
warning: main_submission.tex:55:  -> nxlmia
warning: main_submission.tex:55: Requested font "ntxsym" at 8.0pt
warning: main_submission.tex:55:  -> ntxsym
warning: main_submission.tex:55: Requested font "ntxsym" at 6.2pt
warning: main_submission.tex:55:  -> ntxsym
warning: main_submission.tex:55: Requested font "ntxsyc" at 8.0pt
warning: main_submission.tex:55:  -> ntxsyc
warning: main_submission.tex:55: Requested font "ntxsyc" at 6.2pt
warning: main_submission.tex:55:  -> ntxsyc
warning: main_submission.tex:55: Requested font "ntxexa" at 8.0pt
warning: main_submission.tex:55:  -> ntxexa
warning: main_submission.tex:55: Requested font "ntxexa" at 6.2pt
warning: main_submission.tex:55:  -> ntxexa
warning: main_submission.tex:55: Overfull \hbox (5.9366pt too wide) in paragraph at lines 55--55
warning: main_submission.tex:55: Overfull \hbox (8.14925pt too wide) in paragraph at lines 55--55
warning: main_submission.tex:55: Overfull \hbox (9.50253pt too wide) in paragraph at lines 55--55
warning: main_submission.tex:87: Requested font "[Inconsolatazi4-Regular.otf]/OT:script=latn;language=dflt;+ss03;" at 9.0pt
warning: main_submission.tex:99: Underfull \vbox (badness 10000) has occurred while \output is active
warning: main_submission.tex:99: Requested font "[LinLibertine_R.otf]/OT:script=latn;language=dflt;+tnum;+lnum;mapping=tex-text;" at 6.0pt
warning: main_submission.tex:148: Overfull \hbox (4.77701pt too wide) in paragraph at lines 137--148
warning: main_submission.tex:195: Overfull \hbox (2.0273pt too wide) in paragraph at lines 187--195
warning: main_submission.tex:195: Requested font "[LinBiolinum_R.otf]/OT:script=latn;language=dflt;+tnum;+lnum;mapping=tex-text;" at 9.0pt
warning: main_submission.tex:195: Requested font "[LinBiolinum_R.otf]/OT:script=latn;language=dflt;+tnum;+lnum;mapping=tex-text;" at 7.0pt
warning: main_submission.tex:220: Overfull \hbox (1.13628pt too wide) in paragraph at lines 211--220
warning: main_submission.tex:243: Overfull \hbox (5.6693pt too wide) in paragraph at lines 230--243
warning: main_submission.tex:243: Underfull \vbox (badness 10000) has occurred while \output is active
warning: main_submission.tex:258: Overfull \hbox (9.90529pt too wide) in paragraph at lines 245--258
warning: main_submission.bbl:206: Underfull \hbox (badness 10000) in paragraph at lines 200--206
warning: main_submission.bbl:206: Underfull \hbox (badness 2600) in paragraph at lines 200--206
warning: main_submission.tex:269: 
Requested font "MinLibReg-ot1" at 10.95pt
warning: main_submission.tex:269:  -> MinLibReg-ot1
warning: main_submission.tex:269: Requested font "MinLibReg-ot1" at 6.1pt
warning: main_submission.tex:269:  -> MinLibReg-ot1
warning: main_submission.tex:269: Requested font "nxlmi" at 10.95pt
warning: main_submission.tex:269:  -> nxlmi
warning: main_submission.tex:269: Requested font "nxlmi5" at 6.1pt
warning: main_submission.tex:269:  -> nxlmi5
warning: main_submission.tex:269: Requested font "ntxsy" at 10.95pt
warning: main_submission.tex:269:  -> ntxsy
warning: main_submission.tex:269: Requested font "ntxsy5" at 6.1pt
warning: main_submission.tex:269:  -> ntxsy5
warning: main_submission.tex:269: Requested font "ntxexx" at 10.95pt
warning: main_submission.tex:269:  -> ntxexx
warning: main_submission.tex:269: Requested font "ntxexx" at 6.1pt
warning: main_submission.tex:269:  -> ntxexx
warning: main_submission.tex:269: Requested font "msam10" at 10.95pt
warning: main_submission.tex:269:  -> msam10
warning: main_submission.tex:269: Requested font "msam7" at 6.1pt
warning: main_submission.tex:269:  -> msam7
warning: main_submission.tex:269: Requested font "msbm10" at 10.95pt
warning: main_submission.tex:269:  -> msbm10
warning: main_submission.tex:269: Requested font "msbm7" at 6.1pt
warning: main_submission.tex:269:  -> msbm7
warning: main_submission.tex:269: Requested font "nxlmia" at 10.95pt
warning: main_submission.tex:269:  -> nxlmia
warning: main_submission.tex:269: Requested font "nxlmia" at 6.1pt
warning: main_submission.tex:269:  -> nxlmia
warning: main_submission.tex:269: Requested font "ntxsym" at 10.95pt
warning: main_submission.tex:269:  -> ntxsym
warning: main_submission.tex:269: Requested font "ntxsym" at 6.1pt
warning: main_submission.tex:269:  -> ntxsym
warning: main_submission.tex:269: Requested font "ntxsyc" at 10.95pt
warning: main_submission.tex:269:  -> ntxsyc
warning: main_submission.tex:269: Requested font "ntxsyc" at 6.1pt
warning: main_submission.tex:269:  -> ntxsyc
warning: main_submission.tex:269: Requested font "ntxexa" at 10.95pt
warning: main_submission.tex:269:  -> ntxexa
warning: main_submission.tex:269: Requested font "ntxexa" at 6.1pt
warning: main_submission.tex:269:  -> ntxexa
note: Rerunning TeX because "main_submission.aux" changed ...
warning: libertine.sty:308: 
Requested font "[LinLibertine_R.otf]/OT" at 8.99997pt
warning: libertine.sty:308: Requested font "[LinLibertine_R.otf]/OT" at 9.00003pt
warning: libertine.sty:308: Requested font "[LinLibertine_R.otf]/OT:script=latn;language=dflt;" at 9.00003pt
warning: libertine.sty:308: Requested font "[LinLibertine_RB.otf]/OT:script=latn;language=dflt;" at 9.00003pt
warning: libertine.sty:308: Requested font "[LinLibertine_RI.otf]/OT:script=latn;language=dflt;" at 9.00003pt
warning: libertine.sty:308: Requested font "[LinLibertine_RBI.otf]/OT:script=latn;language=dflt;" at 9.00003pt
warning: libertine.sty:308: Requested font "[LinLibertine_R.otf]/OT:script=latn;language=dflt;+tnum;+lnum;mapping=tex-text;" at 9.0pt
warning: libertine.sty:319: Requested font "[LinBiolinum_R.otf]/OT" at 8.99997pt
warning: libertine.sty:319: Requested font "[LinBiolinum_R.otf]/OT" at 9.00003pt
warning: libertine.sty:319: Requested font "[LinBiolinum_R.otf]/OT:script=latn;language=dflt;" at 9.00003pt
warning: libertine.sty:319: Requested font "[LinBiolinum_RB.otf]/OT:script=latn;language=dflt;" at 9.00003pt
warning: libertine.sty:319: Requested font "[LinBiolinum_RI.otf]/OT:script=latn;language=dflt;" at 9.00003pt
warning: libertine.sty:319: Requested font "[LinBiolinum_RBO.otf]/OT:script=latn;language=dflt;" at 9.00003pt
warning: libertine.sty:338: Requested font "[LinLibertine_RZ.otf]/OT" at 8.99997pt
warning: libertine.sty:338: Requested font "[LinLibertine_RZ.otf]/OT" at 9.00003pt
warning: libertine.sty:338: Requested font "[LinLibertine_RZ.otf]/OT:script=latn;language=dflt;" at 9.00003pt
warning: libertine.sty:338: Requested font "[LinLibertine_RZI.otf]/OT:script=latn;language=dflt;" at 9.00003pt
warning: libertine.sty:361: Requested font "[LinLibertine_DR.otf]/OT" at 8.99997pt
warning: libertine.sty:361: Requested font "[LinLibertine_DR.otf]/OT" at 9.00003pt
warning: libertine.sty:361: Requested font "[LinLibertine_DR.otf]/OT:script=latn;language=dflt;" at 9.00003pt
warning: libertine.sty:435: Requested font "[LinLibertine_M.otf]/OT" at 8.99997pt
warning: libertine.sty:435: Requested font "[LinLibertine_M.otf]/OT" at 9.00003pt
warning: libertine.sty:435: Requested font "[LinLibertine_M.otf]/OT:script=latn;language=dflt;" at 9.00003pt
warning: libertine.sty:435: Requested font "[LinLibertine_MB.otf]/OT:script=latn;language=dflt;" at 9.00003pt
warning: libertine.sty:435: Requested font "[LinLibertine_MO.otf]/OT:script=latn;language=dflt;" at 9.00003pt
warning: libertine.sty:435: Requested font "[LinLibertine_MBO.otf]/OT:script=latn;language=dflt;" at 9.00003pt
warning: libertine.sty:436: Requested font "[LinBiolinum_K.otf]/OT" at 8.99997pt
warning: libertine.sty:436: Requested font "[LinBiolinum_K.otf]/OT" at 9.00003pt
warning: libertine.sty:436: Requested font "[LinBiolinum_K.otf]/OT:script=latn;language=dflt;" at 9.00003pt
warning: libertine.sty:437: Requested font "[LinLibertine_I.otf]/OT" at 8.99997pt
warning: libertine.sty:437: Requested font "[LinLibertine_I.otf]/OT" at 9.00003pt
warning: libertine.sty:437: Requested font "[LinLibertine_I.otf]/OT:script=latn;language=dflt;" at 9.00003pt
warning: acmart.cls:815: 
Requested font "[Inconsolatazi4-Regular.otf]/OT" at 8.99997pt
warning: acmart.cls:815: Requested font "[Inconsolatazi4-Regular.otf]/OT" at 9.00003pt
warning: acmart.cls:815: Requested font "[Inconsolatazi4-Regular.otf]/OT:script=latn;language=dflt;" at 9.00003pt
warning: acmart.cls:815: Requested font "[Inconsolatazi4-Bold.otf]/OT:script=latn;language=dflt;" at 9.00003pt
warning: main_submission.tex:10: Requested font "[LinLibertine_R.otf]/OT:script=latn;language=dflt;+tnum;+lnum;mapping=tex-text;" at 7.0pt
warning: main_submission.tex:10: 
Requested font "MinLibReg-ot1" at 7.3pt
warning: main_submission.tex:10:  -> MinLibReg-ot1
warning: main_submission.tex:10: Requested font "MinLibReg-ot1" at 5.5pt
warning: main_submission.tex:10:  -> MinLibReg-ot1
warning: main_submission.tex:10: Requested font "nxlmi7" at 7.3pt
warning: main_submission.tex:10:  -> nxlmi7
warning: main_submission.tex:10: Requested font "nxlmi5" at 5.5pt
warning: main_submission.tex:10:  -> nxlmi5
warning: main_submission.tex:10: Requested font "ntxsy7" at 7.3pt
warning: main_submission.tex:10:  -> ntxsy7
warning: main_submission.tex:10: Requested font "ntxsy5" at 5.5pt
warning: main_submission.tex:10:  -> ntxsy5
warning: main_submission.tex:10: Requested font "ntxexx" at 7.3pt
warning: main_submission.tex:10:  -> ntxexx
warning: main_submission.tex:10: Requested font "ntxexx" at 5.5pt
warning: main_submission.tex:10:  -> ntxexx
warning: main_submission.tex:10: 
Requested font "msam7" at 7.3pt
warning: main_submission.tex:10:  -> msam7
warning: main_submission.tex:10: Requested font "msam5" at 5.5pt
warning: main_submission.tex:10:  -> msam5
warning: main_submission.tex:10: 
Requested font "msbm7" at 7.3pt
warning: main_submission.tex:10:  -> msbm7
warning: main_submission.tex:10: Requested font "msbm5" at 5.5pt
warning: main_submission.tex:10:  -> msbm5
warning: main_submission.tex:10: 
Requested font "nxlmia" at 7.3pt
warning: main_submission.tex:10:  -> nxlmia
warning: main_submission.tex:10: Requested font "nxlmia" at 5.5pt
warning: main_submission.tex:10:  -> nxlmia
warning: main_submission.tex:10: 
Requested font "ntxsym" at 7.3pt
warning: main_submission.tex:10:  -> ntxsym
warning: main_submission.tex:10: Requested font "ntxsym" at 5.5pt
warning: main_submission.tex:10:  -> ntxsym
warning: main_submission.tex:10: 
Requested font "ntxsyc" at 7.3pt
warning: main_submission.tex:10:  -> ntxsyc
warning: main_submission.tex:10: Requested font "ntxsyc" at 5.5pt
warning: main_submission.tex:10:  -> ntxsyc
warning: main_submission.tex:10: Requested font "ntxexa" at 7.3pt
warning: main_submission.tex:10:  -> ntxexa
warning: main_submission.tex:10: Requested font "ntxexa" at 5.5pt
warning: main_submission.tex:10:  -> ntxexa
warning: main_submission.tex:55: Requested font "[LinLibertine_R.otf]/OT:script=latn;language=dflt;+tnum;+lnum;mapping=tex-text;" at 17.28pt
warning: main_submission.tex:55: Requested font "[LinBiolinum_R.otf]/OT:script=latn;language=dflt;+tnum;+lnum;mapping=tex-text;" at 17.28pt
warning: main_submission.tex:55: Requested font "[LinBiolinum_RB.otf]/OT:script=latn;language=dflt;+tnum;+lnum;mapping=tex-text;" at 17.28pt
warning: main_submission.tex:55: Requested font "[LinBiolinum_RB.otf]/OT:script=latn;language=dflt;+tnum;+lnum;mapping=tex-text;" at 9.0pt
warning: main_submission.tex:55: Requested font "[LinBiolinum_RB.otf]/OT:script=latn;language=dflt;+tnum;+lnum;mapping=tex-text;" at 12.0pt
warning: main_submission.tex:55: Requested font "[LinBiolinum_R.otf]/OT:script=latn;language=dflt;+tnum;+lnum;mapping=tex-text;" at 12.0pt
warning: main_submission.tex:55: Requested font "[LinLibertine_R.otf]/OT:script=latn;language=dflt;+tnum;+lnum;mapping=tex-text;" at 12.0pt
warning: main_submission.tex:55: Requested font "[LinLibertine_R.otf]/OT:script=latn;language=dflt;+tnum;+lnum;mapping=tex-text;" at 10.0pt
warning: main_submission.tex:55: Requested font "[LinLibertine_RI.otf]/OT:script=latn;language=dflt;+tnum;+lnum;mapping=tex-text;" at 7.0pt
warning: main_submission.tex:55: Requested font "[LinLibertine_RB.otf]/OT:script=latn;language=dflt;+tnum;+lnum;mapping=tex-text;" at 9.0pt
warning: main_submission.tex:55: Requested font "[LinLibertine_RB.otf]/OT:script=latn;language=dflt;+tnum;+lnum;mapping=tex-text;" at 10.95pt
warning: main_submission.tex:55: Requested font "[LinLibertine_RI.otf]/OT:script=latn;language=dflt;+tnum;+lnum;mapping=tex-text;" at 9.0pt
warning: main_submission.tex:55: Requested font "MinLibReg-ot1" at 9.0pt
warning: main_submission.tex:55:  -> MinLibReg-ot1
warning: main_submission.tex:55: Requested font "nxlmi" at 9.0pt
warning: main_submission.tex:55:  -> nxlmi
warning: main_submission.tex:55: Requested font "ntxsy" at 9.0pt
warning: main_submission.tex:55:  -> ntxsy
warning: main_submission.tex:55: Requested font "ntxexx" at 9.0pt
warning: main_submission.tex:55:  -> ntxexx
warning: main_submission.tex:55: Requested font "msam10" at 9.0pt
warning: main_submission.tex:55:  -> msam10
warning: main_submission.tex:55: 
Requested font "msbm10" at 9.0pt
warning: main_submission.tex:55:  -> msbm10
warning: main_submission.tex:55: 
Requested font "nxlmia" at 9.0pt
warning: main_submission.tex:55:  -> nxlmia
warning: main_submission.tex:55: Requested font "ntxsym" at 9.0pt
warning: main_submission.tex:55:  -> ntxsym
warning: main_submission.tex:55: Requested font "ntxsyc" at 9.0pt
warning: main_submission.tex:55:  -> ntxsyc
warning: main_submission.tex:55: Requested font "ntxexa" at 9.0pt
warning: main_submission.tex:55:  -> ntxexa
warning: main_submission.tex:55: Requested font "[LinLibertine_R.otf]/OT:script=latn;language=dflt;+tnum;+lnum;mapping=tex-text;" at 8.0pt
warning: main_submission.tex:55: Requested font "[LinLibertine_RB.otf]/OT:script=latn;language=dflt;+tnum;+lnum;mapping=tex-text;" at 8.0pt
warning: main_submission.tex:55: Requested font "[LinLibertine_RI.otf]/OT:script=latn;language=dflt;+tnum;+lnum;mapping=tex-text;" at 8.0pt
warning: main_submission.tex:55: Requested font "MinLibReg-ot1" at 8.0pt
warning: main_submission.tex:55:  -> MinLibReg-ot1
warning: main_submission.tex:55: Requested font "MinLibReg-ot1" at 6.2pt
warning: main_submission.tex:55:  -> MinLibReg-ot1
warning: main_submission.tex:55: Requested font "nxlmi7" at 8.0pt
warning: main_submission.tex:55:  -> nxlmi7
warning: main_submission.tex:55: Requested font "nxlmi5" at 6.2pt
warning: main_submission.tex:55:  -> nxlmi5
warning: main_submission.tex:55: Requested font "ntxsy7" at 8.0pt
warning: main_submission.tex:55:  -> ntxsy7
warning: main_submission.tex:55: Requested font "ntxsy5" at 6.2pt
warning: main_submission.tex:55:  -> ntxsy5
warning: main_submission.tex:55: Requested font "ntxexx" at 8.0pt
warning: main_submission.tex:55:  -> ntxexx
warning: main_submission.tex:55: Requested font "ntxexx" at 6.2pt
warning: main_submission.tex:55:  -> ntxexx
warning: main_submission.tex:55: Requested font "msam10" at 8.0pt
warning: main_submission.tex:55:  -> msam10
warning: main_submission.tex:55: Requested font "msam7" at 6.2pt
warning: main_submission.tex:55:  -> msam7
warning: main_submission.tex:55: Requested font "msbm10" at 8.0pt
warning: main_submission.tex:55:  -> msbm10
warning: main_submission.tex:55: Requested font "msbm7" at 6.2pt
warning: main_submission.tex:55:  -> msbm7
warning: main_submission.tex:55: Requested font "nxlmia" at 8.0pt
warning: main_submission.tex:55:  -> nxlmia
warning: main_submission.tex:55: Requested font "nxlmia" at 6.2pt
warning: main_submission.tex:55:  -> nxlmia
warning: main_submission.tex:55: Requested font "ntxsym" at 8.0pt
warning: main_submission.tex:55:  -> ntxsym
warning: main_submission.tex:55: Requested font "ntxsym" at 6.2pt
warning: main_submission.tex:55:  -> ntxsym
warning: main_submission.tex:55: Requested font "ntxsyc" at 8.0pt
warning: main_submission.tex:55:  -> ntxsyc
warning: main_submission.tex:55: Requested font "ntxsyc" at 6.2pt
warning: main_submission.tex:55:  -> ntxsyc
warning: main_submission.tex:55: Requested font "ntxexa" at 8.0pt
warning: main_submission.tex:55:  -> ntxexa
warning: main_submission.tex:55: Requested font "ntxexa" at 6.2pt
warning: main_submission.tex:55:  -> ntxexa
warning: main_submission.tex:55: Overfull \hbox (5.9366pt too wide) in paragraph at lines 55--55
warning: main_submission.tex:55: Overfull \hbox (8.14925pt too wide) in paragraph at lines 55--55
warning: main_submission.tex:55: Overfull \hbox (9.50253pt too wide) in paragraph at lines 55--55
warning: main_submission.tex:74: Overfull \hbox (1.098pt too wide) in paragraph at lines 66--74
warning: main_submission.tex:87: Requested font "[Inconsolatazi4-Regular.otf]/OT:script=latn;language=dflt;+ss03;" at 9.0pt
warning: main_submission.tex:99: Underfull \vbox (badness 10000) has occurred while \output is active
warning: main_submission.tex:99: Requested font "[LinLibertine_R.otf]/OT:script=latn;language=dflt;+tnum;+lnum;mapping=tex-text;" at 6.0pt
warning: main_submission.tex:148: Overfull \hbox (4.77701pt too wide) in paragraph at lines 137--148
warning: main_submission.tex:195: Overfull \hbox (2.0273pt too wide) in paragraph at lines 187--195
warning: main_submission.tex:195: Requested font "[LinBiolinum_R.otf]/OT:script=latn;language=dflt;+tnum;+lnum;mapping=tex-text;" at 9.0pt
warning: main_submission.tex:195: Requested font "[LinBiolinum_R.otf]/OT:script=latn;language=dflt;+tnum;+lnum;mapping=tex-text;" at 7.0pt
warning: main_submission.tex:220: Overfull \hbox (1.13628pt too wide) in paragraph at lines 211--220
warning: main_submission.tex:243: Overfull \hbox (6.0pt too wide) in paragraph at lines 230--243
warning: main_submission.tex:243: Overfull \hbox (5.6693pt too wide) in paragraph at lines 230--243
warning: main_submission.tex:243: Underfull \vbox (badness 10000) has occurred while \output is active
warning: main_submission.tex:258: Overfull \hbox (9.90529pt too wide) in paragraph at lines 245--258
warning: main_submission.bbl:5: Underfull \vbox (badness 6032) has occurred while \output is active
warning: main_submission.bbl:206: Underfull \hbox (badness 10000) in paragraph at lines 200--206
warning: main_submission.bbl:206: Underfull \hbox (badness 2600) in paragraph at lines 200--206
warning: main_submission.tex:269: 
Requested font "MinLibReg-ot1" at 10.95pt
warning: main_submission.tex:269:  -> MinLibReg-ot1
warning: main_submission.tex:269: Requested font "MinLibReg-ot1" at 6.1pt
warning: main_submission.tex:269:  -> MinLibReg-ot1
warning: main_submission.tex:269: Requested font "nxlmi" at 10.95pt
warning: main_submission.tex:269:  -> nxlmi
warning: main_submission.tex:269: Requested font "nxlmi5" at 6.1pt
warning: main_submission.tex:269:  -> nxlmi5
warning: main_submission.tex:269: Requested font "ntxsy" at 10.95pt
warning: main_submission.tex:269:  -> ntxsy
warning: main_submission.tex:269: Requested font "ntxsy5" at 6.1pt
warning: main_submission.tex:269:  -> ntxsy5
warning: main_submission.tex:269: Requested font "ntxexx" at 10.95pt
warning: main_submission.tex:269:  -> ntxexx
warning: main_submission.tex:269: Requested font "ntxexx" at 6.1pt
warning: main_submission.tex:269:  -> ntxexx
warning: main_submission.tex:269: Requested font "msam10" at 10.95pt
warning: main_submission.tex:269:  -> msam10
warning: main_submission.tex:269: Requested font "msam7" at 6.1pt
warning: main_submission.tex:269:  -> msam7
warning: main_submission.tex:269: Requested font "msbm10" at 10.95pt
warning: main_submission.tex:269:  -> msbm10
warning: main_submission.tex:269: Requested font "msbm7" at 6.1pt
warning: main_submission.tex:269:  -> msbm7
warning: main_submission.tex:269: Requested font "nxlmia" at 10.95pt
warning: main_submission.tex:269:  -> nxlmia
warning: main_submission.tex:269: Requested font "nxlmia" at 6.1pt
warning: main_submission.tex:269:  -> nxlmia
warning: main_submission.tex:269: Requested font "ntxsym" at 10.95pt
warning: main_submission.tex:269:  -> ntxsym
warning: main_submission.tex:269: Requested font "ntxsym" at 6.1pt
warning: main_submission.tex:269:  -> ntxsym
warning: main_submission.tex:269: Requested font "ntxsyc" at 10.95pt
warning: main_submission.tex:269:  -> ntxsyc
warning: main_submission.tex:269: Requested font "ntxsyc" at 6.1pt
warning: main_submission.tex:269:  -> ntxsyc
warning: main_submission.tex:269: Requested font "ntxexa" at 10.95pt
warning: main_submission.tex:269:  -> ntxexa
warning: main_submission.tex:269: Requested font "ntxexa" at 6.1pt
warning: main_submission.tex:269:  -> ntxexa
warning: main_submission.tex:275: Overfull \vbox (1.18341pt too high) has occurred while \output is active
note: Rerunning TeX because "main_submission.aux" changed ...
warning: libertine.sty:308: 
Requested font "[LinLibertine_R.otf]/OT" at 8.99997pt
warning: libertine.sty:308: Requested font "[LinLibertine_R.otf]/OT" at 9.00003pt
warning: libertine.sty:308: Requested font "[LinLibertine_R.otf]/OT:script=latn;language=dflt;" at 9.00003pt
warning: libertine.sty:308: Requested font "[LinLibertine_RB.otf]/OT:script=latn;language=dflt;" at 9.00003pt
warning: libertine.sty:308: Requested font "[LinLibertine_RI.otf]/OT:script=latn;language=dflt;" at 9.00003pt
warning: libertine.sty:308: Requested font "[LinLibertine_RBI.otf]/OT:script=latn;language=dflt;" at 9.00003pt
warning: libertine.sty:308: Requested font "[LinLibertine_R.otf]/OT:script=latn;language=dflt;+tnum;+lnum;mapping=tex-text;" at 9.0pt
warning: libertine.sty:319: Requested font "[LinBiolinum_R.otf]/OT" at 8.99997pt
warning: libertine.sty:319: Requested font "[LinBiolinum_R.otf]/OT" at 9.00003pt
warning: libertine.sty:319: Requested font "[LinBiolinum_R.otf]/OT:script=latn;language=dflt;" at 9.00003pt
warning: libertine.sty:319: Requested font "[LinBiolinum_RB.otf]/OT:script=latn;language=dflt;" at 9.00003pt
warning: libertine.sty:319: Requested font "[LinBiolinum_RI.otf]/OT:script=latn;language=dflt;" at 9.00003pt
warning: libertine.sty:319: Requested font "[LinBiolinum_RBO.otf]/OT:script=latn;language=dflt;" at 9.00003pt
warning: libertine.sty:338: Requested font "[LinLibertine_RZ.otf]/OT" at 8.99997pt
warning: libertine.sty:338: Requested font "[LinLibertine_RZ.otf]/OT" at 9.00003pt
warning: libertine.sty:338: Requested font "[LinLibertine_RZ.otf]/OT:script=latn;language=dflt;" at 9.00003pt
warning: libertine.sty:338: Requested font "[LinLibertine_RZI.otf]/OT:script=latn;language=dflt;" at 9.00003pt
warning: libertine.sty:361: Requested font "[LinLibertine_DR.otf]/OT" at 8.99997pt
warning: libertine.sty:361: Requested font "[LinLibertine_DR.otf]/OT" at 9.00003pt
warning: libertine.sty:361: Requested font "[LinLibertine_DR.otf]/OT:script=latn;language=dflt;" at 9.00003pt
warning: libertine.sty:435: Requested font "[LinLibertine_M.otf]/OT" at 8.99997pt
warning: libertine.sty:435: Requested font "[LinLibertine_M.otf]/OT" at 9.00003pt
warning: libertine.sty:435: Requested font "[LinLibertine_M.otf]/OT:script=latn;language=dflt;" at 9.00003pt
warning: libertine.sty:435: Requested font "[LinLibertine_MB.otf]/OT:script=latn;language=dflt;" at 9.00003pt
warning: libertine.sty:435: Requested font "[LinLibertine_MO.otf]/OT:script=latn;language=dflt;" at 9.00003pt
warning: libertine.sty:435: Requested font "[LinLibertine_MBO.otf]/OT:script=latn;language=dflt;" at 9.00003pt
warning: libertine.sty:436: Requested font "[LinBiolinum_K.otf]/OT" at 8.99997pt
warning: libertine.sty:436: Requested font "[LinBiolinum_K.otf]/OT" at 9.00003pt
warning: libertine.sty:436: Requested font "[LinBiolinum_K.otf]/OT:script=latn;language=dflt;" at 9.00003pt
warning: libertine.sty:437: Requested font "[LinLibertine_I.otf]/OT" at 8.99997pt
warning: libertine.sty:437: Requested font "[LinLibertine_I.otf]/OT" at 9.00003pt
warning: libertine.sty:437: Requested font "[LinLibertine_I.otf]/OT:script=latn;language=dflt;" at 9.00003pt
warning: acmart.cls:815: 
Requested font "[Inconsolatazi4-Regular.otf]/OT" at 8.99997pt
warning: acmart.cls:815: Requested font "[Inconsolatazi4-Regular.otf]/OT" at 9.00003pt
warning: acmart.cls:815: Requested font "[Inconsolatazi4-Regular.otf]/OT:script=latn;language=dflt;" at 9.00003pt
warning: acmart.cls:815: Requested font "[Inconsolatazi4-Bold.otf]/OT:script=latn;language=dflt;" at 9.00003pt
warning: main_submission.tex:10: Requested font "[LinLibertine_R.otf]/OT:script=latn;language=dflt;+tnum;+lnum;mapping=tex-text;" at 7.0pt
warning: main_submission.tex:10: 
Requested font "MinLibReg-ot1" at 7.3pt
warning: main_submission.tex:10:  -> MinLibReg-ot1
warning: main_submission.tex:10: Requested font "MinLibReg-ot1" at 5.5pt
warning: main_submission.tex:10:  -> MinLibReg-ot1
warning: main_submission.tex:10: Requested font "nxlmi7" at 7.3pt
warning: main_submission.tex:10:  -> nxlmi7
warning: main_submission.tex:10: Requested font "nxlmi5" at 5.5pt
warning: main_submission.tex:10:  -> nxlmi5
warning: main_submission.tex:10: Requested font "ntxsy7" at 7.3pt
warning: main_submission.tex:10:  -> ntxsy7
warning: main_submission.tex:10: Requested font "ntxsy5" at 5.5pt
warning: main_submission.tex:10:  -> ntxsy5
warning: main_submission.tex:10: Requested font "ntxexx" at 7.3pt
warning: main_submission.tex:10:  -> ntxexx
warning: main_submission.tex:10: Requested font "ntxexx" at 5.5pt
warning: main_submission.tex:10:  -> ntxexx
warning: main_submission.tex:10: 
Requested font "msam7" at 7.3pt
warning: main_submission.tex:10:  -> msam7
warning: main_submission.tex:10: Requested font "msam5" at 5.5pt
warning: main_submission.tex:10:  -> msam5
warning: main_submission.tex:10: 
Requested font "msbm7" at 7.3pt
warning: main_submission.tex:10:  -> msbm7
warning: main_submission.tex:10: Requested font "msbm5" at 5.5pt
warning: main_submission.tex:10:  -> msbm5
warning: main_submission.tex:10: 
Requested font "nxlmia" at 7.3pt
warning: main_submission.tex:10:  -> nxlmia
warning: main_submission.tex:10: Requested font "nxlmia" at 5.5pt
warning: main_submission.tex:10:  -> nxlmia
warning: main_submission.tex:10: 
Requested font "ntxsym" at 7.3pt
warning: main_submission.tex:10:  -> ntxsym
warning: main_submission.tex:10: Requested font "ntxsym" at 5.5pt
warning: main_submission.tex:10:  -> ntxsym
warning: main_submission.tex:10: 
Requested font "ntxsyc" at 7.3pt
warning: main_submission.tex:10:  -> ntxsyc
warning: main_submission.tex:10: Requested font "ntxsyc" at 5.5pt
warning: main_submission.tex:10:  -> ntxsyc
warning: main_submission.tex:10: Requested font "ntxexa" at 7.3pt
warning: main_submission.tex:10:  -> ntxexa
warning: main_submission.tex:10: Requested font "ntxexa" at 5.5pt
warning: main_submission.tex:10:  -> ntxexa
warning: main_submission.tex:55: Requested font "[LinLibertine_R.otf]/OT:script=latn;language=dflt;+tnum;+lnum;mapping=tex-text;" at 17.28pt
warning: main_submission.tex:55: Requested font "[LinBiolinum_R.otf]/OT:script=latn;language=dflt;+tnum;+lnum;mapping=tex-text;" at 17.28pt
warning: main_submission.tex:55: Requested font "[LinBiolinum_RB.otf]/OT:script=latn;language=dflt;+tnum;+lnum;mapping=tex-text;" at 17.28pt
warning: main_submission.tex:55: Requested font "[LinBiolinum_RB.otf]/OT:script=latn;language=dflt;+tnum;+lnum;mapping=tex-text;" at 9.0pt
warning: main_submission.tex:55: Requested font "[LinBiolinum_RB.otf]/OT:script=latn;language=dflt;+tnum;+lnum;mapping=tex-text;" at 12.0pt
warning: main_submission.tex:55: Requested font "[LinBiolinum_R.otf]/OT:script=latn;language=dflt;+tnum;+lnum;mapping=tex-text;" at 12.0pt
warning: main_submission.tex:55: Requested font "[LinLibertine_R.otf]/OT:script=latn;language=dflt;+tnum;+lnum;mapping=tex-text;" at 12.0pt
warning: main_submission.tex:55: Requested font "[LinLibertine_R.otf]/OT:script=latn;language=dflt;+tnum;+lnum;mapping=tex-text;" at 10.0pt
warning: main_submission.tex:55: Requested font "[LinLibertine_RI.otf]/OT:script=latn;language=dflt;+tnum;+lnum;mapping=tex-text;" at 7.0pt
warning: main_submission.tex:55: Requested font "[LinLibertine_RB.otf]/OT:script=latn;language=dflt;+tnum;+lnum;mapping=tex-text;" at 9.0pt
warning: main_submission.tex:55: Requested font "[LinLibertine_RB.otf]/OT:script=latn;language=dflt;+tnum;+lnum;mapping=tex-text;" at 10.95pt
warning: main_submission.tex:55: Requested font "[LinLibertine_RI.otf]/OT:script=latn;language=dflt;+tnum;+lnum;mapping=tex-text;" at 9.0pt
warning: main_submission.tex:55: Requested font "MinLibReg-ot1" at 9.0pt
warning: main_submission.tex:55:  -> MinLibReg-ot1
warning: main_submission.tex:55: Requested font "nxlmi" at 9.0pt
warning: main_submission.tex:55:  -> nxlmi
warning: main_submission.tex:55: Requested font "ntxsy" at 9.0pt
warning: main_submission.tex:55:  -> ntxsy
warning: main_submission.tex:55: Requested font "ntxexx" at 9.0pt
warning: main_submission.tex:55:  -> ntxexx
warning: main_submission.tex:55: Requested font "msam10" at 9.0pt
warning: main_submission.tex:55:  -> msam10
warning: main_submission.tex:55: 
Requested font "msbm10" at 9.0pt
warning: main_submission.tex:55:  -> msbm10
warning: main_submission.tex:55: 
Requested font "nxlmia" at 9.0pt
warning: main_submission.tex:55:  -> nxlmia
warning: main_submission.tex:55: Requested font "ntxsym" at 9.0pt
warning: main_submission.tex:55:  -> ntxsym
warning: main_submission.tex:55: Requested font "ntxsyc" at 9.0pt
warning: main_submission.tex:55:  -> ntxsyc
warning: main_submission.tex:55: Requested font "ntxexa" at 9.0pt
warning: main_submission.tex:55:  -> ntxexa
warning: main_submission.tex:55: Requested font "[LinLibertine_R.otf]/OT:script=latn;language=dflt;+tnum;+lnum;mapping=tex-text;" at 8.0pt
warning: main_submission.tex:55: Requested font "[LinLibertine_RB.otf]/OT:script=latn;language=dflt;+tnum;+lnum;mapping=tex-text;" at 8.0pt
warning: main_submission.tex:55: Requested font "[LinLibertine_RI.otf]/OT:script=latn;language=dflt;+tnum;+lnum;mapping=tex-text;" at 8.0pt
warning: main_submission.tex:55: Requested font "MinLibReg-ot1" at 8.0pt
warning: main_submission.tex:55:  -> MinLibReg-ot1
warning: main_submission.tex:55: Requested font "MinLibReg-ot1" at 6.2pt
warning: main_submission.tex:55:  -> MinLibReg-ot1
warning: main_submission.tex:55: Requested font "nxlmi7" at 8.0pt
warning: main_submission.tex:55:  -> nxlmi7
warning: main_submission.tex:55: Requested font "nxlmi5" at 6.2pt
warning: main_submission.tex:55:  -> nxlmi5
warning: main_submission.tex:55: Requested font "ntxsy7" at 8.0pt
warning: main_submission.tex:55:  -> ntxsy7
warning: main_submission.tex:55: Requested font "ntxsy5" at 6.2pt
warning: main_submission.tex:55:  -> ntxsy5
warning: main_submission.tex:55: Requested font "ntxexx" at 8.0pt
warning: main_submission.tex:55:  -> ntxexx
warning: main_submission.tex:55: Requested font "ntxexx" at 6.2pt
warning: main_submission.tex:55:  -> ntxexx
warning: main_submission.tex:55: Requested font "msam10" at 8.0pt
warning: main_submission.tex:55:  -> msam10
warning: main_submission.tex:55: Requested font "msam7" at 6.2pt
warning: main_submission.tex:55:  -> msam7
warning: main_submission.tex:55: Requested font "msbm10" at 8.0pt
warning: main_submission.tex:55:  -> msbm10
warning: main_submission.tex:55: Requested font "msbm7" at 6.2pt
warning: main_submission.tex:55:  -> msbm7
warning: main_submission.tex:55: Requested font "nxlmia" at 8.0pt
warning: main_submission.tex:55:  -> nxlmia
warning: main_submission.tex:55: Requested font "nxlmia" at 6.2pt
warning: main_submission.tex:55:  -> nxlmia
warning: main_submission.tex:55: Requested font "ntxsym" at 8.0pt
warning: main_submission.tex:55:  -> ntxsym
warning: main_submission.tex:55: Requested font "ntxsym" at 6.2pt
warning: main_submission.tex:55:  -> ntxsym
warning: main_submission.tex:55: Requested font "ntxsyc" at 8.0pt
warning: main_submission.tex:55:  -> ntxsyc
warning: main_submission.tex:55: Requested font "ntxsyc" at 6.2pt
warning: main_submission.tex:55:  -> ntxsyc
warning: main_submission.tex:55: Requested font "ntxexa" at 8.0pt
warning: main_submission.tex:55:  -> ntxexa
warning: main_submission.tex:55: Requested font "ntxexa" at 6.2pt
warning: main_submission.tex:55:  -> ntxexa
warning: main_submission.tex:55: Overfull \hbox (5.9366pt too wide) in paragraph at lines 55--55
warning: main_submission.tex:55: Overfull \hbox (8.14925pt too wide) in paragraph at lines 55--55
warning: main_submission.tex:55: Overfull \hbox (9.50253pt too wide) in paragraph at lines 55--55
warning: main_submission.tex:74: Overfull \hbox (1.098pt too wide) in paragraph at lines 66--74
warning: main_submission.tex:87: Requested font "[Inconsolatazi4-Regular.otf]/OT:script=latn;language=dflt;+ss03;" at 9.0pt
warning: main_submission.tex:99: Underfull \vbox (badness 10000) has occurred while \output is active
warning: main_submission.tex:99: Requested font "[LinLibertine_R.otf]/OT:script=latn;language=dflt;+tnum;+lnum;mapping=tex-text;" at 6.0pt
warning: main_submission.tex:148: Overfull \hbox (4.77701pt too wide) in paragraph at lines 137--148
warning: main_submission.tex:195: Overfull \hbox (2.0273pt too wide) in paragraph at lines 187--195
warning: main_submission.tex:195: Requested font "[LinBiolinum_R.otf]/OT:script=latn;language=dflt;+tnum;+lnum;mapping=tex-text;" at 9.0pt
warning: main_submission.tex:195: Requested font "[LinBiolinum_R.otf]/OT:script=latn;language=dflt;+tnum;+lnum;mapping=tex-text;" at 7.0pt
warning: main_submission.tex:220: Overfull \hbox (1.13628pt too wide) in paragraph at lines 211--220
warning: main_submission.tex:243: Overfull \hbox (6.0pt too wide) in paragraph at lines 230--243
warning: main_submission.tex:243: Overfull \hbox (5.6693pt too wide) in paragraph at lines 230--243
warning: main_submission.tex:243: Underfull \vbox (badness 10000) has occurred while \output is active
warning: main_submission.tex:258: Overfull \hbox (9.90529pt too wide) in paragraph at lines 245--258
warning: main_submission.bbl:5: Underfull \vbox (badness 6032) has occurred while \output is active
warning: main_submission.bbl:206: Underfull \hbox (badness 10000) in paragraph at lines 200--206
warning: main_submission.bbl:206: Underfull \hbox (badness 2600) in paragraph at lines 200--206
warning: main_submission.tex:269: 
Requested font "MinLibReg-ot1" at 10.95pt
warning: main_submission.tex:269:  -> MinLibReg-ot1
warning: main_submission.tex:269: Requested font "MinLibReg-ot1" at 6.1pt
warning: main_submission.tex:269:  -> MinLibReg-ot1
warning: main_submission.tex:269: Requested font "nxlmi" at 10.95pt
warning: main_submission.tex:269:  -> nxlmi
warning: main_submission.tex:269: Requested font "nxlmi5" at 6.1pt
warning: main_submission.tex:269:  -> nxlmi5
warning: main_submission.tex:269: Requested font "ntxsy" at 10.95pt
warning: main_submission.tex:269:  -> ntxsy
warning: main_submission.tex:269: Requested font "ntxsy5" at 6.1pt
warning: main_submission.tex:269:  -> ntxsy5
warning: main_submission.tex:269: Requested font "ntxexx" at 10.95pt
warning: main_submission.tex:269:  -> ntxexx
warning: main_submission.tex:269: Requested font "ntxexx" at 6.1pt
warning: main_submission.tex:269:  -> ntxexx
warning: main_submission.tex:269: Requested font "msam10" at 10.95pt
warning: main_submission.tex:269:  -> msam10
warning: main_submission.tex:269: Requested font "msam7" at 6.1pt
warning: main_submission.tex:269:  -> msam7
warning: main_submission.tex:269: Requested font "msbm10" at 10.95pt
warning: main_submission.tex:269:  -> msbm10
warning: main_submission.tex:269: Requested font "msbm7" at 6.1pt
warning: main_submission.tex:269:  -> msbm7
warning: main_submission.tex:269: Requested font "nxlmia" at 10.95pt
warning: main_submission.tex:269:  -> nxlmia
warning: main_submission.tex:269: Requested font "nxlmia" at 6.1pt
warning: main_submission.tex:269:  -> nxlmia
warning: main_submission.tex:269: Requested font "ntxsym" at 10.95pt
warning: main_submission.tex:269:  -> ntxsym
warning: main_submission.tex:269: Requested font "ntxsym" at 6.1pt
warning: main_submission.tex:269:  -> ntxsym
warning: main_submission.tex:269: Requested font "ntxsyc" at 10.95pt
warning: main_submission.tex:269:  -> ntxsyc
warning: main_submission.tex:269: Requested font "ntxsyc" at 6.1pt
warning: main_submission.tex:269:  -> ntxsyc
warning: main_submission.tex:269: Requested font "ntxexa" at 10.95pt
warning: main_submission.tex:269:  -> ntxexa
warning: main_submission.tex:269: Requested font "ntxexa" at 6.1pt
warning: main_submission.tex:269:  -> ntxexa
warning: main_submission.tex:275: Overfull \vbox (1.18341pt too high) has occurred while \output is active
warning: internal consistency problem when checking if main_submission.bbl changed
note: Rerunning TeX because "main_submission.bbl" changed ...
warning: libertine.sty:308: 
Requested font "[LinLibertine_R.otf]/OT" at 8.99997pt
warning: libertine.sty:308: Requested font "[LinLibertine_R.otf]/OT" at 9.00003pt
warning: libertine.sty:308: Requested font "[LinLibertine_R.otf]/OT:script=latn;language=dflt;" at 9.00003pt
warning: libertine.sty:308: Requested font "[LinLibertine_RB.otf]/OT:script=latn;language=dflt;" at 9.00003pt
warning: libertine.sty:308: Requested font "[LinLibertine_RI.otf]/OT:script=latn;language=dflt;" at 9.00003pt
warning: libertine.sty:308: Requested font "[LinLibertine_RBI.otf]/OT:script=latn;language=dflt;" at 9.00003pt
warning: libertine.sty:308: Requested font "[LinLibertine_R.otf]/OT:script=latn;language=dflt;+tnum;+lnum;mapping=tex-text;" at 9.0pt
warning: libertine.sty:319: Requested font "[LinBiolinum_R.otf]/OT" at 8.99997pt
warning: libertine.sty:319: Requested font "[LinBiolinum_R.otf]/OT" at 9.00003pt
warning: libertine.sty:319: Requested font "[LinBiolinum_R.otf]/OT:script=latn;language=dflt;" at 9.00003pt
warning: libertine.sty:319: Requested font "[LinBiolinum_RB.otf]/OT:script=latn;language=dflt;" at 9.00003pt
warning: libertine.sty:319: Requested font "[LinBiolinum_RI.otf]/OT:script=latn;language=dflt;" at 9.00003pt
warning: libertine.sty:319: Requested font "[LinBiolinum_RBO.otf]/OT:script=latn;language=dflt;" at 9.00003pt
warning: libertine.sty:338: Requested font "[LinLibertine_RZ.otf]/OT" at 8.99997pt
warning: libertine.sty:338: Requested font "[LinLibertine_RZ.otf]/OT" at 9.00003pt
warning: libertine.sty:338: Requested font "[LinLibertine_RZ.otf]/OT:script=latn;language=dflt;" at 9.00003pt
warning: libertine.sty:338: Requested font "[LinLibertine_RZI.otf]/OT:script=latn;language=dflt;" at 9.00003pt
warning: libertine.sty:361: Requested font "[LinLibertine_DR.otf]/OT" at 8.99997pt
warning: libertine.sty:361: Requested font "[LinLibertine_DR.otf]/OT" at 9.00003pt
warning: libertine.sty:361: Requested font "[LinLibertine_DR.otf]/OT:script=latn;language=dflt;" at 9.00003pt
warning: libertine.sty:435: Requested font "[LinLibertine_M.otf]/OT" at 8.99997pt
warning: libertine.sty:435: Requested font "[LinLibertine_M.otf]/OT" at 9.00003pt
warning: libertine.sty:435: Requested font "[LinLibertine_M.otf]/OT:script=latn;language=dflt;" at 9.00003pt
warning: libertine.sty:435: Requested font "[LinLibertine_MB.otf]/OT:script=latn;language=dflt;" at 9.00003pt
warning: libertine.sty:435: Requested font "[LinLibertine_MO.otf]/OT:script=latn;language=dflt;" at 9.00003pt
warning: libertine.sty:435: Requested font "[LinLibertine_MBO.otf]/OT:script=latn;language=dflt;" at 9.00003pt
warning: libertine.sty:436: Requested font "[LinBiolinum_K.otf]/OT" at 8.99997pt
warning: libertine.sty:436: Requested font "[LinBiolinum_K.otf]/OT" at 9.00003pt
warning: libertine.sty:436: Requested font "[LinBiolinum_K.otf]/OT:script=latn;language=dflt;" at 9.00003pt
warning: libertine.sty:437: Requested font "[LinLibertine_I.otf]/OT" at 8.99997pt
warning: libertine.sty:437: Requested font "[LinLibertine_I.otf]/OT" at 9.00003pt
warning: libertine.sty:437: Requested font "[LinLibertine_I.otf]/OT:script=latn;language=dflt;" at 9.00003pt
warning: acmart.cls:815: 
Requested font "[Inconsolatazi4-Regular.otf]/OT" at 8.99997pt
warning: acmart.cls:815: Requested font "[Inconsolatazi4-Regular.otf]/OT" at 9.00003pt
warning: acmart.cls:815: Requested font "[Inconsolatazi4-Regular.otf]/OT:script=latn;language=dflt;" at 9.00003pt
warning: acmart.cls:815: Requested font "[Inconsolatazi4-Bold.otf]/OT:script=latn;language=dflt;" at 9.00003pt
warning: main_submission.tex:10: Requested font "[LinLibertine_R.otf]/OT:script=latn;language=dflt;+tnum;+lnum;mapping=tex-text;" at 7.0pt
warning: main_submission.tex:10: 
Requested font "MinLibReg-ot1" at 7.3pt
warning: main_submission.tex:10:  -> MinLibReg-ot1
warning: main_submission.tex:10: Requested font "MinLibReg-ot1" at 5.5pt
warning: main_submission.tex:10:  -> MinLibReg-ot1
warning: main_submission.tex:10: Requested font "nxlmi7" at 7.3pt
warning: main_submission.tex:10:  -> nxlmi7
warning: main_submission.tex:10: Requested font "nxlmi5" at 5.5pt
warning: main_submission.tex:10:  -> nxlmi5
warning: main_submission.tex:10: Requested font "ntxsy7" at 7.3pt
warning: main_submission.tex:10:  -> ntxsy7
warning: main_submission.tex:10: Requested font "ntxsy5" at 5.5pt
warning: main_submission.tex:10:  -> ntxsy5
warning: main_submission.tex:10: Requested font "ntxexx" at 7.3pt
warning: main_submission.tex:10:  -> ntxexx
warning: main_submission.tex:10: Requested font "ntxexx" at 5.5pt
warning: main_submission.tex:10:  -> ntxexx
warning: main_submission.tex:10: 
Requested font "msam7" at 7.3pt
warning: main_submission.tex:10:  -> msam7
warning: main_submission.tex:10: Requested font "msam5" at 5.5pt
warning: main_submission.tex:10:  -> msam5
warning: main_submission.tex:10: 
Requested font "msbm7" at 7.3pt
warning: main_submission.tex:10:  -> msbm7
warning: main_submission.tex:10: Requested font "msbm5" at 5.5pt
warning: main_submission.tex:10:  -> msbm5
warning: main_submission.tex:10: 
Requested font "nxlmia" at 7.3pt
warning: main_submission.tex:10:  -> nxlmia
warning: main_submission.tex:10: Requested font "nxlmia" at 5.5pt
warning: main_submission.tex:10:  -> nxlmia
warning: main_submission.tex:10: 
Requested font "ntxsym" at 7.3pt
warning: main_submission.tex:10:  -> ntxsym
warning: main_submission.tex:10: Requested font "ntxsym" at 5.5pt
warning: main_submission.tex:10:  -> ntxsym
warning: main_submission.tex:10: 
Requested font "ntxsyc" at 7.3pt
warning: main_submission.tex:10:  -> ntxsyc
warning: main_submission.tex:10: Requested font "ntxsyc" at 5.5pt
warning: main_submission.tex:10:  -> ntxsyc
warning: main_submission.tex:10: Requested font "ntxexa" at 7.3pt
warning: main_submission.tex:10:  -> ntxexa
warning: main_submission.tex:10: Requested font "ntxexa" at 5.5pt
warning: main_submission.tex:10:  -> ntxexa
warning: main_submission.tex:55: Requested font "[LinLibertine_R.otf]/OT:script=latn;language=dflt;+tnum;+lnum;mapping=tex-text;" at 17.28pt
warning: main_submission.tex:55: Requested font "[LinBiolinum_R.otf]/OT:script=latn;language=dflt;+tnum;+lnum;mapping=tex-text;" at 17.28pt
warning: main_submission.tex:55: Requested font "[LinBiolinum_RB.otf]/OT:script=latn;language=dflt;+tnum;+lnum;mapping=tex-text;" at 17.28pt
warning: main_submission.tex:55: Requested font "[LinBiolinum_RB.otf]/OT:script=latn;language=dflt;+tnum;+lnum;mapping=tex-text;" at 9.0pt
warning: main_submission.tex:55: Requested font "[LinBiolinum_RB.otf]/OT:script=latn;language=dflt;+tnum;+lnum;mapping=tex-text;" at 12.0pt
warning: main_submission.tex:55: Requested font "[LinBiolinum_R.otf]/OT:script=latn;language=dflt;+tnum;+lnum;mapping=tex-text;" at 12.0pt
warning: main_submission.tex:55: Requested font "[LinLibertine_R.otf]/OT:script=latn;language=dflt;+tnum;+lnum;mapping=tex-text;" at 12.0pt
warning: main_submission.tex:55: Requested font "[LinLibertine_R.otf]/OT:script=latn;language=dflt;+tnum;+lnum;mapping=tex-text;" at 10.0pt
warning: main_submission.tex:55: Requested font "[LinLibertine_RI.otf]/OT:script=latn;language=dflt;+tnum;+lnum;mapping=tex-text;" at 7.0pt
warning: main_submission.tex:55: Requested font "[LinLibertine_RB.otf]/OT:script=latn;language=dflt;+tnum;+lnum;mapping=tex-text;" at 9.0pt
warning: main_submission.tex:55: Requested font "[LinLibertine_RB.otf]/OT:script=latn;language=dflt;+tnum;+lnum;mapping=tex-text;" at 10.95pt
warning: main_submission.tex:55: Requested font "[LinLibertine_RI.otf]/OT:script=latn;language=dflt;+tnum;+lnum;mapping=tex-text;" at 9.0pt
warning: main_submission.tex:55: Requested font "MinLibReg-ot1" at 9.0pt
warning: main_submission.tex:55:  -> MinLibReg-ot1
warning: main_submission.tex:55: Requested font "nxlmi" at 9.0pt
warning: main_submission.tex:55:  -> nxlmi
warning: main_submission.tex:55: Requested font "ntxsy" at 9.0pt
warning: main_submission.tex:55:  -> ntxsy
warning: main_submission.tex:55: Requested font "ntxexx" at 9.0pt
warning: main_submission.tex:55:  -> ntxexx
warning: main_submission.tex:55: Requested font "msam10" at 9.0pt
warning: main_submission.tex:55:  -> msam10
warning: main_submission.tex:55: 
Requested font "msbm10" at 9.0pt
warning: main_submission.tex:55:  -> msbm10
warning: main_submission.tex:55: 
Requested font "nxlmia" at 9.0pt
warning: main_submission.tex:55:  -> nxlmia
warning: main_submission.tex:55: Requested font "ntxsym" at 9.0pt
warning: main_submission.tex:55:  -> ntxsym
warning: main_submission.tex:55: Requested font "ntxsyc" at 9.0pt
warning: main_submission.tex:55:  -> ntxsyc
warning: main_submission.tex:55: Requested font "ntxexa" at 9.0pt
warning: main_submission.tex:55:  -> ntxexa
warning: main_submission.tex:55: Requested font "[LinLibertine_R.otf]/OT:script=latn;language=dflt;+tnum;+lnum;mapping=tex-text;" at 8.0pt
warning: main_submission.tex:55: Requested font "[LinLibertine_RB.otf]/OT:script=latn;language=dflt;+tnum;+lnum;mapping=tex-text;" at 8.0pt
warning: main_submission.tex:55: Requested font "[LinLibertine_RI.otf]/OT:script=latn;language=dflt;+tnum;+lnum;mapping=tex-text;" at 8.0pt
warning: main_submission.tex:55: Requested font "MinLibReg-ot1" at 8.0pt
warning: main_submission.tex:55:  -> MinLibReg-ot1
warning: main_submission.tex:55: Requested font "MinLibReg-ot1" at 6.2pt
warning: main_submission.tex:55:  -> MinLibReg-ot1
warning: main_submission.tex:55: Requested font "nxlmi7" at 8.0pt
warning: main_submission.tex:55:  -> nxlmi7
warning: main_submission.tex:55: Requested font "nxlmi5" at 6.2pt
warning: main_submission.tex:55:  -> nxlmi5
warning: main_submission.tex:55: Requested font "ntxsy7" at 8.0pt
warning: main_submission.tex:55:  -> ntxsy7
warning: main_submission.tex:55: Requested font "ntxsy5" at 6.2pt
warning: main_submission.tex:55:  -> ntxsy5
warning: main_submission.tex:55: Requested font "ntxexx" at 8.0pt
warning: main_submission.tex:55:  -> ntxexx
warning: main_submission.tex:55: Requested font "ntxexx" at 6.2pt
warning: main_submission.tex:55:  -> ntxexx
warning: main_submission.tex:55: Requested font "msam10" at 8.0pt
warning: main_submission.tex:55:  -> msam10
warning: main_submission.tex:55: Requested font "msam7" at 6.2pt
warning: main_submission.tex:55:  -> msam7
warning: main_submission.tex:55: Requested font "msbm10" at 8.0pt
warning: main_submission.tex:55:  -> msbm10
warning: main_submission.tex:55: Requested font "msbm7" at 6.2pt
warning: main_submission.tex:55:  -> msbm7
warning: main_submission.tex:55: Requested font "nxlmia" at 8.0pt
warning: main_submission.tex:55:  -> nxlmia
warning: main_submission.tex:55: Requested font "nxlmia" at 6.2pt
warning: main_submission.tex:55:  -> nxlmia
warning: main_submission.tex:55: Requested font "ntxsym" at 8.0pt
warning: main_submission.tex:55:  -> ntxsym
warning: main_submission.tex:55: Requested font "ntxsym" at 6.2pt
warning: main_submission.tex:55:  -> ntxsym
warning: main_submission.tex:55: Requested font "ntxsyc" at 8.0pt
warning: main_submission.tex:55:  -> ntxsyc
warning: main_submission.tex:55: Requested font "ntxsyc" at 6.2pt
warning: main_submission.tex:55:  -> ntxsyc
warning: main_submission.tex:55: Requested font "ntxexa" at 8.0pt
warning: main_submission.tex:55:  -> ntxexa
warning: main_submission.tex:55: Requested font "ntxexa" at 6.2pt
warning: main_submission.tex:55:  -> ntxexa
warning: main_submission.tex:55: Overfull \hbox (5.9366pt too wide) in paragraph at lines 55--55
warning: main_submission.tex:55: Overfull \hbox (8.14925pt too wide) in paragraph at lines 55--55
warning: main_submission.tex:55: Overfull \hbox (9.50253pt too wide) in paragraph at lines 55--55
warning: main_submission.tex:74: Overfull \hbox (1.098pt too wide) in paragraph at lines 66--74
warning: main_submission.tex:87: Requested font "[Inconsolatazi4-Regular.otf]/OT:script=latn;language=dflt;+ss03;" at 9.0pt
warning: main_submission.tex:99: Underfull \vbox (badness 10000) has occurred while \output is active
warning: main_submission.tex:99: Requested font "[LinLibertine_R.otf]/OT:script=latn;language=dflt;+tnum;+lnum;mapping=tex-text;" at 6.0pt
warning: main_submission.tex:148: Overfull \hbox (4.77701pt too wide) in paragraph at lines 137--148
warning: main_submission.tex:195: Overfull \hbox (2.0273pt too wide) in paragraph at lines 187--195
warning: main_submission.tex:195: Requested font "[LinBiolinum_R.otf]/OT:script=latn;language=dflt;+tnum;+lnum;mapping=tex-text;" at 9.0pt
warning: main_submission.tex:195: Requested font "[LinBiolinum_R.otf]/OT:script=latn;language=dflt;+tnum;+lnum;mapping=tex-text;" at 7.0pt
warning: main_submission.tex:220: Overfull \hbox (1.13628pt too wide) in paragraph at lines 211--220
warning: main_submission.tex:243: Overfull \hbox (6.0pt too wide) in paragraph at lines 230--243
warning: main_submission.tex:243: Overfull \hbox (5.6693pt too wide) in paragraph at lines 230--243
warning: main_submission.tex:243: Underfull \vbox (badness 10000) has occurred while \output is active
warning: main_submission.tex:258: Overfull \hbox (9.90529pt too wide) in paragraph at lines 245--258
warning: main_submission.bbl:5: Underfull \vbox (badness 6032) has occurred while \output is active
warning: main_submission.bbl:206: Underfull \hbox (badness 10000) in paragraph at lines 200--206
warning: main_submission.bbl:206: Underfull \hbox (badness 2600) in paragraph at lines 200--206
warning: main_submission.tex:269: 
Requested font "MinLibReg-ot1" at 10.95pt
warning: main_submission.tex:269:  -> MinLibReg-ot1
warning: main_submission.tex:269: Requested font "MinLibReg-ot1" at 6.1pt
warning: main_submission.tex:269:  -> MinLibReg-ot1
warning: main_submission.tex:269: Requested font "nxlmi" at 10.95pt
warning: main_submission.tex:269:  -> nxlmi
warning: main_submission.tex:269: Requested font "nxlmi5" at 6.1pt
warning: main_submission.tex:269:  -> nxlmi5
warning: main_submission.tex:269: Requested font "ntxsy" at 10.95pt
warning: main_submission.tex:269:  -> ntxsy
warning: main_submission.tex:269: Requested font "ntxsy5" at 6.1pt
warning: main_submission.tex:269:  -> ntxsy5
warning: main_submission.tex:269: Requested font "ntxexx" at 10.95pt
warning: main_submission.tex:269:  -> ntxexx
warning: main_submission.tex:269: Requested font "ntxexx" at 6.1pt
warning: main_submission.tex:269:  -> ntxexx
warning: main_submission.tex:269: Requested font "msam10" at 10.95pt
warning: main_submission.tex:269:  -> msam10
warning: main_submission.tex:269: Requested font "msam7" at 6.1pt
warning: main_submission.tex:269:  -> msam7
warning: main_submission.tex:269: Requested font "msbm10" at 10.95pt
warning: main_submission.tex:269:  -> msbm10
warning: main_submission.tex:269: Requested font "msbm7" at 6.1pt
warning: main_submission.tex:269:  -> msbm7
warning: main_submission.tex:269: Requested font "nxlmia" at 10.95pt
warning: main_submission.tex:269:  -> nxlmia
warning: main_submission.tex:269: Requested font "nxlmia" at 6.1pt
warning: main_submission.tex:269:  -> nxlmia
warning: main_submission.tex:269: Requested font "ntxsym" at 10.95pt
warning: main_submission.tex:269:  -> ntxsym
warning: main_submission.tex:269: Requested font "ntxsym" at 6.1pt
warning: main_submission.tex:269:  -> ntxsym
warning: main_submission.tex:269: Requested font "ntxsyc" at 10.95pt
warning: main_submission.tex:269:  -> ntxsyc
warning: main_submission.tex:269: Requested font "ntxsyc" at 6.1pt
warning: main_submission.tex:269:  -> ntxsyc
warning: main_submission.tex:269: Requested font "ntxexa" at 10.95pt
warning: main_submission.tex:269:  -> ntxexa
warning: main_submission.tex:269: Requested font "ntxexa" at 6.1pt
warning: main_submission.tex:269:  -> ntxexa
warning: main_submission.tex:275: Overfull \vbox (1.18341pt too high) has occurred while \output is active
warning: internal consistency problem when checking if main_submission.bbl changed
note: Rerunning TeX because "main_submission.bbl" changed ...
warning: libertine.sty:308: 
Requested font "[LinLibertine_R.otf]/OT" at 8.99997pt
warning: libertine.sty:308: Requested font "[LinLibertine_R.otf]/OT" at 9.00003pt
warning: libertine.sty:308: Requested font "[LinLibertine_R.otf]/OT:script=latn;language=dflt;" at 9.00003pt
warning: libertine.sty:308: Requested font "[LinLibertine_RB.otf]/OT:script=latn;language=dflt;" at 9.00003pt
warning: libertine.sty:308: Requested font "[LinLibertine_RI.otf]/OT:script=latn;language=dflt;" at 9.00003pt
warning: libertine.sty:308: Requested font "[LinLibertine_RBI.otf]/OT:script=latn;language=dflt;" at 9.00003pt
warning: libertine.sty:308: Requested font "[LinLibertine_R.otf]/OT:script=latn;language=dflt;+tnum;+lnum;mapping=tex-text;" at 9.0pt
warning: libertine.sty:319: Requested font "[LinBiolinum_R.otf]/OT" at 8.99997pt
warning: libertine.sty:319: Requested font "[LinBiolinum_R.otf]/OT" at 9.00003pt
warning: libertine.sty:319: Requested font "[LinBiolinum_R.otf]/OT:script=latn;language=dflt;" at 9.00003pt
warning: libertine.sty:319: Requested font "[LinBiolinum_RB.otf]/OT:script=latn;language=dflt;" at 9.00003pt
warning: libertine.sty:319: Requested font "[LinBiolinum_RI.otf]/OT:script=latn;language=dflt;" at 9.00003pt
warning: libertine.sty:319: Requested font "[LinBiolinum_RBO.otf]/OT:script=latn;language=dflt;" at 9.00003pt
warning: libertine.sty:338: Requested font "[LinLibertine_RZ.otf]/OT" at 8.99997pt
warning: libertine.sty:338: Requested font "[LinLibertine_RZ.otf]/OT" at 9.00003pt
warning: libertine.sty:338: Requested font "[LinLibertine_RZ.otf]/OT:script=latn;language=dflt;" at 9.00003pt
warning: libertine.sty:338: Requested font "[LinLibertine_RZI.otf]/OT:script=latn;language=dflt;" at 9.00003pt
warning: libertine.sty:361: Requested font "[LinLibertine_DR.otf]/OT" at 8.99997pt
warning: libertine.sty:361: Requested font "[LinLibertine_DR.otf]/OT" at 9.00003pt
warning: libertine.sty:361: Requested font "[LinLibertine_DR.otf]/OT:script=latn;language=dflt;" at 9.00003pt
warning: libertine.sty:435: Requested font "[LinLibertine_M.otf]/OT" at 8.99997pt
warning: libertine.sty:435: Requested font "[LinLibertine_M.otf]/OT" at 9.00003pt
warning: libertine.sty:435: Requested font "[LinLibertine_M.otf]/OT:script=latn;language=dflt;" at 9.00003pt
warning: libertine.sty:435: Requested font "[LinLibertine_MB.otf]/OT:script=latn;language=dflt;" at 9.00003pt
warning: libertine.sty:435: Requested font "[LinLibertine_MO.otf]/OT:script=latn;language=dflt;" at 9.00003pt
warning: libertine.sty:435: Requested font "[LinLibertine_MBO.otf]/OT:script=latn;language=dflt;" at 9.00003pt
warning: libertine.sty:436: Requested font "[LinBiolinum_K.otf]/OT" at 8.99997pt
warning: libertine.sty:436: Requested font "[LinBiolinum_K.otf]/OT" at 9.00003pt
warning: libertine.sty:436: Requested font "[LinBiolinum_K.otf]/OT:script=latn;language=dflt;" at 9.00003pt
warning: libertine.sty:437: Requested font "[LinLibertine_I.otf]/OT" at 8.99997pt
warning: libertine.sty:437: Requested font "[LinLibertine_I.otf]/OT" at 9.00003pt
warning: libertine.sty:437: Requested font "[LinLibertine_I.otf]/OT:script=latn;language=dflt;" at 9.00003pt
warning: acmart.cls:815: 
Requested font "[Inconsolatazi4-Regular.otf]/OT" at 8.99997pt
warning: acmart.cls:815: Requested font "[Inconsolatazi4-Regular.otf]/OT" at 9.00003pt
warning: acmart.cls:815: Requested font "[Inconsolatazi4-Regular.otf]/OT:script=latn;language=dflt;" at 9.00003pt
warning: acmart.cls:815: Requested font "[Inconsolatazi4-Bold.otf]/OT:script=latn;language=dflt;" at 9.00003pt
warning: main_submission.tex:10: Requested font "[LinLibertine_R.otf]/OT:script=latn;language=dflt;+tnum;+lnum;mapping=tex-text;" at 7.0pt
warning: main_submission.tex:10: 
Requested font "MinLibReg-ot1" at 7.3pt
warning: main_submission.tex:10:  -> MinLibReg-ot1
warning: main_submission.tex:10: Requested font "MinLibReg-ot1" at 5.5pt
warning: main_submission.tex:10:  -> MinLibReg-ot1
warning: main_submission.tex:10: Requested font "nxlmi7" at 7.3pt
warning: main_submission.tex:10:  -> nxlmi7
warning: main_submission.tex:10: Requested font "nxlmi5" at 5.5pt
warning: main_submission.tex:10:  -> nxlmi5
warning: main_submission.tex:10: Requested font "ntxsy7" at 7.3pt
warning: main_submission.tex:10:  -> ntxsy7
warning: main_submission.tex:10: Requested font "ntxsy5" at 5.5pt
warning: main_submission.tex:10:  -> ntxsy5
warning: main_submission.tex:10: Requested font "ntxexx" at 7.3pt
warning: main_submission.tex:10:  -> ntxexx
warning: main_submission.tex:10: Requested font "ntxexx" at 5.5pt
warning: main_submission.tex:10:  -> ntxexx
warning: main_submission.tex:10: 
Requested font "msam7" at 7.3pt
warning: main_submission.tex:10:  -> msam7
warning: main_submission.tex:10: Requested font "msam5" at 5.5pt
warning: main_submission.tex:10:  -> msam5
warning: main_submission.tex:10: 
Requested font "msbm7" at 7.3pt
warning: main_submission.tex:10:  -> msbm7
warning: main_submission.tex:10: Requested font "msbm5" at 5.5pt
warning: main_submission.tex:10:  -> msbm5
warning: main_submission.tex:10: 
Requested font "nxlmia" at 7.3pt
warning: main_submission.tex:10:  -> nxlmia
warning: main_submission.tex:10: Requested font "nxlmia" at 5.5pt
warning: main_submission.tex:10:  -> nxlmia
warning: main_submission.tex:10: 
Requested font "ntxsym" at 7.3pt
warning: main_submission.tex:10:  -> ntxsym
warning: main_submission.tex:10: Requested font "ntxsym" at 5.5pt
warning: main_submission.tex:10:  -> ntxsym
warning: main_submission.tex:10: 
Requested font "ntxsyc" at 7.3pt
warning: main_submission.tex:10:  -> ntxsyc
warning: main_submission.tex:10: Requested font "ntxsyc" at 5.5pt
warning: main_submission.tex:10:  -> ntxsyc
warning: main_submission.tex:10: Requested font "ntxexa" at 7.3pt
warning: main_submission.tex:10:  -> ntxexa
warning: main_submission.tex:10: Requested font "ntxexa" at 5.5pt
warning: main_submission.tex:10:  -> ntxexa
warning: main_submission.tex:55: Requested font "[LinLibertine_R.otf]/OT:script=latn;language=dflt;+tnum;+lnum;mapping=tex-text;" at 17.28pt
warning: main_submission.tex:55: Requested font "[LinBiolinum_R.otf]/OT:script=latn;language=dflt;+tnum;+lnum;mapping=tex-text;" at 17.28pt
warning: main_submission.tex:55: Requested font "[LinBiolinum_RB.otf]/OT:script=latn;language=dflt;+tnum;+lnum;mapping=tex-text;" at 17.28pt
warning: main_submission.tex:55: Requested font "[LinBiolinum_RB.otf]/OT:script=latn;language=dflt;+tnum;+lnum;mapping=tex-text;" at 9.0pt
warning: main_submission.tex:55: Requested font "[LinBiolinum_RB.otf]/OT:script=latn;language=dflt;+tnum;+lnum;mapping=tex-text;" at 12.0pt
warning: main_submission.tex:55: Requested font "[LinBiolinum_R.otf]/OT:script=latn;language=dflt;+tnum;+lnum;mapping=tex-text;" at 12.0pt
warning: main_submission.tex:55: Requested font "[LinLibertine_R.otf]/OT:script=latn;language=dflt;+tnum;+lnum;mapping=tex-text;" at 12.0pt
warning: main_submission.tex:55: Requested font "[LinLibertine_R.otf]/OT:script=latn;language=dflt;+tnum;+lnum;mapping=tex-text;" at 10.0pt
warning: main_submission.tex:55: Requested font "[LinLibertine_RI.otf]/OT:script=latn;language=dflt;+tnum;+lnum;mapping=tex-text;" at 7.0pt
warning: main_submission.tex:55: Requested font "[LinLibertine_RB.otf]/OT:script=latn;language=dflt;+tnum;+lnum;mapping=tex-text;" at 9.0pt
warning: main_submission.tex:55: Requested font "[LinLibertine_RB.otf]/OT:script=latn;language=dflt;+tnum;+lnum;mapping=tex-text;" at 10.95pt
warning: main_submission.tex:55: Requested font "[LinLibertine_RI.otf]/OT:script=latn;language=dflt;+tnum;+lnum;mapping=tex-text;" at 9.0pt
warning: main_submission.tex:55: Requested font "MinLibReg-ot1" at 9.0pt
warning: main_submission.tex:55:  -> MinLibReg-ot1
warning: main_submission.tex:55: Requested font "nxlmi" at 9.0pt
warning: main_submission.tex:55:  -> nxlmi
warning: main_submission.tex:55: Requested font "ntxsy" at 9.0pt
warning: main_submission.tex:55:  -> ntxsy
warning: main_submission.tex:55: Requested font "ntxexx" at 9.0pt
warning: main_submission.tex:55:  -> ntxexx
warning: main_submission.tex:55: Requested font "msam10" at 9.0pt
warning: main_submission.tex:55:  -> msam10
warning: main_submission.tex:55: 
Requested font "msbm10" at 9.0pt
warning: main_submission.tex:55:  -> msbm10
warning: main_submission.tex:55: 
Requested font "nxlmia" at 9.0pt
warning: main_submission.tex:55:  -> nxlmia
warning: main_submission.tex:55: Requested font "ntxsym" at 9.0pt
warning: main_submission.tex:55:  -> ntxsym
warning: main_submission.tex:55: Requested font "ntxsyc" at 9.0pt
warning: main_submission.tex:55:  -> ntxsyc
warning: main_submission.tex:55: Requested font "ntxexa" at 9.0pt
warning: main_submission.tex:55:  -> ntxexa
warning: main_submission.tex:55: Requested font "[LinLibertine_R.otf]/OT:script=latn;language=dflt;+tnum;+lnum;mapping=tex-text;" at 8.0pt
warning: main_submission.tex:55: Requested font "[LinLibertine_RB.otf]/OT:script=latn;language=dflt;+tnum;+lnum;mapping=tex-text;" at 8.0pt
warning: main_submission.tex:55: Requested font "[LinLibertine_RI.otf]/OT:script=latn;language=dflt;+tnum;+lnum;mapping=tex-text;" at 8.0pt
warning: main_submission.tex:55: Requested font "MinLibReg-ot1" at 8.0pt
warning: main_submission.tex:55:  -> MinLibReg-ot1
warning: main_submission.tex:55: Requested font "MinLibReg-ot1" at 6.2pt
warning: main_submission.tex:55:  -> MinLibReg-ot1
warning: main_submission.tex:55: Requested font "nxlmi7" at 8.0pt
warning: main_submission.tex:55:  -> nxlmi7
warning: main_submission.tex:55: Requested font "nxlmi5" at 6.2pt
warning: main_submission.tex:55:  -> nxlmi5
warning: main_submission.tex:55: Requested font "ntxsy7" at 8.0pt
warning: main_submission.tex:55:  -> ntxsy7
warning: main_submission.tex:55: Requested font "ntxsy5" at 6.2pt
warning: main_submission.tex:55:  -> ntxsy5
warning: main_submission.tex:55: Requested font "ntxexx" at 8.0pt
warning: main_submission.tex:55:  -> ntxexx
warning: main_submission.tex:55: Requested font "ntxexx" at 6.2pt
warning: main_submission.tex:55:  -> ntxexx
warning: main_submission.tex:55: Requested font "msam10" at 8.0pt
warning: main_submission.tex:55:  -> msam10
warning: main_submission.tex:55: Requested font "msam7" at 6.2pt
warning: main_submission.tex:55:  -> msam7
warning: main_submission.tex:55: Requested font "msbm10" at 8.0pt
warning: main_submission.tex:55:  -> msbm10
warning: main_submission.tex:55: Requested font "msbm7" at 6.2pt
warning: main_submission.tex:55:  -> msbm7
warning: main_submission.tex:55: Requested font "nxlmia" at 8.0pt
warning: main_submission.tex:55:  -> nxlmia
warning: main_submission.tex:55: Requested font "nxlmia" at 6.2pt
warning: main_submission.tex:55:  -> nxlmia
warning: main_submission.tex:55: Requested font "ntxsym" at 8.0pt
warning: main_submission.tex:55:  -> ntxsym
warning: main_submission.tex:55: Requested font "ntxsym" at 6.2pt
warning: main_submission.tex:55:  -> ntxsym
warning: main_submission.tex:55: Requested font "ntxsyc" at 8.0pt
warning: main_submission.tex:55:  -> ntxsyc
warning: main_submission.tex:55: Requested font "ntxsyc" at 6.2pt
warning: main_submission.tex:55:  -> ntxsyc
warning: main_submission.tex:55: Requested font "ntxexa" at 8.0pt
warning: main_submission.tex:55:  -> ntxexa
warning: main_submission.tex:55: Requested font "ntxexa" at 6.2pt
warning: main_submission.tex:55:  -> ntxexa
warning: main_submission.tex:55: Overfull \hbox (5.9366pt too wide) in paragraph at lines 55--55
warning: main_submission.tex:55: Overfull \hbox (8.14925pt too wide) in paragraph at lines 55--55
warning: main_submission.tex:55: Overfull \hbox (9.50253pt too wide) in paragraph at lines 55--55
warning: main_submission.tex:74: Overfull \hbox (1.098pt too wide) in paragraph at lines 66--74
warning: main_submission.tex:87: Requested font "[Inconsolatazi4-Regular.otf]/OT:script=latn;language=dflt;+ss03;" at 9.0pt
warning: main_submission.tex:99: Underfull \vbox (badness 10000) has occurred while \output is active
warning: main_submission.tex:99: Requested font "[LinLibertine_R.otf]/OT:script=latn;language=dflt;+tnum;+lnum;mapping=tex-text;" at 6.0pt
warning: main_submission.tex:148: Overfull \hbox (4.77701pt too wide) in paragraph at lines 137--148
warning: main_submission.tex:195: Overfull \hbox (2.0273pt too wide) in paragraph at lines 187--195
warning: main_submission.tex:195: Requested font "[LinBiolinum_R.otf]/OT:script=latn;language=dflt;+tnum;+lnum;mapping=tex-text;" at 9.0pt
warning: main_submission.tex:195: Requested font "[LinBiolinum_R.otf]/OT:script=latn;language=dflt;+tnum;+lnum;mapping=tex-text;" at 7.0pt
warning: main_submission.tex:220: Overfull \hbox (1.13628pt too wide) in paragraph at lines 211--220
warning: main_submission.tex:243: Overfull \hbox (6.0pt too wide) in paragraph at lines 230--243
warning: main_submission.tex:243: Overfull \hbox (5.6693pt too wide) in paragraph at lines 230--243
warning: main_submission.tex:243: Underfull \vbox (badness 10000) has occurred while \output is active
warning: main_submission.tex:258: Overfull \hbox (9.90529pt too wide) in paragraph at lines 245--258
warning: main_submission.bbl:5: Underfull \vbox (badness 6032) has occurred while \output is active
warning: main_submission.bbl:206: Underfull \hbox (badness 10000) in paragraph at lines 200--206
warning: main_submission.bbl:206: Underfull \hbox (badness 2600) in paragraph at lines 200--206
warning: main_submission.tex:269: 
Requested font "MinLibReg-ot1" at 10.95pt
warning: main_submission.tex:269:  -> MinLibReg-ot1
warning: main_submission.tex:269: Requested font "MinLibReg-ot1" at 6.1pt
warning: main_submission.tex:269:  -> MinLibReg-ot1
warning: main_submission.tex:269: Requested font "nxlmi" at 10.95pt
warning: main_submission.tex:269:  -> nxlmi
warning: main_submission.tex:269: Requested font "nxlmi5" at 6.1pt
warning: main_submission.tex:269:  -> nxlmi5
warning: main_submission.tex:269: Requested font "ntxsy" at 10.95pt
warning: main_submission.tex:269:  -> ntxsy
warning: main_submission.tex:269: Requested font "ntxsy5" at 6.1pt
warning: main_submission.tex:269:  -> ntxsy5
warning: main_submission.tex:269: Requested font "ntxexx" at 10.95pt
warning: main_submission.tex:269:  -> ntxexx
warning: main_submission.tex:269: Requested font "ntxexx" at 6.1pt
warning: main_submission.tex:269:  -> ntxexx
warning: main_submission.tex:269: Requested font "msam10" at 10.95pt
warning: main_submission.tex:269:  -> msam10
warning: main_submission.tex:269: Requested font "msam7" at 6.1pt
warning: main_submission.tex:269:  -> msam7
warning: main_submission.tex:269: Requested font "msbm10" at 10.95pt
warning: main_submission.tex:269:  -> msbm10
warning: main_submission.tex:269: Requested font "msbm7" at 6.1pt
warning: main_submission.tex:269:  -> msbm7
warning: main_submission.tex:269: Requested font "nxlmia" at 10.95pt
warning: main_submission.tex:269:  -> nxlmia
warning: main_submission.tex:269: Requested font "nxlmia" at 6.1pt
warning: main_submission.tex:269:  -> nxlmia
warning: main_submission.tex:269: Requested font "ntxsym" at 10.95pt
warning: main_submission.tex:269:  -> ntxsym
warning: main_submission.tex:269: Requested font "ntxsym" at 6.1pt
warning: main_submission.tex:269:  -> ntxsym
warning: main_submission.tex:269: Requested font "ntxsyc" at 10.95pt
warning: main_submission.tex:269:  -> ntxsyc
warning: main_submission.tex:269: Requested font "ntxsyc" at 6.1pt
warning: main_submission.tex:269:  -> ntxsyc
warning: main_submission.tex:269: Requested font "ntxexa" at 10.95pt
warning: main_submission.tex:269:  -> ntxexa
warning: main_submission.tex:269: Requested font "ntxexa" at 6.1pt
warning: main_submission.tex:269:  -> ntxexa
warning: main_submission.tex:275: Overfull \vbox (1.18341pt too high) has occurred while \output is active
warning: internal consistency problem when checking if main_submission.bbl changed
note: Rerunning TeX because "main_submission.bbl" changed ...
warning: libertine.sty:308: 
Requested font "[LinLibertine_R.otf]/OT" at 8.99997pt
warning: libertine.sty:308: Requested font "[LinLibertine_R.otf]/OT" at 9.00003pt
warning: libertine.sty:308: Requested font "[LinLibertine_R.otf]/OT:script=latn;language=dflt;" at 9.00003pt
warning: libertine.sty:308: Requested font "[LinLibertine_RB.otf]/OT:script=latn;language=dflt;" at 9.00003pt
warning: libertine.sty:308: Requested font "[LinLibertine_RI.otf]/OT:script=latn;language=dflt;" at 9.00003pt
warning: libertine.sty:308: Requested font "[LinLibertine_RBI.otf]/OT:script=latn;language=dflt;" at 9.00003pt
warning: libertine.sty:308: Requested font "[LinLibertine_R.otf]/OT:script=latn;language=dflt;+tnum;+lnum;mapping=tex-text;" at 9.0pt
warning: libertine.sty:319: Requested font "[LinBiolinum_R.otf]/OT" at 8.99997pt
warning: libertine.sty:319: Requested font "[LinBiolinum_R.otf]/OT" at 9.00003pt
warning: libertine.sty:319: Requested font "[LinBiolinum_R.otf]/OT:script=latn;language=dflt;" at 9.00003pt
warning: libertine.sty:319: Requested font "[LinBiolinum_RB.otf]/OT:script=latn;language=dflt;" at 9.00003pt
warning: libertine.sty:319: Requested font "[LinBiolinum_RI.otf]/OT:script=latn;language=dflt;" at 9.00003pt
warning: libertine.sty:319: Requested font "[LinBiolinum_RBO.otf]/OT:script=latn;language=dflt;" at 9.00003pt
warning: libertine.sty:338: Requested font "[LinLibertine_RZ.otf]/OT" at 8.99997pt
warning: libertine.sty:338: Requested font "[LinLibertine_RZ.otf]/OT" at 9.00003pt
warning: libertine.sty:338: Requested font "[LinLibertine_RZ.otf]/OT:script=latn;language=dflt;" at 9.00003pt
warning: libertine.sty:338: Requested font "[LinLibertine_RZI.otf]/OT:script=latn;language=dflt;" at 9.00003pt
warning: libertine.sty:361: Requested font "[LinLibertine_DR.otf]/OT" at 8.99997pt
warning: libertine.sty:361: Requested font "[LinLibertine_DR.otf]/OT" at 9.00003pt
warning: libertine.sty:361: Requested font "[LinLibertine_DR.otf]/OT:script=latn;language=dflt;" at 9.00003pt
warning: libertine.sty:435: Requested font "[LinLibertine_M.otf]/OT" at 8.99997pt
warning: libertine.sty:435: Requested font "[LinLibertine_M.otf]/OT" at 9.00003pt
warning: libertine.sty:435: Requested font "[LinLibertine_M.otf]/OT:script=latn;language=dflt;" at 9.00003pt
warning: libertine.sty:435: Requested font "[LinLibertine_MB.otf]/OT:script=latn;language=dflt;" at 9.00003pt
warning: libertine.sty:435: Requested font "[LinLibertine_MO.otf]/OT:script=latn;language=dflt;" at 9.00003pt
warning: libertine.sty:435: Requested font "[LinLibertine_MBO.otf]/OT:script=latn;language=dflt;" at 9.00003pt
warning: libertine.sty:436: Requested font "[LinBiolinum_K.otf]/OT" at 8.99997pt
warning: libertine.sty:436: Requested font "[LinBiolinum_K.otf]/OT" at 9.00003pt
warning: libertine.sty:436: Requested font "[LinBiolinum_K.otf]/OT:script=latn;language=dflt;" at 9.00003pt
warning: libertine.sty:437: Requested font "[LinLibertine_I.otf]/OT" at 8.99997pt
warning: libertine.sty:437: Requested font "[LinLibertine_I.otf]/OT" at 9.00003pt
warning: libertine.sty:437: Requested font "[LinLibertine_I.otf]/OT:script=latn;language=dflt;" at 9.00003pt
warning: acmart.cls:815: 
Requested font "[Inconsolatazi4-Regular.otf]/OT" at 8.99997pt
warning: acmart.cls:815: Requested font "[Inconsolatazi4-Regular.otf]/OT" at 9.00003pt
warning: acmart.cls:815: Requested font "[Inconsolatazi4-Regular.otf]/OT:script=latn;language=dflt;" at 9.00003pt
warning: acmart.cls:815: Requested font "[Inconsolatazi4-Bold.otf]/OT:script=latn;language=dflt;" at 9.00003pt
warning: main_submission.tex:10: Requested font "[LinLibertine_R.otf]/OT:script=latn;language=dflt;+tnum;+lnum;mapping=tex-text;" at 7.0pt
warning: main_submission.tex:10: 
Requested font "MinLibReg-ot1" at 7.3pt
warning: main_submission.tex:10:  -> MinLibReg-ot1
warning: main_submission.tex:10: Requested font "MinLibReg-ot1" at 5.5pt
warning: main_submission.tex:10:  -> MinLibReg-ot1
warning: main_submission.tex:10: Requested font "nxlmi7" at 7.3pt
warning: main_submission.tex:10:  -> nxlmi7
warning: main_submission.tex:10: Requested font "nxlmi5" at 5.5pt
warning: main_submission.tex:10:  -> nxlmi5
warning: main_submission.tex:10: Requested font "ntxsy7" at 7.3pt
warning: main_submission.tex:10:  -> ntxsy7
warning: main_submission.tex:10: Requested font "ntxsy5" at 5.5pt
warning: main_submission.tex:10:  -> ntxsy5
warning: main_submission.tex:10: Requested font "ntxexx" at 7.3pt
warning: main_submission.tex:10:  -> ntxexx
warning: main_submission.tex:10: Requested font "ntxexx" at 5.5pt
warning: main_submission.tex:10:  -> ntxexx
warning: main_submission.tex:10: 
Requested font "msam7" at 7.3pt
warning: main_submission.tex:10:  -> msam7
warning: main_submission.tex:10: Requested font "msam5" at 5.5pt
warning: main_submission.tex:10:  -> msam5
warning: main_submission.tex:10: 
Requested font "msbm7" at 7.3pt
warning: main_submission.tex:10:  -> msbm7
warning: main_submission.tex:10: Requested font "msbm5" at 5.5pt
warning: main_submission.tex:10:  -> msbm5
warning: main_submission.tex:10: 
Requested font "nxlmia" at 7.3pt
warning: main_submission.tex:10:  -> nxlmia
warning: main_submission.tex:10: Requested font "nxlmia" at 5.5pt
warning: main_submission.tex:10:  -> nxlmia
warning: main_submission.tex:10: 
Requested font "ntxsym" at 7.3pt
warning: main_submission.tex:10:  -> ntxsym
warning: main_submission.tex:10: Requested font "ntxsym" at 5.5pt
warning: main_submission.tex:10:  -> ntxsym
warning: main_submission.tex:10: 
Requested font "ntxsyc" at 7.3pt
warning: main_submission.tex:10:  -> ntxsyc
warning: main_submission.tex:10: Requested font "ntxsyc" at 5.5pt
warning: main_submission.tex:10:  -> ntxsyc
warning: main_submission.tex:10: Requested font "ntxexa" at 7.3pt
warning: main_submission.tex:10:  -> ntxexa
warning: main_submission.tex:10: Requested font "ntxexa" at 5.5pt
warning: main_submission.tex:10:  -> ntxexa
warning: main_submission.tex:55: Requested font "[LinLibertine_R.otf]/OT:script=latn;language=dflt;+tnum;+lnum;mapping=tex-text;" at 17.28pt
warning: main_submission.tex:55: Requested font "[LinBiolinum_R.otf]/OT:script=latn;language=dflt;+tnum;+lnum;mapping=tex-text;" at 17.28pt
warning: main_submission.tex:55: Requested font "[LinBiolinum_RB.otf]/OT:script=latn;language=dflt;+tnum;+lnum;mapping=tex-text;" at 17.28pt
warning: main_submission.tex:55: Requested font "[LinBiolinum_RB.otf]/OT:script=latn;language=dflt;+tnum;+lnum;mapping=tex-text;" at 9.0pt
warning: main_submission.tex:55: Requested font "[LinBiolinum_RB.otf]/OT:script=latn;language=dflt;+tnum;+lnum;mapping=tex-text;" at 12.0pt
warning: main_submission.tex:55: Requested font "[LinBiolinum_R.otf]/OT:script=latn;language=dflt;+tnum;+lnum;mapping=tex-text;" at 12.0pt
warning: main_submission.tex:55: Requested font "[LinLibertine_R.otf]/OT:script=latn;language=dflt;+tnum;+lnum;mapping=tex-text;" at 12.0pt
warning: main_submission.tex:55: Requested font "[LinLibertine_R.otf]/OT:script=latn;language=dflt;+tnum;+lnum;mapping=tex-text;" at 10.0pt
warning: main_submission.tex:55: Requested font "[LinLibertine_RI.otf]/OT:script=latn;language=dflt;+tnum;+lnum;mapping=tex-text;" at 7.0pt
warning: main_submission.tex:55: Requested font "[LinLibertine_RB.otf]/OT:script=latn;language=dflt;+tnum;+lnum;mapping=tex-text;" at 9.0pt
warning: main_submission.tex:55: Requested font "[LinLibertine_RB.otf]/OT:script=latn;language=dflt;+tnum;+lnum;mapping=tex-text;" at 10.95pt
warning: main_submission.tex:55: Requested font "[LinLibertine_RI.otf]/OT:script=latn;language=dflt;+tnum;+lnum;mapping=tex-text;" at 9.0pt
warning: main_submission.tex:55: Requested font "MinLibReg-ot1" at 9.0pt
warning: main_submission.tex:55:  -> MinLibReg-ot1
warning: main_submission.tex:55: Requested font "nxlmi" at 9.0pt
warning: main_submission.tex:55:  -> nxlmi
warning: main_submission.tex:55: Requested font "ntxsy" at 9.0pt
warning: main_submission.tex:55:  -> ntxsy
warning: main_submission.tex:55: Requested font "ntxexx" at 9.0pt
warning: main_submission.tex:55:  -> ntxexx
warning: main_submission.tex:55: Requested font "msam10" at 9.0pt
warning: main_submission.tex:55:  -> msam10
warning: main_submission.tex:55: 
Requested font "msbm10" at 9.0pt
warning: main_submission.tex:55:  -> msbm10
warning: main_submission.tex:55: 
Requested font "nxlmia" at 9.0pt
warning: main_submission.tex:55:  -> nxlmia
warning: main_submission.tex:55: Requested font "ntxsym" at 9.0pt
warning: main_submission.tex:55:  -> ntxsym
warning: main_submission.tex:55: Requested font "ntxsyc" at 9.0pt
warning: main_submission.tex:55:  -> ntxsyc
warning: main_submission.tex:55: Requested font "ntxexa" at 9.0pt
warning: main_submission.tex:55:  -> ntxexa
warning: main_submission.tex:55: Requested font "[LinLibertine_R.otf]/OT:script=latn;language=dflt;+tnum;+lnum;mapping=tex-text;" at 8.0pt
warning: main_submission.tex:55: Requested font "[LinLibertine_RB.otf]/OT:script=latn;language=dflt;+tnum;+lnum;mapping=tex-text;" at 8.0pt
warning: main_submission.tex:55: Requested font "[LinLibertine_RI.otf]/OT:script=latn;language=dflt;+tnum;+lnum;mapping=tex-text;" at 8.0pt
warning: main_submission.tex:55: Requested font "MinLibReg-ot1" at 8.0pt
warning: main_submission.tex:55:  -> MinLibReg-ot1
warning: main_submission.tex:55: Requested font "MinLibReg-ot1" at 6.2pt
warning: main_submission.tex:55:  -> MinLibReg-ot1
warning: main_submission.tex:55: Requested font "nxlmi7" at 8.0pt
warning: main_submission.tex:55:  -> nxlmi7
warning: main_submission.tex:55: Requested font "nxlmi5" at 6.2pt
warning: main_submission.tex:55:  -> nxlmi5
warning: main_submission.tex:55: Requested font "ntxsy7" at 8.0pt
warning: main_submission.tex:55:  -> ntxsy7
warning: main_submission.tex:55: Requested font "ntxsy5" at 6.2pt
warning: main_submission.tex:55:  -> ntxsy5
warning: main_submission.tex:55: Requested font "ntxexx" at 8.0pt
warning: main_submission.tex:55:  -> ntxexx
warning: main_submission.tex:55: Requested font "ntxexx" at 6.2pt
warning: main_submission.tex:55:  -> ntxexx
warning: main_submission.tex:55: Requested font "msam10" at 8.0pt
warning: main_submission.tex:55:  -> msam10
warning: main_submission.tex:55: Requested font "msam7" at 6.2pt
warning: main_submission.tex:55:  -> msam7
warning: main_submission.tex:55: Requested font "msbm10" at 8.0pt
warning: main_submission.tex:55:  -> msbm10
warning: main_submission.tex:55: Requested font "msbm7" at 6.2pt
warning: main_submission.tex:55:  -> msbm7
warning: main_submission.tex:55: Requested font "nxlmia" at 8.0pt
warning: main_submission.tex:55:  -> nxlmia
warning: main_submission.tex:55: Requested font "nxlmia" at 6.2pt
warning: main_submission.tex:55:  -> nxlmia
warning: main_submission.tex:55: Requested font "ntxsym" at 8.0pt
warning: main_submission.tex:55:  -> ntxsym
warning: main_submission.tex:55: Requested font "ntxsym" at 6.2pt
warning: main_submission.tex:55:  -> ntxsym
warning: main_submission.tex:55: Requested font "ntxsyc" at 8.0pt
warning: main_submission.tex:55:  -> ntxsyc
warning: main_submission.tex:55: Requested font "ntxsyc" at 6.2pt
warning: main_submission.tex:55:  -> ntxsyc
warning: main_submission.tex:55: Requested font "ntxexa" at 8.0pt
warning: main_submission.tex:55:  -> ntxexa
warning: main_submission.tex:55: Requested font "ntxexa" at 6.2pt
warning: main_submission.tex:55:  -> ntxexa
warning: main_submission.tex:55: Overfull \hbox (5.9366pt too wide) in paragraph at lines 55--55
warning: main_submission.tex:55: Overfull \hbox (8.14925pt too wide) in paragraph at lines 55--55
warning: main_submission.tex:55: Overfull \hbox (9.50253pt too wide) in paragraph at lines 55--55
warning: main_submission.tex:74: Overfull \hbox (1.098pt too wide) in paragraph at lines 66--74
warning: main_submission.tex:87: Requested font "[Inconsolatazi4-Regular.otf]/OT:script=latn;language=dflt;+ss03;" at 9.0pt
warning: main_submission.tex:99: Underfull \vbox (badness 10000) has occurred while \output is active
warning: main_submission.tex:99: Requested font "[LinLibertine_R.otf]/OT:script=latn;language=dflt;+tnum;+lnum;mapping=tex-text;" at 6.0pt
warning: main_submission.tex:148: Overfull \hbox (4.77701pt too wide) in paragraph at lines 137--148
warning: main_submission.tex:195: Overfull \hbox (2.0273pt too wide) in paragraph at lines 187--195
warning: main_submission.tex:195: Requested font "[LinBiolinum_R.otf]/OT:script=latn;language=dflt;+tnum;+lnum;mapping=tex-text;" at 9.0pt
warning: main_submission.tex:195: Requested font "[LinBiolinum_R.otf]/OT:script=latn;language=dflt;+tnum;+lnum;mapping=tex-text;" at 7.0pt
warning: main_submission.tex:220: Overfull \hbox (1.13628pt too wide) in paragraph at lines 211--220
warning: main_submission.tex:243: Overfull \hbox (6.0pt too wide) in paragraph at lines 230--243
warning: main_submission.tex:243: Overfull \hbox (5.6693pt too wide) in paragraph at lines 230--243
warning: main_submission.tex:243: Underfull \vbox (badness 10000) has occurred while \output is active
warning: main_submission.tex:258: Overfull \hbox (9.90529pt too wide) in paragraph at lines 245--258
warning: main_submission.bbl:5: Underfull \vbox (badness 6032) has occurred while \output is active
warning: main_submission.bbl:206: Underfull \hbox (badness 10000) in paragraph at lines 200--206
warning: main_submission.bbl:206: Underfull \hbox (badness 2600) in paragraph at lines 200--206
warning: main_submission.tex:269: 
Requested font "MinLibReg-ot1" at 10.95pt
warning: main_submission.tex:269:  -> MinLibReg-ot1
warning: main_submission.tex:269: Requested font "MinLibReg-ot1" at 6.1pt
warning: main_submission.tex:269:  -> MinLibReg-ot1
warning: main_submission.tex:269: Requested font "nxlmi" at 10.95pt
warning: main_submission.tex:269:  -> nxlmi
warning: main_submission.tex:269: Requested font "nxlmi5" at 6.1pt
warning: main_submission.tex:269:  -> nxlmi5
warning: main_submission.tex:269: Requested font "ntxsy" at 10.95pt
warning: main_submission.tex:269:  -> ntxsy
warning: main_submission.tex:269: Requested font "ntxsy5" at 6.1pt
warning: main_submission.tex:269:  -> ntxsy5
warning: main_submission.tex:269: Requested font "ntxexx" at 10.95pt
warning: main_submission.tex:269:  -> ntxexx
warning: main_submission.tex:269: Requested font "ntxexx" at 6.1pt
warning: main_submission.tex:269:  -> ntxexx
warning: main_submission.tex:269: Requested font "msam10" at 10.95pt
warning: main_submission.tex:269:  -> msam10
warning: main_submission.tex:269: Requested font "msam7" at 6.1pt
warning: main_submission.tex:269:  -> msam7
warning: main_submission.tex:269: Requested font "msbm10" at 10.95pt
warning: main_submission.tex:269:  -> msbm10
warning: main_submission.tex:269: Requested font "msbm7" at 6.1pt
warning: main_submission.tex:269:  -> msbm7
warning: main_submission.tex:269: Requested font "nxlmia" at 10.95pt
warning: main_submission.tex:269:  -> nxlmia
warning: main_submission.tex:269: Requested font "nxlmia" at 6.1pt
warning: main_submission.tex:269:  -> nxlmia
warning: main_submission.tex:269: Requested font "ntxsym" at 10.95pt
warning: main_submission.tex:269:  -> ntxsym
warning: main_submission.tex:269: Requested font "ntxsym" at 6.1pt
warning: main_submission.tex:269:  -> ntxsym
warning: main_submission.tex:269: Requested font "ntxsyc" at 10.95pt
warning: main_submission.tex:269:  -> ntxsyc
warning: main_submission.tex:269: Requested font "ntxsyc" at 6.1pt
warning: main_submission.tex:269:  -> ntxsyc
warning: main_submission.tex:269: Requested font "ntxexa" at 10.95pt
warning: main_submission.tex:269:  -> ntxexa
warning: main_submission.tex:269: Requested font "ntxexa" at 6.1pt
warning: main_submission.tex:269:  -> ntxexa
warning: main_submission.tex:275: Overfull \vbox (1.18341pt too high) has occurred while \output is active
warning: internal consistency problem when checking if main_submission.bbl changed
warning: TeX rerun seems needed, but stopping at 6 passes
warning: warnings were issued by the TeX engine; use --print and/or --keep-logs for details.
note: Running xdvipdfmx ...
note: Writing `main_submission.pdf` (161.85 KiB)
note: Skipped writing 4 intermediate files (use --keep-intermediates to keep them)
