strategy_id,error,tau_max,tau_p90,n_registers,R_bench,sharpe_bench,maxdd_bench,n_trades_bench,bust_early,always_flat,frac_in_pos,realized_vol,pass_filter,vix_mean_held,frac_held_days_high_vix
S0000,,50,8.0,5,-0.9987768235450657,-3.320184167995964,-0.9987824541332408,5313,False,False,0.07730122779830731,1.1848898324219082,True,20.63095138888889,0.21666666666666667
S0001,,63,14.0,6,-0.995204588903965,-4.669757983406143,-0.9955014085432977,8150,False,False,0.196762426987722,0.6782688955565488,True,20.618690159574466,0.2160904255319149
S0002,,48,14.0,6,-0.9894995419656546,-2.9041132528680715,-0.9903028654286964,13787,False,False,0.4521206341637859,0.9509367717955322,True,20.625076007931263,0.21678783873099802
S0003,,17,14.0,4,-0.9876281277374481,-2.0774304352683313,-0.9886866752154818,3514,False,False,0.14849445702705924,0.8080755647149536,True,20.742917015926235,0.21877619446772842
S0004,,33,26.0,6,-0.9924364641378022,-2.0521401916694324,-0.9951339033064617,6599,False,False,0.5455954225771844,0.8205151255101887,True,20.617172185430462,0.2165562913907285
S0005,,33,17.0,8,-0.9996233915531811,-3.7817322972561898,-0.9996753098192876,3601,True,False,0.09027536059125045,0.8086208494077955,False,20.900262941659822,0.23089564502875926
S0006,,66,21.0,4,-0.9924677409888341,-2.6136052935877294,-0.9949325657600661,8151,False,False,0.5007414471331506,0.9920425819639975,True,20.625076007931263,0.21678783873099802
S0007,,37,8.0,5,-0.9246853561990284,-1.6509561943420645,-0.9390963397406762,3112,False,False,0.04952199308618429,1.0139347014420004,True,20.571619202603742,0.20992676973148902
S0008,,33,18.0,6,-0.9680394033838184,-2.3373563225055687,-0.9697263700712515,4037,False,False,0.14924305638335916,0.6645916590319273,True,20.587066993464052,0.21405228758169934
S0009,,42,13.0,4,-0.9647369177604228,-1.871325507253807,-0.9671219538052593,4891,False,False,0.18427941351770175,0.8385892471591903,True,20.74650390625,0.2197265625
S0010,,64,19.0,5,-0.9343769039327713,-4.819916886287611,-0.935186093050755,8150,False,False,0.3920944093455716,0.7633758737650334,True,20.61147584381205,0.2157511581733951
S0011,,49,9.0,6,-0.9904500354118136,-4.876623829520609,-0.9909053678226666,7280,False,False,0.13536774347359637,0.5871428159008084,True,20.551429980276136,0.21794871794871795
S0012,,33,26.0,6,-0.9956600598034029,-1.4965556152917245,-0.9960301858470417,4332,True,False,0.3901823816903087,0.9275935046800087,False,20.649616677874917,0.2172158708809684
S0013,,52,16.0,4,-0.9937852711434128,-2.5713611450970895,-0.9943744711458227,10468,False,False,0.48244129216831566,0.8726852508523174,True,20.616587301587302,0.21626984126984128
S0014,,121,10.0,5,-0.9948416824628721,-4.2444847476254495,-0.995047877415481,3148,False,False,0.06771248062939564,0.7704670093450764,True,20.486464968152866,0.21125265392781317
S0015,,50,8.0,4,-0.9697657313444605,-3.0119470624672964,-0.9701485068872626,5996,False,False,0.09311240910716415,1.0830339520389232,True,20.648357908847185,0.21715817694369974
S0016,,49,9.0,7,-0.9875520976285925,-3.094882729615726,-0.9878415227541917,7280,False,False,0.1834259148885445,0.7815832341491221,True,20.506327519379845,0.21511627906976744
S0017,,33,14.0,5,-0.9847778135301873,-3.0046364175189657,-0.9849843412798075,5040,False,False,0.1418381213493861,1.0457315141985395,True,20.622547554347825,0.21671195652173914
S0018,,49,13.0,6,-0.9848778944499186,-3.2305821627107365,-0.9853647153617093,14314,False,False,0.49165335558469425,0.8884358352190267,True,20.616587301587302,0.21626984126984128
S0019,,116,10.0,4,-0.9887989278757899,-3.4172032904279837,-0.9893009022819882,4586,False,False,0.09971152699964239,0.7945773787573285,True,20.57545673076923,0.21474358974358973
S0020,,57,15.0,3,-0.9604262586605585,-3.5528481238421272,-0.9634710439219708,11216,False,False,0.4181189653117177,0.9398693041966381,True,20.616587301587302,0.21626984126984128
S0021,,42,8.0,4,-0.8536663853933344,-6.569995067995505,-0.8587352333168429,9112,False,False,0.1707855525092383,0.827644154731344,True,20.62532140490391,0.21669980119284293
S0022,,32,8.0,5,-0.9933835181657437,-3.463063083895843,-0.993739553677666,6248,False,False,0.14300154964834902,0.8227751219626518,True,20.78773920406435,0.2218458933107536
S0023,,48,11.0,4,-0.9909862280024203,-5.0959432318509235,-0.9914641641912095,17581,False,False,0.4179425438073668,0.8427329642640433,True,20.616587301587302,0.21626984126984128
S0024,,59,13.0,7,-0.9970443096170233,-3.374754844569788,-0.9971727892839248,11297,False,False,0.41668852068184525,0.8914302241971531,True,20.616587301587302,0.21626984126984128
S0025,,33,11.0,5,-0.9665905265851439,-2.2801408248351143,-0.9707407061752025,8415,False,False,0.2348503993324592,0.8579574014107975,True,20.622263017356477,0.21695594125500667
S0026,,38,8.0,4,-0.9677268693475864,-5.474027662753021,-0.9709560396203046,14044,False,False,0.23530337346525212,0.6671446174755442,True,20.616587301587302,0.21626984126984128
S0027,,24,7.0,4,-0.899453115801868,-3.0950311523205505,-0.9080093957029005,11697,False,False,0.2387125998331148,0.9066981087731616,True,20.61948378557247,0.21641297154202516
S0028,,33,24.0,8,-0.9665553833816141,-2.031743075701908,-0.969811229050166,2509,False,False,0.21044701394683515,0.9980395295853602,True,20.8445,0.22777777777777777
S0029,,52,16.0,5,-0.994719835521564,-2.726768746291167,-0.9951692867504255,10468,False,False,0.45373226844677556,0.872164486781087,True,20.616587301587302,0.21626984126984128
S0030,,33,24.0,5,-0.7165310435794462,-0.28591329554140676,-0.7334903562933373,3559,False,False,0.29205864822982475,0.9173961629761886,True,20.739281524926685,0.22287390029325513
S0031,,33,11.0,4,-0.9945959075324927,-3.0632852603021226,-0.9952407872963781,4891,False,False,0.14218142806055548,0.7174053160082895,True,20.761612586037362,0.22025565388397247
S0032,,49,15.0,5,-0.9770745120118667,-1.7208165522672152,-0.9795855317304605,3499,False,False,0.13118607700560259,0.8550162683414592,True,20.853744075829386,0.22748815165876776
S0033,,33,28.0,4,-0.5528283554293936,-0.3365001433922911,-0.6612537797172447,2591,False,False,0.19148408630349267,0.8571148466291075,True,20.723700254022017,0.222692633361558
S0034,,33,17.0,5,-0.8959144348968697,-2.604885274706665,-0.9086389491917529,985,False,False,0.03503635713434259,0.9704458125591516,True,20.74568788501027,0.21971252566735114
S0035,,96,12.0,5,-0.8428213395030587,-1.6468727007386874,-0.8446895466909766,2738,False,False,0.0691095482179044,0.806867850752028,True,20.72605150214592,0.2206008583690987
S0036,,17,14.0,5,-0.9769236090230464,-2.106024634872135,-0.9810156192048965,2330,False,False,0.12317558707831684,0.9070304588641137,True,20.61164705882353,0.2196078431372549
S0037,,52,16.0,4,-0.9227284001067475,-2.7252909048204366,-0.9261091739942312,10468,False,False,0.45373226844677556,0.872164486781087,True,20.616587301587302,0.21626984126984128
S0038,,33,8.0,8,-0.996733566512865,-3.8172697289829545,-0.9967420206114092,2790,False,False,0.06595303373465253,0.7798752295724276,True,20.545882352941177,0.2193419740777667
S0039,,17,14.0,5,-0.7588976949506053,-0.8622885323956772,-0.7784056866487792,2716,False,False,0.13899630468470617,0.8784395836571544,True,20.58317808219178,0.2191780821917808
S0040,,91,16.0,8,-0.9965313766028425,-3.805448809407814,-0.9965403540040745,2897,False,False,0.07187030635355823,0.7636660085995421,True,20.59091965150048,0.21878025169409487
S0041,,49,11.0,4,-0.8159819429868567,-3.6045982451760468,-0.819884166042296,7200,False,False,0.18309214447490763,0.6646149508341735,True,20.605524625267666,0.21092077087794434
S0042,,33,18.0,5,-0.5911167490819618,-2.0272787872401103,-0.6604576193379814,7449,False,False,0.37596376206937654,0.9642095733862931,True,20.62911140583554,0.21618037135278514
S0043,,48,12.0,5,-0.9446896192397919,-4.8004375321929205,-0.9480350620931687,10468,False,False,0.25770890451782097,0.6834959422769301,True,20.616587301587302,0.21626984126984128
S0044,,33,19.0,9,-0.906376804410671,-3.480664451733531,-0.9091465361959709,5376,False,False,0.20827750625819524,0.7825078550846643,True,20.671247401247403,0.218988218988219
S0045,,33,30.0,2,-0.2902787695869574,0.033383088946162605,-0.6339488944772527,1293,False,False,0.19404458219096435,0.9068743654685537,True,20.587071509648126,0.21793416572077184
S0046,,33,29.0,2,-0.6416150936850435,-0.5138164829853176,-0.6939937250769863,3457,False,False,0.5008368101084754,1.039030514141111,True,20.62346256684492,0.21657754010695188
S0047,,46,10.0,4,-0.8015401410062127,-2.9882505564003843,-0.8016710212408856,1739,False,False,0.033176779115508405,0.7903762096416656,True,20.232159559834937,0.18982118294360384
S0048,,33,27.0,5,-0.9717977467104197,-1.648042542822383,-0.97553714630807,4967,False,False,0.5800739063058767,1.0155313166604931,True,20.622600926538716,0.21641297154202516
S0049,,33,16.0,2,-0.8776498003376075,-1.6689918641831625,-0.8887207545108726,5253,False,False,0.23001072833472405,0.8209549083611057,True,20.59594505494505,0.20659340659340658
S0050,,33,28.0,8,-0.824807985719667,-1.982511222965619,-0.832434579203561,3191,False,False,0.46399809274049353,1.0194247226141708,True,20.641925170068024,0.21768707482993196
S0051,,17,8.0,6,-0.8773171437212132,-3.027491053535341,-0.8797673516260109,3062,False,False,0.0477768506377399,0.9299498549990125,True,20.568266405484817,0.21645445641527913
S0052,,17,8.0,7,-0.9896092534693101,-4.305217388995237,-0.989734116049204,5502,False,False,0.09474311598521874,0.7907128218359869,True,20.615980042765504,0.21525302922309336
S0053,,64,13.0,6,-0.8116729176305737,-1.6780567748796387,-0.8239585854029629,4852,False,False,0.15714864703778758,1.0280828753193025,True,20.601109616677874,0.21519838601210492
S0054,,49,9.0,7,-0.9406787996138817,-4.091352487177596,-0.9418250054870216,7280,False,False,0.1525330790320658,0.6407399730891695,True,20.541848574237953,0.21730580137659783
S0055,,46,15.0,4,-0.9001430446778339,-1.3741260307392402,-0.9060162767766111,3785,False,False,0.15274764572654667,0.8106162042669248,True,20.810864321608037,0.2201005025125628
S0056,,33,28.0,7,-0.961936054625097,-1.3071587034913918,-0.9671865790448719,1688,False,False,0.20252235069734176,1.0716829985290037,True,20.845945454545454,0.22727272727272727
S0057,,29,6.0,6,-0.8677282461589433,-3.0263456116186043,-0.8705190184312577,3789,False,False,0.03678149958278698,0.9223990587940699,True,20.935242165242162,0.22792022792022792
S0058,,33,13.0,2,-0.7960979339424746,-1.8047774434903554,-0.8057858421062783,8301,False,False,0.2854833710811777,1.0962834103940466,True,20.615917553191487,0.2160904255319149
S0059,,33,27.0,6,-0.9407047246316531,-1.9867948729661054,-0.9435129367925613,4064,False,False,0.4381165812373346,0.9365642500941319,True,20.55,0.21506849315068494
S0060,,98,12.0,7,-0.9638856170975274,-3.029613138143554,-0.964012226585674,4571,False,False,0.060002384074383124,0.8230211767380731,True,20.865604203152362,0.22942206654991243
S0061,,164,10.0,9,-0.9905391529601895,-3.56135494937268,-0.9917261851504893,2768,False,False,0.06410776016211706,1.0469364048273506,True,20.998782112274025,0.23501427212178877
S0062,,48,14.0,4,-0.9328503780699449,-3.2672151524445456,-0.9361634373062601,10468,False,False,0.36751937060436285,0.8107472201024503,True,20.616587301587302,0.21626984126984128
S0063,,91,11.0,9,-0.979325618916839,-3.731993792494988,-0.9793657765737988,2776,False,False,0.06738347836452498,0.7773956519847185,True,20.67019114688129,0.22334004024144868
S0064,,33,26.0,6,-0.6830200256360006,-0.789993135864154,-0.6970234809731033,2709,False,False,0.26241506735010134,0.8719830829476661,True,20.6867649281935,0.21919879062736206
S0065,,17,13.0,7,-0.755925980037279,-1.116474229428917,-0.7777471546665842,1988,False,False,0.09936345213970676,0.7743736905956615,True,20.407632398753897,0.20041536863966772
S0066,,33,27.0,7,-0.8907623568267818,-1.314541481077598,-0.9011622007958869,1144,False,False,0.10381690308737633,1.0915662918969036,True,20.579124423963133,0.22119815668202766
S0067,,94,10.0,6,-0.8051914837456154,-2.8394684352864195,-0.8132676508934514,1859,False,False,0.038154726427464536,0.6294477986213765,True,20.614874141876427,0.2116704805491991
S0068,,17,14.0,5,-0.8317364273655407,-1.8636979974281465,-0.8352669491198447,1267,False,False,0.0805864822982477,0.80208310382919,True,20.61618008185539,0.22237380627557982
S0069,,33,24.0,6,-0.9020599714402082,-2.031839966481594,-0.9069591105418094,1914,False,False,0.11214685898200023,0.7186877013159867,True,20.34844311377245,0.20958083832335328
S0070,,33,20.0,5,-0.9135242296897177,-2.4180586344026644,-0.9156108178264626,1178,False,False,0.03747764930265824,0.6864397077794924,True,20.658982725527835,0.23032629558541268
S0071,,56,10.0,7,-0.6923272916195388,-2.252243222172116,-0.6988767761261236,2545,False,False,0.05934437954464179,0.7676838857339436,True,20.561355275895448,0.2110358180058083
S0072,,33,24.0,7,-0.767058494413337,-1.5199426707565147,-0.773864088579747,3283,False,False,0.22899034449874836,0.8055929898805546,True,20.599383886255925,0.21642969984202212
S0073,,17,14.0,5,-0.8165505323893316,-1.7276438563534362,-0.8242393093343673,1747,False,False,0.0949338419358684,0.8018285700186553,True,20.410036855036857,0.2113022113022113
S0074,,17,15.0,2,-0.9326047650555815,-1.884078027161735,-0.9378910639911703,1729,False,False,0.13131958517105732,1.2239551845532786,True,20.543440082644633,0.21487603305785125
S0075,,33,27.0,4,-0.7692703288966819,-1.8628362865390113,-0.7767495922537762,4957,False,False,0.25104780069138155,0.9808392672199852,True,20.645297783933515,0.21745152354570638
S0076,,50,14.0,6,-0.7112589839620895,-1.523180575483177,-0.7323235256346065,3785,False,False,0.12965550125163905,0.8598433015036634,True,20.839421319796955,0.22233502538071065
S0077,,67,17.0,6,-0.7958820557812984,-2.0296542864921907,-0.7965304091447427,1767,False,False,0.06059840267016331,0.7567875222390256,True,19.982955367913146,0.19300361881785283
S0078,,17,9.0,7,-0.7491714968314356,-2.85606472600437,-0.7581113365409602,3934,False,False,0.08954583383001549,0.785823738765071,True,20.790789473684214,0.21929824561403508
S0079,,17,13.0,7,-0.7458837707194039,-2.1800957615439724,-0.7596979524212105,2317,False,False,0.10518536178328763,0.7659784259041731,True,20.670283224400873,0.2222222222222222
S0080,,33,22.0,6,-0.8363294582940561,-2.3018963002424324,-0.8423777899137588,4963,False,False,0.3265895815949458,0.9586108583446505,True,20.6536,0.218
S0081,,68,9.0,6,-0.8572463800887786,-4.58018227280165,-0.8607721222022338,5670,False,False,0.08263678626773155,0.7623778692717919,True,20.698285504047096,0.21707137601177337
S0082,,33,28.0,4,-0.6558673910926185,-2.3114175424952013,-0.6597001125961899,296,False,False,0.02645845750387412,1.2052687548266623,True,20.71091324200913,0.2374429223744292
S0083,,119,9.0,5,-0.5106036273387509,-5.370563144000849,-0.5124073055958202,2396,False,False,0.04699010609131005,0.6030330866670541,True,20.57025492468134,0.21784472769409038
S0084,,33,27.0,8,-0.3668348276208139,-0.694754382531425,-0.39442983304335955,912,False,False,0.13654547621885804,0.8948966057062603,True,20.50389337641357,0.20032310177705978
S0085,,33,27.0,5,-0.6104172490644537,-0.57934428118804,-0.6551846744422352,1783,False,False,0.2583001549648349,0.893521942402868,True,20.58878597122302,0.22032374100719423
S0086,,27,7.0,7,-0.7615633583136364,-2.5483764231622015,-0.7700120565362856,3499,False,False,0.06289188222672547,0.81469905845713,True,20.868585271317826,0.22771317829457363
S0087,,32,11.0,6,-0.7843963625061858,-2.4906456609754897,-0.7948816505646594,3499,False,False,0.07731553224460604,0.7064459158983551,True,20.903025125628144,0.22914572864321608
S0088,,17,14.0,5,0.003636886074656731,0.0955605206291502,-0.30224291246791063,1187,False,False,0.06412683275718202,1.0026646357241342,True,20.643978494623656,0.22401433691756273
S0089,,17,14.0,5,-0.8176726676252678,-1.355320480305513,-0.828567395781959,969,False,False,0.055591846465609725,0.8219436296776365,True,20.628132075471697,0.2169811320754717
S0090,,33,24.0,5,-0.43556703912684613,-0.6219417561531715,-0.45076089041490575,313,False,False,0.011791631898915246,0.9497657749636728,True,20.832500000000003,0.22727272727272727
S0091,,33,27.0,6,-0.28959659880008126,-0.22192609736130112,-0.36807052621284625,2633,False,False,0.2546000715222315,0.8170904350197242,True,20.684460317460317,0.21746031746031746
S0092,,58,10.0,6,-0.7861082991360855,-3.442776569265595,-0.7879279475383967,1914,False,False,0.031503158898557634,0.5967350556025078,True,20.59425352112676,0.21830985915492956
S0093,,17,15.0,7,-0.6719561586676923,-1.3992818002290714,-0.6982622822275897,3137,False,False,0.20455835022052687,1.0521843920428258,True,20.799698608964448,0.22488408037094282
S0094,,33,29.0,4,-0.9456983843135733,-1.2956655284907577,-0.9494624716527972,3284,False,False,0.4383073071879843,0.9861298647876732,True,20.591203830369356,0.21545827633378933
S0095,,17,7.0,8,-0.8667991975827256,-2.934667254408829,-0.8671799776929966,4183,False,False,0.05197758970079867,0.9937055318269795,True,20.78028662420382,0.22452229299363058
S0096,,56,11.0,5,-0.6937466621873856,-2.3534713733821677,-0.6937466621873857,863,False,False,0.019387292883537965,0.6404544352841013,True,20.578749999999996,0.20833333333333334
S0097,,94,22.0,4,0.10500471397120026,0.2314666169585045,-0.1361643671254199,316,False,False,0.010098939086899511,0.8109026514300981,True,19.919526315789476,0.1736842105263158
S0098,,91,8.0,8,-0.8313200247764401,-3.2950544643185284,-0.8315385941956529,1842,False,False,0.04133031350578138,0.7780116701240015,True,20.45001526717557,0.20610687022900764
S0099,,113,18.0,5,-0.5675871994013182,-2.1170851848025087,-0.5689209153905167,928,False,False,0.03273334128024794,0.5885157491344843,True,20.39636203866432,0.21968365553602812
S0100,,33,24.0,5,-0.05270642551415261,-0.14875631544732862,-0.1428449757744,630,False,False,0.03669567290499463,0.7882132329676499,True,20.52874331550802,0.21122994652406418
S0101,,36,8.0,4,-0.3810690234242712,-1.9461338892314917,-0.3864366889017655,2055,False,False,0.031608058171414946,0.9261762192953311,True,20.667136986301372,0.2219178082191781
S0102,,17,14.0,7,-0.3950730343437755,-1.0769670377948368,-0.4240672494534517,1560,False,False,0.10976278459887949,0.893659096190861,True,20.611010362694298,0.22020725388601037
S0103,,46,11.0,6,-0.35049341175791826,-2.205695484702035,-0.35769675124869876,837,False,False,0.02018834187626654,0.6721227861724761,True,20.705626204238925,0.2254335260115607
S0104,,33,27.0,2,-0.11236600506692485,-0.21281748697203234,-0.18048314890244754,1841,False,False,0.15095482179043987,0.8026218402678886,True,20.56798905608755,0.20383036935704515
S0105,,17,15.0,5,0.09997336856167482,0.2682760597755465,-0.20955566159148398,142,False,False,0.010833233996900704,0.7453728474099461,True,18.704408602150536,0.12903225806451613
S0106,,17,15.0,5,-0.07447831055607679,-0.00040183776103364403,-0.44896160772226396,356,False,False,0.02715937537251162,1.6677452797123467,True,20.521747211895914,0.21189591078066913
S0107,,33,8.0,5,-0.40584516538651916,-4.530261222102547,-0.4084624998680623,1859,False,False,0.033586839909405176,0.6219132750947387,True,20.6201267281106,0.2119815668202765
S0108,,91,15.0,9,-0.8012368532079716,-3.6049677871419434,-0.8013657117462584,2897,False,False,0.07187030635355823,0.7636660085995421,True,20.59091965150048,0.21878025169409487
S0109,,33,23.0,8,-0.29229440471929036,-0.560975501656169,-0.30945162217372496,1738,False,False,0.08498748360948861,0.74150299615472,True,20.512871287128714,0.21012101210121012
S0110,,119,11.0,7,-0.5831649086551048,-3.0457705158659936,-0.586298526438326,1267,False,False,0.030997735129336037,0.683230654836706,True,20.38148936170213,0.2066869300911854
S0111,,127,18.0,6,-0.7072501908496842,-2.7665592870325226,-0.7120796781904302,2455,False,False,0.0756228394325903,0.6701644274357624,True,20.629684030742954,0.2143467122117848
S0112,,94,12.0,4,-0.3668671291344804,-2.9758770336105167,-0.36923091987786527,1859,False,False,0.04591250447013947,0.7770749315149152,True,20.631187363834425,0.21241830065359477
S0113,,17,15.0,5,-0.14926143215797305,-0.1517808187399904,-0.21547550221762635,1579,False,False,0.11845511979973775,0.9413013771554851,True,20.700768229166666,0.22005208333333334
S0114,,17,14.0,6,0.06400258412779936,0.23779855509368533,-0.07137079703858257,220,False,False,0.012063416378591011,0.7912773951388913,True,19.9390780141844,0.19148936170212766
S0115,,33,28.0,5,1.0665024747768328,0.570662098057788,-0.3471976966753008,882,False,False,0.13414709738943856,0.9444878190728991,True,20.589902439024392,0.21788617886178863
S0116,,33,29.0,5,-0.6600401573353585,-0.40900917856900304,-0.7053868504340354,2369,False,False,0.3562903802598641,1.1006028070195548,True,20.642141823444284,0.21924746743849494
S0117,,44,9.0,4,0.019409619989325,0.08446683880930547,-0.10758348335956715,834,False,False,0.011691500774824174,0.7540594945379716,True,20.430024271844662,0.20388349514563106
S0118,,33,28.0,4,0.36990499515164066,0.4232422993847327,-0.2507978791065563,1181,False,False,0.08894504708546906,0.8664668195187997,True,20.73547385620915,0.22058823529411764
S0119,,33,27.0,6,-0.29930465850064725,-1.104639666496514,-0.3219576847866378,386,False,False,0.0459506496602694,1.3237352092367647,True,20.365192307692308,0.20833333333333334
S0120,,33,22.0,6,-0.014360350747936512,-0.0781985966738506,-0.06283312149678295,1504,False,False,0.06474192394802718,0.719504532808886,True,20.73443622920518,0.22920517560073936
S0121,,50,8.0,6,-0.7050736008904128,-2.7868664466621995,-0.7058567469963712,3137,False,False,0.042260102515198475,0.9238529728892352,True,20.69266596417281,0.21812434141201265
S0122,,69,16.0,6,-0.14704406190918073,-1.1948195872133023,-0.1530639030620474,1561,False,False,0.025619263321015617,0.7712463329690853,True,21.08683297180043,0.24295010845986983
S0123,,65,31.0,5,-0.058500812949576875,-0.2721293008993332,-0.12357343668200153,319,False,False,0.012764334247228514,0.5375443466977703,True,20.177052023121387,0.1907514450867052
S0124,,52,11.0,6,-0.5609332460212005,-1.7275867879279896,-0.5775356027762802,916,False,False,0.02161401835737275,0.7821378815292049,True,20.737017208413,0.2198852772466539
S0125,,33,30.0,2,0.14807296474933285,0.29022653414227534,-0.1643227101021064,1134,False,False,0.16718083204195971,0.9422031849051784,True,20.612372881355927,0.207909604519774
S0126,,33,28.0,4,-0.6407713193123006,-1.689904293881273,-0.6541781711795777,2509,False,False,0.21001311240910717,0.8367295120075514,True,20.56169921875,0.2177734375
S0127,,17,13.0,8,-0.17870461019408956,-0.35246110430945493,-0.2552625202170267,389,False,False,0.019878412206460843,1.4867038157547139,True,20.566201550387596,0.20930232558139536
S0128,,17,14.0,5,-0.008421846281751244,-0.06323183948638561,-0.03426700487749453,42,False,False,0.0026034092263678625,0.7210886951311738,True,20.30071428571429,0.21428571428571427
S0129,,34,20.0,5,0.008397501011242925,0.13994290687818456,-0.026380444209950987,65,False,False,0.0018262009774704972,0.9557157853212983,True,20.319499999999998,0.25
S0130,,94,27.0,4,0.0019752489735924694,0.02804670249879157,-0.05651368704319987,145,False,False,0.004458219096435808,0.9243774744162148,True,20.465212765957446,0.2127659574468085
S0131,,33,29.0,2,0.3290196129038032,0.33026158903655545,-0.22293826439201544,378,False,False,0.054256764811062105,0.9093860085193152,True,20.187333333333335,0.19649122807017544
S0132,,89,38.0,6,-0.06008714900510692,-0.7866923969983075,-0.06260794949968762,74,False,False,0.004510668732864465,0.6961475812560632,True,19.9837037037037,0.2222222222222222
S0133,,34,20.0,5,-0.011244904874801231,-0.22329129450943808,-0.027754331769683862,66,False,False,0.0017832876385743236,0.9488521579524898,True,19.855263157894733,0.23684210526315788
S0134,,17,13.0,6,-0.17834565784571788,-0.7513051429624082,-0.19761746353724566,399,False,False,0.016164024317558708,0.571628822072023,True,20.378953974895396,0.19665271966527198
S0135,,28,15.0,6,-0.09709930632017527,-0.5602776374034666,-0.16913621936483067,81,False,False,0.0007390630587674335,0.5366713174841433,True,19.72740740740741,0.2222222222222222
S0136,,17,15.0,5,-0.017758732326551452,-0.21859307732500402,-0.05112218642263999,96,False,False,0.006055548933126714,0.7291382831206082,True,19.820140845070423,0.19718309859154928
S0137,,33,28.0,5,0.12050459196524965,0.35349102540646987,-0.09710835532488456,62,False,False,0.005650256287996185,1.0558033233726594,True,19.6074,0.24
S0138,,25,8.0,6,-0.033168629234772595,-0.5861124711869317,-0.047572867808343786,143,False,False,0.001449517224937418,0.7064278666951302,True,18.648666666666667,0.13333333333333333
S0139,,17,15.0,6,-0.13164328447721596,-0.2579004894478171,-0.2811314752869508,375,False,False,0.027645726546668255,1.6790239515891292,True,20.78869718309859,0.24295774647887325
S0140,,66,25.0,6,-0.044970875462872595,-0.2585574682416885,-0.06587341475233204,150,False,False,0.005216354750268208,1.0421997077576868,True,21.001368421052632,0.23157894736842105
S0141,,33,28.0,7,0.005723403392300597,0.05481656613673243,-0.3248666441452204,144,False,False,0.019673381809512457,0.789601431657446,True,20.29134328358209,0.21641791044776118
S0142,,33,29.0,6,-0.3360851451850171,-0.5789324677518487,-0.40870771172838866,346,False,False,0.05173918226248659,1.5293128727831078,True,20.782939393939394,0.24545454545454545
S0143,,37,22.0,4,-0.02777368379322287,-0.16363920908365953,-0.09118007914673881,66,False,False,0.0015687209440934558,0.6564224959246843,True,20.316296296296294,0.2962962962962963
S0144,,75,35.0,6,-0.022389390275521004,-0.31925927654215636,-0.028855474299604722,143,False,False,0.002765526284420074,0.5238536807065746,True,19.14034482758621,0.1724137931034483
S0145,,94,28.0,6,-0.07881679101039829,-0.33546391996877784,-0.14592672189384076,146,False,False,0.004052926451305281,0.920361037837173,True,20.489418604651163,0.22093023255813954
S0146,,57,29.0,7,0.006338329754985272,0.09312417944261955,-0.02577958226564646,95,False,False,0.002832280367147455,0.5321041355145917,True,19.303728813559324,0.1864406779661017
S0147,,33,28.0,6,-0.0024870602370942185,0.027159612844067853,-0.22487293722386623,108,False,False,0.010814161401835738,0.8233926522067205,True,20.2716091954023,0.21839080459770116
S0148,,87,18.0,6,-0.14827436125193016,-0.4905693776214007,-0.19711375695952313,803,False,False,0.02589104780069138,0.7877138134701729,True,20.76448347107438,0.23140495867768596
S0149,,68,30.0,6,-0.2365976403544804,-1.9251209722607818,-0.23750749448451683,167,False,False,0.007776850637739897,0.5576617668266165,True,19.998703703703704,0.2037037037037037
S0150,,17,13.0,5,0.022735996563731264,0.1767684322620655,-0.07745779246075268,146,False,False,0.004739539873644057,0.6160509160864753,True,21.114050632911397,0.24050632911392406
S0151,,65,31.0,5,0.05871598105214915,0.21209383486805974,-0.1175472649955144,81,False,False,0.005140064370008344,0.6222330760905248,True,19.229375,0.16666666666666666
S0152,,32,11.0,5,-0.02992027843661238,-0.22202623257110754,-0.07313288766582049,146,False,False,0.0018262009774704972,1.2110142822693861,True,20.49180722891566,0.21686746987951808
S0153,,33,28.0,4,1.1624412280412062,0.7396551359217381,-0.22060132397931256,939,False,False,0.09085230659196566,0.8757450407606163,True,20.704633273703042,0.22540250447227192
S0154,,13,5.0,5,-0.0088818734064946,-0.14201007825478595,-0.030433224993962768,78,False,False,0.0007009178686375015,1.3798501046017222,True,19.510681818181812,0.20454545454545456
S0155,,51,28.0,5,-0.022637715505892997,-0.09709088615235316,-0.11490237901079772,62,False,False,0.0034473715579926094,0.7085572824088099,True,19.044883720930233,0.20930232558139536
S0156,,17,13.0,5,0.17727810004419653,0.5182447275160056,-0.18150221605537667,146,False,False,0.004415305757539636,0.6011753544508647,True,21.042624999999997,0.2375
S0157,,33,27.0,6,0.020933306460953816,0.10989813619464553,-0.3430738239780035,1388,False,False,0.13001311240910715,0.853988621032723,True,20.507065351418003,0.21948212083847102
S0158,,82,25.0,5,-0.017674209586144074,-0.24022396223313464,-0.02787187376226302,143,False,False,0.003442603409226368,0.6466115244817392,True,18.796612903225803,0.14516129032258066
S0159,,53,25.0,5,-0.01354102197439766,-0.29159672576162676,-0.02543291432910568,80,False,False,0.0018929550601978781,0.6282897967599215,True,19.94846153846154,0.23076923076923078
S0160,,139,24.0,7,-0.958697440760587,-1.2154324409222992,-0.9754924045182448,4354,False,False,0.25497198712599833,0.8320079133856416,True,20.616587301587302,0.21626984126984128
S0161,,77,19.0,5,-0.9889923392168896,-3.1102996508667156,-0.9896518046098733,4688,False,False,0.19518416974609606,0.8063731087201813,True,20.573920265780732,0.21528239202657806
S0162,,63,14.0,6,-0.9417918222857615,-3.7239716645971814,-0.9426226484838663,9979,False,False,0.35490284896888785,0.9016391482021653,True,20.616587301587302,0.21626984126984128
S0163,,66,22.0,6,-0.9991513932484338,-2.4752486160203095,-0.9992382181715979,7039,False,False,0.46724043390153774,0.905669224054446,True,20.616587301587302,0.21626984126984128
S0164,,80,17.0,6,-0.9843226319111817,-5.182033384852632,-0.98504061250963,5409,False,False,0.22050780784360471,0.8039791069872815,True,20.61147584381205,0.2157511581733951
S0165,,71,18.0,5,-0.9974741317550149,-2.5922750867097335,-0.9976303305237968,6562,False,False,0.31349624508284657,0.818679857126318,True,20.616203319502073,0.2157676348547718
S0166,,65,49.0,6,-0.9976411206027003,-2.086429115811757,-0.9979471648924921,4965,False,False,0.7527905590654428,0.9222971133411135,True,20.625076007931263,0.21678783873099802
S0167,,158,37.0,5,-0.9957785028510231,-1.9702575299034977,-0.9964343533133536,4300,False,False,0.3190749791393491,0.7343681501861768,True,20.616099930603745,0.21651630811936157
S0168,,129,31.0,8,-0.9983922075524377,-2.3979465158106437,-0.9986783749055007,4428,True,False,0.353286446537132,0.8958652934020152,False,20.625076007931263,0.21678783873099802
S0169,,129,44.0,5,-0.9809822103689508,-2.358828485447487,-0.9813540559625976,3582,False,False,0.283928954583383,0.7121646061415642,True,20.620956790123458,0.21296296296296297
S0170,,129,50.0,6,-0.9845109429967657,-0.8325113217193422,-0.9888180300685477,3341,False,False,0.5189080939325307,0.9660075952241561,True,20.650752182672935,0.2182672934855608
S0171,,141,13.0,6,-0.9981075602315141,-3.080734131441893,-0.9982462208584484,5361,True,False,0.16464417689831923,0.9137003658761322,False,20.65290300546448,0.2185792349726776
S0172,,62,16.0,6,-0.9579239062383389,-1.5469304869454892,-0.960295480630026,7454,False,False,0.3589176302300632,0.9581791974816897,True,20.62911140583554,0.21618037135278514
S0173,,126,51.0,6,-0.7875285571859961,-3.769566747725134,-0.7974306464395762,4359,False,False,0.14940040529264514,0.7672349746143025,True,20.616587301587302,0.21626984126984128
S0174,,98,15.0,4,-0.9970522423924353,-2.6447180645753647,-0.9970727886454667,4549,True,False,0.06872332816783884,0.8109614130129709,False,20.8724192139738,0.22969432314410482
S0175,,150,69.0,6,-0.9098293402293177,-1.6049014451944768,-0.9180310176572248,1635,False,False,0.07986649183454524,0.9841814809382734,True,20.52322528363047,0.21474878444084278
S0176,,143,68.0,3,-0.9482110030246579,-2.2723606294959264,-0.9501924158514355,3989,False,False,0.1170246751698653,0.8060143535182818,True,20.498438113948918,0.21414538310412573
S0177,,65,57.0,2,-0.9977841199222243,-1.9577546929257081,-0.9979086006758205,2319,False,False,0.588589820002384,0.9993659795147691,True,20.612902571041946,0.2165087956698241
S0178,,65,20.0,8,-0.9781879822072692,-3.7993733052389254,-0.9792229222871349,4125,False,False,0.09524853975444034,0.7770467633953051,True,20.890568454763812,0.22978382706164932
S0179,,129,66.0,5,-0.9853163383277477,-1.690423473436963,-0.9862923087729151,3170,False,False,0.5895434497556323,0.8838875463686049,True,20.5854160887656,0.21636615811373092
S0180,,139,36.0,5,-0.8871400049962278,-2.69116153724261,-0.9086628555652981,4026,False,False,0.13655024436762428,0.8848591648494518,True,20.671299319727893,0.21904761904761905
S0181,,139,23.0,6,-0.9715898782634336,-3.644328628327293,-0.9731735675878957,4358,False,False,0.115794492788175,0.6366178956862197,True,20.618042895442358,0.21447721179624665
S0182,,130,17.0,8,-0.9898633621836098,-4.044293536956415,-0.9903201190990125,3291,False,False,0.09849088091548457,0.8884924723911463,True,20.91783940397351,0.23096026490066227
S0183,,67,22.0,5,-0.9969303603727813,-1.9408122146145546,-0.997520179177355,5089,False,False,0.34956729049946356,0.9347951359621681,True,20.616587301587302,0.21626984126984128
S0184,,65,51.0,2,-0.8261772932788027,-0.17946165080632204,-0.9637507244443575,2855,False,False,0.4955107879365836,1.0285444193878426,True,20.6052897574124,0.21630727762803234
S0185,,126,56.0,6,-0.9127128011770382,-3.065760512891322,-0.9150329935517382,4359,False,False,0.11357253546310644,0.7982476776117065,True,20.616587301587302,0.21626984126984128
S0186,,129,69.0,4,-0.9539785566449538,-0.7147355439037544,-0.9627134444252622,3258,False,False,0.3627559899868876,0.8295988947089437,True,20.62390056022409,0.21498599439775912
S0187,,164,33.0,3,-0.9952075661299274,-2.22496340740316,-0.9958760382367214,7859,False,False,0.5584074383120753,0.897178828955197,True,20.622600926538716,0.21641297154202516
S0188,,142,41.0,5,-0.9394389883268504,-1.7483887226746746,-0.9533487655114734,4227,False,False,0.1475122183812135,0.9631630890630503,True,20.61139813581891,0.21571238348868177
S0189,,71,18.0,6,-0.9920823835472469,-2.393638924778107,-0.9924199740170647,6562,False,False,0.31614733579687687,0.844472196779622,True,20.616203319502073,0.2157676348547718
S0190,,150,23.0,6,-0.9863294237456933,-2.233303299871314,-0.9867851667835844,4489,False,False,0.24621289784241268,0.8719838357039098,True,20.49899625468165,0.2104868913857678
S0191,,84,24.0,3,-0.9745225462569346,-2.486814856820181,-0.9766048228759172,3136,False,False,0.16056740970318273,0.747476129903572,True,20.669847715736044,0.21573604060913706
S0192,,129,84.0,5,-0.7310890983550433,-0.4523020000710521,-0.7888649649934726,2104,False,False,0.438045059005841,0.8577438652047046,True,20.654254826254828,0.22007722007722008
S0193,,158,40.0,5,-0.950594576013346,-1.1060024491696185,-0.9588692222385945,3055,False,False,0.35694838478960544,0.809064126222981,True,20.651445366528357,0.21853388658367912
S0194,,65,20.0,7,-0.9445497844271749,-2.1880770972021732,-0.9470189314716885,8150,False,False,0.47234712123018235,0.8631306667461488,True,20.616587301587302,0.21626984126984128
S0195,,129,16.0,6,-0.7438499676554569,-4.912150597830963,-0.7458891618670452,3197,False,False,0.08599356299916558,0.6880866833446619,True,20.682603495860167,0.21435142594296228
S0196,,145,61.0,5,-0.7115863455896619,-1.1204125618478065,-0.7506430466924476,2179,False,False,0.11198951007271427,0.8584278440721297,True,20.616587301587302,0.21626984126984128
S0197,,152,36.0,5,-0.7737767757117893,-0.8495667493580636,-0.7861675163360342,2545,False,False,0.17776612230301586,0.7442095282739838,True,20.6253825136612,0.21402550091074682
S0198,,129,64.0,6,-0.9963793049557984,-1.5566682985521065,-0.9971634486824037,2790,False,False,0.5249254976755274,0.9369538222659543,True,20.63936742934051,0.21668909825033647
S0199,,54,16.0,5,-0.9272293533800944,-2.714268929866367,-0.9315107672717678,2067,False,False,0.05249731791631899,0.639291909292718,True,20.738752665245205,0.21002132196162046
S0200,,65,40.0,5,-0.7039175154855419,-0.6644879605778606,-0.7537669507029924,2174,False,False,0.248430087018715,0.7546594133274305,True,20.717775590551184,0.21751968503937008
S0201,,174,30.0,4,-0.9427425142180681,-3.050759045364237,-0.9438410126467196,7715,False,False,0.46393133865776615,0.7969921189070983,True,20.625387160820647,0.21641297154202516
S0202,,184,38.0,7,-0.8241704067196663,-3.1138912435092028,-0.8338172744949176,2179,False,False,0.11578018834187627,0.669056302662158,True,20.721576246334312,0.22287390029325513
S0203,,65,42.0,8,-0.8647708496978277,-1.5327924357001699,-0.869119652762902,2505,False,False,0.2390463702467517,0.7952926032508132,True,20.561431049436255,0.2168256721595837
S0204,,130,20.0,9,-0.985368566654151,-3.5811399691867196,-0.9868664608734845,3580,False,False,0.09452854929073787,0.8027487666732291,True,20.89423645320197,0.23070607553366174
S0205,,158,17.0,6,-0.9840831721966145,-2.661976072810471,-0.9844673918816896,4370,False,False,0.16455835022052687,0.8378700055043585,True,20.612635277582573,0.2157413914265636
S0206,,65,32.0,11,-0.9073966219557764,-2.0245235101736894,-0.9264865326793136,3108,False,False,0.209259744904041,0.8421027676682891,True,20.840797498045347,0.22673964034401878
S0207,,149,47.0,5,-0.9289927991694653,-1.921445352525987,-0.9380182238086879,1841,False,False,0.06029324114912385,0.8675944247330523,True,20.619889543446245,0.21723122238586157
S0208,,65,54.0,9,-0.7899062845399113,-0.830435122579206,-0.8607936325069191,2768,False,False,0.5295458338300155,0.9514484773331716,True,20.789274946159367,0.22254127781765973
S0209,,143,15.0,8,-0.860109191664806,-2.40443599629484,-0.8641731396067005,6535,False,False,0.22433663130289666,0.8470158361265369,True,20.616587301587302,0.21626984126984128
S0210,,111,37.0,5,-0.7959298519583482,-1.2666960351808643,-0.8035785476444048,3934,False,False,0.3526475146024556,0.78847961882389,True,20.719432132963988,0.2195290858725762
S0211,,102,32.0,3,-0.8240974090456064,-1.9107848418289786,-0.8381268652559009,2849,False,False,0.1975062581952557,0.9338122525830593,True,20.625076007931263,0.21678783873099802
S0212,,129,101.0,6,-0.6441120363449891,-0.25501040764887783,-0.844912901250069,903,False,False,0.3206866134223388,0.8309667153835892,True,20.742400857449088,0.2240085744908896
S0213,,71,14.0,7,-0.906853401702405,-3.5652510912674096,-0.9107420283395237,8515,False,False,0.2657003218500417,0.7263669977117015,True,20.616587301587302,0.21626984126984128
S0214,,143,17.0,7,-0.9244112075158706,-4.337863091721946,-0.9257427187986175,6535,False,False,0.1613922994397425,0.7457591814954192,True,20.622031767041694,0.21641297154202516
S0215,,184,67.0,6,-0.8735350249560201,-1.9470681098327145,-0.8816678509541431,2179,False,False,0.04450590058409822,0.9665172850997608,True,20.69224517906336,0.2196969696969697
S0216,,66,19.0,4,-0.9615937657288816,-3.262809448901766,-0.9640258831385802,9791,False,False,0.5309285969722255,0.8479699606210178,True,20.616587301587302,0.21626984126984128
S0217,,126,82.0,3,-0.6964819985842832,-0.9441980561317422,-0.7374958800350694,2180,False,False,0.08976040052449637,0.888411921436044,True,20.616587301587302,0.21626984126984128
S0218,,149,43.0,4,-0.8847310633085073,-1.1990684537043421,-0.8945746543316763,1744,False,False,0.10388842531886995,0.7825893033620442,True,20.70062262718299,0.21943811693242218
S0219,,126,32.0,7,-0.7109200675804402,-2.603594187823528,-0.7329363658895643,4359,False,False,0.16744784837286925,0.8731483424017847,True,20.616587301587302,0.21626984126984128
S0220,,148,49.0,7,-0.7681362322630835,-2.9660006984130933,-0.7747783136895378,3103,False,False,0.16245082846584813,0.8815804889767449,True,20.616587301587302,0.21626984126984128
S0221,,65,36.0,4,-0.6490421613339594,-2.4593187448641673,-0.659276036972781,4675,False,False,0.45437596853021817,0.7882023032980665,True,20.60693297224103,0.2166553825321598
S0222,,129,107.0,5,4.764146320033509,1.1612279552384766,-0.40781073233753284,1413,False,False,0.3487137918703064,1.0552359642197076,True,20.65665526090676,0.21899059024807527
S0223,,145,24.0,7,-0.9265481540213912,-2.0570341665136733,-0.9417542435487061,2444,False,False,0.06870902372154011,0.6371740391419943,True,20.56820250284414,0.20591581342434584
S0224,,126,81.0,3,-0.815135577265609,-1.4103973760831423,-0.8261949297208923,2179,False,False,0.07393014662057457,0.9190475536684409,True,20.616587301587302,0.21626984126984128
S0225,,156,40.0,7,-0.6237924709505145,-1.7913732113497727,-0.6273850397742677,2039,False,False,0.10881392299439742,0.7250951675053943,True,20.56209503239741,0.21310295176385888
S0226,,158,18.0,4,-0.251058770651985,-0.38920243712044533,-0.3344096406645316,2178,False,False,0.06272976516867326,1.1805762160453046,True,20.770996948118007,0.22482197355035605
S0227,,126,26.0,6,-0.7942400073016623,-2.2773661483506573,-0.8016045021273068,1000,False,False,0.054519012993205385,0.6546541689361571,True,20.39974789915966,0.2134453781512605
S0228,,142,48.0,9,-0.6629858807543302,-0.7206954712946482,-0.7106882189089345,2162,False,False,0.07623793062343545,0.9728324894300439,True,20.61139813581891,0.21571238348868177
S0229,,129,16.0,6,-0.43878478910035124,-1.473120130885378,-0.45320753202819924,3067,False,False,0.08657527714864703,1.1331343769451743,True,20.71476612903226,0.22258064516129034
S0230,,169,16.0,7,-0.8657863652052578,-3.8669602455458896,-0.8681325748867876,1999,False,False,0.04930742639170342,0.6463478613486296,True,20.70155425219941,0.22140762463343108
S0231,,143,26.0,7,-0.7117700634623016,-1.7284017072725677,-0.7208166756318032,4359,False,False,0.15476934080343308,0.8452369529298192,True,20.616587301587302,0.21626984126984128
S0232,,65,52.0,5,-0.44053467337017715,-0.7464655217936713,-0.5287674361494813,2977,False,False,0.6835856478722137,0.9420148115104872,True,20.635623342175066,0.21684350132625996
S0233,,65,51.0,2,-0.051373935879752364,0.10604975994943597,-0.6371147860736334,2455,False,False,0.43012516390511385,0.8347041303007698,True,20.665280665280665,0.21621621621621623
S0234,,143,63.0,6,-0.8041145379805299,-2.010112277157238,-0.8248343291395178,1726,False,False,0.04051972821552032,0.8406559930040963,True,20.827629310344825,0.22413793103448276
S0235,,134,27.0,6,-0.8442822242926837,-1.3909203108745736,-0.8664424594074652,1599,False,False,0.10205268804386697,0.6907431601118988,True,20.728164251207726,0.213768115942029
S0236,,111,19.0,5,-0.5685892010803645,-4.605994703820359,-0.5685892010803645,3243,False,False,0.08940755751579449,0.7673486737128343,True,20.635971943887775,0.21710086840347362
S0237,,129,105.0,2,-0.6112042772333954,-0.6489163510188053,-0.6309720378659333,1066,False,False,0.4114054118488497,0.9085682265765485,True,20.373353500432152,0.2065687121866897
S0238,,65,52.0,6,-0.3877692337238495,-0.13850835923622176,-0.7050609023965333,1747,False,False,0.22649660269400404,0.7408149204356888,True,20.441197478991597,0.21218487394957983
S0239,,142,40.0,5,-0.5811698417266831,-0.4425659346339282,-0.5982294642641452,753,False,False,0.09350339730599595,0.7838310277202581,True,20.10554054054054,0.19256756756756757
S0240,,129,97.0,5,0.43923451288791937,0.3780245987439971,-0.78304527080453,1144,False,False,0.4621957325068542,0.8455081864804089,True,20.58409609120521,0.21905537459283386
S0241,,109,21.0,5,-0.5712463234972693,-3.204056596104791,-0.578288084794981,2782,False,False,0.08641792823936106,0.7455803986088433,True,20.652689655172416,0.21655172413793103
S0242,,129,103.0,6,-0.3879550436568323,-0.23359669508112732,-0.5177128667850307,1158,False,False,0.41548217904398616,0.8117424734059989,True,20.52474978050922,0.20719929762949957
S0243,,145,60.0,3,-0.5434545423231685,-1.7855887602156486,-0.5600600817065449,3470,False,False,0.1540255095958994,0.8130627834427874,True,20.590221238938053,0.206858407079646
S0244,,123,16.0,7,-0.7897935648747454,-2.435838562807193,-0.8067404300625445,1840,False,False,0.04677553939682918,0.6431171688598216,True,20.778104395604398,0.23076923076923078
S0245,,159,33.0,5,-0.7831462175728618,-1.6604705081621496,-0.8012945453524847,1766,False,False,0.0928883061151508,0.7286771529371053,True,20.610093167701866,0.21661490683229814
S0246,,242,33.0,5,-0.7045228390124512,-3.377942854535253,-0.7052669963648449,1642,False,False,0.10044582190964359,0.7174667828733279,True,20.63708229426434,0.2144638403990025
S0247,,145,28.0,7,-0.4905997396104569,-4.3563114047911915,-0.49564584838603093,2804,False,False,0.058977232089641195,0.648135748128803,True,20.74925250683683,0.22333637192342753
S0248,,126,42.0,8,-0.5785837271284611,-1.283911405351426,-0.6446046040290875,4355,False,False,0.10224818214328286,0.9242349928120833,True,20.616587301587302,0.21626984126984128
S0249,,153,20.0,7,-0.6881081288002596,-1.0669844006158395,-0.7053164200682911,1758,False,False,0.07947073548694719,0.887697112669843,True,20.671944024205747,0.2178517397881997
S0250,,148,43.0,6,-0.8732320204653526,-2.7956812483174622,-0.8746556945720048,1882,False,False,0.03711050184765765,0.6647167687125605,True,20.827694256756754,0.22719594594594594
S0251,,126,75.0,6,-0.5817413404108484,-1.3114714195882895,-0.5866383722521056,2179,False,False,0.060369531529383715,1.0030926933111968,True,20.616587301587302,0.21626984126984128
S0252,,257,72.0,5,-0.7460833153236183,-1.976743789749396,-0.7610767565211896,2455,False,False,0.1371748718560019,0.7758557120359867,True,20.636123778501627,0.21254071661237786
S0253,,145,17.0,8,-0.8291619344607073,-1.711527115186823,-0.8389856406596392,4356,False,False,0.18402193348432472,0.8022132206660816,True,20.61733289212442,0.21641297154202516
S0254,,129,97.0,5,0.0014556443785473938,0.21622456579480662,-0.7751194115921736,1914,True,False,0.3534104184050542,0.7872479042097484,False,20.606748633879782,0.2167577413479053
S0255,,145,26.0,4,-0.8839569735567515,-2.1641427647665865,-0.887137987046128,2749,False,False,0.10609131004887352,0.7398261660477078,True,20.385255402750495,0.20923379174852652
S0256,,185,34.0,9,-0.772037641733525,-2.4151757186077023,-0.783962442628773,1786,False,False,0.07314817022291095,0.6746873500354907,True,20.77111111111111,0.22359396433470508
S0257,,65,58.0,2,0.586069959870616,0.4411513144702259,-0.3683954786932753,293,False,False,0.08864465371319585,0.8658458499499494,True,19.987093750000003,0.19375
S0258,,65,28.0,10,-0.44683837403254933,-0.6075877801910436,-0.5180379233010094,1955,False,False,0.24681368458695913,0.8517760481637002,True,20.600831146106735,0.21872265966754156
S0259,,116,41.0,6,-0.08437033191710774,-0.1277618130274835,-0.2697538915440543,316,False,False,0.01923948027178448,0.6517658231913807,True,19.765027932960894,0.16759776536312848
S0260,,129,16.0,8,-0.6190029174910767,-2.45999154716327,-0.6320886441779493,1810,False,False,0.04731434020741447,0.593547435278419,True,20.71345407503234,0.22639068564036222
S0261,,65,50.0,5,-0.470253923692479,-1.1429572242219177,-0.49946050432475886,2067,False,False,0.3581737990225295,0.8702538083603052,True,20.646658767772514,0.21642969984202212
S0262,,129,105.0,5,-0.31739793445907627,-0.19556230991886903,-0.5743179704098099,764,False,False,0.33835260460126354,0.8646199644570169,True,20.43188900747065,0.20384204909284953
S0263,,65,34.0,6,-0.1618694237854712,-0.5101032592508997,-0.1943584995957114,1674,False,False,0.10893312671355346,0.7432751412454677,True,20.54032581453634,0.21804511278195488
S0264,,65,57.0,5,0.7435776959251361,0.532106385554647,-0.31391693592315917,1316,False,False,0.3760305161521039,0.893828826918345,True,20.597144075021312,0.21312872975277067
S0265,,144,22.0,4,-0.5656694651538987,-2.461623734548163,-0.5678059168084751,1213,False,False,0.046398855644296105,0.9688585633401328,True,20.603141361256544,0.225130890052356
S0266,,65,50.0,8,-0.3112253140069571,-0.24621061568116262,-0.5059216380214178,1740,False,False,0.29783764453450945,0.828888716018018,True,20.619412265758093,0.22061328790459966
S0267,,154,48.0,6,-0.2966443350262731,-0.23581549652175646,-0.4200738983108388,1407,False,False,0.12872571224222196,0.7435173686510479,True,20.48630242825607,0.2108167770419426
S0268,,66,18.0,4,-0.5970199150838688,-3.5674474532043883,-0.603917945332881,1747,False,False,0.048749552986053164,0.6113037711570342,True,20.49963015647226,0.21052631578947367
S0269,,129,67.0,6,-0.14382698666916893,-0.4032004185648222,-0.22827256393576092,1817,False,False,0.2756895935153177,0.8219206421801887,True,20.72073555166375,0.22416812609457093
S0270,,129,93.0,8,-0.7837148782396481,-0.45333040634813143,-0.8218021853415259,1833,False,False,0.7212540231255216,0.9834147143354556,True,20.637108594270487,0.2171885409726849
S0271,,97,30.0,5,-0.49188693140107587,-1.6238570563585388,-0.4996138214223812,2545,False,False,0.12494933841935868,0.7224775158605689,True,20.645486381322957,0.21595330739299612
S0272,,65,52.0,8,-0.20178593723056126,-0.10957540563496188,-0.4517611352120262,1294,False,False,0.18737871021575872,0.8302295842560721,True,20.561183431952664,0.21775147928994082
S0273,,65,53.0,5,-0.5730761073753594,-0.8315768423377411,-0.6223326748480824,1757,False,False,0.34656335677673145,0.8300961945173667,True,20.65376787216148,0.21698906644238855
S0274,,129,43.0,4,-0.49443015876947705,-3.1981103279246264,-0.4971161778109908,2068,False,False,0.13369412325664562,0.7544604692884599,True,20.470775026910655,0.21743810548977396
S0275,,65,52.0,5,0.11123519256863901,0.24452246160073304,-0.16335109071058862,391,False,False,0.057561091906067466,0.7922522794987895,True,20.12775167785235,0.18456375838926176
S0276,,142,79.0,3,-0.27594805639367437,-0.7815734406417157,-0.31922246217827377,2165,False,False,0.07696268923590416,0.9715625121636237,True,20.61139813581891,0.21571238348868177
S0277,,65,46.0,5,0.7336434738443778,0.5632488140491441,-0.38812534127591036,1132,False,False,0.16713315055429728,0.79518196079523,True,20.43750716332378,0.2034383954154728
S0278,,59,23.0,4,-0.09437144584303236,-0.4456004676526412,-0.12902365484742337,142,False,False,0.007667183216116343,0.6923268244256789,True,19.991888888888887,0.2222222222222222
S0279,,111,24.0,4,-0.419119937397869,-1.9356360304128777,-0.44251800537097347,1842,False,False,0.04782453212540231,0.8209933585587107,True,20.72806483300589,0.2180746561886051
S0280,,252,64.0,5,-0.5348516426019212,-0.6996062140924183,-0.5714596677388235,599,False,False,0.08381928716175945,0.7174535560906493,True,20.29591939546599,0.181360201511335
S0281,,65,56.0,2,0.7150236268069159,0.4592114090444211,-0.4721391448143477,805,False,False,0.1695029204911193,0.7443216714533331,True,20.670095367847413,0.22615803814713897
S0282,,65,15.0,9,-0.7009352103231096,-2.431826651144041,-0.7061660536410084,1711,False,False,0.06148051019191799,0.7751761914054999,True,20.692414733969986,0.22100954979536153
S0283,,152,35.0,5,-0.5164273396524844,-1.5065675388665323,-0.5175990891475327,1333,False,False,0.08224579806889976,0.6397322622267297,True,20.414006568144497,0.2134646962233169
S0284,,129,40.0,5,-0.37277038334187296,-0.8740614167128492,-0.3980615166278424,811,False,False,0.03666229586363094,0.7930766452735091,True,20.898994845360825,0.211340206185567
S0285,,210,29.0,6,-0.36263602555257035,-1.6195662574609848,-0.36639360627699596,506,False,False,0.02148527834068423,0.632206178860997,True,19.71723404255319,0.18085106382978725
S0286,,74,22.0,5,-0.2719151972010979,-0.5284259147338993,-0.4000442906844589,471,False,False,0.018343068303731076,1.2350623844146629,True,20.977843866171007,0.24907063197026022
S0287,,65,20.0,8,-0.3647586901523989,-0.9256571600476698,-0.41799592619469805,1801,False,False,0.04092978900941709,0.764803448878539,True,20.80774834437086,0.22781456953642384
S0288,,92,37.0,6,-0.11166927023065254,-0.5361911103586321,-0.1593681978711315,79,False,False,0.004606031708189295,0.6378863838793563,True,19.7369387755102,0.20408163265306123
S0289,,129,62.0,7,-0.38964877264667364,-0.3919283280822638,-0.4716670766164035,1111,False,False,0.18171891763023007,0.794597155771053,True,20.569260143198093,0.21957040572792363
S0290,,129,39.0,7,-0.49733248487543447,-0.44516383840225704,-0.5879962549478304,863,False,False,0.07348194063654787,0.8381541958814945,True,20.689549019607842,0.2196078431372549
S0291,,65,44.0,10,-0.2142435193543052,-0.290115676230694,-0.2947566440173066,845,False,False,0.128983192275599,0.780931575378041,True,20.620803278688527,0.20655737704918034
S0292,,76,48.0,6,-0.019568200603603536,-0.07240087210454624,-0.11518089738031713,95,False,False,0.005020860650852306,0.6639084392568948,True,19.96530303030303,0.19696969696969696
S0293,,129,71.0,6,-0.5214979565532107,-0.4684023373910048,-0.5722550257200744,1519,False,False,0.25687924663249495,0.8301779316138701,True,20.655552208835342,0.2178714859437751
S0294,,65,52.0,4,-0.08213236855552475,-0.40734176591453036,-0.11984802513648934,43,False,False,0.002937179640004768,0.7648061813868178,True,21.758181818181818,0.3181818181818182
S0295,,129,86.0,8,2.511874994004357,0.8489457263283672,-0.36074824348557555,821,False,False,0.3284682322088449,0.836788572557425,True,20.711646273637374,0.22135706340378197
S0296,,100,43.0,4,-0.017451272337286494,-0.12410480084913128,-0.06339853143318232,142,False,False,0.010408868756705209,0.5948554867763413,True,18.472954545454545,0.13636363636363635
S0297,,129,113.0,5,-0.13304861732855822,-0.35564907885674246,-0.3056224425115726,99,False,False,0.059353915842174275,0.8315091556440573,True,20.185748502994013,0.2215568862275449
S0298,,129,94.0,8,0.7583045429480038,0.49429308408941447,-0.5231686178227386,1144,False,False,0.4621957325068542,0.8455081864804089,True,20.58409609120521,0.21905537459283386
S0299,,65,57.0,5,0.05220072391137576,0.15393953169421526,-0.2735803296683737,144,False,False,0.043700083442603406,0.7860153467421154,True,20.45654970760234,0.22807017543859648
S0300,,68,31.0,4,-0.023842134019031125,-0.609773207389219,-0.026366546302598628,75,False,False,0.003633329359876028,0.6564322872742032,True,19.877592592592592,0.2222222222222222
S0301,,65,56.0,7,2.258289781819831,0.9594185481767213,-0.2608269052365234,1347,False,False,0.3103015854094648,1.0686491842847854,True,20.670086355785838,0.22107081174438686
S0302,,129,103.0,5,0.24225408003139703,0.4276887467695281,-0.15248536310669478,546,False,False,0.12962212421027536,0.7920899496327275,True,20.09543788187373,0.17922606924643583
S0303,,65,49.0,5,-0.007858491830339709,-4.1173253093776894e-05,-0.22095557405572527,108,False,False,0.015429729407557515,0.8154659183300109,True,19.92247524752475,0.21782178217821782
S0304,,158,17.0,7,-0.33068554991034593,-0.9317342808938284,-0.3540877811970367,1236,False,False,0.03745380855882704,0.8965482695008797,True,20.703768656716417,0.22201492537313433
S0305,,129,57.0,7,-0.1096122701585831,-0.6705897929851491,-0.11161336262214083,74,False,False,0.0074287757778042675,0.6502312562250857,True,19.87508474576271,0.22033898305084745
S0306,,129,104.0,2,1.9883287324048848,0.6479577329557561,-0.5357899981505039,1185,False,False,0.4698533794254381,0.8422950207769576,True,20.57088,0.2192
S0307,,129,105.0,4,-0.005698166043592079,-0.015798966448589226,-0.09985117589353563,96,False,False,0.0158874716891167,0.9096295548922504,True,19.952179487179485,0.19230769230769232
S0308,,129,98.0,2,0.29337966981790453,0.7338780065212106,-0.12666474435046013,892,False,False,0.18401716533555848,0.8125209531946832,True,19.7605291005291,0.15696649029982362
S0309,,129,97.0,5,0.29257814513728664,0.3470441962390235,-0.33439998822505834,1144,False,False,0.4621957325068542,0.8455081864804089,True,20.58409609120521,0.21905537459283386
S0310,,65,40.0,5,-0.02768016878959989,-0.6530633225991496,-0.034490967036139575,101,False,False,0.008430087018714984,0.8441281703951738,True,20.789220779220777,0.2987012987012987
S0311,,95,28.0,8,-0.14280262490005735,-0.5023921461601116,-0.19854858622198654,145,False,False,0.00585528668494457,0.6797992218365292,True,20.682298850574714,0.21839080459770116
S0312,,129,92.0,5,1.2941384740972635,0.7867404522451316,-0.31480918626097365,821,False,False,0.3284682322088449,0.836788572557425,True,20.711646273637374,0.22135706340378197
S0313,,111,43.0,5,0.06936774238138455,0.21768456924120763,-0.14930646951225862,140,False,False,0.010218142806055548,0.6737375676381042,True,18.24965909090909,0.125
S0314,,65,37.0,7,-0.10723294714389486,-0.6237504804830214,-0.16166200227336155,145,False,False,0.010613899153653595,0.6042808743685677,True,20.718556701030927,0.2268041237113402
S0315,,129,94.0,8,0.11498716379202367,0.19237093655371512,-0.46576478983089464,1264,False,False,0.3998283466444153,0.8237831612527359,True,20.579215189873416,0.22025316455696203
S0316,,158,20.0,4,-0.22741686188277777,-0.8072607786198075,-0.2536380354989455,1208,False,False,0.0394135177017523,0.8837475876075972,True,20.746698113207547,0.22264150943396227
S0317,,87,51.0,5,0.08431532081209525,0.33561559740835534,-0.11186353089146227,65,False,False,0.005044701394683514,0.4644454013551801,True,20.424761904761905,0.2857142857142857
S0318,,200,36.0,7,-0.3276568013835689,-0.6759119013503067,-0.39138055912724223,1287,False,False,0.06954821790439862,0.7619962055941253,True,20.722921960072597,0.22686025408348456
S0319,,129,100.0,8,-0.006340020491568454,0.03599207808517857,-0.2392377315598742,924,False,False,0.3210013112409107,0.8136688120391671,True,20.578108395324122,0.21679064824654623
S0320,,231,30.0,5,-0.970705233778016,-2.3980668982082367,-0.9715702312060348,3557,False,False,0.16784360472046728,0.7733615175659412,True,20.634893009985735,0.21683309557774608
S0321,,257,73.0,2,-0.945699882839234,-0.49641634831299214,-0.9576955151959942,2760,False,False,0.5159423053999285,0.8459696687076769,True,20.61291019581364,0.21674544226873735
S0322,,292,71.0,5,-0.9882148705895298,-0.7405581338983463,-0.99205564903377,4220,False,False,0.617017522946716,0.995539188900525,True,20.63261273209549,0.21684350132625996
S0323,,290,76.0,6,-0.9622508541226196,-1.8637560987210535,-0.9653198678272785,4116,False,False,0.33902968172606984,1.066879353356228,True,20.6737069547603,0.2201215395003376
S0324,,166,18.0,7,-0.999704854107189,-3.7240088519893133,-0.9997313401097502,4569,True,False,0.19989986887590894,0.9257189940278114,False,20.586767330130403,0.2182566918325326
S0325,,277,29.0,7,-0.9416686835888194,-1.0823084432697458,-0.9502159581967821,3455,False,False,0.5005316485874359,1.0392347612125652,True,20.62346256684492,0.21657754010695188
S0326,,214,30.0,5,-0.9533051397844539,-2.1105789915442963,-0.9590453584090433,4579,False,False,0.20811062105137682,0.9788605989349334,True,20.640408163265306,0.21836734693877552
S0327,,260,15.0,3,-0.9553036929084721,-2.879249187038918,-0.9607528563312971,4732,False,False,0.2667302419835499,0.8578835583132625,True,20.701705163043478,0.21942934782608695
S0328,,292,76.0,4,-0.9619551143487183,-0.9456693257504467,-0.9811220916353109,5756,False,False,0.3993038502801287,1.0771496369004676,True,20.63195710455764,0.21715817694369974
S0329,,362,64.0,6,0.5646189239879138,0.39532300200856313,-0.7883042536535885,3014,False,False,0.48689951126475145,1.016539371152077,True,20.653837910247823,0.21701272605492297
S0330,,289,45.0,6,-0.9503526458704105,-1.7239493953847165,-0.9568992355780653,2911,False,False,0.3171915603766838,0.8925687017147832,True,20.673199999999998,0.21473684210526317
S0331,,412,76.0,6,-0.8557481555388768,-1.4879842941036396,-0.868369263445009,3030,False,False,0.3370938133269758,0.9720347714367558,True,20.769248601119106,0.22302158273381295
S0332,,307,70.0,4,-0.9906645135968037,-1.4475487628123254,-0.9928882873093401,3628,False,False,0.803909881988318,0.9705142512773808,True,20.625076007931263,0.21678783873099802
S0333,,372,75.0,6,-0.9135403094344008,-0.6922036044332551,-0.9418940375722955,2425,False,False,0.5378805578734056,1.0122116432242219,True,20.65398657718121,0.2181208053691275
S0334,,169,15.0,7,-0.9966776075823257,-3.885482564741602,-0.9967052466936844,3006,True,False,0.07402550959589939,0.6494204785906784,False,20.692977178423234,0.22510373443983403
S0335,,364,35.0,5,-0.9990334641709802,-2.3943986438577367,-0.99915109130219,3586,True,False,0.2819978543330552,0.7884729563611169,False,20.673586559532506,0.21621621621621623
S0336,,326,41.0,6,-0.9967026827913704,-1.7012988311461619,-0.9976009830798814,4541,False,False,0.44548813922994396,0.8183313856782422,True,20.680690589031823,0.2173324306025728
S0337,,296,76.0,6,-0.9948917535829193,-2.3714913609278376,-0.9952515767926781,5516,False,False,0.4454786029324115,1.0450487489691356,True,20.636766268260292,0.21713147410358566
S0338,,390,30.0,6,-0.9691502318744586,-1.4447710462645083,-0.9762639468060716,2845,False,False,0.20140660388604126,0.7088388905288604,True,20.629862903225806,0.21451612903225806
S0339,,233,18.0,5,-0.9540852132371025,-3.6584149693258383,-0.955141679833548,5199,False,False,0.08431517463344856,0.7690068184482527,True,20.710489977728283,0.22197475872308833
S0340,,276,65.0,5,-0.999506792628713,-2.5172210721160626,-0.9995961200628055,5582,True,False,0.6215234235308141,0.9795172054024804,False,20.625076007931263,0.21678783873099802
S0341,,337,19.0,7,-0.9924056296101543,-3.672532158623288,-0.9929365152470093,4895,False,False,0.09771844081535344,0.6756633153950041,True,20.696649214659686,0.2169035153328347
S0342,,296,68.0,3,-0.9624187693179848,-1.115348680058382,-0.9656731860313491,3568,False,False,0.388627965192514,0.8362032257458544,True,20.6452868852459,0.21789617486338797
S0343,,349,63.0,6,-0.9956971309052051,-1.759800875218374,-0.9977158510442073,4631,False,False,0.5013470020264632,0.8018153889664273,True,20.626806947227788,0.21643286573146292
S0344,,168,20.0,7,-0.8492705469885,-3.7958622620752385,-0.8508671855696924,6174,False,False,0.32873524853975444,0.809571954069372,True,20.616587301587302,0.21626984126984128
S0345,,296,81.0,5,-0.2926127520975319,-0.0012754908611309751,-0.72179987993762,2471,False,False,0.29523900345690784,0.8489640569650458,True,20.759244186046512,0.2180232558139535
S0346,,257,36.0,7,-0.9853457919477933,-1.555775655359825,-0.9884925290916156,2547,False,False,0.1525330790320658,0.8542535764026183,True,20.942321772639694,0.2321772639691715
S0347,,136,31.0,5,-0.9949509421158734,-1.860937398001581,-0.9953852623909873,4363,True,False,0.42385028012874004,0.8250825571764925,False,20.616587301587302,0.21626984126984128
S0348,,210,48.0,5,-0.9994042275972311,-2.2637037523650805,-0.9994472254393373,6061,True,False,0.6546763619024913,0.8228854491489549,False,20.625076007931263,0.21678783873099802
S0349,,338,57.0,6,-0.9975898204255557,-1.4436776502018738,-0.9979758445376639,3514,True,False,0.3857384670401717,0.8472780736539215,False,20.709671558350806,0.2222222222222222
S0350,,170,37.0,7,-0.9987718212795716,-3.5667785842417756,-0.9988997489764359,4719,True,False,0.22920967934199546,0.8535398541786279,False,20.639287709497207,0.2206703910614525
S0351,,352,73.0,7,-0.9872033994647936,-0.8756512222351844,-0.9939072624800104,3603,False,False,0.7520133508165455,0.9750707390993496,True,20.625076007931263,0.21678783873099802
S0352,,195,32.0,9,-0.8568609676017775,-2.3855622401860948,-0.8699318068406211,5462,False,False,0.327581356538324,0.7822290321887648,True,20.658677966101695,0.21898305084745762
S0353,,210,40.0,5,-0.8169815150535251,-0.7120068554328406,-0.8323060239793999,3125,False,False,0.22082250566217665,0.8617491590223326,True,20.750485584218513,0.22458270106221548
S0354,,391,51.0,10,-0.9714492741883013,-1.9154787277027432,-0.9766979850893514,3937,False,False,0.5401645011324353,0.8432784603063829,True,20.635735392881127,0.21759570181329752
S0355,,166,27.0,7,-0.9619330501676985,-2.235217612292173,-0.9642141335417537,1782,False,False,0.07490284896888783,0.6870763750806786,True,20.76422252010724,0.22386058981233245
S0356,,300,31.0,6,-0.9693827097843444,-1.5843839966982793,-0.9708262494092939,2742,False,False,0.18986291572297057,0.97284086093075,True,20.761388059701495,0.21940298507462686
S0357,,312,27.0,6,-0.9910813449205279,-2.8272895200200217,-0.9917768851310051,2254,False,False,0.11338657766122304,0.6505247839504184,True,20.399273399014778,0.2019704433497537
S0358,,276,54.0,6,-0.9192386117040121,-1.1851222244009023,-0.9454750817622296,2432,False,False,0.2996209321730838,1.0001070355641293,True,20.63462607544672,0.21707478491065518
S0359,,382,60.0,10,-0.9198478211181141,-0.7959295091698937,-0.9228786018739678,1493,False,False,0.2525783764453451,0.9087198802218314,True,20.74248417721519,0.22468354430379747
S0360,,277,22.0,8,-0.8917758646996414,-2.0410988910203747,-0.8922304804911765,3976,False,False,0.06362140898796043,0.7304473955117108,True,20.755210280373834,0.22429906542056074
S0361,,366,43.0,11,-0.9486572782315223,-2.329898922619182,-0.95097099201864,3290,False,False,0.3495577542019311,0.88220824304842,True,20.66813605442177,0.21768707482993196
S0362,,301,42.0,6,-0.7677114529710467,-0.9856583125985612,-0.7816333950936853,1996,False,False,0.18126117534867087,0.7997035807725368,True,20.71847605224964,0.21843251088534107
S0363,,307,60.0,4,-0.9005915603402371,-0.6671574537682532,-0.9208825419353831,2545,False,False,0.2867183216116343,0.7763154366363977,True,20.63511203319502,0.21410788381742737
S0364,,263,61.0,6,-0.7607719849291046,-0.2888186090673217,-0.9095993899810427,2050,False,False,0.2553915842174276,1.1064415375810897,True,20.72926160337553,0.21940928270042195
S0365,,279,74.0,2,-0.9699669836086744,-1.0545549256496407,-0.9722348663127645,2422,False,False,0.45444749076171176,1.0303265855054005,True,20.61710164835165,0.21703296703296704
S0366,,350,24.0,10,-0.8567142517350875,-2.4784996014092173,-0.8580972538469626,2615,False,False,0.17301704613183932,0.8820166606860594,True,20.673309061488673,0.22330097087378642
S0367,,277,38.0,6,-0.9264756371104212,-1.9392591344489494,-0.9316133139224528,2158,False,False,0.0660770056025748,0.783975012555816,True,20.654937845303866,0.21823204419889503
S0368,,174,31.0,6,-0.8280531361230982,-1.9101467051087033,-0.8351220019503336,3151,False,False,0.15441649779473118,0.6975906648671968,True,20.524553903345726,0.2174721189591078
S0369,,288,72.0,7,-0.9609034376986881,-1.292007453377159,-0.9711791321889395,2132,False,False,0.45426630110859456,1.0088425147187576,True,20.616587301587302,0.21626984126984128
S0370,,417,62.0,7,-0.7200120238877661,-0.6816711503472047,-0.7355173629125847,1831,False,False,0.18648229824770532,0.842826012353773,True,20.768253846153847,0.21923076923076923
S0371,,356,100.0,5,-0.8625800511210637,-0.6694297688441522,-0.8757141538729183,2515,True,False,0.2738109429014185,0.8610438603797748,False,20.389621928166353,0.2107750472589792
S0372,,176,29.0,5,-0.8430719529907498,-1.6328336107470283,-0.8563309155628441,1695,False,False,0.08876862558111813,0.7480676514842391,True,20.679988610478357,0.22095671981776766
S0373,,461,77.0,4,-0.941967298427509,-1.2137653539753999,-0.9549209382582151,5295,False,False,0.48343306711169387,0.8841645433003763,True,20.62712837837838,0.21621621621621623
S0374,,365,113.0,3,-0.9156672810495579,-0.7815023589090058,-0.9244234980410924,2293,True,False,0.34807962808439624,0.8873846270194222,False,20.47643179765131,0.21318879855465223
S0375,,285,29.0,9,-0.6989422303111053,-1.2586974299887956,-0.7299535544047976,2268,False,False,0.12315651448325188,0.7202838688584872,True,20.721978417266186,0.220863309352518
S0376,,305,54.0,4,-0.996950579022876,-2.8715673259405423,-0.9971498746854263,2420,False,False,0.2160734294910001,0.8148038366303086,True,20.638641860465118,0.2213953488372093
S0377,,168,24.0,5,-0.7776709439529337,-1.9600864132040496,-0.7973615611839749,6174,False,False,0.325469066634879,0.8012914959140617,True,20.61147584381205,0.2157511581733951
S0378,,219,53.0,3,-0.6602725961029495,-0.8806186804758671,-0.7371512388141647,4574,False,False,0.667521754678746,0.8745831720229833,True,20.625076007931263,0.21678783873099802
S0379,,257,63.0,5,-0.9284086811884636,-0.9779992764699904,-0.930532793549292,2560,False,False,0.22660627011562762,0.983674328612129,True,20.78668970814132,0.22734254992319508
S0380,,276,68.0,6,-0.7418468645469114,-0.6265052696734019,-0.7876859638255714,7861,False,False,0.37274049350339733,1.089332506603324,True,20.631456953642385,0.21721854304635763
S0381,,197,31.0,7,-0.9800625909907554,-3.4053532298452627,-0.9803359775547609,7403,False,False,0.5472785790916677,0.7411405643862072,True,20.627589403973513,0.2165562913907285
S0382,,337,25.0,6,-0.9253930518128195,-4.587903931952129,-0.9258769002091093,3634,False,False,0.06951960901180117,0.7815381388744925,True,20.62166189111748,0.2148997134670487
S0383,,277,44.0,6,-0.913501213177746,-1.9387486497206832,-0.9153940017675131,2121,False,False,0.03465490523304327,0.7402479190808877,True,20.760807086614175,0.2263779527559055
S0384,,166,18.0,8,-0.7150118000606145,-4.599957128317689,-0.718255277509089,4480,False,False,0.1888806770771248,0.8580674149509077,True,20.634020905923343,0.21951219512195122
S0385,,307,74.0,5,-0.09847921634092183,-0.02026806075881469,-0.4213483500475448,3286,False,False,0.620493503397306,0.9900280528262667,True,20.619847682119207,0.2165562913907285
S0386,,174,36.0,7,-0.8345727716198745,-1.5533826372713473,-0.840808969075059,3482,False,False,0.2076862558111813,0.848563765623975,True,20.683363844393597,0.21662852784134248
S0387,,234,38.0,7,-0.8963757815057193,-1.7341387535775643,-0.9031765836918629,1867,False,False,0.11735367743473596,0.6681587504758401,True,20.633209549071616,0.22015915119363394
S0388,,335,139.0,3,-0.45115050058868233,-0.6013479009412706,-0.49516605610460973,1306,False,False,0.14529026105614495,0.7864696165810418,True,20.267192118226603,0.19540229885057472
S0389,,259,40.0,6,-0.3237901809870708,-1.2901853970696655,-0.3653771107422727,1398,False,False,0.08907378710215759,0.7776717046644975,True,20.754772065955382,0.2289039767216295
S0390,,257,199.0,5,-0.20247713478968676,0.2194313577552754,-0.7915730167045056,593,False,False,0.4679079747288115,0.8344468241961441,True,20.609798464491366,0.21593090211132437
S0391,,278,98.0,5,-0.8566461446803808,-1.0312370267730744,-0.8760974580464188,427,False,False,0.063297174871856,0.9341267338922847,True,20.761270358306184,0.23127035830618892
S0392,,290,52.0,4,-0.5964706944213232,-1.078591546017301,-0.6200634466190913,2912,False,False,0.3972630826081774,0.7826483467143192,True,20.64830695113558,0.2188575361321404
S0393,,257,55.0,8,-0.7843980327361886,-0.7478737304146568,-0.8201667732634537,3575,False,False,0.519547025867207,0.9873517640749042,True,20.625076007931263,0.21678783873099802
S0394,,297,34.0,10,-0.9491433507126908,-1.6147603020895416,-0.950281064870713,1648,False,False,0.15125998331147933,0.8984204947433094,True,20.701306532663317,0.22278056951423786
S0395,,344,44.0,7,-0.8899867175753478,-0.7051904166536046,-0.8981127491993021,2042,False,False,0.27428775777804265,0.8177787120698984,True,20.787472826086955,0.22192028985507245
S0396,,168,25.0,7,-0.7137464323424877,-0.8867307199264262,-0.7289625254460906,2411,False,False,0.1094194778877101,0.7902375638705683,True,20.744728260869568,0.22065217391304348
S0397,,130,14.200000000004366,4,-0.8827944817088729,-2.331250284186993,-0.8841233095442889,1178,False,False,0.03214685898200024,0.664981600403197,True,20.661770244821092,0.2335216572504708
S0398,,130,32.0,3,-0.5965473006886156,-2.275008730379131,-0.5979535264822571,1178,False,False,0.056159256168792464,0.7463496466029875,True,20.576254480286735,0.23118279569892472
S0399,,258,73.0,5,-0.8271017737720733,-1.4182981207308112,-0.832908023341466,1267,False,False,0.1892716652759566,0.7167201574715115,True,20.68563892145369,0.22039859320046892
S0400,,187,40.0,6,-0.8980112727722868,-1.2253249219359388,-0.9009653594606056,2251,False,False,0.1588604124448683,0.7711937956052555,True,20.521878612716762,0.2186897880539499
S0401,,290,67.0,7,-0.8534720667243361,-0.5022278395670468,-0.864388206314703,3113,False,False,0.36182143282870427,0.8544336529323685,True,20.614681440443213,0.21675900277008311
S0402,,461,86.0,3,-0.5517656290444484,-0.3846836799852338,-0.7014026100375361,2868,False,False,0.40451066873286445,0.7868431115135612,True,20.59612017167382,0.21974248927038625
S0403,,218,47.0,6,-0.4809592740944495,-0.5494241160013008,-0.5352708437109001,1793,False,False,0.2091786863750149,0.8189515686183965,True,20.445988023952097,0.20758483033932135
S0404,,257,92.0,2,-0.5059998997536946,-0.04164461881129311,-0.6681543909097932,1282,False,False,0.28949338419358683,0.8275678526300083,True,20.582853828306263,0.2099767981438515
S0405,,310,69.0,3,-0.6144540165273572,-1.1199722177457458,-0.7012972031868917,3393,False,False,0.3645297413279294,0.8164406426195218,True,20.68879912663756,0.21542940320232898
S0406,,135,38.0,5,-0.8658963067229055,-1.4861639038287244,-0.8716895014646374,1642,False,False,0.15527953272142092,0.7265251466829619,True,20.232917771883287,0.1909814323607427
S0407,,359,35.0,6,-0.4349140743887113,-2.628482675111946,-0.43847657876154456,2034,False,False,0.132082488973656,0.7705843868369614,True,20.674170927684443,0.21475529583637692
S0408,,353,82.0,8,-0.6367070144676841,-0.15517075088660248,-0.7059114868999067,2800,False,False,0.7601907259506496,0.9399216811199274,True,20.6465379494008,0.21770972037283623
S0409,,476,104.0,5,-0.6438540262692791,-0.6212636647896385,-0.7171133692018907,1163,False,False,0.270344498748361,0.8696714145111217,True,20.372543290043293,0.2012987012987013
S0410,,257,150.0,5,0.9087194704264654,0.4685340620080674,-0.6961624485480914,1380,False,False,0.38661103826439386,0.8297586301294049,True,20.729363484087102,0.22780569514237856
S0411,,257,162.0,6,-0.3742973387360231,-0.20975106376370548,-0.5747533893603367,703,False,False,0.08837286923352008,0.7850163073809101,True,20.65581308411215,0.19813084112149532
S0412,,257,215.0,5,1.2478841658784465,0.6754795640535725,-0.5633096537394641,725,False,False,0.7343378233400882,0.9930300577628516,True,20.690867678958785,0.22198120028922633
S0413,,338,62.0,5,-0.6883449653760199,-0.6206728209462781,-0.7106714075313841,2201,False,False,0.4495458338300155,0.8853910676518508,True,20.649552341597797,0.21831955922865015
S0414,,158,16.0,4,-0.6235616962540251,-2.9865500265413347,-0.6256153434539152,5006,False,False,0.14645368935510789,1.03365230806589,True,20.622547554347825,0.21671195652173914
S0415,,281,53.0,6,-0.8192489111429806,-0.5040853577565048,-0.9027042243585132,4568,False,False,0.5880700917868638,0.9976237846822369,True,20.622600926538716,0.21641297154202516
S0416,,306,57.0,3,-0.045355988469001796,-0.0008773649877875572,-0.23798565193816767,2842,False,False,0.2140851114554774,0.861912423117672,True,20.686003824091777,0.22275334608030592
S0417,,257,194.0,5,0.6358481651852159,0.47015151619294,-0.4957603626217524,610,False,False,0.4705113839551794,0.8314668450023439,True,20.62431279620853,0.21706161137440758
S0418,,200,42.0,5,-0.2767315308632563,-1.026084974251169,-0.28859869399514254,3410,False,False,0.22302539039218022,0.8503635797714335,True,20.72269406392694,0.2237442922374429
S0419,,86,17.0,6,-0.6401563967018422,-2.91970786842366,-0.6427537834002828,3200,False,False,0.05231612826320181,0.6889045894204747,True,20.783911392405063,0.22278481012658227
S0420,,254,113.0,5,-0.3085605734722695,-0.41750558188685427,-0.33779887745127457,776,False,False,0.15985218738824652,0.8977187811489429,True,20.285667752443,0.19543973941368079
S0421,,257,92.0,4,-0.4736469088962314,-0.8566913369355454,-0.531227908358811,1908,False,False,0.34344498748360947,0.7822437608592346,True,20.746669335468376,0.21857485988791034
S0422,,300,68.0,4,-0.3242831336930958,-0.3074181940605606,-0.4629789731342618,1637,False,False,0.2684515436881631,0.8043792986165409,True,20.58377308707124,0.22163588390501318
S0423,,169,17.0,9,-0.7524475026515509,-3.8821257999897822,-0.7529941780287648,3006,False,False,0.07402550959589939,0.6494204785906784,True,20.692977178423234,0.22510373443983403
S0424,,305,53.0,6,-0.4571860421728987,-0.7297299446116603,-0.4854490927562011,1744,False,False,0.1431732030039337,0.7204182034155573,True,20.564580246913582,0.22098765432098766
S0425,,257,207.0,5,-0.34811214525009204,-0.20006044225578684,-0.5333655944205525,780,False,False,0.6449779473119561,0.9060545595999391,True,20.626117467581995,0.2135774218154081
S0426,,396,83.0,8,-0.6970382394188384,-1.0079724264307908,-0.7202085380737258,2560,False,False,0.5989891524615568,0.9087930921269085,True,20.614122748499,0.2161440960640427
S0427,,387,80.0,2,-0.3009693766898497,-0.013587479392710464,-0.6368490658431245,1412,False,False,0.2894409345571582,0.863189900907622,True,20.669600614439325,0.21658986175115208
S0428,,278,60.0,5,-0.41197552296359385,-1.0332925835087832,-0.42413119034569485,2481,False,False,0.34267254738347835,0.8527694102933453,True,20.643599722029187,0.21542738012508686
S0429,,294,27.0,11,-0.5057791130648497,-1.9130341444543795,-0.517815025429011,1281,False,False,0.051000119203719156,0.7501440340214178,True,20.526463675213677,0.21794871794871795
S0430,,158,28.0,5,0.17239314363710445,0.36990750147933504,-0.1635571914631423,761,False,False,0.027326260579330075,0.8127564707084817,True,20.319331896551724,0.20043103448275862
S0431,,445,50.0,6,-0.22014251208414037,-1.3682497631018007,-0.22825961153186897,1085,False,False,0.00967934199547026,0.719790186222586,True,20.75701754385965,0.22612085769980506
S0432,,257,182.0,8,-0.43772529524381076,-0.4553300667972698,-0.4581562447595673,1796,False,False,0.5005221122899034,1.0003762905723306,True,20.71794139194139,0.22344322344322345
S0433,,301,34.0,6,-0.1598026486532843,-0.09417395871781316,-0.4150284159342019,743,False,False,0.07420193110025033,0.7430586309931393,True,20.418920265780727,0.2009966777408638
S0434,,132,33.0,4,-0.13657257293728475,-0.3908863217338568,-0.18250018586922734,697,False,False,0.022791751102634403,0.5777535689169757,True,20.367048192771083,0.18674698795180722
S0435,,324,52.0,8,-0.4308307474139621,-1.1082992333680697,-0.4656000329999895,1204,False,False,0.2624007629038026,0.9178868580463879,True,20.81346955128205,0.22516025641025642
S0436,,318,40.0,5,-0.6213683774173204,-1.785023349840101,-0.6503899583377164,2079,False,False,0.2287996185480987,0.795266227258742,True,20.647903682719548,0.21813031161473087
S0437,,132,38.0,7,-0.04320945995463665,-0.1556973669183363,-0.09520870312714029,777,False,False,0.035312909762784596,0.5803035245803357,True,20.44204488778055,0.20448877805486285
S0438,,86,17.0,4,-0.6401563967018422,-2.91970786842366,-0.6427537834002828,3200,False,False,0.05231612826320181,0.6889045894204747,True,20.783911392405063,0.22278481012658227
S0439,,265,49.0,6,-0.4602577798700773,-1.0577541600876768,-0.4766069996754497,928,False,False,0.05433782334008821,0.6436888936151973,True,20.58592857142857,0.21607142857142858
S0440,,252,73.0,5,-0.7033855458242446,-1.1982908077997405,-0.7135543186307123,2847,False,False,0.4355846942424604,1.0129422350066841,True,20.614126547455296,0.21664374140302614
S0441,,257,138.0,5,5.444534968434308,0.8616989054487503,-0.5442915467154478,1390,False,False,0.4862939563714388,0.8275120032088207,True,20.69302493966211,0.2164119066773934
S0442,,168,21.0,6,-0.4665567486453982,-1.31202329035013,-0.47283766787813425,3175,False,False,0.12827273810942902,0.8033783489729075,True,20.82907987866532,0.22143579373104147
S0443,,223,46.0,5,-0.6460535863146228,-0.6941471079359937,-0.6785059669170744,2361,False,False,0.25932530694957684,0.7502879868490472,True,20.55504409171076,0.22134038800705466
S0444,,190,42.0,3,-0.5574335947247142,-2.271137654380268,-0.5579243820634124,1747,False,False,0.09811896531171772,0.7141022381340064,True,20.539589743589744,0.2141025641025641
S0445,,296,65.0,5,-0.3785066631470074,-0.2118324394001178,-0.47426447048247267,2325,False,False,0.16525449994039815,0.8485505318689841,True,20.634121951219516,0.2121951219512195
S0446,,350,29.0,11,-0.7297429722073228,-2.804787790520422,-0.7349510294954646,2072,False,False,0.07962808439623316,0.7225418430544905,True,20.687385358004825,0.22204344328238135
S0447,,201,32.0,7,-0.6472838853382381,-2.5948754803061536,-0.6525430855543657,1360,False,False,0.046375014900464896,0.6942349824138327,True,20.739717514124294,0.20903954802259886
S0448,,276,58.0,7,-0.9115535081770044,-1.9558337129822982,-0.9177457043630699,1206,False,False,0.07942305399928477,0.876702556561693,True,20.660073529411765,0.22242647058823528
S0449,,257,146.0,5,1.7640684575676753,0.5964940916922303,-0.5722859383847884,1685,False,False,0.8120777208248897,0.9734704072133775,True,20.6414399469144,0.21765096217650962
S0450,,92,34.0,6,-0.3895212701688422,-1.653276382409247,-0.40045781027924154,806,False,False,0.05555846942424603,0.7354091814270192,True,19.816153846153846,0.1832579185520362
S0451,,354,61.0,4,0.1679570692222805,0.30936512302057806,-0.20921883850976097,1048,False,False,0.07254261532959828,0.8385231660852971,True,20.85964566929134,0.234251968503937
S0452,,286,61.0,5,-0.3467758889388942,-0.19526645346344879,-0.5389680659080925,2197,False,False,0.12971271903683396,0.9728286081735931,True,20.81622968580715,0.23185265438786565
S0453,,276,58.0,6,0.5203491928814783,0.4239141080868862,-0.34523826394751606,2048,False,False,0.21530575753963524,0.8413920933040144,True,20.668820286659315,0.2205071664829107
S0454,,257,214.0,5,-0.6729267095449065,-0.9524812510937525,-0.7110329029414449,339,False,False,0.07501251639051139,1.2746935259813437,True,20.912544910179644,0.24850299401197604
S0455,,257,120.0,5,14.37181497167114,1.101252403166222,-0.616054356147646,1407,False,False,0.5032733341280248,0.843245351689957,True,20.67728228228228,0.21771771771771772
S0456,,154,29.0,6,-0.15472303560144662,-0.6175998199875813,-0.17690274364121344,1254,False,False,0.09529622124210275,0.8140424757741561,True,20.46496453900709,0.21073961499493415
S0457,,257,175.0,7,-0.32040231326563595,-0.4069884598327332,-0.37242487331321034,452,False,False,0.04893074263917034,1.1517844997899453,True,20.93905263157895,0.23859649122807017
S0458,,257,169.0,2,2.3779787592306763,0.6454549997961022,-0.6953534825337001,1029,False,False,0.5066825604958874,0.8327920556759076,True,20.593099369085174,0.21845425867507887
S0459,,257,224.0,5,-0.2871723360971238,-0.5565230560843708,-0.3380367864007344,104,False,False,0.09449040410060794,1.3716988417527898,True,20.386073059360733,0.1917808219178082
S0460,,257,147.0,6,0.9951085886294004,0.5216331565406901,-0.3898076966532938,1174,False,False,0.558145190129932,1.002192450277596,True,20.640221625251847,0.21759570181329752
S0461,,296,75.0,7,-0.55607243677514,-0.5454417586321769,-0.6346421534399471,1775,False,False,0.1098676838717368,1.0420252155546619,True,20.80912,0.22577777777777777
S0462,,257,226.0,5,-0.12012714993938767,-0.20315585538118577,-0.3256643155416531,122,False,False,0.14397902014542854,0.7608920517010934,True,20.418464052287582,0.22875816993464052
S0463,,300,52.0,5,0.3028905682919183,0.5176629336403042,-0.13979333910728303,721,False,False,0.07012516390511384,0.7783553153974289,True,20.41545977011494,0.20114942528735633
S0464,,183,71.0,4,-0.026828384743135425,-0.2837125861687455,-0.06154161558623419,31,False,False,0.0036094886160448207,0.6858495789780763,True,19.502758620689658,0.20689655172413793
S0465,,257,46.0,7,-0.4860896131567152,-0.5666805291487506,-0.5292904600191658,1541,False,False,0.13810942901418524,0.8468526800855718,True,20.49825773195876,0.20927835051546392
S0466,,454,87.0,7,-0.010472432072146654,-0.17886309886902235,-0.029924452394023877,62,False,False,0.0026415544164977945,0.6081694860749294,True,19.22564102564103,0.20512820512820512
S0467,,257,227.0,2,-0.06219563232605618,-0.003040163977976053,-0.36607221259968964,244,False,False,0.2635165097151031,1.1645773344810597,True,20.778913412563664,0.22750424448217318
S0468,,185,30.0,4,-0.036744103717598176,-0.21678408704938687,-0.06101329219227985,1272,False,False,0.04806293956371439,0.8167839899751952,True,20.98485655737705,0.23770491803278687
S0469,,355,56.0,7,-0.35730047002296994,-1.0737778259179296,-0.3797676231385781,1102,False,False,0.08558350220526881,0.8027675569445849,True,20.941989708404805,0.22984562607204118
S0470,,454,73.0,6,-0.00042415156490027695,0.024770674968837142,-0.1159966195042705,370,False,False,0.06930027416855405,0.7316663489274505,True,20.18466876971609,0.17665615141955837
S0471,,377,109.0,5,-0.5624079827653874,-0.9813946151522381,-0.57305399242444,1582,False,False,0.33859101203957565,0.9082107695593608,True,20.5154375,0.21328125
S0472,,257,231.0,2,-0.20983361240264908,-0.20292076424287353,-0.43819996662881383,122,False,False,0.14397902014542854,0.7608920517010934,True,20.418464052287582,0.22875816993464052
S0473,,214,44.0,5,0.15681266903224889,0.23541701649436184,-0.23114518184567084,732,False,False,0.05772320896411968,0.7727735478954673,True,20.420177514792897,0.20118343195266272
S0474,,257,221.0,4,-0.005891265021330749,-0.006401977084896032,-0.12279028389975258,40,False,False,0.033624985099535105,0.8682561300857304,True,20.272875,0.225
S0475,,324,46.0,8,0.020666258761668388,0.08246434494592415,-0.183693081914667,354,False,False,0.05753248301347002,0.7922433370437643,True,20.19503289473684,0.18421052631578946
S0476,,257,178.0,8,0.3063430983978339,0.5215329590821307,-0.20058958886704564,576,False,False,0.270897604005245,0.8249364029978312,True,20.377693389592125,0.19831223628691982
S0477,,311,52.0,3,-0.1369872467786557,-0.2718958063128404,-0.28160159689446657,1303,False,False,0.16994635832637978,0.7709422674371631,True,20.35482093663912,0.19972451790633608
S0478,,266,91.0,2,-0.778607203709192,-0.46635410560155227,-0.8510029575622138,1292,False,False,0.26246751698653,1.0895400801919635,True,20.788529862174578,0.22664624808575803
S0479,,158,37.0,5,-0.49638748584206227,-1.381050930617996,-0.5149588554122798,1853,False,False,0.130108475384432,0.8014257476986036,True,20.589093886462884,0.2183406113537118
S0480,,761,78.0,6,-0.9627621503207232,-0.9671739871854018,-0.9693233239102879,2450,False,False,0.3187078316843486,0.7620522119406848,True,20.65269328802039,0.22005097706032287
S0481,,461,89.0,7,-0.9214881541928377,-0.6774142499300349,-0.9358805435320582,2077,False,False,0.41714626296340446,0.786836931421142,True,20.65755016722408,0.21989966555183946
S0482,,855,167.0,6,-0.8181275788572038,-0.8991642402017292,-0.8748819998402502,1945,False,False,0.6301394683514125,0.9374244855451005,True,20.830243902439026,0.2261640798226164
S0483,,523,94.0,4,-0.8950789054664994,-0.7459494176524968,-0.9102144282049328,1669,False,False,0.281559184646561,0.8843971989217848,True,20.58175911251981,0.21473851030110935
S0484,,705,171.0,6,-0.7853865760750053,0.0007173690008388853,-0.8131589149629228,2276,False,False,0.6329097627845989,0.9913076275501737,True,20.68472053872054,0.21952861952861952
S0485,,262,31.0,5,-0.9879673814304781,-2.3434226155325586,-0.9888184351220165,3182,False,False,0.22729765168673263,0.7180906928162933,True,20.614653954802257,0.21610169491525424
S0486,,361,113.0,4,-0.5566203588899037,-0.1452777063669441,-0.8120669219261597,2683,False,False,0.42321134819406364,0.8974413978651424,True,20.624937820043893,0.21726408193123628
S0487,,697,158.0,7,-0.9613493275469642,-1.0451433589852928,-0.9638605002534177,2661,False,False,0.5629705566813684,0.9961996285009675,True,20.658680134680136,0.21818181818181817
S0488,,523,38.0,7,-0.988343679178005,-2.4828998551721484,-0.9892024361457961,2690,False,False,0.18843723924186434,0.790799467781981,True,20.691084776663626,0.21513217866909753
S0489,,391,69.0,7,-0.998947759529563,-1.3070115019145618,-0.9991295540564136,2905,True,False,0.5551364882584336,0.8955013837759709,False,20.626823687752356,0.2180349932705249
S0490,,488,59.0,11,-0.976654063028201,-1.460163877110114,-0.9790974243122593,2591,False,False,0.3572440100131124,0.7902141087957143,True,20.820333586050037,0.2266868840030326
S0491,,401,28.0,5,-0.7736680198058739,-0.3778059980401947,-0.7958521802732609,1806,False,False,0.13715579926093693,1.110196290816991,True,20.76214946070878,0.22342064714946072
S0492,,748,98.0,6,-0.8899723930065394,-0.4389665728416908,-0.9692316083640405,2476,False,False,0.46843723924186437,0.9185928930478051,True,20.622409191994066,0.21719792438843588
S0493,,320,55.0,5,-0.706903960780718,-0.8981243327847335,-0.7328644997267314,2865,False,False,0.42221003695315296,0.7965106467153569,True,20.625886031966644,0.21612230715774844
S0494,,873,167.0,10,-0.9631254759658292,-0.7460847477559598,-0.9648880682052556,1428,True,False,0.5616211705805221,0.860454682213234,False,20.879705882352944,0.22573529411764706
S0495,,391,68.0,7,-0.9942627527911359,-1.2376694503192252,-0.994978690079931,2947,True,False,0.5644868279890333,0.8902668680333821,False,20.630725806451615,0.21774193548387097
S0496,,873,190.0,8,-0.9628249746024091,-0.3241342822864255,-0.9689107950761361,1296,True,False,0.6485778996304685,0.896210160440787,False,20.796625899280578,0.2223021582733813
S0497,,348,76.0,4,-0.9876837471605207,-2.9684683606364346,-0.9882537100371038,4479,False,False,0.388766241506735,0.843158230574268,True,20.613643356643358,0.21608391608391608
S0498,,285,22.0,6,-0.9657170660269686,-2.279886105064581,-0.967103550349175,2339,False,False,0.07228990344498748,0.7046091139373523,True,20.64799496644295,0.2214765100671141
S0499,,297,70.0,6,-0.8981334725185115,-0.7450334209719098,-0.9210492954348493,2358,False,False,0.24952676123495052,0.7453338398463014,True,20.562074688796685,0.2099585062240664
S0500,,479,128.0,5,-0.889319741774599,-1.0230976393907378,-0.9201828123834257,4496,False,False,0.43470735486947193,1.053512936612516,True,20.63915208613728,0.2180349932705249
S0501,,747,46.0,8,-0.9321326635609472,-1.15355662388116,-0.9428983638875736,1744,False,False,0.2195398736440577,0.7765664690143019,True,20.588862007168462,0.21594982078853048
S0502,,873,145.0,8,-0.9782756247763178,-1.0876890970335247,-0.9822270891103202,1564,True,False,0.47636667064012395,0.8430226858954964,False,20.879184741959612,0.2281226626776365
S0503,,620,172.0,4,-0.6312145829656131,-0.1551617674548559,-0.9075593129413234,2191,False,False,0.7838598164262724,0.9238987236950857,True,20.73598901098901,0.22115384615384615
S0504,,482,137.0,4,-0.6863737638446528,0.00455748382857888,-0.8893451923981315,2732,False,False,0.4412063416378591,1.0438702367579753,True,20.641853593015448,0.21692411014103424
S0505,,391,83.0,8,-0.9680194735535411,-0.7767984736061627,-0.9723270753011738,1940,True,False,0.41950172845392775,0.9191400640751706,False,20.79501479289941,0.22633136094674555
S0506,,512,117.0,7,-0.9964282757353325,-2.1054510762349836,-0.9968040034537018,2342,False,False,0.7132196924544045,0.9783692072018485,True,20.625076007931263,0.21678783873099802
S0507,,464,40.0,9,-0.9391580118212892,-2.1815489301167625,-0.9453557290116473,2540,False,False,0.1879604243652402,0.7876001571037358,True,20.83629449838188,0.2297734627831715
S0508,,516,27.0,7,-0.9903975726376153,-1.5047927191967925,-0.9923596162009741,2906,False,False,0.2845917272618906,0.8299239989524463,True,20.647765876052027,0.21576128538638104
S0509,,500,22.0,5,-0.963141367057736,-2.9403106547682936,-0.9636594750262037,3193,False,False,0.1351054952914531,0.7316304743100395,True,20.447981099656356,0.20532646048109965
S0510,,664,180.0,5,-0.8383814550301693,-0.020070610826305225,-0.9217671438436347,1669,True,False,0.7784145905352247,0.9493758269141671,False,20.759497936726273,0.22145804676753783
S0511,,500,119.0,3,-0.9981490811495801,-1.3192901223009101,-0.9983656506310891,2469,True,False,0.7506687328644653,0.970289721104178,False,20.625076007931263,0.21678783873099802
S0512,,887,251.0,5,-0.5162427719116984,-0.30207191774760156,-0.6084028189183167,1345,False,False,0.20260340922636785,0.8395320644438916,True,20.945807522123896,0.2245575221238938
S0513,,488,19.0,9,-0.8149278035829984,-3.1679321383842813,-0.8182805772486095,2717,False,False,0.06748837763738229,0.9007647748875164,True,20.88803104575163,0.22875816993464052
S0514,,835,169.0,8,-0.6109364141106266,-0.04447627317711831,-0.7911999240402601,1402,False,False,0.5666467993801406,1.006367068586509,True,20.654971590909096,0.2159090909090909
S0515,,286,81.0,6,-0.8859382903447558,-0.738603491098102,-0.908133233751899,1849,False,False,0.318459887948504,0.9200296448986458,True,20.63662078458362,0.21610461114934618
S0516,,447,45.0,10,-0.7415613382961254,-1.344873274893838,-0.7737019276991737,1698,False,False,0.10889021337465729,0.7108681817054006,True,20.88270962047661,0.22771403353927624
S0517,,667,18.0,5,-0.6199687764928887,-1.2676630387022418,-0.6856730704823178,1967,False,False,0.052225533436643226,0.8972466070902542,True,20.605539215686274,0.21764705882352942
S0518,,362,69.0,8,-0.4935247726341522,-0.17010464528916472,-0.6207555858030188,1327,False,False,0.2174037429967815,0.8004266395350338,True,20.786989795918366,0.22244897959183674
S0519,,592,140.0,6,-0.9986931080415128,-2.4513213902644204,-0.9990365810480912,2147,False,False,0.28637024675169864,0.8843291005541566,True,20.60455116696589,0.21454219030520646
S0520,,886,27.0,7,-0.9683568815558538,-3.0461952286096188,-0.9693081406729307,1886,False,False,0.06941470973894386,0.6296986491683055,True,20.689016587677724,0.22393364928909953
S0521,,751,150.0,11,-0.9352034275282843,-1.0032912433233137,-0.9399317353554256,2030,False,False,0.47411133627369173,0.8876010126654345,True,20.788230940044414,0.22575869726128794
S0522,,320,21.0,7,-0.7351039408486593,-2.1542908423576246,-0.7377538421492645,2257,False,False,0.0757038979616164,0.800480670548693,True,20.780417972831767,0.219435736677116
S0523,,712,164.0,7,-0.9903725298957973,-1.9389271153207317,-0.9912458329401891,1716,True,False,0.2891786863750149,0.8182041347569672,False,20.614184529356947,0.2190121155638397
S0524,,605,199.0,4,-0.8421849195637681,-0.7444724286881386,-0.8661201051054968,858,False,False,0.4452497317916319,1.0267788032579643,True,20.55799209486166,0.2150197628458498
S0525,,478,25.0,4,-0.9655072538904795,-2.297392402649339,-0.966391328624418,1862,False,False,0.09247347717248779,0.7094657356116129,True,20.517819856704197,0.2098259979529171
S0526,,761,40.0,7,-0.9389857318645097,-1.1799136514710373,-0.9457107451065022,2170,False,False,0.15986649183454524,0.7369814847964776,True,20.508770794824397,0.21534195933456562
S0527,,511,15.0,7,-0.8579217072793262,-1.2280006942677626,-0.8821140898828042,2222,False,False,0.14346406007867446,0.8648488461345502,True,20.539849119865885,0.21709974853310982
S0528,,557,42.0,8,-0.894017985776901,-1.0629306237799896,-0.9057304614094264,2550,False,False,0.2506520443437835,0.7868882980083158,True,20.750431309904155,0.21884984025559107
S0529,,516,51.0,7,-0.881261926510963,-0.6721411821550547,-0.9069138926195556,1790,False,False,0.3194850399332459,0.863262710135198,True,20.594946153846156,0.21384615384615385
S0530,,629,143.0,6,-0.14781029327042638,0.10539951786709258,-0.6598492279569312,1179,False,False,0.34479914173322207,0.7857101916504863,True,20.705369609856263,0.22073921971252566
S0531,,432,124.0,2,-0.9810824276980404,-0.7825766978738007,-0.9834196999753969,1269,True,False,0.39496006675408274,1.070359974744034,False,20.60847975553858,0.2184873949579832
S0532,,463,36.0,6,-0.8237005874246511,-1.8390608421859413,-0.8317406619802822,2657,False,False,0.23238049827154608,0.7904024661799325,True,20.686880952380953,0.21666666666666667
S0533,,483,86.0,7,-0.9744521993073925,-1.2707399471995695,-0.9781068385785359,2859,False,False,0.5505304565502444,0.9111350862093136,True,20.624110962566842,0.2159090909090909
S0534,,600,16.0,3,0.01236645220850452,0.196506342132364,-0.6066237611151867,1781,False,False,0.13570628203599952,1.3247700543060346,True,20.657021276595746,0.21953578336557059
S0535,,747,125.0,7,-0.8748219595754578,-1.3276716945411133,-0.8796225248216692,1037,False,False,0.2416545476218858,0.8028492815694351,True,20.86560999039385,0.23054755043227665
S0536,,715,155.0,9,-0.833817886939977,-0.5538960889361355,-0.867843190944318,1273,False,False,0.36739539873644056,0.831111976326639,True,20.56733891213389,0.21673640167364017
S0537,,583,130.0,4,-0.744732344253459,-0.33126850380921385,-0.8569476527121621,2076,False,False,0.7801215877935391,0.9772077225146975,True,20.644416445623342,0.21750663129973474
S0538,,552,113.0,4,-0.8408588172555103,-0.816996088920548,-0.8729928286176878,3248,False,False,0.4659864107760162,0.9400632755985074,True,20.649296246648795,0.217828418230563
S0539,,516,21.0,7,-0.925393927765179,-2.6166873918692612,-0.933303735578037,2601,False,False,0.06594349743712004,0.6558911311718684,True,20.57256434699714,0.21067683508102955
S0540,,606,58.0,7,-0.9815496097300207,-3.064062245965783,-0.983427810975686,1145,False,False,0.10898080820121588,0.7029494767244158,True,20.778267441860468,0.22674418604651161
S0541,,368,108.0,3,-0.7588846657132549,-1.5944069205822475,-0.7689730075937699,3043,False,False,0.6391083561807128,0.8867403192613051,True,20.602977566281442,0.21549966009517335
S0542,,620,151.0,5,-0.9792536121289391,-0.7906085990370301,-0.983413714306941,3375,False,False,0.7125092382882346,0.9050531397201914,True,20.710221453287197,0.22006920415224915
S0543,,761,34.0,7,-0.8558195956145522,-1.3832811028332233,-0.8676741132147358,1528,False,False,0.07032542615329598,0.6852657281412501,True,20.53684098185699,0.2198505869797225
S0544,,435,124.0,6,-0.9515839303450095,-2.0214182001177368,-0.9593236552646609,921,False,False,0.1439170342114674,0.8031412398374317,True,20.573135593220343,0.22033898305084745
S0545,,811,21.0,11,-0.8464155795875269,-1.7678599068115657,-0.850278207943992,1566,False,False,0.07122660627011562,0.72871491176374,True,20.75669291338583,0.2204724409448819
S0546,,620,155.0,3,-0.1655439487833752,-0.45662563551285945,-0.2559655696545343,2076,False,False,0.4288186911431637,0.7791029289984124,True,20.52466472303207,0.21477162293488825
S0547,,743,42.0,6,-0.7206020289561818,-1.2542590435506962,-0.7514594791618362,1992,False,False,0.17261652163547503,0.8203033476902163,True,20.574590909090908,0.22
S0548,,618,38.0,4,-0.8340000960888545,-1.5387711894979588,-0.8342818058011681,876,False,False,0.05098581475742043,0.7501561380527612,True,20.43733124018838,0.20094191522762953
S0549,,532,120.0,7,-0.9837844617584363,-0.7289224023851247,-0.9876792184133608,1482,False,False,0.46004052926451305,1.0429629469168729,True,20.58335281227173,0.21694667640613585
S0550,,586,115.0,9,-0.7496905008394146,-0.26149968495427156,-0.842856795556152,1835,False,False,0.601006079389677,0.9549721787306159,True,20.718865398167722,0.21846370683579985
S0551,,559,150.0,3,2.585599838013033,0.666428744762091,-0.5390852944330237,1768,False,False,0.672833472404339,0.9909619371130096,True,20.645288978494627,0.21774193548387097
S0552,,887,261.0,4,0.08908118256878095,0.17463526491493517,-0.33562895589495106,1267,False,False,0.21799976159256168,0.7412453374183221,True,20.47769751693002,0.208803611738149
S0553,,702,19.0,7,-0.7253793185122255,-2.2182420840597774,-0.7312026627595953,1373,False,False,0.02398855644296102,0.6047507252295379,True,20.761077199281868,0.21364452423698385
S0554,,855,176.0,7,-0.6322938890901926,-0.6763152623784909,-0.725744744256222,1798,False,False,0.7095196090118012,0.938975900394135,True,20.821476793248944,0.2250351617440225
S0555,,626,187.0,4,-0.6904182525909379,-1.7640762272114103,-0.7094853519590861,1694,False,False,0.6918583859816426,0.9847891616502122,True,20.605875169606513,0.2157394843962008
S0556,,400,24.0,6,-0.7905791019646718,-1.4335835077761732,-0.824060515896054,2454,False,False,0.06657766122303016,0.775006762660984,True,20.76612431444241,0.22760511882998172
S0557,,362,66.0,8,0.19918396791479753,0.24805273994438315,-0.34921312439255076,2023,False,False,0.2968554058886637,0.8299476220222867,True,20.784750430292597,0.22461273666092943
S0558,,761,56.0,5,-0.7150309875248646,-1.4410598785425623,-0.7233108004947837,1519,False,False,0.10091786863750149,0.7659934531915504,True,20.463755060728747,0.2145748987854251
S0559,,835,156.0,8,0.697542044022093,0.4223003960795731,-0.4692989784870897,1212,False,False,0.6451257599237096,1.002877501133739,True,20.682446588559618,0.21709166092350105
S0560,,761,29.0,6,-0.5209866086642402,-0.42919474415564973,-0.5747101440807689,2075,False,False,0.2682989629276433,0.8510348883374835,True,20.569383680555557,0.21788194444444445
S0561,,654,193.0,6,-0.8979978376874396,-0.5934789800568229,-0.9174361526105638,1393,False,False,0.32758612468709025,1.10051399082764,True,20.471696658097688,0.2133676092544987
S0562,,746,83.0,7,-0.8441848566630683,-1.0214909530222718,-0.8682053899065181,962,False,False,0.19785433305519132,0.7865566652385011,True,20.387076591154262,0.20496224379719524
S0563,,530,147.0,6,-0.49884501713431506,-0.624505851002926,-0.5990800325986279,1615,False,False,0.19725831445941114,0.900521934125305,True,20.597273542600895,0.21255605381165918
S0564,,935,15.0,7,-0.5394355606189363,-0.6924449594023984,-0.5759891100317388,1024,False,False,0.06359280009536297,0.8521730367773267,True,20.958302521008402,0.23697478991596638
S0565,,745,40.0,7,-0.7003831490688965,-2.5750018726778143,-0.7026090789307019,2258,False,False,0.1450089402789367,0.6878217536725539,True,20.602877094972065,0.22160148975791433
S0566,,620,156.0,3,-0.5107090770140568,-0.6754609751563793,-0.6351504800358758,2648,False,False,0.7488997496721898,0.9110447252803607,True,20.78112188365651,0.22299168975069253
S0567,,516,161.0,4,0.9565419261508781,0.5726521527097209,-0.4916756482399967,1988,False,False,0.4205936345213971,0.8188546250304327,True,20.628292682926833,0.2105691056910569
S0568,,349,33.0,5,-0.7843253894236798,-1.9872615708768042,-0.7937419745942582,1435,False,False,0.10144236500178806,0.7311765277933138,True,20.611738738738737,0.218018018018018
S0569,,504,18.0,8,-0.7180442596079054,-3.5094137087909063,-0.7238895988315687,3700,False,False,0.08317558707831685,0.6254720958763612,True,20.500207394048694,0.20468890892696123
S0570,,532,125.0,3,-0.9387475679058375,-0.6365199784309602,-0.9507609742370442,1511,True,False,0.47063058767433547,1.0401081833973929,False,20.57836734693878,0.2164723032069971
S0571,,471,14.0,11,-0.753148905967155,-1.4410306585138708,-0.7915835702807196,1788,False,False,0.07300989390868995,0.7715336511109924,True,20.886827094474153,0.22638146167557932
S0572,,884,119.0,5,0.9632189243475489,0.5169018615345214,-0.45168553221996816,1034,False,False,0.3017952080104899,0.8013127996040501,True,20.50380530973451,0.202275600505689
S0573,,464,94.0,7,-0.5068369102608871,-1.272673161846838,-0.5269148944517994,1468,False,False,0.2320514960066754,0.8570251523174439,True,20.859342105263156,0.22615131578947367
S0574,,461,95.0,6,-0.8974628944202344,-0.7372717410434969,-0.9302114452829805,2819,False,False,0.7055954225771844,0.9224507798979804,True,20.632625250501004,0.21710086840347362
S0575,,910,184.0,6,0.4757363304995714,0.3638494279038586,-0.4647523777396159,664,False,False,0.3499487424007629,0.8241361724616006,True,20.620569550931,0.21248630887185105
S0576,,602,118.0,5,-0.11762139886311129,-0.1947950543941708,-0.21729187723813922,795,False,False,0.16781499582786982,0.8179130836203864,True,20.787716836734692,0.22831632653061223
S0577,,760,26.0,6,-0.32384663938851355,-1.8620067398817377,-0.3272656293604179,1178,False,False,0.01912027655262844,0.6820616734148266,True,20.943894736842108,0.23859649122807017
S0578,,670,172.0,4,0.058071100312995005,0.1787356007171394,-0.21990211731879586,1415,False,False,0.47586601501966863,0.9397725305384919,True,20.691724960254373,0.2138314785373609
S0579,,928,177.0,7,-0.322824305618165,0.12235721320358717,-0.7190312801336324,943,False,False,0.5134819406365478,1.0214840851096325,True,20.70632713754647,0.2200743494423792
S0580,,664,195.0,3,3.445345072370994,0.87463759362994,-0.34113988352319813,740,False,False,0.3423435451186077,0.8052708758192211,True,20.373145478374834,0.19790301441677588
S0581,,516,111.0,6,-0.4433149815947772,-0.21363645764918696,-0.4544578462548265,889,False,False,0.09673143402074144,0.8622202923896363,True,19.94848368522073,0.1727447216890595
S0582,,516,120.0,6,-0.28064137406771583,-0.5530367098357746,-0.3601914717534479,1086,False,False,0.1276957921087138,0.8163862848146702,True,20.346623164763457,0.200652528548124
S0583,,626,224.0,2,-0.5643992245985994,-0.6767954306206806,-0.6267961856946066,923,False,False,0.5060293241149124,1.0249465936333402,True,20.56622009569378,0.21770334928229665
S0584,,699,174.0,5,0.7439479192848353,0.4326504845902124,-0.6408456694124799,1562,False,False,0.3269614971987126,0.8613183697266584,True,20.65748051948052,0.22251082251082252
S0585,,732,43.0,7,-0.3941021809830383,-2.3637249611330553,-0.4034269412369327,1233,False,False,0.026382167123614256,0.6328310810770998,True,20.795430916552668,0.2188782489740082
S0586,,703,104.0,8,-0.17771882260607796,-0.30117635060367076,-0.2939123642771893,1234,False,False,0.39388246513291214,0.7996135045818218,True,20.512397317686506,0.2154233025984912
S0587,,499,16.0,6,-0.469620795859754,-1.685716333794214,-0.47714968742098385,1283,False,False,0.08477291691500775,0.8867238497120731,True,20.550705521472388,0.21267893660531698
S0588,,626,161.0,5,-0.16939744298645332,-0.9330531411723824,-0.17733482899932618,285,False,False,0.038474192394802716,0.7406032134880821,True,20.287674418604652,0.19534883720930232
S0589,,772,212.0,5,-0.28395379016740696,-0.8269839355892098,-0.3316352868330718,867,False,False,0.24485397544403387,1.1144142732077273,True,20.489352517985612,0.2199383350462487
S0590,,811,15.0,8,-0.16635548471309325,-0.5793741269180066,-0.17379269411685544,952,False,False,0.07167481225414232,0.8986781732364236,True,20.672234185733515,0.22476446837146702
S0591,,827,157.0,7,-0.5448696815368128,-0.5737761385191672,-0.5966044513793151,1978,False,False,0.6803814519012993,0.9757125106472662,True,20.61818607764391,0.21619812583668005
S0592,,697,152.0,8,-0.20431807301449445,-0.02643029271682941,-0.4662852505274774,1117,False,False,0.5720300393372273,1.002899033704354,True,20.656244067796614,0.2176271186440678
S0593,,835,170.0,5,0.21831453334097217,0.26742018237745174,-0.35660781241254114,1284,False,False,0.6792084873048039,0.9886543925662831,True,20.645875251509054,0.21730382293762576
S0594,,627,26.0,7,-0.39216946427820976,-0.5392087186861273,-0.46870779633981446,1005,False,False,0.020688997496721897,1.1154131838022783,True,20.925310344827587,0.23793103448275862
S0595,,596,72.0,5,0.3069839052223138,0.5996044496682622,-0.11718006539599238,1374,False,False,0.22375968530218143,0.9919391284973752,True,20.75539040451552,0.2257761053621825
S0596,,835,170.0,7,1.086777173869503,0.5032400446774186,-0.7101979977148736,1113,False,False,0.45263082608177374,0.8296388044458904,True,20.66829228243021,0.2200328407224959
S0597,,749,140.0,5,-0.06700273723188843,-0.05361578493878034,-0.2409204554498803,1353,False,False,0.23894623912266064,0.8259906744525453,True,20.615196998123828,0.2129455909943715
S0598,,827,152.0,8,-0.6482949865722873,-1.1754207506536336,-0.6864872979623518,1995,False,False,0.6804482059840267,0.9753073732133926,True,20.621835231078368,0.21634293369055593
S0599,,811,26.0,10,-0.852663568323844,-2.2689501506750447,-0.852911659078063,993,False,False,0.03804505900584098,0.6109578074228215,True,20.620929054054056,0.21114864864864866
S0600,,729,134.0,5,-0.310199346329629,-0.907901435928884,-0.3325061030660611,1431,False,False,0.21038979616164025,0.8032000280441091,True,20.663908450704227,0.21654929577464788
S0601,,811,98.0,7,-0.5187133952735677,-0.7464220985834912,-0.5804971341190691,878,False,False,0.27227559899868875,0.7882566511464737,True,20.36371227364185,0.20321931589537223
S0602,,743,46.0,5,-0.41359060619940324,-1.0761915549039867,-0.457425621003599,1456,False,False,0.12539754440338538,0.8135898212325574,True,20.615154440154438,0.21911196911196912
S0603,,390,35.0,5,-0.4277950615074415,-1.066597912089754,-0.46158209581219795,915,False,False,0.08624627488377637,0.7222793181548113,True,20.269376854599408,0.1913946587537092
S0604,,518,104.0,3,0.01050330016297174,0.11341201875613217,-0.5008150756754401,1739,False,False,0.3073739420669925,0.8632757562486213,True,20.631367924528302,0.21462264150943397
S0605,,884,158.0,7,1.4755006457717181,0.7283458858052587,-0.349571529806239,680,False,False,0.342744069614972,0.8321046382229547,True,20.760274914089344,0.2222222222222222
S0606,,461,96.0,6,-0.5176967015390406,-0.5928743398793558,-0.6060942222141552,2423,False,False,0.516190249135773,0.9413456997647215,True,20.682739225712197,0.2220598977355734
S0607,,552,13.0,6,-0.2812450190923471,-1.1561147351141579,-0.28300432308063905,1765,False,False,0.04420550721182501,0.7224833963313861,True,20.707302631578948,0.21898496240601503
S0608,,835,160.0,5,1.7147266508588421,0.6541117397278579,-0.29699911137666374,1346,False,False,0.6796662295863631,0.9928640158833377,True,20.657116154873165,0.21762349799732977
S0609,,1178,346.0,5,0.002281590679180212,0.03521574398572114,-0.1122391644684668,333,False,False,0.18808439623316248,0.7957910703811824,True,20.456577868852463,0.19672131147540983
S0610,,697,165.0,7,-0.3469684743739857,-0.5936450689006432,-0.434965096118202,1826,False,False,0.21823816903087376,0.8417947038038632,True,20.689196172248803,0.22296650717703348
S0611,,835,204.0,2,3.5020849491436072,0.7268776394568037,-0.5366535275043345,886,False,False,0.463869352723805,0.8345915021799383,True,20.57249795918367,0.2163265306122449
S0612,,743,68.0,8,-0.38221410861880034,-0.620877568240782,-0.4744165801359635,890,False,False,0.14009774704970795,0.7966603818360664,True,20.827448840381994,0.22373806275579808
S0613,,586,128.0,5,0.0361852598247856,0.1447601479297763,-0.4354689058325481,1783,False,False,0.3736130647276195,0.8418657300791303,True,20.67555292259084,0.22274881516587677
S0614,,973,142.0,9,1.3091038419126928,0.7429661244821655,-0.2509744783297466,632,False,False,0.33365120991774944,0.831941918680395,True,20.546730538922155,0.20838323353293414
S0615,,726,16.0,7,-0.23294346328934556,-1.7192776182378804,-0.2351672878575523,616,False,False,0.014590535224699011,0.5521011708949946,True,20.089934853420193,0.16286644951140064
S0616,,697,177.0,5,0.12419903367820484,0.19883628188896926,-0.2730147788222025,1072,False,False,0.5737847180832042,1.0020763483777924,True,20.59880708929789,0.2174505794137696
S0617,,829,173.0,4,0.2439988811071101,0.2768299498190204,-0.32022676853193066,1587,False,False,0.8058791274287758,0.9757229355521139,True,20.656784053156144,0.21794019933554817
S0618,,827,156.0,5,-0.328020455163447,0.17478702937317503,-0.6634138317376121,1445,False,False,0.7376850637739898,0.9782722097394543,True,20.637966666666664,0.21733333333333332
S0619,,855,186.0,7,-0.5869241600926787,-1.0019468444262432,-0.5960090553688894,801,False,False,0.39662891882226725,0.8482555523652437,True,20.70413852813853,0.22164502164502164
S0620,,754,146.0,4,0.42376810326821746,0.7613895136306515,-0.15775270348442455,1099,False,False,0.4078293002741685,0.8947716724479737,True,20.581169544740977,0.21271585557299844
S0621,,697,172.0,8,1.7750206464272185,0.6241236099916345,-0.5141900667852525,712,False,False,0.2645035165097151,0.8323553047042863,True,20.5158984375,0.20963541666666666
S0622,,827,163.0,8,1.1535977130108948,0.5332252247064693,-0.34715723414234084,1400,False,False,0.7406174752652283,0.9784671222561352,True,20.63787049399199,0.21762349799732977
S0623,,884,149.0,11,0.02860096656098987,0.1418889453319034,-0.38528367313133416,1348,False,False,0.19368697103349625,0.7969066006910603,True,20.572980501392756,0.21727019498607242
S0624,,744,166.0,8,-0.03057303854210891,0.08356695858004805,-0.3857305402108515,836,False,False,0.22798903325783765,0.84459782191819,True,20.605119680851065,0.20877659574468085
S0625,,538,136.0,5,-0.46002455373667894,-0.5729976927764546,-0.5258664578953053,1543,False,False,0.40864465371319586,0.8811627090485958,True,20.570722222222223,0.2111111111111111
S0626,,699,172.0,6,0.7752423097426595,0.43818256247762555,-0.7241656740250487,1705,False,False,0.27869829538681606,0.8625457138217549,True,20.68553682342502,0.22448979591836735
S0627,,713,155.0,7,-0.21293146590882528,-0.0031553220301294466,-0.5846068784153057,1117,False,False,0.18296817260698534,0.822811506991435,True,20.779494252873562,0.22758620689655173
S0628,,699,170.0,5,0.5697313354401168,0.3926690732578427,-0.39123980391828356,1140,False,False,0.570919060674693,1.0027478096064069,True,20.640221625251847,0.21759570181329752
S0629,,761,69.0,6,-0.10562259802892693,-0.3098522214155189,-0.1814211642712531,1558,False,False,0.24133984980331386,0.8087268135848449,True,20.55960966542751,0.2211895910780669
S0630,,234,70.0,6,-0.040148529184361514,-0.11449729588553229,-0.19083141082717353,141,False,False,0.025328406246274884,0.7603665639663592,True,19.96,0.21481481481481482
S0631,,567,238.0,3,0.06349761168651269,0.14931487867461452,-0.20230900192967688,451,False,False,0.2527023483132674,0.8999676392691415,True,19.901410852713177,0.17829457364341086
S0632,,835,207.0,2,2.137319354872416,0.6480563485772842,-0.5901983940307038,981,False,False,0.5161330313505781,0.8315039680593694,True,20.548999211977936,0.21828211189913319
S0633,,906,162.0,6,0.6421256183286648,0.6152470828676568,-0.21394836660572875,1157,False,False,0.6101180116819644,0.9995044509312886,True,20.718388227049758,0.22004204625087595
S0634,,835,160.0,7,0.26227026214879756,0.2792845102490234,-0.544292692227074,824,False,False,0.4535367743473596,0.8332307823937243,True,20.659144385026735,0.2192513368983957
S0635,,895,167.0,7,0.5704118185757356,0.390033420796878,-0.36622908648448543,1322,False,False,0.6626344021933485,0.9922641976483966,True,20.648161764705883,0.21724598930481284
S0636,,835,157.0,7,0.028136069898481608,0.11163670905212549,-0.4231503446573282,978,False,False,0.5150697341757062,0.8384451867458735,True,20.54710567823344,0.21529968454258674
S0637,,697,163.0,5,2.963413211673689,0.9418531781853,-0.2988752609231516,1082,False,False,0.5681106210513768,1.0067299588924468,True,20.671488340192045,0.2187928669410151
S0638,,697,163.0,8,0.1300322273968153,0.279104654811049,-0.7106710206706643,1271,False,False,0.36157825724162596,0.8372141815495615,True,20.597956140350874,0.22280701754385965
S0639,,865,467.0,3,-0.08714199474732065,-0.14074296156979565,-0.24696681492780484,150,False,False,0.13202050303969484,1.052231034195267,True,20.950872483221477,0.22818791946308725
S0640,,1612,315.0,6,0.4860511897396169,0.37840266742415346,-0.715945591716586,765,False,False,0.7329598283466444,0.9884890931486412,True,20.805194621372962,0.22151450813871196
S0641,,561,223.0,4,-0.9996534045683155,-1.2427623009764202,-0.9997413686917467,1618,True,False,0.702014542853737,0.9740460610895222,False,20.59536152796726,0.2155525238744884
S0642,,1174,291.0,8,-0.8858373164573644,-0.39574499900084376,-0.9099493249212615,1714,False,False,0.5482608177375135,0.9958956246707764,True,20.678438395415473,0.22063037249283668
S0643,,2043,621.0,5,-0.999666627340809,-1.3462944191167658,-0.9997730970777862,812,False,False,0.6026177136726666,1.0272020513712028,True,20.811027450980394,0.2211764705882353
S0644,,1652,519.0,4,-0.9999222077292418,-1.1349611042608683,-0.9999495461265967,838,True,False,0.535873167242818,1.053163048355646,False,20.630277998411437,0.21842732327243844
S0645,,1161,311.0,4,-0.67125494203303,-0.12998280777254423,-0.8742730343162262,1974,True,False,0.35571343425914886,0.932661835068368,False,20.51069849690539,0.20954907161803712
S0646,,1611,300.0,5,-0.5431447579785482,0.009296273817141215,-0.820531452701884,980,False,False,0.6269781857193945,1.008788148363787,True,20.77914643119941,0.21927888153053715
S0647,,567,247.0,3,-0.9996299651428296,-0.9391292421071074,-0.9997103033990615,1330,True,False,0.7727309572058648,0.9603468441415997,False,20.621813261163734,0.21718538565629228
S0648,,2014,627.0,6,-0.9979266695246404,-0.9948733491589951,-0.998387542235289,499,True,False,0.8117391822624865,0.9673998721080275,False,20.66347271438696,0.21686746987951808
S0649,,1770,547.0,6,-0.997812406372729,-0.9683491802830576,-0.9984379998737783,562,False,False,0.7761401835737275,0.9689376432096968,True,20.71784482758621,0.22054597701149425
S0650,,723,249.0,3,-0.9994658798912469,-0.8635927576303033,-0.999652035916332,1209,True,False,0.795656216473954,0.9565640568736306,False,20.588837052062203,0.2150101419878296
S0651,,3292,1257.0,4,-0.9998385526873328,-0.843934888694214,-0.9998976158073458,434,True,False,0.5364310406484682,0.9865298281400631,False,20.71665067178503,0.22072936660268713
S0652,,690,239.0,4,-0.8982661948606121,-0.4299674181760158,-0.9238818325569969,1220,False,False,0.3866253427106926,0.7876131910927672,True,20.838902991840435,0.22121486854034453
S0653,,1646,590.0,5,-0.9997933960089433,-1.3684940157667875,-0.9998301042557247,675,True,False,0.7107927047323876,0.9928524353021987,False,20.647093195266272,0.21523668639053253
S0654,,1042,264.0,5,-0.39491471362085473,0.09814943671452836,-0.8468423560107159,1106,False,False,0.48142567648110624,0.7903039126900414,True,20.57342879872713,0.20843277645186953
S0655,,1488,551.0,4,-0.9999804296706882,-1.3391775082492474,-0.9999881591351091,754,True,False,0.6519156037668375,1.00533326019481,False,20.64881548974943,0.21716021260440393
S0656,,1646,622.0,3,-0.9999919608607095,0.3807512473931834,-1.000176374898873,812,True,False,0.6026177136726666,1.0272020513712028,False,20.811027450980394,0.2211764705882353
S0657,,745,250.0,3,-0.9988568345856582,-0.9270684946051252,-0.9990686356151551,1137,False,False,0.778481344617952,0.9731201747476818,True,20.606850340136056,0.21564625850340136
S0658,,4730,1598.0,2,-0.9999211968063286,-0.5017858202838346,-0.9999722085292098,215,True,False,0.7740946477530098,0.9486911131511592,False,20.775882352941178,0.22431372549019607
S0659,,546,214.0,6,-0.818614912837784,-0.10622939461366628,-0.8593454489660344,875,False,False,0.41026582429371794,1.0298192501496999,True,20.49936170212766,0.21358428805237317
S0660,,4730,1515.0,5,-0.9987478161311726,-0.7321263502551145,-0.9994734310000036,215,False,False,0.7740946477530098,0.9486911131511592,True,20.775882352941178,0.22431372549019607
S0661,,1692,490.0,7,-0.9999110643972257,-1.0945782598563354,-0.9999449689750688,781,False,False,0.6053927762546192,1.016478581035738,True,20.63487748851455,0.21745788667687596
S0662,,4463,1362.0,7,-0.999921822067646,-0.3874889163055201,-0.9999568252114011,320,True,False,0.6247085469066634,0.964546091233921,False,20.56286607142857,0.21696428571428572
S0663,,3292,1334.0,5,-0.9877473722540071,-0.7696715175359168,-0.9898222029233092,388,False,False,0.5116843485516748,0.986117405175683,True,20.483674698795177,0.21987951807228914
S0664,,1646,466.0,6,-0.9999465921710015,-1.3113790639349436,-0.9999689982298291,935,False,False,0.5554225771844081,1.0156217500640454,True,20.64478632478632,0.21678321678321677
S0665,,1174,340.0,8,-0.8136061305697784,-0.41936112146123905,-0.8421264940671982,1762,True,False,0.4334628680414829,1.036758120749178,False,20.866105263157895,0.22706766917293233
S0666,,1535,39.0,9,-0.9200892682131515,-2.2195458803461374,-0.9330327786160774,972,False,False,0.06848015258076053,0.8496958907820834,True,20.882277777777777,0.2388888888888889
S0667,,4730,1598.0,2,-0.997116068807092,-0.9944658213401552,-0.9983922015446981,215,True,False,0.7740946477530098,0.9486911131511592,False,20.775882352941178,0.22431372549019607
S0668,,1652,491.0,4,-0.9993956736111622,-1.4642363571820913,-0.9995630708831778,841,True,False,0.6556872094409345,1.0076056198922925,False,20.635682326621925,0.21700223713646533
S0669,,1131,209.0,6,-0.5227378049449583,0.02018905997176647,-0.8441353565868667,1021,False,False,0.4083204195970914,0.9545231586752644,True,20.607339285714282,0.22232142857142856
S0670,,1448,369.0,6,2.346427437200678,0.6496566668831868,-0.7297236595787857,1622,True,False,0.4100560257480033,0.947679819098321,False,20.880316742081448,0.2316742081447964
S0671,,843,232.0,4,-0.7996964008414041,-0.7949542647023027,-0.8782083036587535,974,False,False,0.1869018953391346,0.8016416595615261,True,20.958022813688213,0.21546261089987326
S0672,,1652,527.0,3,-0.939586381451741,-1.925945116236362,-0.9440293371201608,734,False,False,0.747779234712123,0.978374118726365,True,20.738862660944207,0.21959942775393418
S0673,,1652,558.0,5,-0.9562916353101791,-1.52320844785479,-0.9610165254714735,546,False,False,0.7583073071879842,0.9731699078424363,True,20.733717579250722,0.22046109510086456
S0674,,1612,326.0,6,-0.44058878714805383,-0.03992594637717797,-0.7694044769332998,878,False,False,0.819783049231136,0.9790672015685418,True,20.76696636925189,0.22168840082361016
S0675,,1271,332.0,3,1.5368876324289933,0.5692643476186243,-0.5285145617783537,786,True,False,0.31560853498629154,0.812969255518264,False,20.53901766004415,0.2163355408388521
S0676,,1196,335.0,7,-0.6447269641910648,-0.30897300732928756,-0.8634124067982261,1070,False,False,0.5803886041244487,1.0014142004000839,True,20.618673237300985,0.21152388172858225
S0677,,1162,92.0,8,-0.8609343259956513,-0.9788753774079065,-0.894370097693752,1077,False,False,0.17620216950768863,0.8523215718620402,True,20.654728434504793,0.22790202342917998
S0678,,1692,515.0,5,-0.9880316365567611,-1.536500250978322,-0.9906443971754343,930,False,False,0.5990845154368817,1.0271349399562455,True,20.74637904468413,0.22033898305084745
S0679,,4730,1598.0,2,-0.9761802136525551,-1.053532974150882,-0.9862234459130496,215,False,False,0.7740946477530098,0.9486911131511592,True,20.775882352941178,0.22431372549019607
S0680,,930,243.0,4,-0.7518728504443553,-1.0618878437753998,-0.7880905874250402,1342,False,False,0.44983669090475625,0.7937583018562667,True,20.6140525477707,0.214171974522293
S0681,,897,21.0,6,-0.8487172446318542,-2.338114633303686,-0.8571818927847892,1958,False,False,0.04895935153176779,0.6085030282116165,True,20.450732292917166,0.19687875150060025
S0682,,1611,339.0,5,-0.06138262229593061,0.19201268621128212,-0.5382750906404468,1780,False,False,0.4850208606508523,1.0460300984582895,True,20.835230215827337,0.22661870503597123
S0683,,4560,2267.100000000035,3,-0.9929816843971325,-0.7513362727214472,-0.9963383863756125,156,False,False,0.3784050542376922,1.0540628899272242,True,21.511642011834322,0.2440828402366864
S0684,,618,160.0,7,0.20263584664949463,0.25438836622310473,-0.6001196958423103,891,False,False,0.1586792227917511,0.8404478276051867,True,20.677919143876338,0.21759809750297265
S0685,,1615,501.0,6,-0.9299594999279495,-0.5553038925329087,-0.9602806763347268,296,False,False,0.278321611634283,1.0512350191393263,True,21.290362776025237,0.2444794952681388
S0686,,897,151.0,6,-0.2822722663090045,0.05053028135895739,-0.6961015955345136,1821,False,False,0.4796233162474669,0.8365077038886344,True,20.647303195635228,0.21434138737334374
S0687,,2150,309.0,6,0.5099610092714568,0.3938855727797509,-0.5663933719301386,516,False,False,0.26756466801764217,0.744005395913884,True,20.617270194986073,0.21030640668523676
S0688,,2014,629.0,6,-0.9990231028460136,-0.9041902866650106,-0.9993408080486962,499,True,False,0.8117391822624865,0.9673998721080275,False,20.66347271438696,0.21686746987951808
S0689,,723,243.0,4,-0.9500880943865994,-1.6557911981376436,-0.9553413500481177,1138,False,False,0.7787245202050304,0.9731458484013207,True,20.606850340136056,0.21564625850340136
S0690,,745,241.0,4,-0.9928894431110543,-1.2094863154296804,-0.9940337520780828,891,False,False,0.598221480510192,1.0039532415298744,True,20.61717894736842,0.21754385964912282
S0691,,1611,322.0,4,-0.5826290821508373,-0.057389260261199254,-0.904676002381852,891,False,False,0.8376493026582429,0.9758665273246274,True,20.747234332425066,0.22138964577656675
S0692,,3292,1411.0,4,-0.998144050254157,-0.6755346953514253,-0.9987660744866399,505,False,False,0.3518416974609608,0.9816529284739621,True,20.70054945054945,0.23321123321123322
S0693,,933,248.0,6,-0.48601029975905274,-0.07889681092835694,-0.8015499000911692,717,False,False,0.25752771486470377,0.8504745555211318,True,20.84093641618497,0.2300578034682081
S0694,,1405,515.0,4,-0.9626725246973065,-1.8523380804374585,-0.9658174970784229,1073,False,False,0.4776397663607104,1.0139834355925232,True,20.601284403669727,0.2151793160967473
S0695,,1286,55.0,7,0.7068033148839996,0.4260969631859919,-0.6181853201192451,1242,False,False,0.18672547383478363,0.8326117275831739,True,20.610884184308844,0.2191780821917808
S0696,,1685,178.0,8,-0.7151325186508495,-0.7424630363002241,-0.7827050073949913,1158,False,False,0.46910478006913814,0.7853096648845691,True,20.68031428571429,0.22
S0697,,1124,467.0,5,-0.5890123689019601,0.04790109445322096,-0.8498178378881838,359,False,False,0.4224722851352962,0.9119274649690002,True,20.7375678866588,0.22786304604486424
S0698,,1770,523.0,7,-0.9324429468982642,-1.531639457192525,-0.9401859428642979,734,False,False,0.747779234712123,0.978374118726365,True,20.738862660944207,0.21959942775393418
S0699,,731,262.0,3,-0.7393018146854987,-0.46160590380997735,-0.7738144411316702,1077,False,False,0.44854929073787103,0.7898004412526751,True,20.71299385425812,0.218612818261633
S0700,,1174,291.0,8,-0.7774421942334674,-0.41261750304967765,-0.8124630460838032,1714,False,False,0.5482608177375135,0.9958956246707764,True,20.678438395415473,0.22063037249283668
S0701,,889,20.0,7,-0.8618462863935668,-3.112255292789744,-0.8631806873390196,1606,False,False,0.043218500417213014,0.5799388624313552,True,20.687887874837028,0.2255541069100391
S0702,,1162,237.0,5,-0.934809946818468,-0.9659177881352442,-0.941944447623576,1088,True,False,0.23127428775777803,0.8440014004249436,False,20.715105105105106,0.22622622622622623
S0703,,1172,265.0,3,-0.2411113189446915,0.13381342155580667,-0.699875483746694,1841,False,False,0.48562164739539876,0.9872730808143741,True,20.67522671063479,0.2225886232481451
S0704,,1172,97.0,7,-0.30877067431458427,-0.2475370309614067,-0.5183824136633133,1093,False,False,0.17607819763976637,0.864332143742678,True,20.619581036383682,0.22601984564498345
S0705,,4047,53.0,5,-0.34723866570008366,-1.0840840435079102,-0.39301335462010867,336,False,False,0.021194421265943498,1.0631332844887396,True,20.81506329113924,0.21940928270042195
S0706,,1126,254.0,7,2.4811732490094816,0.9295624676925198,-0.28922734567309477,714,False,False,0.4378638693527238,0.8779001248895542,True,20.564967978042084,0.22140896614821592
S0707,,1447,21.0,7,-0.8342628551725597,-1.723696026463623,-0.8505530271829559,1097,False,False,0.03489808082012159,0.7204570923430805,True,20.671479885057472,0.23132183908045978
S0708,,1286,15.0,7,-0.7870350209035433,-1.8930042994108238,-0.7901934227497261,1621,False,False,0.02516152103945643,0.906679031580589,True,20.66620165745856,0.2223756906077348
S0709,,1329,505.0,5,-0.9467638137399857,-0.7902439210639215,-0.9610805389569885,440,False,False,0.3105495291453093,1.1677618509860603,True,20.950185676392575,0.23872679045092837
S0710,,1528,96.0,8,-0.9477415015054922,-2.1453611562998054,-0.9536996439222536,645,False,False,0.07493622601025152,0.8587490913409533,True,20.719922928709053,0.2350674373795761
S0711,,1608,364.0,9,0.5800584203617265,0.4118831956362752,-0.43153617278849393,1293,False,False,0.580946477530099,1.0276219855882047,True,20.789607272727274,0.224
S0712,,4651,1532.0,5,-0.9890773380041852,-0.9104827843489178,-0.9923590617711409,320,True,False,0.6761759446894743,0.9779284654250542,False,20.460575296108292,0.21235194585448391
S0713,,1095,55.0,3,0.09808515667741968,0.17748283911471824,-0.3398073804198805,1142,False,False,0.14610084634640602,0.8300029643801616,True,20.357679083094556,0.19484240687679083
S0714,,988,64.0,7,-0.6738018655166378,-1.3120034017737539,-0.6783578669699231,747,False,False,0.08248897365597807,0.6255915442767978,True,20.639481605351172,0.2140468227424749
S0715,,1174,313.0,8,0.3296334644600418,0.32620707510257346,-0.6148781424978482,866,False,False,0.46780784360472044,1.0156880578847116,True,20.768138597904915,0.2199838839645447
S0716,,1161,259.0,4,-0.7564471204713502,-0.590123174703657,-0.7949759844169293,2071,False,False,0.5436929312194541,0.9631224129852965,True,20.604412470023984,0.21422861710631494
S0717,,2025,47.0,5,-0.6575347639556636,-2.4631755611803685,-0.6584940475341389,730,False,False,0.05017046131839313,0.8333851422884532,True,20.88457425742574,0.2396039603960396
S0718,,1235,35.0,4,-0.4086423379124321,-1.1412021141077933,-0.4194846568431129,1638,False,False,0.04817260698533794,0.7423368700783194,True,20.51487684729064,0.21839080459770116
S0719,,1503,310.0,6,-0.07475668110331646,-0.028253545238083013,-0.32493285710855163,550,False,False,0.22860889259744904,0.7873513689173702,True,20.701975476839237,0.22615803814713897
S0720,,555,160.0,5,-0.3126909723726433,-0.04295358120441662,-0.6556351082002916,1826,False,False,0.22653951603290023,0.8405833175231999,True,20.52035348837209,0.20930232558139536
S0721,,1685,68.0,9,-0.6441782501700601,-0.6001509431980363,-0.6732116971333163,1118,False,False,0.13680295625223507,0.7810368558323039,True,20.71971153846154,0.2239010989010989
S0722,,1615,481.0,7,-0.7697913176440089,-0.8119852929768504,-0.7953779034718496,255,False,False,0.2138180951245679,0.9692247760509722,True,21.036957446808508,0.2170212765957447
S0723,,1607,345.0,7,0.6870530863906632,0.48880520169851194,-0.31310238006532437,1123,False,False,0.6868279890332578,0.9978511517493945,True,20.758217054263564,0.2219873150105708
S0724,,3292,1331.0,4,-0.9618924216621655,-1.138473766711063,-0.9682971058541094,369,False,False,0.47664322326856595,1.0006433739534388,True,20.62366666666667,0.22395833333333334
S0725,,1736,398.0,6,-0.8302619214396455,-0.4582797951676549,-0.882055586790583,484,False,False,0.32518297770890453,1.1167655047522818,True,20.596980440097802,0.2176039119804401
S0726,,652,12.0,7,-0.5006784679297169,-0.7547866339534551,-0.5345564611973485,1213,False,False,0.014390272976516866,0.720858275906925,True,20.602705530642748,0.2062780269058296
S0727,,1982,981.0,5,-0.6788814604762271,-1.3349793386366124,-0.6898232762406411,264,False,False,0.14026940040529265,0.9247325764044435,True,22.119748603351958,0.2737430167597765
S0728,,1301,186.0,6,0.37880143181080195,0.3277503340238553,-0.5752826765813519,652,False,False,0.2601454285373704,0.8222259305558967,True,20.745516826923076,0.22596153846153846
S0729,,787,111.0,4,-0.613353836836917,-0.8884786681535937,-0.6358699061763595,1152,False,False,0.11876504946954344,0.807823256590464,True,20.428506024096386,0.21445783132530122
S0730,,1987,706.0,5,3.396684335290031,0.9724654271453954,-0.2954667563182745,868,False,False,0.40326618190487545,1.0782516512762166,True,20.86647276084949,0.22530009233610343
S0731,,1584,197.0,6,-0.2460176410980448,0.18842167714490524,-0.8320871872103794,568,False,False,0.4364191202765526,0.830162438777378,True,20.6892458374143,0.21841332027424093
S0732,,1589,112.0,5,1.3719493003305843,0.5810759362147435,-0.5927830275400409,448,False,False,0.20766241506735011,0.7925827050795934,True,20.524991789819378,0.22167487684729065
S0733,,1652,554.0,4,-0.9680854801903561,-1.3285205506511724,-0.9734694463297382,569,False,False,0.7821003695315294,0.9678031454892448,True,20.71144388849178,0.22087205146533237
S0734,,1480,34.0,7,-0.7169242011601228,-2.1831380067302235,-0.7395302600460489,929,False,False,0.037139110740255096,0.5978666550108758,True,20.74261194029851,0.22388059701492538
S0735,,1142,106.0,3,-0.5434426811931221,-0.2841928993218092,-0.6065581885698688,573,False,False,0.15243294790797474,0.77131999546035,True,20.798076923076923,0.21955128205128205
S0736,,1269,15.0,5,0.04635223298597313,0.13050727321015743,-0.25806078096987156,843,False,False,0.02867564668017642,0.9030227714795165,True,20.964229074889868,0.22466960352422907
S0737,,1528,111.0,7,-0.791507361200643,-2.0191609686597376,-0.8061476218629782,713,False,False,0.09837644534509477,0.8455219626468604,True,20.63949910554562,0.23434704830053668
S0738,,1763,358.0,6,2.1261783104790646,0.7443763679362195,-0.540736902870555,1201,False,False,0.21475742043151747,0.879637195590542,True,20.766894409937887,0.2248447204968944
S0739,,770,147.0,7,-0.36112743638965794,-0.8154971126405901,-0.38184482459528213,704,False,False,0.25039933245917273,0.8313882692190749,True,20.877708333333334,0.23032407407407407
S0740,,4149,211.0,6,-0.6907698618929285,-1.2275279753756547,-0.7117102125203033,405,False,False,0.1327404935033973,1.0238069288208358,True,20.81491606714628,0.2589928057553957
S0741,,1444,450.0,4,1.7388108689499617,0.7712853985664863,-0.3423779006045347,394,False,False,0.44984145905352246,0.8242894250548981,True,20.566483516483515,0.2153846153846154
S0742,,3568,1772.0,6,-0.7608584386370243,-0.6645010370166685,-0.7979241463501334,186,False,False,0.264164977947312,0.9845925854264731,True,21.76443594646272,0.25812619502868067
S0743,,1447,52.0,6,-0.3388125151010074,-0.5774641973168715,-0.43565031006439314,1065,False,False,0.08639408749552986,0.682403998283206,True,20.576164736164735,0.22393822393822393
S0744,,4141,15.0,6,-0.2984991379259946,-0.153436603557055,-0.5441433191183251,411,False,False,0.017074740731910835,1.60275393958499,True,20.750860655737704,0.22131147540983606
S0745,,5367,3198.800000000003,2,-0.329478029463953,-0.04190972708732306,-0.6549819221273762,83,False,False,0.49854809870067945,0.921961137049409,True,20.724745341614906,0.2124223602484472
S0746,,5530,2736.0,5,-0.8924384630677498,-1.2428886886670967,-0.9183329511640653,102,False,False,0.6022362617713672,0.9079848028014957,True,20.246863543788187,0.18533604887983707
S0747,,1589,29.0,7,1.1895111093940076,0.7365330616656406,-0.27122511757666723,893,False,False,0.11187030635355823,0.8085475465818721,True,20.548328402366863,0.22337278106508876
S0748,,1832,225.0,6,-0.5758861059050722,-0.7620347414440451,-0.5876339987344743,909,False,False,0.1947979496960305,0.8801015731207207,True,20.893749999999997,0.2303370786516854
S0749,,1611,327.0,4,-0.19940313988831204,-0.2544827333037929,-0.38985006468317956,886,False,False,0.8343974251996662,0.9766498018578773,True,20.75821038251366,0.22199453551912568
S0750,,1607,308.0,8,1.656417349434041,0.5903725330294943,-0.8356141543042287,755,False,False,0.7600524496364287,0.9889822380663756,True,20.772160664819946,0.2236842105263158
S0751,,1587,365.0,2,1.551095110717457,0.601382688803587,-0.5194543426833448,719,False,False,0.6821647395398737,1.0052968231694228,True,20.761534050179208,0.21863799283154123
S0752,,1842,259.0,4,-0.7466875964014044,-0.7107748338374682,-0.7738561248784643,494,False,False,0.18806055548933126,0.7940799452005771,True,20.554375,0.21474358974358973
S0753,,1286,21.0,9,-0.46053725114306077,-1.3489373282186783,-0.4717548014798232,1527,False,False,0.050480390988198835,0.8444132094669213,True,20.59952755905512,0.21916010498687663
S0754,,1607,340.0,6,-0.7227949097921631,-0.2132052443665221,-0.738226026337712,1896,True,False,0.4192680891643819,1.047095170692259,False,20.88783105022831,0.2267884322678843
S0755,,1286,39.0,7,-0.19453380668466158,-0.9083786987126788,-0.20873135774340207,1480,False,False,0.06697818571939444,0.6756475395306285,True,20.453283783783785,0.21891891891891893
S0756,,1763,290.0,10,-0.3308457173238557,-0.3504436507205612,-0.4917730369455297,805,False,False,0.3825819525569198,0.8273853784654234,True,20.659463019250254,0.21783181357649442
S0757,,1448,386.0,4,1.2471708361635705,0.7571286321964694,-0.3664148100983938,930,False,False,0.28129216831565146,0.7677618460849235,True,20.88174832962138,0.23051224944320714
S0758,,1589,13.0,7,-0.08354522765344741,-0.7247180128351697,-0.11371978962603332,1074,False,False,0.018366909047562285,0.8680880184745774,True,20.588593220338982,0.21864406779661016
S0759,,2282,485.0,4,-0.4344405947455955,0.03285115030316783,-0.7455672512891863,589,False,False,0.7396352366193826,0.9753943151730489,True,20.709416543574594,0.22082717872968982
S0760,,4228,13.0,7,0.048410113901814045,0.1936912604417499,-0.07485446146091143,201,False,False,0.002512814399809274,1.0634692560007155,True,19.562142857142856,0.16964285714285715
S0761,,850,37.0,5,-0.44420527070455207,-2.0710458406767045,-0.4511683755883302,1342,False,False,0.11005840982238646,0.6912485921960014,True,20.465348557692305,0.20192307692307693
S0762,,884,153.0,9,-0.48308859177129293,-0.8108457076677689,-0.5187537973827123,1324,False,False,0.2073763261413756,0.8140111560701648,True,20.764662027833,0.22266401590457258
S0763,,988,13.0,7,-0.4456613540747336,-3.617752724436,-0.45194291188200153,927,False,False,0.018052211228990346,0.5452790715274559,True,20.45091649694501,0.21384928716904278
S0764,,1270,40.0,8,-0.7390193091674018,-1.8247664348990897,-0.7538229350688285,1820,False,False,0.1350816545476219,0.7245947592495708,True,20.581127733026467,0.21634062140391255
S0765,,1763,324.0,8,0.04378679507152561,0.13732264721440354,-0.5666834804495802,510,False,False,0.5156419120276553,0.82295657966397,True,20.620859519408505,0.21903881700554528
S0766,,1588,282.0,5,0.08673443578254236,0.18456753956879401,-0.23781319800075745,916,False,False,0.14849922517582548,0.8539691346809526,True,20.783630672926446,0.23630672926447574
S0767,,511,163.0,2,0.2355538769740142,0.37342280571281034,-0.1785468420444162,1278,False,False,0.2611276671832161,0.8354828832723793,True,20.492188879082086,0.21006178287731686
S0768,,1988,694.0,7,5.442265821020163,0.8428432405845212,-0.47422512709862435,999,False,False,0.35641912027655265,1.0580941825137382,True,21.0092051030422,0.2365063788027478
S0769,,17821,14548.800000000017,6,3.431794237667032,1.041579829417722,-0.3015942603524026,57,False,False,0.154807485993563,0.9911451356046033,True,20.066477272727273,0.125
S0770,,1366,319.0,7,-0.36433225313735473,-0.008783684589156597,-0.5953460519028527,1206,False,False,0.671865538204792,0.9745014872584121,True,20.71516973125884,0.21923620933521923
S0771,,1763,317.0,7,5.791686214246778,0.9956010055406292,-0.4527637805013247,524,False,False,0.5170246751698653,0.8218374016081375,True,20.582216167120798,0.21707538601271573
S0772,,8752,3352.0,4,-0.9157001234770299,-0.6495374519206779,-0.9370434749426376,83,False,False,0.6757038979616165,0.9778880470448853,True,20.625702325581397,0.20651162790697675
S0773,,27567,28.0,8,0.007520241264477923,0.050212945039084945,-0.11989725508314929,65,False,False,0.007929431398259626,0.7281533387162458,True,20.01882352941177,0.23529411764705882
S0774,,1480,368.0,3,1.7082669162683297,1.1877136558427213,-0.2817134359075654,904,False,False,0.5049994039814042,0.8233601387040341,True,20.64939236111111,0.21875
S0775,,7829,15.0,5,0.0010256255541174486,0.018545981927267485,-0.04391568738254476,93,False,False,0.0011348194063654786,0.7830842241704138,True,19.242093023255812,0.13953488372093023
S0776,,2508,330.0,4,0.16948779365643407,0.3799654987799371,-0.10215961138018606,411,False,False,0.13197758970079868,0.7951157467837221,True,20.044578587699316,0.18906605922551253
S0777,,1763,269.0,8,2.7928635693264003,0.6835696733347372,-0.7204039432614091,518,False,False,0.5149409941590177,0.8243469197360417,True,20.610800367985284,0.21803127874885003
S0778,,27567,64.0,6,-0.007450680436319801,-0.07563469732187642,-0.03774313291275896,65,False,False,0.009321730838002145,0.711680293074424,True,20.257735849056605,0.22641509433962265
S0779,,1611,391.0,3,13.531320180030159,1.346898130967703,-0.3875478180510818,722,False,False,0.32375253307903207,0.8531282292133412,True,20.61292377701934,0.21956769055745165
S0780,,1274,293.0,6,2.390487648215722,0.642280855816814,-0.7036127348319302,1410,False,False,0.49172010966742163,1.0309560287431658,True,20.815814132104457,0.2227342549923195
S0781,,6480,903.0,7,-0.2517190370134671,-0.6217048057679948,-0.25940728791129736,48,False,False,0.01784241268327572,0.5209076930095541,True,20.968545454545453,0.23636363636363636
S0782,,1665,327.0,8,0.10036775833235922,0.1791403292664644,-0.3072861706897364,695,False,False,0.11338180951245679,0.9077572162835837,True,21.16873188405797,0.2391304347826087
S0783,,17821,13910.0,5,4.369058171865412,0.9900711037363991,-0.36254851171645175,56,False,False,0.18154726427464538,0.9385170675810803,True,20.018774834437085,0.10927152317880795
S0784,,17819,14355.0,4,0.8845265102221587,0.8220398560386694,-0.19116720042172183,130,False,False,0.1626415544164978,1.0470722193660291,True,20.36425806451613,0.14838709677419354
S0785,,4141,47.0,9,-0.0826111738269325,-0.6659664185878267,-0.09096878659700394,40,False,False,0.002174275837406127,0.6728320772894436,True,20.389375,0.25
S0786,,1109,275.0,4,0.1561624357879452,0.31032689429156635,-0.20729160372557237,512,False,False,0.20053403266181904,0.781556753139412,True,20.69150592216582,0.23519458544839256
S0787,,13586,50.0,7,-0.0024925402232757188,0.009415908302521784,-0.15930668407650894,145,False,False,0.011348194063654785,0.5929441054982059,True,20.718556701030927,0.2268041237113402
S0788,,1763,302.0,8,3.768646091678046,0.8529717849911349,-0.5519545651048109,510,False,False,0.5156419120276553,0.82295657966397,True,20.620859519408505,0.21903881700554528
S0789,,2121,806.0,5,4.200292539360977,1.2780491409269732,-0.22731452715921804,453,False,False,0.17702229109548218,0.8815232635078754,True,20.79840554592721,0.2270363951473137
S0790,,7830,52.0,5,-0.005393041550580846,-0.0094139150863064,-0.11049627613706596,141,False,False,0.011920371915603767,0.6283531173532708,True,18.38351063829787,0.1276595744680851
S0791,,4404,2318.0,5,-0.556552561028004,-0.47054807066187443,-0.6531986022788363,80,False,False,0.2350029800929789,1.091570200174091,True,21.24623222748815,0.22748815165876776
S0792,,27567,22.0,7,0.008351622083025534,0.05316220422808268,-0.10972038744991229,65,False,False,0.0018262009774704972,0.9557157853212983,True,20.319499999999998,0.25
S0793,,27567,33.0,7,-0.041647310645485436,-0.5248251970893512,-0.05983713140401444,41,False,False,0.0012683275718202408,0.5307198099633778,True,22.091578947368422,0.3157894736842105
S0794,,2749,860.0,2,19.102604044738992,1.1365472447953575,-0.6885991698006998,264,False,False,0.5180307545595423,0.8326596291150196,True,20.584783505154636,0.21443298969072164
S0795,,2081,47.0,9,-0.3501882177860154,-0.35325742828539647,-0.43532234525146757,713,False,False,0.060817737513410415,0.7140541721012322,True,20.82429980276134,0.23471400394477318
S0796,,1587,334.0,5,0.8238394058750114,1.0140158825398147,-0.1502314910351627,768,False,False,0.7183406842293479,0.9679940821201782,True,20.724340013821703,0.21907394609536973
S0797,,972,173.0,7,0.6683230008786658,0.44980880928371625,-0.440399219019,932,False,False,0.3754440338538562,0.8384197681163645,True,20.673767976989456,0.2195589645254075
S0798,,1946,655.0,4,17.905619972956483,1.030720655932999,-0.6973354615743197,657,False,False,0.711569912981285,1.0008064392862355,True,20.718259564891223,0.21905476369092272
S0799,,2341,146.0,6,-0.11449760934230802,-0.40978797094373487,-0.14588417778377302,98,False,False,0.020073906305876743,0.6156992769429803,True,19.402659574468085,0.18085106382978725
