source,id,url_or_path,license,timeframe,summary,intent_text_available,state_features,portability,notes
freqtrade,Strategy001,https://github.com/freqtrade/freqtrade-strategies/blob/f3340ce11f5bdf62f598522e64d1f5638eaa13f5/user_data/strategies/Strategy001.py (local: data/real/sources/freqtrade-strategies/user_data/strategies/Strategy001.py),GPL-3.0 (repo LICENSE),5m,"EMA20 crosses above EMA50 AND Heikin-Ashi close>EMA20 AND HA green -> long. Exit: EMA50 crosses above EMA100 AND HA close<EMA20 AND HA red (exit signal only honoured in profit). ROI {0:5%,20m:4%,30m:3%,60m:1%}; SL -10%; trailing off.",n (docstring is boilerplate author/how-to; inline comments 'green bar'/'red bar'),ROI table (time-decaying take); exit_profit_only,direct,Heikin-Ashi needs state recursion (ha_open = (prev ha_open+prev ha_close)/2) - cheap. Exit condition rarely fires (EMA50xEMA100 up while price below EMA20) - faithful but odd. Original 5m; port at 15m (ROI minutes -> bars).
freqtrade,Strategy001_custom_exit,https://github.com/freqtrade/freqtrade-strategies/blob/f3340ce11f5bdf62f598522e64d1f5638eaa13f5/user_data/strategies/Strategy001_custom_exit.py (local: data/real/sources/freqtrade-strategies/user_data/strategies/Strategy001_custom_exit.py),GPL-3.0 (repo LICENSE),5m,As Strategy001 plus custom_exit: exit when RSI14>70 and current profit>0.,"n (inline comment: 'if RSI greater than 70 and profit is positive, then sell')",ROI table; exit_profit_only; custom_exit on profit,direct,Variant of Strategy001; use as paired task (adds RSI profit exit).
freqtrade,Strategy002,https://github.com/freqtrade/freqtrade-strategies/blob/f3340ce11f5bdf62f598522e64d1f5638eaa13f5/user_data/strategies/Strategy002.py (local: data/real/sources/freqtrade-strategies/user_data/strategies/Strategy002.py),GPL-3.0 (repo LICENSE),5m,"Long when RSI14<30 AND slow Stoch %K<20 AND close<lower BB(typical price,20,2) AND CDLHAMMER==100. Exit: Parabolic SAR>close AND fisher(RSI)>0.3 (profit only). ROI 5/4/3/1% at 0/20/30/60m; SL -10%.",n (boilerplate docstring),ROI table; exit_profit_only,needs-approximation,"Needs manual Stoch(5,3,3 TA-Lib slow), BB on typical price, PSAR (state recursion), TA-Lib CDLHAMMER (uses rolling body/shadow averages - hard to replicate exactly). Hammer AND oversold makes entries extremely rare."
freqtrade,Strategy003,https://github.com/freqtrade/freqtrade-strategies/blob/f3340ce11f5bdf62f598522e64d1f5638eaa13f5/user_data/strategies/Strategy003.py (local: data/real/sources/freqtrade-strategies/user_data/strategies/Strategy003.py),GPL-3.0 (repo LICENSE),5m,"Long when RSI<28, RSI>0, close<SMA40, fisherRSI<-0.94, MFI<16, (EMA50>EMA100 OR EMA5 crosses above EMA10), fastd>fastk, fastd>0. Exit PSAR>close AND fisherRSI>0.3 (profit only). ROI 5/4/3/1%; SL -10%.",n,ROI table; exit_profit_only,direct,"Manual: MFI14 (rolling sums), STOCHF(5,3) fast, PSAR(0.02,0.2) state recursion. Many conjuncts -> rare entries."
freqtrade,Strategy004,https://github.com/freqtrade/freqtrade-strategies/blob/f3340ce11f5bdf62f598522e64d1f5638eaa13f5/user_data/strategies/Strategy004.py (local: data/real/sources/freqtrade-strategies/user_data/strategies/Strategy004.py),GPL-3.0 (repo LICENSE),5m,"Long when (ADX14>50 or ADX35>26) AND CCI14<-100 AND prev fastK/fastD(5)<20 AND prev slow STOCHF(50) k,d<30 AND fastK crosses above fastD AND 12-bar mean volume>0.75. Exit slowADX<25 AND (fastk>70 or fastd>70) AND prev fastk<prev fastd AND close>EMA5 (profit only).",n (comment: 'rolling volume mean for the last hour (12x5)'),ROI table; exit_profit_only,needs-approximation,ADX via incremental Wilder state; CCI needs mean deviation over 14 (numpy on last 14 values fine). Volume threshold 0.75 is pair-unit specific (meaningless for BTC volume units) -> must be adapted/dropped.
freqtrade,Strategy005,https://github.com/freqtrade/freqtrade-strategies/blob/f3340ce11f5bdf62f598522e64d1f5638eaa13f5/user_data/strategies/Strategy005.py (local: data/real/sources/freqtrade-strategies/user_data/strategies/Strategy005.py),GPL-3.0 (repo LICENSE),5m,"Hyperopted: long when volume>4x SMA(volume,150) AND close<SMA40 AND fastd>fastk AND RSI>26 AND fastd>1 AND fisherRSInorm<5. Exit (trigger rsi-macd-minusdi): RSI crosses above 74 AND MACD<0 AND -DI>4. ROI 5/4/3/2/1% at 0/20/40/80/1440m; SL -10%.",n,ROI table (5 steps); exit_profit_only,direct,Use buy_params/sell_params defaults (hyperopt-chosen values) as fixed; CategoricalParameter selects exit variant. -DI needs Wilder DM state.
freqtrade,BreakEven,https://github.com/freqtrade/freqtrade-strategies/blob/f3340ce11f5bdf62f598522e64d1f5638eaa13f5/user_data/strategies/BreakEven.py (local: data/real/sources/freqtrade-strategies/user_data/strategies/BreakEven.py),GPL-3.0 (repo LICENSE),5m,"Utility: no entries/exits; ROI {0:1%,10m:0} closes trades at break-even. SL -5%.",y (class docstring explains purpose: close everything at >=0% profit),ROI table,not-portable,No entry logic - a position-management utility for an existing trade; not a standalone strategy. Could inspire a 'break-even exit' risk block only.
freqtrade,CustomStoplossWithPSAR,https://github.com/freqtrade/freqtrade-strategies/blob/f3340ce11f5bdf62f598522e64d1f5638eaa13f5/user_data/strategies/CustomStoplossWithPSAR.py (local: data/real/sources/freqtrade-strategies/user_data/strategies/CustomStoplossWithPSAR.py),GPL-3.0 (repo LICENSE),1h,Example: entry when PSAR decreases vs previous bar (docstring: 'pretty nonsensical'); custom_stoploss trails at current PSAR value; static SL -20%; no exit signal.,y (docstring: 'implementing a PSAR based trailing stop loss'),"trailing stop (indicator-based, via custom_stoploss); stop never loosens",direct,"freqtrade only ratchets stop upward -> stop = max(prev stop, PSAR, entry*0.8). Entry rule acknowledged as nonsense; maybe pair PSAR trail with a sensible entry."
freqtrade,FixedRiskRewardLoss,https://github.com/freqtrade/freqtrade-strategies/blob/f3340ce11f5bdf62f598522e64d1f5638eaa13f5/user_data/strategies/FixedRiskRewardLoss.py (local: data/real/sources/freqtrade-strategies/user_data/strategies/FixedRiskRewardLoss.py),GPL-3.0 (repo LICENSE),5m (default),"Enters every candle (example). Initial SL = signal-candle close - 2*ATR14; once profit reaches set_to_break_even_at_profit*risk, stop -> entry+fees; once profit reaches risk_reward_ratio*risk, stop locked at that take-profit level. Static SL -90%.",y (docstring describes fixed R:R stop logic with break-even),initial ATR stop frozen at entry; breakeven; profit lock (stop ratchet to RR level),direct,custom_info has risk_reward_ratio=3.5 and set_to_break_even_at_profit=1 (check file). Entry rule is 'always buy' - port with entry 'whenever flat' or pair with a signal. Uses pandas get_loc(method='ffill') (deprecated) - logic still clear.
freqtrade,ADXMomentum,https://github.com/freqtrade/freqtrade-strategies/blob/f3340ce11f5bdf62f598522e64d1f5638eaa13f5/user_data/strategies/berlinguyinca/ADXMomentum.py (local: data/real/sources/freqtrade-strategies/user_data/strategies/berlinguyinca/ADXMomentum.py),GPL-3.0 (repo LICENSE),1h,Long when ADX14>25 AND MOM14>0 AND +DI25>25 AND +DI>-DI. Exit when ADX>25 AND MOM<0 AND -DI>25 AND +DI<-DI. ROI {0:1%}; SL -25%.,n (docstring: converted from Mynt AdxMomentum.cs),ROI flat take 1%,direct,DI/ADX need incremental Wilder state. 1h timeframe -> compute on hist.htf(60) or rescale. Mynt origin (MIT?) noted.
freqtrade,AdxSmas,https://github.com/freqtrade/freqtrade-strategies/blob/f3340ce11f5bdf62f598522e64d1f5638eaa13f5/user_data/strategies/berlinguyinca/AdxSmas.py (local: data/real/sources/freqtrade-strategies/user_data/strategies/berlinguyinca/AdxSmas.py),GPL-3.0 (repo LICENSE),1h,Long when ADX14>25 AND SMA3 crosses above SMA6. Exit when ADX<25 AND SMA6 crosses above SMA3. ROI 10%; SL -25%.,n (Mynt port),ROI flat take,direct,Simple; ADX manual.
freqtrade,ASDTSRockwellTrading,https://github.com/freqtrade/freqtrade-strategies/blob/f3340ce11f5bdf62f598522e64d1f5638eaa13f5/user_data/strategies/berlinguyinca/ASDTSRockwellTrading.py (local: data/real/sources/freqtrade-strategies/user_data/strategies/berlinguyinca/ASDTSRockwellTrading.py),GPL-3.0 (repo LICENSE),5m,"MACD(12,26,9): long when MACD>0 AND MACD>signal; exit when MACD<signal. ROI 5/4/3/1% at 0/20/30/60m; SL -30%.",y (docstring: uptrend = MACD above 0 and above signal; sell = MACD below signal; references Rockwell Trading video),ROI table,direct,Excellent intent text. ind.macd built in. TA-Lib MACD seeds EMAs with SMA - small warm-up difference only.
freqtrade,AverageStrategy,https://github.com/freqtrade/freqtrade-strategies/blob/f3340ce11f5bdf62f598522e64d1f5638eaa13f5/user_data/strategies/berlinguyinca/AverageStrategy.py (local: data/real/sources/freqtrade-strategies/user_data/strategies/berlinguyinca/AverageStrategy.py),GPL-3.0 (repo LICENSE),4h,EMA8 crosses above EMA21 -> long; EMA21 crosses above EMA8 -> exit. ROI 50%; SL -20%.,y (docstring: 'buys and sells on crossovers ... proof of concept'),none beyond SL/ROI,direct,Use hist.htf(240) EMAs (4h). IntParameter defaults used.
freqtrade,AwesomeMacd,https://github.com/freqtrade/freqtrade-strategies/blob/f3340ce11f5bdf62f598522e64d1f5638eaa13f5/user_data/strategies/berlinguyinca/AwesomeMacd.py (local: data/real/sources/freqtrade-strategies/user_data/strategies/berlinguyinca/AwesomeMacd.py),GPL-3.0 (repo LICENSE),1h,Long when MACD>0 AND Awesome Oscillator crosses from <0 to >0. Exit when MACD<0 AND AO crosses from >0 to <0. ROI 10%; SL -25%.,n (Mynt port),ROI flat take,direct,AO = SMA5(median)-SMA34(median): median price series must be built; ind.sma on derived arrays may not be cached -> compute last values with numpy over window.
freqtrade,BbandRsi,https://github.com/freqtrade/freqtrade-strategies/blob/f3340ce11f5bdf62f598522e64d1f5638eaa13f5/user_data/strategies/berlinguyinca/BbandRsi.py (local: data/real/sources/freqtrade-strategies/user_data/strategies/berlinguyinca/BbandRsi.py),GPL-3.0 (repo LICENSE),1h,"Long when RSI14<30 AND close<lower BB(typical,20,2). Exit RSI>70. ROI 10%; SL -25%.",n (Mynt port),ROI flat take,direct,Classic mean reversion; BB computed manually.
freqtrade,BinHV27,https://github.com/freqtrade/freqtrade-strategies/blob/f3340ce11f5bdf62f598522e64d1f5638eaa13f5/user_data/strategies/berlinguyinca/BinHV27.py (local: data/real/sources/freqtrade-strategies/user_data/strategies/berlinguyinca/BinHV27.py),GPL-3.0 (repo LICENSE),5m,"Complex regime strategy: RSI5 & EMA5(RSI), ADX, +/-DI and their EMAs, EMA60/EMA120, SMA120/SMA240 trend & slope flags; 4 entry branches, 5 exit branches. ROI 100% (disabled); SL -50%.",n ('sponsored by user BinH from slack'),exit signals only,needs-approximation,EMA of RSI and EMA of DI series need state recursion (ind.ema on derived arrays not cached). Portable but heavy; low intent quality.
freqtrade,BinHV45,https://github.com/freqtrade/freqtrade-strategies/blob/f3340ce11f5bdf62f598522e64d1f5638eaa13f5/user_data/strategies/berlinguyinca/BinHV45.py (local: data/real/sources/freqtrade-strategies/user_data/strategies/berlinguyinca/BinHV45.py),GPL-3.0 (repo LICENSE),1m,"Long when BB(40,2) mid-lower width > 0.7% of close AND |close change|>1.7% AND lower tail < 2.5% of bbdelta AND close<previous lower band AND close<=prev close. No exit signal; ROI 1.25%; SL -5%.",n,"ROI take, SL",direct,1m timeframe in original; thresholds (1.7% one-bar move) rare on BTC 15m but definable. Hyperopt defaults used.
freqtrade,CCIStrategy,https://github.com/freqtrade/freqtrade-strategies/blob/f3340ce11f5bdf62f598522e64d1f5638eaa13f5/user_data/strategies/berlinguyinca/CCIStrategy.py (local: data/real/sources/freqtrade-strategies/user_data/strategies/berlinguyinca/CCIStrategy.py),GPL-3.0 (repo LICENSE),1m,"Long when CCI170<-100 AND CCI34<-100 AND CMF20<-0.1 AND MFI<25 AND resampled(5m) SMA50>SMA25 AND SMA200<close. Exit CCIs>100, CMF>0.3, resampled SMA100<SMA50<SMA25. ROI 10%; SL -2%.",n,none,needs-approximation,Resample to 5x timeframe with time interpolation back -> lookahead-ish interpolation; approximate with htf. CCI170 mean deviation heavy but OK.
freqtrade,ClucMay72018,https://github.com/freqtrade/freqtrade-strategies/blob/f3340ce11f5bdf62f598522e64d1f5638eaa13f5/user_data/strategies/berlinguyinca/ClucMay72018.py (local: data/real/sources/freqtrade-strategies/user_data/strategies/berlinguyinca/ClucMay72018.py),GPL-3.0 (repo LICENSE),5m,"Long when close<EMA50 (column named ema100) AND close<0.985*lower BB(typical,20,2) AND volume < 20x prior 30-bar mean volume. Exit close>BB middle. ROI 1%; SL -5%.",n,ROI take,direct,Note naming bug: 'ema100' is EMA50. Unused RSI/MACD/ADX.
freqtrade,CMCWinner,https://github.com/freqtrade/freqtrade-strategies/blob/f3340ce11f5bdf62f598522e64d1f5638eaa13f5/user_data/strategies/berlinguyinca/CMCWinner.py (local: data/real/sources/freqtrade-strategies/user_data/strategies/berlinguyinca/CMCWinner.py),GPL-3.0 (repo LICENSE),15m,"Long when previous bar CCI14<-100 AND MFI14<20 AND CMO14<-50. Exit when previous bar CCI>100 AND MFI>80 AND CMO>50. ROI {0:5%,20m:3%,30m:2%,40m:0}; SL -5%.",n (boilerplate),ROI table,direct,Native 15m! CMO = Chande momentum (TA-Lib CMO uses Wilder smoothing) - compute incrementally.
freqtrade,CofiBitStrategy,https://github.com/freqtrade/freqtrade-strategies/blob/f3340ce11f5bdf62f598522e64d1f5638eaa13f5/user_data/strategies/berlinguyinca/CofiBitStrategy.py (local: data/real/sources/freqtrade-strategies/user_data/strategies/berlinguyinca/CofiBitStrategy.py),GPL-3.0 (repo LICENSE),5m,"Long when open<EMA5(low) AND fastK crosses above fastD (STOCHF 5,3) AND both<25 AND ADX>25. Exit open>=EMA5(high) OR fastK/fastD crosses above 75. ROI 10/7/6/5% at 0/20/30/40m; SL -25%.",n ('taken from slack by user CofiBit'),ROI table,direct,"EMA of high/low via ind.ema(hist.high,5) built in."
freqtrade,CombinedBinHAndCluc,https://github.com/freqtrade/freqtrade-strategies/blob/f3340ce11f5bdf62f598522e64d1f5638eaa13f5/user_data/strategies/berlinguyinca/CombinedBinHAndCluc.py (local: data/real/sources/freqtrade-strategies/user_data/strategies/berlinguyinca/CombinedBinHAndCluc.py),GPL-3.0 (repo LICENSE),5m,"OR of BinHV45 entry (fixed 0.8%/1.75%/0.25 thresholds) and ClucMay72018 entry. Exit close>BB(typical,20) middle (profit only). ROI 5%; SL -5%.",n (inline comments name the two sub-strategies),ROI take; exit_profit_only,direct,Composite; good 'combine two known setups' task.
freqtrade,DoesNothingStrategy,https://github.com/freqtrade/freqtrade-strategies/blob/f3340ce11f5bdf62f598522e64d1f5638eaa13f5/user_data/strategies/berlinguyinca/DoesNothingStrategy.py (local: data/real/sources/freqtrade-strategies/user_data/strategies/berlinguyinca/DoesNothingStrategy.py),GPL-3.0 (repo LICENSE),5m,Skeleton: entry/exit columns set over empty selector; ROI 100000; SL -100%.,y ('just a skeleton'),none,not-portable,No trading logic (skeleton).
freqtrade,EMASkipPump,https://github.com/freqtrade/freqtrade-strategies/blob/f3340ce11f5bdf62f598522e64d1f5638eaa13f5/user_data/strategies/berlinguyinca/EMASkipPump.py (local: data/real/sources/freqtrade-strategies/user_data/strategies/berlinguyinca/EMASkipPump.py),GPL-3.0 (repo LICENSE),5m,"Long when volume<20x prior 30-bar mean volume (pump filter) AND close<EMA5 AND close<EMA12 AND close==12-bar min close AND close<=lower BB(typical,20,2). Exit close>EMA5, close>EMA12, close>=12-bar max, close>=upper BB. ROI 10%; SL -5%.","y (docstring: 'basic strategy, which trys to avoid pump and dump market conditions')",ROI take,direct,"ta.MIN/MAX on close = ind.lowest/highest(close,12) built in."
freqtrade,Freqtrade_backtest_validation_freqtrade1,https://github.com/freqtrade/freqtrade-strategies/blob/f3340ce11f5bdf62f598522e64d1f5638eaa13f5/user_data/strategies/berlinguyinca/Freqtrade_backtest_validation_freqtrade1.py (local: data/real/sources/freqtrade-strategies/user_data/strategies/berlinguyinca/Freqtrade_backtest_validation_freqtrade1.py),GPL-3.0 (repo LICENSE),1h,Long while SMA14>SMA28; exit when SMA14<SMA28. ROI ~200% (disabled); SL -90%.,n (name says it is a backtest validation fixture),none,direct,Trivial MA state strategy; useful as an easy control task.
freqtrade,Low_BB,https://github.com/freqtrade/freqtrade-strategies/blob/f3340ce11f5bdf62f598522e64d1f5638eaa13f5/user_data/strategies/berlinguyinca/Low_BB.py (local: data/real/sources/freqtrade-strategies/user_data/strategies/berlinguyinca/Low_BB.py),GPL-3.0 (repo LICENSE),1m,"Long when close<=0.98*lower BB(close,20,2). Exit selector is empty tuple (ambiguous - may flag every row). ROI {0:90%,1m:5%,10m:4%,15m:50%} (non-monotone, likely typo); SL -1.5%.",y (docstring: 'buy after crossing .98 * lower_bb and sell if trailing stop loss is hit'),ROI table (inconsistent),needs-approximation,Docstring mentions trailing stop but none configured; ROI table non-monotone; exit ambiguous. Intent text and code disagree -> use docstring intent with explicit params.
freqtrade,MACDStrategy,https://github.com/freqtrade/freqtrade-strategies/blob/f3340ce11f5bdf62f598522e64d1f5638eaa13f5/user_data/strategies/berlinguyinca/MACDStrategy.py (local: data/real/sources/freqtrade-strategies/user_data/strategies/berlinguyinca/MACDStrategy.py),GPL-3.0 (repo LICENSE),5m,Long when MACD>signal AND CCI20<=-48 (hyperopt value; default -50). Exit MACD<signal AND CCI>=687 (hyperopt; default 100). ROI 5/4/3/1% at 0/20/30/60m; SL -30%.,y (docstring: uptrend = MACD above signal and CCI < -50; downtrend MACD below signal and CCI>100),ROI table,direct,CCI manual (mean deviation). Note buy_params override docstring numbers (-48/687); choose docstring defaults for intent consistency.
freqtrade,MACDStrategy_crossed,https://github.com/freqtrade/freqtrade-strategies/blob/f3340ce11f5bdf62f598522e64d1f5638eaa13f5/user_data/strategies/berlinguyinca/MACDStrategy_crossed.py (local: data/real/sources/freqtrade-strategies/user_data/strategies/berlinguyinca/MACDStrategy_crossed.py),GPL-3.0 (repo LICENSE),5m,Long when MACD crosses above signal AND CCI<=-50; exit MACD crosses below signal AND CCI>=100. ROI 5/4/3/1%; SL -30%.,y (docstring lists buy/sell rules verbatim),ROI table,direct,Good intent text matching code.
freqtrade,MultiRSI,https://github.com/freqtrade/freqtrade-strategies/blob/f3340ce11f5bdf62f598522e64d1f5638eaa13f5/user_data/strategies/berlinguyinca/MultiRSI.py (local: data/real/sources/freqtrade-strategies/user_data/strategies/berlinguyinca/MultiRSI.py),GPL-3.0 (repo LICENSE),5m,Long when SMA5>=SMA200 AND RSI14 < RSI14(resampled 8x timeframe) - 20. Exit RSI > RSI(2x) AND RSI > RSI(8x). ROI 1%; SL -5%.,n ('based on work from Creslin'; comment 'must be bearish' contradicts code),ROI take,needs-approximation,"Resampled RSI on 2x/8x timeframe: at 15m base -> 30m, 120m htf; hist.htf(30)/htf(120) gives completed candles only (freqtrade resampled_merge also lags) - check alignment."
freqtrade,Quickie,https://github.com/freqtrade/freqtrade-strategies/blob/f3340ce11f5bdf62f598522e64d1f5638eaa13f5/user_data/strategies/berlinguyinca/Quickie.py (local: data/real/sources/freqtrade-strategies/user_data/strategies/berlinguyinca/Quickie.py),GPL-3.0 (repo LICENSE),5m,"Long when ADX>30 AND TEMA9<BB(close,20) middle AND TEMA rising AND SMA200>close. Exit ADX>70 AND TEMA>BB middle AND TEMA falling. ROI {10m:15%,15m:6%,30m:3%,100m:1%} (no key 0 -> no ROI before 10m); SL -25%.","y (docstring: 'momentum based strategie ... closes trades very quickly, while avoiding excessive losses')",ROI table,direct,"TEMA = 3*e1-3*e2+e3 requires EMA of EMA -> state recursion. sma_50 bug (uses 200, unused)."
freqtrade,ReinforcedAverageStrategy,https://github.com/freqtrade/freqtrade-strategies/blob/f3340ce11f5bdf62f598522e64d1f5638eaa13f5/user_data/strategies/berlinguyinca/ReinforcedAverageStrategy.py (local: data/real/sources/freqtrade-strategies/user_data/strategies/berlinguyinca/ReinforcedAverageStrategy.py),GPL-3.0 (repo LICENSE),4h,EMA8 crosses above EMA21 AND close > SMA50 of 12x-resampled (48h) candles -> long; EMA21 crosses above EMA8 -> exit. ROI 50%; SL -20%.,y (docstring: crossovers proof of concept),none,needs-approximation,48h resample not UTC-aligned in hist.htf? hist.htf(2880) feasible if engine supports arbitrary minutes; 50 x 48h candles needs 100 days history - warm-up 960 bars (10 days) insufficient unless full history used (hist has full history).
freqtrade,ReinforcedQuickie,https://github.com/freqtrade/freqtrade-strategies/blob/f3340ce11f5bdf62f598522e64d1f5638eaa13f5/user_data/strategies/berlinguyinca/ReinforcedQuickie.py (local: data/real/sources/freqtrade-strategies/user_data/strategies/berlinguyinca/ReinforcedQuickie.py),GPL-3.0 (repo LICENSE),5m,"(EMASkipPump-style dip entry OR V-bottom pattern on OHLC4 average with CCI<-100, RSI7<30, MFI<30 on prior bar) AND volume filter AND close>SMA25 of 12x-resampled candles AND that SMA rising. Exit: close>EMA5,EMA12, >=12-bar max, >=upper BB, MFI>80, OR 8 green candles with RSI>70. ROI 1%; SL -5%.","y (docstring 'only buy on an upward tending market' + rich inline comments: 'simple v bottom shape...', 'always sell on eight green candles')",ROI take,needs-approximation,Resample uses time-interpolation of the htf SMA back to base bars (label=right) -> lookahead-ish; approximate with completed hist.htf(60).
freqtrade,ReinforcedSmoothScalp,https://github.com/freqtrade/freqtrade-strategies/blob/f3340ce11f5bdf62f598522e64d1f5638eaa13f5/user_data/strategies/berlinguyinca/ReinforcedSmoothScalp.py (local: data/real/sources/freqtrade-strategies/user_data/strategies/berlinguyinca/ReinforcedSmoothScalp.py),GPL-3.0 (repo LICENSE),1m,Long when MFI<22 AND fastd<30 AND ADX>32 AND fastK crosses above fastD AND close > SMA50 of 5x-resampled candles. Exit open>EMA5(high) AND fastd>79 AND fastk>70 AND CCI20>183. ROI 2%; SL -10%.,"y (docstring: lots of potential buys, tiny profits; recommends 60 parallel trades)",ROI take,needs-approximation,Designed for many parallel pairs; single-asset port changes economics. Boolean/Int params use defaults.
freqtrade,Scalp,https://github.com/freqtrade/freqtrade-strategies/blob/f3340ce11f5bdf62f598522e64d1f5638eaa13f5/user_data/strategies/berlinguyinca/Scalp.py (local: data/real/sources/freqtrade-strategies/user_data/strategies/berlinguyinca/Scalp.py),GPL-3.0 (repo LICENSE),1m,"Long when open<EMA5(low) AND ADX>30 AND fastk,fastd<30 AND fastk crosses above fastd. Exit open>=EMA5(high) OR fastk/fastd cross above 70. ROI 1%; SL -4%.","y (docstring: scalping, 'Recommended is to only sell based on ROI')",ROI take,direct,"Clean, mid complexity."
freqtrade,Simple,https://github.com/freqtrade/freqtrade-strategies/blob/f3340ce11f5bdf62f598522e64d1f5638eaa13f5/user_data/strategies/berlinguyinca/Simple.py (local: data/real/sources/freqtrade-strategies/user_data/strategies/berlinguyinca/Simple.py),GPL-3.0 (repo LICENSE),5m,"Long when MACD>0 AND MACD>signal AND upper BB(close,12,2) rising AND RSI7>70. Exit RSI7>80. ROI 1%; SL -25%.","y (docstring cites book 'The Simple Strategy'; inline comments 'over 0','over signal','pointed up')",ROI take,direct,Good candidate: clear comments.
freqtrade,SmoothOperator,https://github.com/freqtrade/freqtrade-strategies/blob/f3340ce11f5bdf62f598522e64d1f5638eaa13f5/user_data/strategies/berlinguyinca/SmoothOperator.py (local: data/real/sources/freqtrade-strategies/user_data/strategies/berlinguyinca/SmoothOperator.py),GPL-3.0 (repo LICENSE),5m,"V-bottom on OHLC4 / very oversold (CCI<-200,RSI<30,MFI<30) / extreme (MFI<10,CCI<-150,RSI<MFI) entries with close>prev close. Exit: TEMA21 of weighted smoothed (RSI,MFI,CCI) peak shape >100, 9 green candles, or CCI>200&RSI>70. ROI 10%; SL -5%.",y (docstring + many inline comments),ROI take,needs-approximation,Chain EMA11 of CCI/RSI/MFI then TEMA21 -> multiple state recursions; feasible but heavy. Good comments as intent.
freqtrade,SmoothScalp,https://github.com/freqtrade/freqtrade-strategies/blob/f3340ce11f5bdf62f598522e64d1f5638eaa13f5/user_data/strategies/berlinguyinca/SmoothScalp.py (local: data/real/sources/freqtrade-strategies/user_data/strategies/berlinguyinca/SmoothScalp.py),GPL-3.0 (repo LICENSE),1m,"Long when open<EMA5(low), ADX>30, MFI<30, fastk,fastd<30 & fastk crosses above fastd, CCI<-150. Exit (open>=EMA5(high) OR fastk/fastd cross above 70) AND CCI>150. ROI 1%; SL -50%.",y (docstring as Scalp),ROI take,direct,Note second ta.CCI() overwrites CCI20 with CCI14 (default) - port must use CCI14.
freqtrade,TDSequentialStrategy,https://github.com/freqtrade/freqtrade-strategies/blob/f3340ce11f5bdf62f598522e64d1f5638eaa13f5/user_data/strategies/berlinguyinca/TDSequentialStrategy.py (local: data/real/sources/freqtrade-strategies/user_data/strategies/berlinguyinca/TDSequentialStrategy.py),GPL-3.0 (repo LICENSE),1h,TD Sequential: buy when count of consecutive closes < close 4 bars prior is >8 and low of bar 8/9 undercuts lows of bars 6/7 (perfected setup). Exit when sell count>8 OR perfected sell flag. ROI 500%; SL -5%.,"y (docstring describes buy/sell triggers in words, cites hackernoon article)",setup counters (state),direct,Counter logic easy with state or by scanning last ~20 bars. Excellent intent text. 1h original -> use 15m or htf(60).
freqtrade,TechnicalExampleStrategy,https://github.com/freqtrade/freqtrade-strategies/blob/f3340ce11f5bdf62f598522e64d1f5638eaa13f5/user_data/strategies/berlinguyinca/TechnicalExampleStrategy.py (local: data/real/sources/freqtrade-strategies/user_data/strategies/berlinguyinca/TechnicalExampleStrategy.py),GPL-3.0 (repo LICENSE),5m,Long when Chaikin Money Flow(21)<0; exit CMF>0. ROI 1%; SL -5%.,n,ROI take,direct,Trivial; CMF over 21 bars via numpy window.
freqtrade,FAdxSmaStrategy,https://github.com/freqtrade/freqtrade-strategies/blob/f3340ce11f5bdf62f598522e64d1f5638eaa13f5/user_data/strategies/futures/FAdxSmaStrategy.py (local: data/real/sources/freqtrade-strategies/user_data/strategies/futures/FAdxSmaStrategy.py),GPL-3.0 (repo LICENSE),1h,"Long/short: ADX14>30 AND SMA12 crosses above (below) SMA48 -> long (short). Exit both sides when ADX14<30. ROI {0:5%,30m:10%,60m:7.5%}; SL -5%; can_short.",n,ROI table; long_short,direct,Hyperopt Int/Decimal params -> use defaults. ADX manual.
freqtrade,FOttStrategy,https://github.com/freqtrade/freqtrade-strategies/blob/f3340ce11f5bdf62f598522e64d1f5638eaa13f5/user_data/strategies/futures/FOttStrategy.py (local: data/real/sources/freqtrade-strategies/user_data/strategies/futures/FOttStrategy.py),GPL-3.0 (repo LICENSE),1h,"Optimized Trend Tracker (OTT, pds=2, percent=1.4, VIDYA-like VAR with 9-bar CMO): long when VAR crosses above OTT, short when crosses below; exit both when ADX14>60. ROI {0:10%,30m:75%,60m:5%,120m:2.5%}; SL -26.5%; trailing 5% once +10% (trailing_only_offset false).",n (no docstring),trailing stop with offset; ROI table; long_short; recursive indicator state,needs-approximation,"OTT implementation in file is convoluted (loops recomputing whole columns, shift(2)); faithful port = re-derive recurrence. Trailing at bar granularity."
freqtrade,FReinforcedStrategy,https://github.com/freqtrade/freqtrade-strategies/blob/f3340ce11f5bdf62f598522e64d1f5638eaa13f5/user_data/strategies/futures/FReinforcedStrategy.py (local: data/real/sources/freqtrade-strategies/user_data/strategies/futures/FReinforcedStrategy.py),GPL-3.0 (repo LICENSE),5m,"Long when close>SMA50 of 12x-resampled (1h) candles AND EMA8 crosses above EMA21; short mirrored. Exit both when ADX14<30. ROI {0:5%,30m:10%,60m:7.5%}; SL -5%.",n,ROI table; long_short,direct,"At 15m base, 12x resample = 3h -> hist.htf(180) SMA50."
freqtrade,FSampleStrategy,https://github.com/freqtrade/freqtrade-strategies/blob/f3340ce11f5bdf62f598522e64d1f5638eaa13f5/user_data/strategies/futures/FSampleStrategy.py (local: data/real/sources/freqtrade-strategies/user_data/strategies/futures/FSampleStrategy.py),GPL-3.0 (repo LICENSE),1h,"Long when RSI crosses above 30 AND TEMA9<=BB(typical,20) middle AND TEMA rising; short when RSI crosses above 70 AND TEMA>BB mid AND TEMA falling; exits mirror the opposite entry. ROI 100% (off); SL -5%.","n (inline comments: 'Signal: RSI crosses above 30', 'Guard: tema below BB middle')",long_short,direct,"This is the canonical freqtrade sample strategy logic (also in freqtrade main repo template). Unused indicators (SAR, HT_SINE)."
freqtrade,FSupertrendStrategy,https://github.com/freqtrade/freqtrade-strategies/blob/f3340ce11f5bdf62f598522e64d1f5638eaa13f5/user_data/strategies/futures/FSupertrendStrategy.py (local: data/real/sources/freqtrade-strategies/user_data/strategies/futures/FSupertrendStrategy.py),GPL-3.0 (repo LICENSE),1h,"Three Supertrends (hyperopted buy: m4/p8, m7/p9, m1/p8; sell: m1/p16, m3/p18, m6/p18): long when all 3 buy STs up, short when all 3 sell STs down. Exit long when sell ST#2 down; exit short when buy ST#2 up. ROI {0:10%,30m:75%,60m:5%,120m:2.5%}; SL -26.5%; trailing 5% after +10%.",y (module docstring: 'Buys if the 3 buy indicators are up / Sells if the 3 sell indicators are down' with author and caveats),trailing w/ offset; ROI table; long_short; 6 supertrend recursions in state,direct,Supertrend = ATR bands with ratchet; ftt.supertrend uses SMA-of-TR ATR? (check technical lib). Spot version Supertrend.py also exists.
freqtrade,TrendFollowingStrategy,https://github.com/freqtrade/freqtrade-strategies/blob/f3340ce11f5bdf62f598522e64d1f5638eaa13f5/user_data/strategies/futures/TrendFollowingStrategy.py (local: data/real/sources/freqtrade-strategies/user_data/strategies/futures/TrendFollowingStrategy.py),GPL-3.0 (repo LICENSE),5m,"Long when close crosses above EMA20 AND OBV rising; short when close crosses below EMA20 AND OBV falling. Exit long when close crosses below EMA20 AND OBV rising (sic); exit short when close crosses above EMA20 AND OBV falling. ROI {0:15%,30m:10%,60m:5%}; SL -26.5%; trailing 5% after +10%.",n (template comments only),trailing w/ offset; ROI table; long_short,direct,OBV via cumulative state. Exit conditions look like a bug (OBV direction) - keep as-is or note.
freqtrade,VolatilitySystem,https://github.com/freqtrade/freqtrade-strategies/blob/f3340ce11f5bdf62f598522e64d1f5638eaa13f5/user_data/strategies/futures/VolatilitySystem.py (local: data/real/sources/freqtrade-strategies/user_data/strategies/futures/VolatilitySystem.py),GPL-3.0 (repo LICENSE),1h,On 3h resampled candles: long when 3h close change > 2*ATR14(3h) of previous; short when -change > that. Opposite signal exits and reverses. Stake half on entry; adds second half on a fresh same-direction signal (max 2 entries). Leverage 2. No SL/ROI.,y (docstring: 'Volatility System strategy. Based on https://www.tradingview.com/script/3hhs0XbR/'),pyramiding (position adjustment 0.5 -> 1.0); stop-and-reverse,direct,Maps nicely to fractional targets (0.5 then 1.0) via hist.htf(180). Reversal contradicts desk convention -> instruction must say 'reverse'. Leverage dropped (target capped at 1).
freqtrade,AlmgrenChrissStrategy,https://github.com/freqtrade/freqtrade-strategies/blob/f3340ce11f5bdf62f598522e64d1f5638eaa13f5/user_data/strategies/AlmgrenChrissStrategy.py (local: data/real/sources/freqtrade-strategies/user_data/strategies/AlmgrenChrissStrategy.py),GPL-3.0 (repo LICENSE),15m,"Execution example: enter long RSI<45 / short RSI>55, scale in over 10 slices (1-min spacing) sized by Almgren-Chriss kappa (from rolling std, spread, volume); partial exits when RSI crosses back. ROI 2%; SL -10%.",y (docstring explains AC optimal execution params),position adjustment / sliced entries+exits,not-portable,"Primarily an order-execution (TWAP-like) scheme with 1-minute slices - out of scope (TWAP excluded); slice schedule could be crudely mapped to fractional targets but intent is execution, not signal."
freqtrade,Bandtastic,https://github.com/freqtrade/freqtrade-strategies/blob/f3340ce11f5bdf62f598522e64d1f5638eaa13f5/user_data/strategies/Bandtastic.py (local: data/real/sources/freqtrade-strategies/user_data/strategies/Bandtastic.py),GPL-3.0 (repo LICENSE),15m,"Hyperopted BB strategy (defaults in file): long when close < lower BB(typical,20,1 std) [RSI/MFI/EMA guards disabled]; exit when MFI>46 AND close > upper BB(typical,20,2). ROI {0:16.2%,69m:9.7%,229m:6.1%,566m:0}; SL -34.5%; trailing 1% after +5.8%.",n (header comment only reports hyperopt results),ROI table; trailing w/ offset,direct,"Native 15m. Guard toggles allow multiple variant tasks from one source (enable RSI<52, MFI<30, EMA211>EMA250). startup_candle_count 999."
freqtrade,Diamond,https://github.com/freqtrade/freqtrade-strategies/blob/f3340ce11f5bdf62f598522e64d1f5638eaa13f5/user_data/strategies/Diamond.py (local: data/real/sources/freqtrade-strategies/user_data/strategies/Diamond.py),GPL-3.0 (repo LICENSE),5m,"Hyperopted generic cross: long when high shifted 7 bars crosses above 0.942*volume; exit when high shifted 10 crosses below 1.184*low. ROI {0:24.2%,13m:4.4%,51m:2%,170m:0}; SL -27.1%; trailing 1.1% after +5.4%.",n,ROI table; trailing,not-portable,"Hyperopt artifact compares price with volume (unit-dependent, meaningless on BTC). Exit condition (shifted high vs 1.184*low) - degenerate. Exclude."
freqtrade,GodStra,https://github.com/freqtrade/freqtrade-strategies/blob/f3340ce11f5bdf62f598522e64d1f5638eaa13f5/user_data/strategies/GodStra.py (local: data/real/sources/freqtrade-strategies/user_data/strategies/GodStra.py),GPL-3.0 (repo LICENSE),12h,"Genetic/hyperopt-generated: entry trend_ichimoku_base < 0.06295 (absolute price!), exit np.isclose(trend_kst_diff, 0.8779); uses 'ta' library add_all_ta_features. ROI/SL/trailing hyperopted.",n,trailing (only after offset); ROI table,not-portable,Thresholds are absolute price levels from an altcoin; needs full 'ta' feature set; meaningless intent.
freqtrade,Heracles,https://github.com/freqtrade/freqtrade-strategies/blob/f3340ce11f5bdf62f598522e64d1f5638eaa13f5/user_data/strategies/Heracles.py (local: data/real/sources/freqtrade-strategies/user_data/strategies/Heracles.py),GPL-3.0 (repo LICENSE),4h,"Hyperopted: long when DonchianPband(10) shifted 15 / KeltnerWband(20,atr10) shifted 9 lies in [0.16,0.75]. No exit signal. ROI {0:59.8%,644m:16.6%,3269m:11.5%,7289m:0}; SL -25.6%.",n,ROI table (long horizon),needs-approximation,"Ratio of two volatility features with odd shifts - portable mechanically (Donchian %B, Keltner width from 'ta' lib original_version=True uses SMA of typical price & SMA of high-low range) but no meaningful intent."
freqtrade,hlhb,https://github.com/freqtrade/freqtrade-strategies/blob/f3340ce11f5bdf62f598522e64d1f5638eaa13f5/user_data/strategies/hlhb.py (local: data/real/sources/freqtrade-strategies/user_data/strategies/hlhb.py),GPL-3.0 (repo LICENSE),4h,"HLHB system: long when RSI10 (on (open+close)/2) crosses above 50 AND EMA5 crosses above EMA10 AND ADX>25; exit when RSI crosses below 50 AND EMA5 crosses below EMA10 AND ADX>25. ROI {0:62%,703m:21.9%,2849m:3.6%,5520m:0}; SL -32%; trailing 1.17% once +1.86% (only after offset).",y (docstring: 'HLHB (Huck loves her bucks!) System simply aims to catch short-term forex trends' + babypips link),trailing only after offset; ROI table; ignore_roi_if_entry_signal,direct,Note 'hl2' is (open+close)/2 not (high+low)/2 - bug kept. RSI on derived series needs own Wilder state. Same-bar double-cross requirement makes signals rare.
freqtrade,HourBasedStrategy,https://github.com/freqtrade/freqtrade-strategies/blob/f3340ce11f5bdf62f598522e64d1f5638eaa13f5/user_data/strategies/HourBasedStrategy.py (local: data/real/sources/freqtrade-strategies/user_data/strategies/HourBasedStrategy.py),GPL-3.0 (repo LICENSE),1h,"Hyperopted time-of-day: buy when UTC hour in [4,24]; sell when hour between 22 and 21 (empty -> never). ROI {0:52.8%,169m:11.3%,528m:8.9%,1837m:0}; SL -10%.",n,ROI table,direct,Exit window degenerate (min>max); effectively buy at 04:00+ and exit by ROI/SL only. Simple calendar task; uses hist.time.
freqtrade,InformativeSample,https://github.com/freqtrade/freqtrade-strategies/blob/f3340ce11f5bdf62f598522e64d1f5638eaa13f5/user_data/strategies/InformativeSample.py (local: data/real/sources/freqtrade-strategies/user_data/strategies/InformativeSample.py),GPL-3.0 (repo LICENSE),5m,Long when EMA20>EMA50 AND BTC/USDT 15m close > its SMA20; exit when EMA20<EMA50 AND BTC 15m close<SMA20 (profit only). ROI 5/4/3/1%; SL -10%.,y (docstring: sample of informative pairs comparing against BTC/USDT),ROI table; exit_profit_only,needs-approximation,"Informative pair is BTC/USDT 15m; if traded pair is BTCUSDT, the informative is same symbol -> hist.htf(15) degenerates to base; port as same-symbol higher-TF (e.g. htf(60)) changes intent. Multi-pair feature otherwise."
freqtrade,mabStra,https://github.com/freqtrade/freqtrade-strategies/blob/f3340ce11f5bdf62f598522e64d1f5638eaa13f5/user_data/strategies/mabStra.py (local: data/real/sources/freqtrade-strategies/user_data/strategies/mabStra.py),GPL-3.0 (repo LICENSE),4h,"Hyperopted MA-ratio: long when SMA7/SMA14 and SMA14/SMA28 both in (0.295, 2.254) (essentially always true); exit when SMA14/SMA7 and SMA28/SMA14 in (2.814, 1.546) (empty interval -> never). ROI {0:59.8%,644m:16.6%,3269m:11.5%,7289m:0}; SL -12.8%.",n,ROI table,not-portable,Degenerate hyperopt bounds: always-in-market entry and impossible exit; effectively ROI/SL-only. Exclude (or use only as a ROI-table exercise).
freqtrade,MultiMa,https://github.com/freqtrade/freqtrade-strategies/blob/f3340ce11f5bdf62f598522e64d1f5638eaa13f5/user_data/strategies/MultiMa.py (local: data/real/sources/freqtrade-strategies/user_data/strategies/MultiMa.py),GPL-3.0 (repo LICENSE),4h,"Hyperopted TEMA ribbon: long when TEMA(k*15) is below TEMA((k-1)*15) for k=2..3 (buy_ma_count 4, gap 15 -> TEMA30<TEMA15, TEMA45<TEMA30); exit when any TEMA(k*68)>TEMA((k-1)*68) for k=2..11 (TEMA up to 748). ROI {0:52.3%,1553m:12.3%,2332m:7.6%,3169m:0}; SL -34.5%.",n (inline comment about range semantics),ROI table,needs-approximation,TEMA of periods up to 748 on 4h needs very long history and 30 recursive EMA states; feasible on hist.htf(240) with full history but heavy (time limit).
freqtrade,multi_tf,https://github.com/freqtrade/freqtrade-strategies/blob/f3340ce11f5bdf62f598522e64d1f5638eaa13f5/user_data/strategies/multi_tf.py (local: data/real/sources/freqtrade-strategies/user_data/strategies/multi_tf.py),GPL-3.0 (repo LICENSE),5m,"Example of @informative decorators: entry requires BTC/stake 1h RSI<35, ETH/BTC 1h RSI<50, BTC 1h RSI4<40, BTC 1h RSI2<30, own 30m RSI<40, 1h RSI<40, 5m RSI<30, RSI<RSI_1h; exit RSI>70 AND RSI>=RSI_1h. ROI 20%; SL -10%.",n,exit_profit_offset,needs-approximation,"Uses other pairs (ETH/BTC, BTC/stake). For BTCUSDT the BTC/USDT informative equals the traded pair -> portable minus the ETH/BTC condition (drop -> changes intent)."
freqtrade,PatternRecognition,https://github.com/freqtrade/freqtrade-strategies/blob/f3340ce11f5bdf62f598522e64d1f5638eaa13f5/user_data/strategies/PatternRecognition.py (local: data/real/sources/freqtrade-strategies/user_data/strategies/PatternRecognition.py),GPL-3.0 (repo LICENSE),1d,"Hyperopted: buy when TA-Lib CDLHIGHWAVE == -100 (bearish high-wave candle); no exit signal. ROI {0:93.6%,5271m:33.2%,18147m:8.6%,48152m:0}; SL -28.8%; trailing 3.2% after +8.4% (offset only).",n,trailing (only after offset); ROI table,needs-approximation,Needs TA-Lib CDLHIGHWAVE replication (body/shadow vs rolling averages of prior 10 candles) - possible but subtle. Daily TF -> hist.htf(1440).
freqtrade,PowerTower,https://github.com/freqtrade/freqtrade-strategies/blob/f3340ce11f5bdf62f598522e64d1f5638eaa13f5/user_data/strategies/PowerTower.py (local: data/real/sources/freqtrade-strategies/user_data/strategies/PowerTower.py),GPL-3.0 (repo LICENSE),5m,"Hyperopted: long when close_t > close_{t-2}^3.849 AND close_{t-1} > close_{t-3}^3.849 AND close_{t-2} > close_{t-4}^3.849; exit if any of the analogous ^3.798 comparisons fail. ROI {0:21.3%,39m:4.8%,56m:2.9%,159m:0}; SL -28.8%.",n,ROI table,not-portable,Price raised to power ~3.8: only meaningful for sub-1 priced coins; on BTC never true. Exclude.
freqtrade,Supertrend,https://github.com/freqtrade/freqtrade-strategies/blob/f3340ce11f5bdf62f598522e64d1f5638eaa13f5/user_data/strategies/Supertrend.py (local: data/real/sources/freqtrade-strategies/user_data/strategies/Supertrend.py),GPL-3.0 (repo LICENSE),1h,"Spot version of triple Supertrend: long when 3 buy STs (m4/p8, m7/p9, m1/p8) all up; exit when 3 sell STs (m1/p16, m3/p18, m6/p18) all down. ROI {0:8.7%,372m:5.8%,861m:2.9%,2221m:0}; SL -26.5%; trailing 5% after +14.4%.","y (module docstring: 'Buys if the 3 buy indicators are up; Sells if the 3 sell indicators are down', author, caveats)",trailing w/ offset; ROI table; 6 supertrend states,direct,Strong candidate: real description + well-known indicator. Must replicate 'technical' library supertrend (ATR = TA-Lib ATR i.e. Wilder; ratchet bands).
freqtrade,SwingHighToSky,https://github.com/freqtrade/freqtrade-strategies/blob/f3340ce11f5bdf62f598522e64d1f5638eaa13f5/user_data/strategies/SwingHighToSky.py (local: data/real/sources/freqtrade-strategies/user_data/strategies/SwingHighToSky.py),"GPL-3.0 (repo LICENSE); file header also says license = ""MIT""",15m,"Hyperopted: long when CCI72 < -175 AND RSI36 < 90; exit when CCI66 > -106 AND RSI45 > 88. ROI {0:27.1%,33m:8.5%,64m:4.1%,244m:0}; SL -34.3%.","n (module header: author, credits Bloom Trading, license 'MIT', status Live)",ROI table,direct,Native 15m. File-level header claims MIT license (inside GPL-3 repo) - dual signal; record both. RSI<90 is effectively no filter.
freqtrade,TWAPStrategy,https://github.com/freqtrade/freqtrade-strategies/blob/f3340ce11f5bdf62f598522e64d1f5638eaa13f5/user_data/strategies/TWAPStrategy.py (local: data/real/sources/freqtrade-strategies/user_data/strategies/TWAPStrategy.py),GPL-3.0 (repo LICENSE),15m,Execution example: RSI<45 long / RSI>55 short entries executed as 10 equal TWAP slices; partial exits in slices when RSI crosses back. ROI 2%; SL -10%.,y (docstring: 'TWAP execution on both entry and exit'),sliced entries/exits (position adjustment),not-portable,TWAP is explicitly out of scope; 1-minute slicing below bar resolution.
freqtrade,UniversalMACD,https://github.com/freqtrade/freqtrade-strategies/blob/f3340ce11f5bdf62f598522e64d1f5638eaa13f5/user_data/strategies/UniversalMACD.py (local: data/real/sources/freqtrade-strategies/user_data/strategies/UniversalMACD.py),GPL-3.0 (repo LICENSE),5m,"Hyperopted 'universal MACD' = EMA12/EMA26 - 1: long when it lies in [-0.01416, -0.01176]; exit when in [-0.00707, -0.02323] (min>max -> never). ROI {0:21.3%,27m:9.9%,60m:3%,164m:0}; SL -31.8%.",n (comment explains normalization 'universal' across coins),ROI table,direct,Normalized MACD is price-scale free -> meaningful on BTC; exit band empty (degenerate) so exits via ROI/SL only - note in intent.
freqtrade,DevilStra,https://github.com/freqtrade/freqtrade-strategies/blob/f3340ce11f5bdf62f598522e64d1f5638eaa13f5/user_data/strategies/lookahead_bias/DevilStra.py (local: data/real/sources/freqtrade-strategies/user_data/strategies/lookahead_bias/DevilStra.py),GPL-3.0 (repo LICENSE),1h?,Genetic 'spell' strategy combining normalized GodStraNew indicator conditions; requires static pairlist. Placed in lookahead_bias/ folder.,n (repo readme: normalize() uses full-dataframe min/max -> lookahead),n/a,not-portable,Intentional lookahead-bias teaching example; multi-pair hyperopt artifact.
freqtrade,GodStraNew,https://github.com/freqtrade/freqtrade-strategies/blob/f3340ce11f5bdf62f598522e64d1f5638eaa13f5/user_data/strategies/lookahead_bias/GodStraNew.py (local: data/real/sources/freqtrade-strategies/user_data/strategies/lookahead_bias/GodStraNew.py),GPL-3.0 (repo LICENSE),?,Genetic multi-condition strategy over 'ta' library features with full-series min/max normalization.,n (readme: lookahead via normalize()),n/a,not-portable,Lookahead-bias teaching example.
freqtrade,Zeus,https://github.com/freqtrade/freqtrade-strategies/blob/f3340ce11f5bdf62f598522e64d1f5638eaa13f5/user_data/strategies/lookahead_bias/Zeus.py (local: data/real/sources/freqtrade-strategies/user_data/strategies/lookahead_bias/Zeus.py),GPL-3.0 (repo LICENSE),4h,Entry: min-max normalized Ichimoku base line < 0.0128; exit: normalized KST diff ~= 0.9455.,n (readme: lookahead via full-series min/max),ROI table,not-portable,Lookahead-bias teaching example (full-sample normalization cannot be computed causally).
freqtrade,wtc,https://github.com/freqtrade/freqtrade-strategies/blob/f3340ce11f5bdf62f598522e64d1f5638eaa13f5/user_data/strategies/lookahead_bias/wtc.py (local: data/real/sources/freqtrade-strategies/user_data/strategies/lookahead_bias/wtc.py),GPL-3.0 (repo LICENSE),30m,"WaveTrend (wt1/wt2) cross with Stoch slowk and their difference, all MinMaxScaler-normalized over the full dataframe.",n (readme: MinMaxScaler lookahead),ROI table,not-portable,Lookahead-bias teaching example. A causal WaveTrend-cross variant could be authored separately but would not be a faithful port.
freqtrade,TrendRiderStrategy,https://github.com/freqtrade/freqtrade-strategies/blob/f3340ce11f5bdf62f598522e64d1f5638eaa13f5/user_data/strategies/TrendRiderStrategy.py (local: data/real/sources/freqtrade-strategies/user_data/strategies/TrendRiderStrategy.py),GPL-3.0 (repo LICENSE),1h,"Multi-signal trend rider (6 long entry tags: EMA pullback, EMA50 bounce, RSI16 bounce over 35, EMA9/16 cross, BB bounce, MACD reversal) gated by EMA50/200 regime, ADX/DI, volume ratio vs EMA20(volume), OBV vs its EMA, BTC/USDT 1h RSI>35, plus 4h/1d informative filters; static Fear&Greed/funding placeholders. Exits: RSI16>78; EMA9 crosses below EMA16 with MACD hist<0 and RSI>50; close drops through 0.99*EMA200; close<0.995*EMA200 with RSI>72 and falling MACD hist. Confidence score is logging only. ROI {0:22.9%,124m:13.6%,290m:4.4%,764m:0}; SL -6%; trailing 3% once +5% (offset only).","y (module docstring: 'Ride established trends with ATR-aware stoploss... Multiple entry signals: pullback, EMA bounce, RSI bounce, crossover, BB bounce, MACD reversal')",trailing (only after offset); ROI table; multiple entry tags,needs-approximation,Recent addition (2025-26). Informatives are same-pair 4h/1d (hist.htf ok) and BTC/USDT 1h (= traded pair if BTCUSDT). Very long condition lists (~10 per tag) -> long instruction; Fear&Greed/funding are constants (drop). Good 'complex real' task.
jesse,Donchian,https://github.com/jesse-ai/example-strategies/blob/master/Donchian/__init__.py,MIT (jesse-ai/example-strategies; origin gabrielweich/jesse-strategies MIT),6h (results files for 6h),Long when close > previous-bar Donchian(20) upper band AND close > SMA200; exit when close < Donchian lower band. Full balance. Long only.,y (module docstring: 'capture long term uptrends... buy when price closes above the upperband and only exit when price closes below the lowerband'; inline comments),none,direct,"Donchian excluding current bar = ind.highest(high,20) at t-1. Use hist.htf(360)? 6h not standard htf divisor of day? 360 min OK. Or run on 15m."
jesse,DUAL_THRUST,https://github.com/jesse-ai/example-strategies/blob/master/DUAL_THRUST/__init__.py,MIT,any (anchor timeframe = next larger TF),"Dual Thrust (Chalek): up threshold = anchor-TF open + 0.71*max(HC-LL... over 21 bars); down = open - 0.67*range; long if price > up, short if price < down; opposite signal liquidates; stop 2*ATR; size risks 2% of balance.",n (only link to medium article and 'Dual Thrust by Michael Chalek'),ATR stop at entry; risk-based sizing; long_short,needs-approximation,"Uses anchor-timeframe open: jesse utils.anchor_timeframe maps 15m->2h (verified), anchor_candles[-1] is likely the forming 2h candle (jesse builds HTF candles from 1m, to verify) -> our htf(120) has only completed candles; the current 2h open can be derived from 15m bars. Bug: down_max_high uses column 4 (low). risk_to_qty sizing -> fraction = 2%/(stop distance %) capped at 1."
jesse,IFR2,https://github.com/jesse-ai/example-strategies/blob/master/IFR2/__init__.py,MIT (origin gabrielweich MIT),1h,RSI(2)<10 long entry filtered by close above Ichimoku cloud (20/30/120/60 crypto params) and Hilbert Transform trend mode == 1; exit when close > highs of previous two candles.,y (docstring: 'Similar to RSI2 by Larry Connors... Uses Ichimoku... and Hilbert Transform Trendmode as filters... exit when close above highest high of two previous candles'),none,needs-approximation,HT_TRENDMODE (TA-Lib Hilbert transform) is very hard to replicate exactly; drop or approximate. Ichimoku span displacement semantics in jesse (uses candles shifted by displacement).
jesse,KDJstrategy,https://github.com/jesse-ai/example-strategies/blob/master/KDJstrategy/__init__.py,MIT (origin matty5690/example-strategies),1D,"KDJ: long when J > (K and D) [Python 'and' bug -> J > D]; stop 2*ATR14 at entry, size risks 5% of capital; exit if in profit and J fell vs previous bar, or if J < (K and D) [-> J < D].",y (docstring: 'Opens position when J value is above K and D values and closes when J value is below K and D values'; comment 'trailing stop loss of 2x ATR' but stop is static),ATR stop; profit-conditional exit; risk sizing,needs-approximation,"Code bug (K and D) vs docstring; jesse KDJ default params (9,3,3 with SMA?) need checking. Decide whether reference follows docstring or code."
jesse,MACD_EMA,https://github.com/jesse-ai/example-strategies/blob/master/MACD_EMA/__init__.py,"MIT (author Connor McDonald, 'Free For Use')",1h,"Long when close > EMA100 AND MACD(12,26,9) line > signal; exit when MACD < signal AND close < EMA100. Full balance.",y (docstring: 'When the MACD line crosses the signal line AND the closing price is above the 100 period EMA a long order is placed'),none,direct,Docstring says 'crosses' but code uses state (>) - note. Built-in ind.macd/ema.
jesse,MAGen,https://github.com/jesse-ai/example-strategies/blob/master/MAGen/__init__.py,MIT,any,"Generic MA cross (default matype 11 = linear-regression MA (jesse ta.ma table), period 5 vs 20 on close): long on fast crossing above slow with ADX(8)>13; short mirrored; exit when MAs inverted and ADX<15; stop 2*ATR32, take 5*ATR32; 3% risk sizing.",n,ATR stop+take at entry; risk sizing; long_short,needs-approximation,matype 11 verified = linearreg (least-squares endpoint) in jesse/indicators/ma.py; compute via numpy polyfit over window each bar (cheap).
jesse,RSI2,https://github.com/jesse-ai/example-strategies/blob/master/RSI2/__init__.py,MIT (author FengkieJ),any (results file),"Connors RSI(2): long if price > SMA200 and RSI2 <= 10; short if price < SMA200 and RSI2 >= 90; exit long when price > SMA5, exit short when price < SMA5. Full balance.","y (docstring: 'very basic mean reversion strategy, mainly using RSI(2) overbought and oversold levels... Originally developed by Larry Connors' + StockCharts reference)",long_short,direct,Excellent first-batch candidate; all built-in indicators.
jesse,SimpleBollinger,https://github.com/jesse-ai/example-strategies/blob/master/SimpleBollinger/__init__.py,MIT (origin gabrielweich MIT),1h,"Long when close > upper Bollinger(20,2 on hl2) AND close above Ichimoku cloud (default 9/26/52/26); exit when close < middle band.",y (docstring: 'When the price closes above the upperband in an uptrend (determined by the ichimoku cloud)... closed when price closes below... middleband'),none,direct,Ichimoku span_a/span_b at current bar uses displaced values (computed 26 bars ago) - port must reproduce jesse's convention.
jesse,SMACrossover,https://github.com/jesse-ai/example-strategies/blob/master/SMACrossover/__init__.py,MIT (author FengkieJ),any,SMA50 > SMA200 -> long; SMA50 < SMA200 -> short; position closed on opposite state (then re-entered opposite next bar). Full balance.,"y (docstring: 'hello world of algorithmic trading... Golden Cross for long, Death Cross for short')",long_short (always in market),direct,Trivial control task.
jesse,TradingView_RSI,https://github.com/jesse-ai/example-strategies/blob/master/TradingView_RSI/__init__.py,MIT (jesse repo); idea from TradingView script Ru7qOVtp (license of that script unknown - only idea reused),any,"RSI(5) crosses above 35 -> long; SL 5% below entry, TP 10% above; exit when RSI crosses below 75 or below 10 (emergency).",y (docstring: 'Long: RSI crosses over 35; Close Long: RSI crosses under 75; Emergency Exit: RSI crosses under 10'),fixed % stop/take,direct,Docstring says RSI default length differs (hp default rsi=5). Clean candidate.
jesse,TurtleRules,https://github.com/jesse-ai/example-strategies/blob/master/TurtleRules/__init__.py,MIT (author FengkieJ),any (daily in original Turtle),"Original Turtle System 1: long when high >= 20-bar Donchian high, short when low <= 20-bar low; unit size = 1% equity / ATR20; stop 2N; pyramid up to 4 units every +0.5N, raising stop to 2N from last add; exit on 10-bar opposite breakout; S1 filter skips next signal after a profitable trade.",y (long docstring + quotes from Curtis Faith 'Original Turtle Rules' and Kaufman),"pyramiding (4 units), stop ratchet on add, last-trade-profitable filter, ATR sizing",needs-approximation,Maps well onto fractional targets (unit = fraction); intrabar breakout on high/low -> bar-close detection with next-open fill. Jesse donchian includes current candle (so high>=upper is 'equal to new high'); last_was_profitable only set on take-profit (never used) -> filter inert. Note bugs.
jesse-gpt,TrendFollowingAI,https://github.com/jesse-ai/gpt-instructions/blob/main/instructions.md,MIT (jesse-ai/gpt-instructions),any + 6h HTF,"6h SMA50>SMA200 AND SMA20>SMA50 AND MACD hist>0 AND ADX>40 -> long (mirror short); 3x leverage; stop 1 ATR, take 2 ATR (long-side formula used for both); exit when SMA20<SMA50 or MACD hist<0.","y (inline comments 'Big Trend Condition: Bullish', 'Entry Signals: MA20 crosses above MA50, MACD histogram > 0, ADX > 40')",ATR stop+take; long_short,direct,Short-side stop/take formula bug (uses long formula). Comment says 'crosses' but code uses state. 6h htf = hist.htf(360).
jesse-gpt,AlligatorAi,https://github.com/jesse-ai/gpt-instructions/blob/main/instructions.md,MIT,any + 4h HTF,"Williams Alligator ordering (price>lips>teeth>jaw) on base and 4h, 4h EMA100 filter, ADX>30, CMO14>20, StochRSI k<20 -> long (mirror short); stop 2 ATR, take 2 ATR; 3% risk sizing x3.",y (inline comments describe each component),ATR stop+take; long_short,needs-approximation,Alligator = SMMA(13/8/5) of hl2 shifted 8/5/3 - jesse ta.alligator; StochRSI manual. Many conditions.
jesse-gpt,GoldenCross,https://github.com/jesse-ai/gpt-instructions/blob/main/instructions.md,MIT,any,"EMA20>EMA50 -> long with half balance, only if RSI14<65; stop at entry - 2*(bar range), take half at entry + 2*range; after partial TP move stop to price - range; exit when EMA20<EMA50.",n (no prose; part of LLM instruction examples),partial take-profit; stop move after partial; RSI filter,needs-approximation,Partial take (half qty) is not an order type in our engine: approximate by reducing target 0.5->0.25 at next open after high>=level (or treat as full take). current_range uses current bar range at time of call.
jesse-gpt,TrendSwingTrader,https://github.com/jesse-ai/gpt-instructions/blob/main/instructions.md,MIT,any,"EMA21>EMA50>EMA100 below price & ADX>25 -> long (mirror short); stop 2 ATR, take half at 3 ATR; after partial fill stop -> breakeven, then trail at max(price-2ATR, entry).",n,partial take; breakeven; ATR trailing after partial; long_short,needs-approximation,Partial exit approximation as GoldenCross. Otherwise good showcase of breakeven + trailing.
jesse-gpt,IchimokuCloud,https://github.com/jesse-ai/gpt-instructions/blob/main/instructions.md,MIT,any,Ichimoku conversion>base AND span_a>span_b AND ADX>50 AND CHOP<50 -> long via limit 1 ATR below price (mirror short); stop 2.5 ATR from entry; exit when conversion<base.,n,limit entry offset; ATR stop; long_short,needs-approximation,Limit entry 1 ATR away needs a pending-entry state (cancel each bar since should_cancel_entry=True) -> approximate as 'enter if next bar low <= level' (one-bar delay). Choppiness Index manual.
jesse-gpt,TurtleAI,https://github.com/jesse-ai/gpt-instructions/blob/main/instructions.md,MIT,any + 4h HTF,"Donchian(20, prior bars) breakout with 4h SMA200 trend filter, ADX>30, CHOP<40, and at least one bar since last close; stop 2.5 ATR, ratcheted each bar to max(stop, price-2.5ATR).",n,ATR trailing (ratchet); cooldown 1 bar; long_short,direct,Good trailing-ATR task.
jesse-gpt,K1,https://github.com/jesse-ai/gpt-instructions/blob/main/instructions.md,MIT,any + 4h HTF,"KAMA trend on base and 4h, ADX>50, CHOP<50, BB width*100<7, >10 bars since last close -> long/short; stop & take 2.5 ATR.",n,cooldown 10 bars; ATR stop+take; long_short,needs-approximation,"KAMA(10,2,30) recursion manual; BBW manual."
ysdede,Ott2butKAMA1,https://github.com/ysdede/jesse_strategies/blob/master/ott2butKAMA1/strategies/Ott2butKAMA1/__init__.py,CC0-1.0 (ysdede/jesse_strategies),5m-2h (GA-optimized on various),"OTT on KAMA(12) with 1.53%: long when KAMA crosses above OTT and RSI36 > 47.2; short when crosses below and RSI < 52.8; stop 1.25%, take 1.25%*3.7; exit on opposite cross.",n (no prose; repo README minimal),fixed % stop/take; long_short,needs-approximation,OTT/KAMA from ysdede custom_indicators (cta.ott) - must replicate; computed on last 960 candles only (window effect).
ysdede,KAMA1ShortOnly,https://github.com/ysdede/jesse_strategies/blob/master/KAMA1ShortOnly/strategies/KAMA1ShortOnly/__init__.py,CC0-1.0,?,"Short-only OTT(KAMA 22, 6.67%) cross-down with RSI34 < 40.6; stop 0.5%, take 0.55%; exit on cross up.",n,fixed % stop/take; short only,needs-approximation,As Ott2butKAMA1.
ysdede,OttBands1min,https://github.com/ysdede/jesse_strategies/blob/master/OttBands1min/strategies/OttBands1min/__init__.py,CC0-1.0,1m,"OTT bands (OTT*(1+-0.8%)): long when MA crosses above upper band, short when below lower band; stop at OTT line; staged take-profits at 0.5/1/2/4/8% with quantity curve; exit on OTT cross.",y (README documents TP ladder quantities),multi-level partial take-profits; indicator stop,needs-approximation,Multi-TP ladder -> fractional target reductions (approximate). 1m TF.
ysdede,OB5F_LSv2,https://github.com/ysdede/jesse_strategies/blob/master/OB5F_LSv2/strategies/OB5F_LSv2/__init__.py,CC0-1.0,5m,Separate long/short OTT-KAMA band systems with fixed-risk allocation and max-risk-per-trade check; stop at OTT; exchange rounding rules.,"y (README: 'Ott Bands strategy with fixed risk allocation, optimized with Optuna NSGA-II')",risk-capped sizing; indicator stop; long_short,needs-approximation,Heavy; exchange precision rules irrelevant.
ysdede,ewoexit2708,https://github.com/ysdede/jesse_strategies/blob/master/ewoexit2708/strategies/ewoexit2708/__init__.py,CC0-1.0,multi (GA),"EMA26/45 cross long with higher-TF (spot route) EMA54 trend filter, RSI7 'chop' filter, dump/pump filter (body>1.7% on any of last 3 bars); stop 2.4%; exit on EMA7/52 cross down.","y (README 'Theory': EMA cross with higher-timeframe EMA trend, RSI chop filter, distinct entry/exit EMAs)",fixed % stop; volatility filter,needs-approximation,Trend EMA reads candles from a different route (spot market) -> same-symbol htf approximation.
ysdede,SimplEma,https://github.com/ysdede/jesse_strategies/blob/master/simplema/strategies/SimplEma/__init__.py,CC0-1.0,30m/2h,"EMA8 crosses above EMA22 and no dump/pump (any of last 3 bodies or 3-bar move > 2.3%) -> long; stop 17.2%; take when PnL > 15.3%; exit on any EMA cross; martingale-like size x1.66 after each stop-loss (up to 4), reset on take.","y (README: 'ema trend follower with fixed stop loss and take profit, Martingale-like position sizing, simple dump & pump filter')",loss-streak sizing (martingale); fixed % stop/take,direct,Martingale sizing maps to target fraction (base 0.1 scaled) - nice state task. Note multiplier only resets on take_profit event which never fires (take implemented via liquidate) -> faithful port would never reset (bug).
ysdede,EthMaximalist,https://github.com/ysdede/jesse_strategies/blob/master/EthMaximalist/strategies/EthMaximalist/__init__.py,CC0-1.0,?,Long-only OTT(KAMA) cross-up with RSI14 above band; stop/take via RRR; liquidate when PnL >= stop*RRR; exit on cross down.,n,fixed % stop/take,needs-approximation,OTT dependency.
ysdede,fractional,https://github.com/ysdede/jesse_strategies/blob/master/fractional/strategies/fractional/__init__.py,CC0-1.0,?,"OTT with fractional (non-integer) KAMA length 65.5 and 1.94%; RSI14 bands; stop 1.99%, take x8.8; long/short; exit on opposite cross.",n,fixed % stop/take; long_short,needs-approximation,cta.ottf custom fractional-length MA; exotic.
lean,BybitCryptoRegressionAlgorithm,https://github.com/QuantConnect/Lean/blob/master/Algorithm.Python/BybitCryptoRegressionAlgorithm.py,Apache-2.0,"Minute (BTCUSDT spot, Bybit cash acct)","EMA(30) vs EMA(60) on 1m BTCUSDT. fast>slow -> buy 1 BTC (on top of 1 BTC initial holding); fast<=slow -> liquidate, then place limit sell of remaining BTC at +1%. No stop/target.",y - class docstring: 'Algorithm demonstrating and ensuring that Bybit crypto brokerage model works as expected'; inline '# create two moving averages',one-shot 'liquidated' flag (no re-entry); limit exit +1%,direct,Core rule = EMA30/EMA60 cross long/flat on BTCUSDT; maps to ema() on 15m (or scale periods 30/60 min -> 2/4 bars of 15m) . Regression one-shot flag and cash-book initial holdings should be dropped. Same symbol as target.
lean,BybitCustomDataCryptoRegressionAlgorithm,https://github.com/QuantConnect/Lean/blob/master/Algorithm.Python/BybitCustomDataCryptoRegressionAlgorithm.py,Apache-2.0,Minute (BTCUSDT custom-data bars),EMA(30)/EMA(60) on 1m BTCUSDT custom data; fast>slow and no orders yet -> buy 1; else after first order -> liquidate. Single round trip.,y - class docstring: 'Algorithm demonstrating and ensuring that Bybit crypto brokerage model works as expected with custom data types',order-count gating (single round trip),direct,Duplicate of BybitCryptoRegressionAlgorithm rule; EMA long/flat. Drop orders_count gating to make it a repeating strategy.
lean,BybitCryptoFuturesRegressionAlgorithm,https://github.com/QuantConnect/Lean/blob/master/Algorithm.Python/BybitCryptoFuturesRegressionAlgorithm.py,Apache-2.0,"Minute (BTCUSDT + BTCUSD perpetuals, Bybit margin)","EMA(30)/EMA(60) on 1m BTCUSDT perp. fast>slow & flat -> buy 100 BTCUSD inverse contracts + 0.01 BTCUSDT; when fast<=slow (after 3 orders) -> sell 3x quantity in each, i.e. flip from long to 2x short. No stops.",y - class docstring: 'Algorithm demonstrating and ensuring that Bybit crypto futures brokerage model works as expected',"long->reverse-to-short flip (one-shot), order-count gating",needs-approximation,Two perps (inverse+linear) on same underlying -> collapse to single BTCUSDT. Sizing is fixed contracts; map to +1 then -1 (or -2 capped at -1). Rest is margin/assertion boilerplate.
lean,BasicTemplateCryptoFutureAlgorithm,https://github.com/QuantConnect/Lean/blob/master/Algorithm.Python/BasicTemplateCryptoFutureAlgorithm.py,Apache-2.0,Minute (Binance futures BTCUSD + ADAUSDT),"EMA(30)/EMA(60) on 1m BTCUSD coin-future. fast>slow & flat -> buy 1 BTCUSD contract + 1000 ADAUSDT; else (after 10:00 UTC, 3 orders) -> sell 3 BTCUSD / 3000 ADAUSDT (flip to short 2x).",y - class docstring: 'Minute resolution regression algorithm trading Coin and USDT binance futures long and short asserting the behavior',"flip long->short, time-of-day gate (hour>10), order-count gating",needs-approximation,Second symbol (ADAUSDT) must be dropped; collapse to BTC EMA cross long then short. Mostly margin-assertion boilerplate; real rule is thin.
lean,BasicTemplateCryptoFutureHourlyAlgorithm,https://github.com/QuantConnect/Lean/blob/master/Algorithm.Python/BasicTemplateCryptoFutureHourlyAlgorithm.py,Apache-2.0,Hour (ADAUSDT Binance coin futures),EMA(3)/EMA(6) on hourly ADAUSDT. fast>slow & flat -> long 1000; fast<=slow and hour>10 -> sell 3000 (reverse to 2x short); hour>=22 -> liquidate.,y - class docstring: 'Hourly regression algorithm trading ADAUSDT binance futures long and short asserting the behavior'; comment 'let's revert our position and double',"reverse-and-double, time-of-day flatten (22:00), order-count gating",direct,"Single asset; hourly EMA3/6 via hist.htf(60) and manual EMA, or ema(12)/ema(24) on 15m as approximation. Reverse-and-double capped to -1 on our grid. Time exit maps to bar timestamp."
lean,BasicTemplateCryptoAlgorithm,https://github.com/QuantConnect/Lean/blob/master/Algorithm.Python/BasicTemplateCryptoAlgorithm.py,Apache-2.0,"Minute (BTCUSD, ETHUSD, BTCEUR, LTCUSD on GDAX)","Demo of crypto order methods at fixed hours (limit sells/buys at +-1%/-5%/+10%, cancel). After 13:00: LTCUSD EMA(30)>EMA(60) -> buy 10 LTC if none; else liquidate LTC.",y - docstring: 'The demonstration algorithm shows some of the most common order methods when working with Crypto assets.',"cash-book aware holdings, time-scheduled limit orders",needs-approximation,Multi-asset and multi-currency; only the LTC EMA30/60 long/flat sub-rule is portable to BTC. Scheduled limit-order demos are not a strategy.
lean,CustomDataBitcoinAlgorithm,https://github.com/QuantConnect/Lean/blob/master/Algorithm.Python/CustomDataBitcoinAlgorithm.py,Apache-2.0,Daily (custom Bitstamp BTC bars from Quandl),"Buy and hold BTC: if not invested -> set_holdings(BTC, 1). No exit.","y - docstring: 'Demonstration of using an external custom datasource... we're loading in ""Bitcoin"" data.'",none,direct,Trivial buy-and-hold baseline on BTC (useful as control). Custom data source irrelevant.
lean,ImmediateExecutionModelWorksWithBinanceFeeModel,https://github.com/QuantConnect/Lean/blob/master/Algorithm.Python/ImmediateExecutionModelWorksWithBinanceFeeModel.py,Apache-2.0,Minute (BTCBUSD Binance margin),"Framework: ConstantAlphaModel always UP with 20-min insights on BTCBUSD, equal weighting, immediate execution -> effectively always fully long, re-emitted every 20 min.",y - docstring: 'Regression algorithm to test ImmediateExecutionModel places orders with the correct quantity (taking into account the fee's)',none,direct,"Effectively always-long BTC baseline; fee-quantity test, no signal logic."
lean,MACDTrendAlgorithm,https://github.com/QuantConnect/Lean/blob/master/Algorithm.Python/MACDTrendAlgorithm.py,Apache-2.0,Daily (SPY),"MACD(12,26,9 EMA). delta=(MACD-signal)/fastEMA. holdings<=0 and delta>0.0025 -> long 100%; holdings>=0 and delta<-0.0025 -> liquidate. Once per day.",y - docstring: 'Simple indicator demonstration algorithm of MACD'; comments '# define a small tolerance on our checks to avoid bouncing',"tolerance band (hysteresis), once-per-day gate",direct,macd() available; normalize by fast EMA (ema(12)). Daily via hist.htf(1440) or apply on 15m with same params. Long/flat.
lean,ConvertToFrameworkAlgorithm,https://github.com/QuantConnect/Lean/blob/master/Algorithm.Python/ConvertToFrameworkAlgorithm.py,Apache-2.0,Daily (SPY),"Same MACD(12,26,9) rule as MACDTrend: delta>0.25% -> set_holdings +1 (emit UP insight); delta<-0.25% -> set_holdings -1 (DOWN insight). Long/short always-in after first signal.",y - docstring: 'Demonstration algorithm showing how to easily convert an old algorithm into the framework.',tolerance band; long/short flip,direct,Long/short variant of MACDTrend; directly portable with macd() + ema().
lean,MovingAverageCrossAlgorithm,https://github.com/QuantConnect/Lean/blob/master/Algorithm.Python/MovingAverageCrossAlgorithm.py,Apache-2.0,Minute data; EMA(15)/EMA(30) on Daily,Canonical 15/30-day EMA cross: flat and fast>slow*(1+0.00015) -> long 100%; long and fast<slow -> liquidate. Checked once per day.,y - docstring: 'we look at the canonical 15/30 day moving average cross. This algorithm will go long when the 15 crosses above the 30 and will liquidate when the 15 crosses back below the 30.',"tolerance, once-per-day",direct,"Daily EMAs via hist.htf(1440) with manual EMA, or ema(15*96)/ema(30*96) on 15m approx. Long/flat."
lean,ParameterizedAlgorithm,https://github.com/QuantConnect/Lean/blob/master/Algorithm.Python/ParameterizedAlgorithm.py,Apache-2.0,"Minute (SPY), EMA(100)/EMA(200) on minute",fast EMA(100) > slow EMA(200)*1.001 -> long 100%; fast < slow*0.999 -> liquidate. Parameters ema-fast/ema-slow.,y - docstring: 'Demonstration of the parameter system of QuantConnect. Using parameters you can pass the values required into C# algorithms for optimization.',hysteresis band +-0.1%,direct,"Symmetric band EMA cross; periods are in 1m bars, rescale for 15m (e.g. 100/200 on 15m or 7/13). Long/flat."
lean,TiingoPriceAlgorithm,https://github.com/QuantConnect/Lean/blob/master/Algorithm.Python/TiingoPriceAlgorithm.py,Apache-2.0,Daily (AAPL + Tiingo price data),EMA(5)/EMA(10): flat and fast>slow -> long 100%; invested and fast<slow -> liquidate.,y - docstring: 'This example algorithm shows how to import and use Tiingo daily prices data.',none,direct,Plain EMA cross long/flat; data vendor irrelevant.
lean,SecurityCustomPropertiesAlgorithm,https://github.com/QuantConnect/Lean/blob/master/Algorithm.Python/SecurityCustomPropertiesAlgorithm.py,Apache-2.0,Minute (SPY),"Variables named slow_ema=EMA(30), fast_ema=EMA(60). Flat and EMA30>EMA60 -> long 100%; invested and EMA30<EMA60 -> liquidate. BB(20,1) created but unused. Custom fee model.",y - docstring: 'In this algorithm we trade a security based on the values of a slow and fast EMAs which are stored in the security itself.',none,direct,Effective rule: EMA30>EMA60 long/flat (naming inverted in source). Bollinger unused.
lean,StatisticsResultsAlgorithm,https://github.com/QuantConnect/Lean/blob/master/Algorithm.Python/StatisticsResultsAlgorithm.py,Apache-2.0,"Minute (SPY, IBM)","SPY: EMA30>EMA60 -> 50% long else liquidate. IBM: EMA10>EMA30 (computed on SPY, a bug) -> 20% long else liquidate.",y - docstring: 'Demonstration of how to access the statistics results from within an algorithm through the `Statistics` property.',fractional sizing (0.5 / 0.2),needs-approximation,Two-asset portfolio; SPY leg is direct EMA cross at 0.5 weight. IBM leg uses SPY EMAs (bug) - drop.
lean,DailyAlgorithm,https://github.com/QuantConnect/Lean/blob/master/Algorithm.Python/DailyAlgorithm.py,Apache-2.0,Daily (SPY) + Hour (IBM),"MACD(12,26,9, Wilders MA) on SPY daily and EMA(90, SEVEN_BAR field) on IBM hourly. MACD>signal and IBM price>EMA -> IBM +25%; MACD<signal and price<EMA -> IBM -25%. Once per day.",y - docstring: 'Uses daily data and a simple moving average cross to place trades and an ema for stop placement',"fractional sizing 0.25, long/short, once-per-day",needs-approximation,"Signal from a different asset (SPY) than traded (IBM) - collapse to single asset. MACD with Wilders smoothing and SEVEN_BAR price field need manual computation (rma available). Daily via htf(1440), hourly via htf(60)."
lean,WarmupAlgorithm,https://github.com/QuantConnect/Lean/blob/master/Algorithm.Python/WarmupAlgorithm.py,Apache-2.0,"Second (SPY), EMA(60)/EMA(3600) seconds","Always-in: fast EMA(60s) > slow EMA(3600s) -> +100%, else -100%.",y - docstring: 'Demonstration algorithm for the Warm Up feature with basic indicators.',always-in long/short,needs-approximation,Second-resolution periods (1 min vs 1 hour EMA) cannot be reproduced on 15m; approximate as ema(1)~close vs ema(4) or rescale. Long/short flip.
lean,WarmupHistoryAlgorithm,https://github.com/QuantConnect/Lean/blob/master/Algorithm.Python/WarmupHistoryAlgorithm.py,Apache-2.0,"Second (EURUSD, NZDUSD), EMA(60)/EMA(3600)",Same as WarmupAlgorithm on EURUSD: EMA60>EMA3600 -> +100% else -100%; indicators warmed from history.,y - docstring: 'This algorithm demonstrates using the history provider to retrieve data to warm up indicators before data is received.',always-in long/short,needs-approximation,Near-duplicate of WarmupAlgorithm (forex). Second resolution must be rescaled; NZDUSD only used for history demo.
lean,RollingWindowAlgorithm,https://github.com/QuantConnect/Lean/blob/master/Algorithm.Python/RollingWindowAlgorithm.py,Apache-2.0,Daily (SPY),SMA(5) daily; if SMA now > SMA 4 bars ago (rising) and not invested -> long 100%. No exit (buy-and-hold after first trigger).,y - docstring: 'Using rolling windows for efficient storage of historical data; which automatically clears after a period of time.',rolling window of indicator values,direct,SMA slope entry; needs SMA from 5 bars ago = compute manually from hist. No exit rule (degenerate).
lean,DisplacedMovingAverageRibbon,https://github.com/QuantConnect/Lean/blob/master/Algorithm.Python/DisplacedMovingAverageRibbon.py,Apache-2.0,Daily (SPY),"SMA(15) displaced by 5,10,...,30 bars (6-line ribbon). If ribbon monotonically ordered with recent>=older (uptrend) and not long -> long 100%; if ordered recent<=older (downtrend) and long -> liquidate.","y - docstring: 'Constructs a displaced moving average ribbon and buys when all are lined up, liquidates when they all line down'",once-per-day gate,direct,Compute SMA15 at lags 5..30 from hist (manual or sma() over sliced history). Daily via htf(1440) or apply on 15m bars.
lean,BasicTemplateContinuousFutureAlgorithm,https://github.com/QuantConnect/Lean/blob/master/Algorithm.Python/BasicTemplateContinuousFutureAlgorithm.py,Apache-2.0,Minute data; SMA(4)/SMA(10) on Daily (ES continuous),Flat and SMA4-SMA10 > 0.001 (absolute points) -> buy 1 contract; invested and SMA10-SMA4 > 0.001 -> liquidate. Rolls position on contract change.,y - docstring: 'Basic Continuous Futures Template Algorithm',contract rollover,direct,SMA cross long/flat; rollover irrelevant for BTC perp/spot. Threshold is absolute points (tiny) - treat as plain cross.
lean,FuturesMomentumAlgorithm,https://github.com/QuantConnect/Lean/blob/master/Algorithm.Python/FuturesMomentumAlgorithm.py,Apache-2.0,Daily (SPY signal; ES futures traded),EMA(20)/EMA(60) daily on SPY with tolerance 1.001: uptrend (fast>slow*1.001) & flat -> buy 1 ES contract with >90d expiry; downtrend (fast<slow*1.001) -> liquidate.,y - docstring: 'EMA cross with SP500 E-mini futures... we demostrate how to trade futures contracts using a equity to generate the trading signals',contract selection by expiry,needs-approximation,Signal asset differs from traded asset; collapse to single BTC series. Rule itself is direct EMA cross long/flat.
lean,EmaCrossFuturesFrontMonthAlgorithm,https://github.com/QuantConnect/Lean/blob/master/Algorithm.Python/EmaCrossFuturesFrontMonthAlgorithm.py,Apache-2.0,Minute (Gold front-month future),EMA(100)/EMA(300) on 1m bars of front contract: fast>slow*(1.001) -> long 10% if flat; otherwise (fast<=slow*1.001) and invested -> liquidate. Indicators reset on contract roll.,y - docstring: 'This example demonstrates how to implement a cross moving average for the futures front contract',"indicator reset on roll, 10% sizing",direct,EMA cross long/flat at 0.1 weight; rescale 1m periods to 15m. Roll handling irrelevant.
lean,StopLimitOrderRegressionAlgorithm,https://github.com/QuantConnect/Lean/blob/master/Algorithm.Python/StopLimitOrderRegressionAlgorithm.py,Apache-2.0,Daily (SPY),"EMA(30)/EMA(60) daily trend. Uptrend -> buy stop-limit (stop=high*1.10, limit=high*1.11); after fill, downtrend -> sell stop-limit (stop=low*0.99, limit=low*0.98).",y - docstring: 'Basic algorithm demonstrating how to place stop limit orders.',"pending breakout entry order, one round trip",needs-approximation,Engine has no pending entry orders (entry = next open). Emulate breakout entry by waiting for close>prior high*1.10 then entering; exit stop can use our stop price. 10% breakout above daily high is extreme for BTC 15m.
lean,TrailingStopOrderRegressionAlgorithm,https://github.com/QuantConnect/Lean/blob/master/Algorithm.Python/TrailingStopOrderRegressionAlgorithm.py,Apache-2.0,Minute (SPY),"Buy trailing-stop entry $2 above running low (enter on $2 rebound); once long, sell trailing stop $0.5 below running high.",y - docstring: 'Basic algorithm demonstrating how to place trailing stop orders.',trailing entry and trailing exit (absolute $ amounts),needs-approximation,Trailing exit maps to per-bar stop price tracking running high in state; trailing entry requires tracking running low in state and entering next open. Absolute $ amounts must be converted to % / ATR for BTC.
lean,TrailingStopRiskFrameworkRegressionAlgorithm,https://github.com/QuantConnect/Lean/blob/master/Algorithm.Python/TrailingStopRiskFrameworkRegressionAlgorithm.py,Apache-2.0,Hour (AAPL via framework),ConstantAlpha UP (31-day insights) -> always long; TrailingStopRiskManagementModel(0.01): liquidate when holdings value drops 1% from highest value since entry (insight cancelled).,y - class docstring: 'Show example of how to use the TrailingStopRiskManagementModel',"trailing stop from peak, re-entry on next insight",direct,"Always-long + 1% trailing stop: state keeps peak price, emit stop=peak*0.99. Re-entry semantics follow insight refresh (approximate as re-enter after cooldown)."
lean,MaximumDrawdownPercentPerSecurityFrameworkRegressionAlgorithm,https://github.com/QuantConnect/Lean/blob/master/Algorithm.Python/MaximumDrawdownPercentPerSecurityFrameworkRegressionAlgorithm.py,Apache-2.0,Hour (AAPL via framework),ConstantAlpha UP -> always long; MaximumDrawdownPercentPerSecurity(0.004): liquidate when unrealized PnL < -0.4% (fixed stop loss from entry).,y - docstring: 'Regression algorithm to assert the behavior of MaximumDrawdownPercentPerSecurity',"fixed % stop loss, insight cancel",direct,Long + stop at entry*0.996 via stop price. Entry price must be stored in state.
lean,MaximumUnrealizedProfitPercentPerSecurityFrameworkRegressionAlgorithm,https://github.com/QuantConnect/Lean/blob/master/Algorithm.Python/MaximumUnrealizedProfitPercentPerSecurityFrameworkRegressionAlgorithm.py,Apache-2.0,Hour (AAPL via framework),ConstantAlpha UP -> always long; MaximumUnrealizedProfitPercentPerSecurity(0.004): take profit when unrealized PnL > +0.4%.,y - docstring: 'Regression algorithm to assert the behavior of MaximumUnrealizedProfitPercentPerSecurity',fixed % take profit,direct,Long + take at entry*1.004 via take price.
lean,MacdAlphaModelFrameworkRegressionAlgorithm,https://github.com/QuantConnect/Lean/blob/master/Algorithm.Python/MacdAlphaModelFrameworkRegressionAlgorithm.py,Apache-2.0,"Daily MACD on Hour universe data (AAPL, AIG, BAC, SPY)","MacdAlphaModel(12,26,9 EMA, daily): normalized signal = MACD.signal/price; >+1% -> UP, <-1% -> DOWN, otherwise FLAT (cancel insights). Insight period 12 days. Equal-weight portfolio.",y - model docstring (Algorithm.Framework/Alphas/MacdAlphaModel.py): 'uses MACD crossovers. The MACD signal line is used to generate up/down insights if it's stronger than the bounce threshold.',"direction-change only, insight expiry 12 bars, flat zone",needs-approximation,Universe of 4 equities -> single asset. Logic is in Algorithm.Framework/Alphas/MacdAlphaModel.py. Insight expiry = time-based exit (track in state). macd() available.
lean,EmaCrossAlphaModelFrameworkRegressionAlgorithm,https://github.com/QuantConnect/Lean/blob/master/Algorithm.Python/EmaCrossAlphaModelFrameworkRegressionAlgorithm.py,Apache-2.0,Daily EMAs on Hour universe data,"EmaCrossAlphaModel(12,26 daily): on fast crossing above slow -> UP insight; crossing below -> DOWN insight; insight lasts 12 days. Equal-weight PCM.",y - model docstring: 'Alpha model that uses an EMA cross to create insights',"cross-event triggered, insight expiry",needs-approximation,Universe -> single asset; signal only on cross events with 12-bar holding expiry (state: bars since signal). Logic in Algorithm.Framework/Alphas/EmaCrossAlphaModel.py.
lean,RsiAlphaModelFrameworkRegressionAlgorithm,https://github.com/QuantConnect/Lean/blob/master/Algorithm.Python/RsiAlphaModelFrameworkRegressionAlgorithm.py,Apache-2.0,Daily RSI on Hour universe data,"RsiAlphaModel(14, Wilder, daily): RSI<30 -> TRIPPED_LOW -> UP insight; RSI>70 -> TRIPPED_HIGH -> DOWN insight; resets to MIDDLE when RSI back above 35 / below 65; insight lasts 14 days.","y - model docstring: ""Uses Wilder's RSI to create insights. Using default settings, a cross over below 30 or above 70 will trigger a new insight.""","3-state hysteresis machine (30/35/65/70), insight expiry",needs-approximation,Universe -> single asset. State machine fits flat scalar state. rsi() available. Logic in Algorithm.Framework/Alphas/RsiAlphaModel.py.
lean,IndicatorWarmupAlgorithm,https://github.com/QuantConnect/Lean/blob/master/Algorithm.Python/IndicatorWarmupAlgorithm.py,Apache-2.0,"Minute (SPY, IBM, BAC) + Daily (GOOG, GOOGL)","Per symbol: MACD(12,26,9), EMA(14), ADX(14, unused). Uptrend = MACD.signal > MACD*0.999 and EMA14 > close*0.999 -> buy limit at bar low; downtrend mirror -> sell limit at high. Exit when close crosses EMA by 0.2% (limit at high/low). On fill place 1% stop-loss stop-market.",y - docstring: 'Regression test for history and warm up using the data available in open source.',"1% stop loss attached on fill, limit entries/exits, long/short",needs-approximation,Multi-symbol (collapse). Limit entries at bar low/high -> approximate with market next open. 1% stop maps to stop price. Note uptrend definition looks inverted (EMA above close).
lean,OneCancelsOtherOrderRegressionAlgorithm,https://github.com/QuantConnect/Lean/blob/master/Algorithm.Python/OneCancelsOtherOrderRegressionAlgorithm.py,Apache-2.0,Minute (SPY),"Repeatedly: market buy, then OCO exit set: take profit limit +0.3%, stop-market -0.3%, far stop-limit -1%/-2%. When any fills, re-enter long and submit new set.","y - docstring: 'a set of orders working at the same time where the first one to fill cancels the rest. We use it to exit an existing position, each time it's closed we open it again'","bracket TP/SL around entry, immediate re-entry",direct,"Always-long with symmetric 0.3% bracket: emit take=entry*1.003, stop=entry*0.997 each bar; re-enter after exit. Entry price in state."
lean,BracketOrderLimitEntryRegressionAlgorithm,https://github.com/QuantConnect/Lean/blob/master/Algorithm.Python/BracketOrderLimitEntryRegressionAlgorithm.py,Apache-2.0,Minute (SPY),"Once: limit buy entry at price*0.999 that triggers OCO children: take-profit limit at +0.4%, stop-loss stop-market at -1% (prices relative to signal price).","y - docstring: 'bracket order (OTOCO)... a limit entry order: the take profit and the stop loss are held, they can't fill, until the entry order fills'",OTOCO bracket; single trade,needs-approximation,Limit entry not supported (market next open only); TP/SL map to take/stop. Single trade only.
lean,ContingentTrailingStopOrderRegressionAlgorithm,https://github.com/QuantConnect/Lean/blob/master/Algorithm.Python/ContingentTrailingStopOrderRegressionAlgorithm.py,Apache-2.0,Minute (SPY),Limit buy entry at -0.1% which triggers a 0.5% trailing stop (percentage) that starts trailing from the fill-time market price.,"y - docstring: 'a trailing stop order triggered by another order... its stop price is set once it's triggered, from the market price at that time, from where it starts trailing'",trailing stop (0.5%) after entry,needs-approximation,Limit entry -> market next open; 0.5% trailing stop via state peak and stop price. Single trade.
lean,DataConsolidationAlgorithm,https://github.com/QuantConnect/Lean/blob/master/Algorithm.Python/DataConsolidationAlgorithm.py,Apache-2.0,Minute SPY consolidated to 30-minute bars (plus 45m/1h/daily/3-day demos),On each 30-min bar: close > previous 30m close -> buy 100 shares; close < previous -> sell 100 shares (accumulating); liquidate at end of each day and reset.,y - docstring: 'Example algorithm giving an introduction into using IDataConsolidators... TradeBarConsolidator',"position accumulates in fixed steps (pyramiding), daily flatten",needs-approximation,30m bars via hist.htf(30) (30 is a multiple of 15). Fixed share steps -> map to +-0.05/0.1 grid steps capped at +-1. End-of-day flatten has no natural crypto analogue (use UTC midnight).
lean,VolumeRenkoConsolidatorAlgorithm,https://github.com/QuantConnect/Lean/blob/master/Algorithm.Python/VolumeRenkoConsolidatorAlgorithm.py,Apache-2.0,"Minute SPY into 1,000,000-volume bars","SMA(10) of closes of constant-volume (volume renko) bars; if SMA < current price -> 100% long, else flat.",y - docstring: 'Demostrates the use of VolumeRenkoConsolidator for creating constant volume bar',none,needs-approximation,Volume bars must be built manually from hist 15m volume (coarser); rule itself is price>SMA long/flat. Second leg (IBM ticks) irrelevant.
lean,VIXDualThrustAlpha,https://github.com/QuantConnect/Lean/blob/master/Algorithm.Python/Alphas/VIXDualThrustAlpha.py,Apache-2.0,Minute data consolidated into 30-minute bars; range over 20 bars,"Dual Thrust: on each 30m bar, Range=max(HH-LC, HC-LL) over last 20 bars; upper=close+0.63*Range, lower=close-0.63*Range. price>upper & not long -> long insight (5 days); price<lower & not short -> short insight. Risk: MaximumDrawdownPercentPerSecurity(3%).",y - header comment: 'This is a demonstration algorithm. It trades UVXY. Dual Thrust alpha model is used to produce insights.' + model docstring with Dual Thrust reference links,"long/short breakout, 3% stop loss from entry, insight expiry 5d",direct,Single symbol (actually SPY despite 'UVXY' comment). 30m bars via hist.htf(30); HH/HC/LC/LL computed from htf bars (highest/lowest helpers usable). 3% stop -> stop price. Strong candidate.
lean,IntradayReversalCurrencyMarketsAlpha,https://github.com/QuantConnect/Lean/blob/master/Algorithm.Python/Alphas/IntradayReversalCurrencyMarketsAlpha.py,Apache-2.0,Hour (EURUSD),"SMA(5) hourly reversal: between 10:00-15:00 NY, price < SMA*1.001 -> long, else short (only on direction change); all insights expire at 15:01 (flat).",y - header comment: 'Reversal strategy that goes long when price crosses below SMA and Short when price crosses above SMA. The trading strategy is implemented only between 10AM - 3PM (NY time).' (LeBaron & Zhao paper cited),"time-of-day window, direction-change gating, daily flatten",direct,Single asset; hourly SMA via htf(60) or sma(20) on 15m. NY-session window must be mapped to UTC (meaningfulness for BTC is weaker but rule ports).
lean,PriceGapMeanReversionAlpha,https://github.com/QuantConnect/Lean/blob/master/Algorithm.Python/Alphas/PriceGapMeanReversionAlpha.py,Apache-2.0,Minute (top-25 dollar-volume equities),Per symbol: price_jump = close/prev_close - 1; if |100*jump| > 3*StdDev(100 closes) -> fade (DOWN if jump>0 else UP) for 5 minutes.,y - class docstring: 'a large price gap (here we use true outliers -- price gaps that whose absolutely values are greater than 3 * Volatility) is due to rebound back',short-horizon fade with fixed expiry,needs-approximation,Coarse universe -> single asset. StdDev computed manually. Note unit mismatch in source (percent return vs std of price levels) - should use std of returns. Hold N bars via state counter.
lean,MeanReversionLunchBreakAlpha,https://github.com/QuantConnect/Lean/blob/master/Algorithm.Python/Alphas/MeanReversionLunchBreakAlpha.py,Apache-2.0,Hour (top-20 dollar-volume ETFs),"At 12:00 hourly bar: ROC% over last 3 hourly bars > 0 -> DOWN insight for 1 hour, else UP (mean reversion during lunch break). Magnitude = |SMA3(ROC1)|.",y - header comment: 'Stocks become more volatile as order flow is reduced and tend to mean-revert during lunch-break.' (Lunina 2011 cited),"time-of-day trigger, 1-hour hold",needs-approximation,"Universe -> single asset; equity lunch-break rationale does not transfer to 24/7 BTC, but rule (3h ROC fade at fixed hour, hold 1h) ports with htf(60)."
lean,GlobalEquityMeanReversionIBSAlpha,https://github.com/QuantConnect/Lean/blob/master/Algorithm.Python/Alphas/GlobalEquityMeanReversionIBSAlpha.py,Apache-2.0,Daily (32 equity ETFs),"IBS=(close-low)/(high-low) per ETF; rank cross-sectionally: short top-2 IBS, long bottom-2 IBS for 1 day.",y - header comment: 'Equity indices exhibit mean reversion in daily returns. The Internal Bar Strength indicator (IBS)... can be used to identify overbought and oversold securities.',1-day hold,not-portable,"Cross-sectional ranking across 32 assets. A single-asset IBS threshold variant (e.g. IBS<0.2 long) would be a reinterpretation, not a port."
lean,BubbleAlgorithm,https://github.com/QuantConnect/Lean/blob/master/Algorithm.Python/BubbleAlgorithm.py,Apache-2.0,Minute data; MACD/RSI on Daily (SPY) + CAPE custom data,"If CAPE>20 and no new CAPE low: buy when RSI(14)<70, sell when RSI>70. If CAPE at new 4-period low: sell when RSI>30, buy when RSI<30. Trades only at 9:31.",y - docstring: 'Strategy example algorithm using CAPE - a bubble indicator dataset... Goals: Capitalize in overvalued markets by generating returns with momentum and selling before the crash',"regime switch on external data, once-daily timing",not-portable,Requires CAPE fundamentals (Shiller P/E) for regime; RSI 30/70 sub-rule alone is generic. MACD computed but unused.
binance,binance_futures_trailing_stop,https://developers.binance.com/docs/derivatives/usds-margined-futures/trade/rest-api ; https://dev.binance.vision/t/conditions-for-trailing-stop-market/12644 ; https://www.binance.com/en/support/faq/what-is-a-trailing-stop-order-360042299292,docs (copyright exchange; spec paraphrase only),n/a (intrabar/real-time),TRAILING_STOP_MARKET: SELL triggers when highest price since placement >= activationPrice and latest <= highest*(1-callbackRate); BUY mirror. Market fill; closePosition option; workingType last/mark.,y (official product documentation at url_or_path; quote/paraphrase only),peak/trough since activation; activated flag; entry price,needs-approximation,Map: state.peak=max high since activation; return stop=peak*(1-cb) each bar. Intrabar peak+trigger lag one bar; mark-price trigger not reproducible. callbackRate range API 0.1-10% vs FAQ 0.01-20% (discrepancy).
binance,binance_spot_trailing_stop,https://developers.binance.com/docs/binance-spot-api-docs/faqs/trailing-stop-faq,docs (copyright exchange; spec paraphrase only),n/a (intrabar/real-time),trailingDelta in BIPS on STOP_LOSS(_LIMIT)/TAKE_PROFIT(_LIMIT)/OCO leg; SELL triggers after decrease of delta from highest trade since submission (or since optional stopPrice activation).,y (official product documentation at url_or_path; quote/paraphrase only),peak since activation (init = stopPrice on activation); activated flag,needs-approximation,Same as futures mapping with cb=delta/10000; _LIMIT variants may not fill (engine assumes fill). Trailing TAKE_PROFIT sell = activate above stopPrice then trail. Buy-side trailing entry -> next-open entry.
okx,okx_trailing_stop_move_order_stop,https://www.okx.com/docs-v5/en/#order-book-trading-algo-trading-post-place-algo-order ; https://www.okx.com/en-us/help/xi-strategy-order-types,docs (copyright exchange; spec paraphrase only),n/a (intrabar/real-time),ordType=move_order_stop with callbackRatio (e.g. 0.05) or callbackSpread (price distance); optional activePx; sell trigger = highest*(1-ratio) or highest-spread.,y (official product documentation at url_or_path; quote/paraphrase only),peak since activation; activated flag,needs-approximation,stop=peak*(1-ratio) or peak-spread per bar; closeFraction<1 not portable via stop (whole-position close only).
binance,binance_spot_grid_arith,https://www.binance.com/en/support/faq/binance-spot-grid-trading-parameters-688ff6ff08734848915de76a07b953dd ; https://www.binance.com/en/support/faq/what-is-spot-grid-trading-and-how-does-it-work-d5f441e8ab544a5b98241e00efb3a4ab,docs (copyright exchange; spec paraphrase only),n/a (intrabar/real-time),"Spot grid, arithmetic spacing d=(upper-lower)/N; buy limits below/sell limits above, refill one level up after buy; idle outside range; optional trigger, SL/TP (sell all base), trailing up.",y (official product documentation at url_or_path; quote/paraphrase only),"lower,upper,N,levels-above count,trail offset,started flag",needs-approximation,"target=k/N (levels above close) rounded to 0.05; exact steps only for N in {1,2,4,5,10,20}; intrabar round trips and limit-price fills lost; SL/TP -> engine stop/take (direct)."
binance,binance_spot_grid_geom,https://www.binance.com/en/support/faq/binance-spot-grid-trading-parameters-688ff6ff08734848915de76a07b953dd,docs (copyright exchange; spec paraphrase only),n/a (intrabar/real-time),"Spot grid, geometric spacing r=(upper/lower)^(1/N); otherwise as arithmetic grid; trailing up shifts range when price > upper + one grid.",y (official product documentation at url_or_path; quote/paraphrase only),"lower,upper,N,levels-above count,trail offset",needs-approximation,As arith grid with log-spaced levels; trailing up via state range shift at bar close.
binance,binance_futures_grid_long_short_neutral,https://www.binance.com/en/support/faq/what-is-futures-grid-trading-f4c453bab89648beb722aa26634120c3 ; https://www.binance.com/en/support/faq/how-to-use-the-trailing-up-and-trailing-down-functions-in-usd%E2%93%A2-m-futures-grid-trading-7a7bb22420404385991dee3a0930207d,docs (copyright exchange; spec paraphrase only),n/a (intrabar/real-time),"USDS-M futures grid, 2-1000 grids, arithmetic/geometric; long (initial long), short (initial short), neutral (short above / long below reference); trailing up/down with limit prices; price/PNL/ROI% stop triggers; leverage.",y (official product documentation at url_or_path; quote/paraphrase only),"range, N, mode, reference price, trail offsets, realized PnL",needs-approximation,"Signed target in [-1,1] from level index; leverage>1 not representable (cap); PNL/ROI triggers evaluated at bar close."
okx,okx_spot_grid_arith,https://www.okx.com/docs-v5/en/#order-book-trading-grid-trading-post-place-grid-algo-order ; https://www.okx.com/en-us/help/whats-the-spot-grid-bot-and-how-to-use-it,docs (copyright exchange; spec paraphrase only),n/a (intrabar/real-time),"algoOrdType=grid, runType=1 arithmetic, minPx/maxPx/gridNum, tpTriggerPx/slTriggerPx (sell all base), start/stop triggers (instant/price/RSI on 3m..1D incl 15m), trailing up/down in UI.",y (official product documentation at url_or_path; quote/paraphrase only),"range,N,levels-above count,started flag,RSI",needs-approximation,Same mapping as Binance grid; RSI start trigger on 15m is natively bar-close (near exact); TP/SL direct.
okx,okx_spot_grid_geom,https://www.okx.com/docs-v5/en/#order-book-trading-grid-trading-post-place-grid-algo-order ; https://www.okx.com/en-us/help/whats-the-spot-grid-bot-and-how-to-use-it,docs (copyright exchange; spec paraphrase only),n/a (intrabar/real-time),"algoOrdType=grid, runType=2 geometric (constant ratio between levels); otherwise as arithmetic.",y (official product documentation at url_or_path; quote/paraphrase only),"range,N,levels-above count",needs-approximation,As okx_spot_grid_arith with geometric levels.
okx,okx_contract_grid_long_short_neutral,https://www.okx.com/docs-v5/en/#order-book-trading-grid-trading-post-place-grid-algo-order,docs (copyright exchange; spec paraphrase only),n/a (intrabar/real-time),"algoOrdType=contract_grid, direction long/short/neutral, lever, basePos (open initial position), tpRatio/slRatio, triggerParams with stopType close-all/keep.",y (official product documentation at url_or_path; quote/paraphrase only),"range,N,direction,level index,entry equity",needs-approximation,Signed target from level index; leverage capped at 1; tp/slRatio checked vs state equity at bar close or converted to price levels.
binance,binance_convert_recurring_dca,https://www.binance.com/en/support/faq/detail/5026705ac87942069b1bdcf5a99ffc48 ; https://www.binance.com/en/support/faq/what-is-auto-invest-and-how-to-use-it-3dd41bc1d4ea4879863ffbf2211a17fe,docs (copyright exchange; spec paraphrase only),n/a (intrabar/real-time),"Convert Recurring (successor of Auto-Invest, discontinued after 31 Mar 2025): fixed amount bought at hourly(1/4/8/12)/daily/weekly/bi-weekly/monthly schedule at Convert quote price.",y (official product documentation at url_or_path; quote/paraphrase only),"cash budget remaining, base units held, period counter",needs-approximation,Fixed-capital engine: deploy budget over K periods; 0.05 quantisation forces ~20 steps or accumulation; schedule snapped to 15m bar opens; Convert price != spot open.
okx,okx_recurring_buy,https://www.okx.com/docs-v5/en/#order-book-trading-recurring-buy-post-place-recurring-buy-order ; https://www.okx.com/en-us/help/how-do-i-set-up-a-recurring-buy-plan,docs (copyright exchange; spec paraphrase only),n/a (intrabar/real-time),"Recurring buy bot: amt per cycle in USDT/USDC, period hourly(1/4/8/12)/daily/weekly/monthly, optional minPx/maxPx band, multi-coin ratios.",y (official product documentation at url_or_path; quote/paraphrase only),"cash budget remaining, base units, period counter",needs-approximation,As Binance recurring; price band checked at bar close; single asset only (BTC ratio=1).
binance,binance_spot_dca_bot,https://www.binance.com/en/support/faq/binance-spot-dca-parameters-797f6e465186474fac2add2f7ce0474a,docs (copyright exchange; spec paraphrase only),n/a (intrabar/real-time),Spot DCA bot: base order + up to max DCA orders at price deviation (0.1-15%) with deviation multiplier and size multiplier; TP % over average price (fix or trailing); optional SL %; trigger price; cooldown between rounds (default 60s).,y (official product documentation at url_or_path; quote/paraphrase only),"avg entry price, safety orders filled, next safety level, round state, cooldown",needs-approximation,Safety buys at next open after low/close crosses level (exchange fills at limit intrabar); cumulative size fractions rounded to 0.05; TP -> take=avg*(1+tp) (near exact); SL -> stop; trailing TP via trailing approximation.
okx,okx_spot_dca_martingale,"https://www.okx.com/docs-v5/en/ (POST /api/v5/tradingBot/dca/create, algoOrdType=spot_dca) ; https://www.okx.com/en-eu/help/whats-the-spot-dca-bot-and-how-to-use-it",docs (copyright exchange; spec paraphrase only),n/a (intrabar/real-time),"spot_dca: initOrdAmt, safetyOrdAmt, maxSafetyOrds, pxSteps, pxStepsMult, volMult, tpPct per cycle, slPct/slMode, start trigger instant/RSI; cycles repeat.",y (official product documentation at url_or_path; quote/paraphrase only),"avg entry, safety count, next level, cycle state",needs-approximation,As binance_spot_dca_bot. Endpoint POST /api/v5/tradingBot/dca/create.
okx,okx_contract_dca_long_short,"https://www.okx.com/docs-v5/en/ (POST /api/v5/tradingBot/dca/create, algoOrdType=contract_dca)",docs (copyright exchange; spec paraphrase only),n/a (intrabar/real-time),"Contract DCA: as spot DCA plus direction long/short, lever, price trigger, allowReinvest.",y (official product documentation at url_or_path; quote/paraphrase only),"avg entry, safety count, direction, cycle state",needs-approximation,Short = mirrored levels and negative targets; leverage capped.
binance,binance_spot_oco,https://raw.githubusercontent.com/binance/binance-spot-api-docs/master/rest-api.md (POST /api/v3/orderList/oco),docs (copyright exchange; spec paraphrase only),n/a (intrabar/real-time),OCO pair: one LIMIT_MAKER/TAKE_PROFIT/TAKE_PROFIT_LIMIT and one STOP_LOSS/STOP_LOSS_LIMIT; activation of one cancels the other; trailingDelta allowed on contingent leg. OTOCO adds a working entry order.,y (official product documentation at url_or_path; quote/paraphrase only),"entry price, stop/take levels",direct,Market-type legs covering whole position = engine stop+take (stop-wins tie is conservative). Limit legs/OTOCO limit entry are approximate.
binance,binance_futures_stop_takeprofit_market,https://developers.binance.com/docs/derivatives/usds-margined-futures/trade/rest-api,docs (copyright exchange; spec paraphrase only),n/a (intrabar/real-time),STOP_MARKET/TAKE_PROFIT_MARKET triggered on latest CONTRACT_PRICE or MARK_PRICE vs stopPrice; closePosition closes whole position; priceProtect.,y (official product documentation at url_or_path; quote/paraphrase only),stop/take levels,direct,Direct when workingType=CONTRACT_PRICE and closePosition; MARK_PRICE trigger not reproducible from last-trade bars.
okx,okx_conditional_tpsl_oco,https://www.okx.com/docs-v5/en/#order-book-trading-algo-trading-post-place-algo-order ; https://www.okx.com/en-us/help/xi-strategy-order-types,docs (copyright exchange; spec paraphrase only),n/a (intrabar/real-time),"ordType conditional (one-way TP/SL) and oco (TP+SL, either triggers cancels other); attached TP/SL; split TPs with cost-price SL move to avgPx.",y (official product documentation at url_or_path; quote/paraphrase only),"stop/take levels, avg price, breakeven flag",direct,Single whole-position TP/SL direct; split TPs/closeFraction not portable as orders (approx via target reductions); breakeven move via state.
okx,okx_twap,https://www.okx.com/docs-v5/en/#order-book-trading-algo-trading-post-place-algo-order,docs (copyright exchange; spec paraphrase only),n/a (intrabar/real-time),ordType=twap execution algorithm.,y (official product documentation at url_or_path; quote/paraphrase only),n/a,not-portable,"Excluded from scope (execution algo, not a signal)."
