open,high,low,close,volume,open_time
480.36,480.92,477.77,477.8,2450800.0,1727875800000
477.792,480.04,477.72,479.68,1421333.0,1727876700000
479.75,481.14,479.4605,480.5835,1278343.0,1727877600000
480.56,482.06,480.435,481.88,1080519.0,1727878500000
481.86,482.4586,481.41,481.92,1072839.0,1727879400000
481.9,483.1,481.3,481.66,1035170.0,1727880300000
481.67,482.96,481.54,482.91,825142.0,1727881200000
482.9,483.88,482.6401,483.07,982240.0,1727882100000
483.15,483.48,482.885,483.3,572660.0,1727883000000
483.31,483.44,482.47,483.17,612160.0,1727883900000
483.19,483.77,483.1,483.513,695960.0,1727884800000
483.51,483.72,482.61,483.38,453588.0,1727885700000
483.39,483.39,482.63,482.7,355370.0,1727886600000
482.6778,482.74,481.23,481.279,561808.0,1727887500000
481.29,481.9283,481.125,481.64,938849.0,1727888400000
481.61,482.29,481.35,482.18,521136.0,1727889300000
482.15,482.23,481.01,481.7,508358.0,1727890200000
481.68,482.9,481.63,482.83,483864.0,1727891100000
482.81,483.13,482.75,482.85,691517.0,1727892000000
482.84,483.06,481.4301,482.27,473559.0,1727892900000
482.22,482.52,481.83,482.51,269661.0,1727893800000
482.53,482.59,482.12,482.3443,204323.0,1727894700000
482.33,482.73,482.1645,482.59,477849.0,1727895600000
482.58,482.91,482.45,482.85,415349.0,1727896500000
482.89,482.95,482.28,482.81,749578.0,1727897400000
482.8,483.13,481.835,481.94,1488673.0,1727898300000
479.74,482.0,479.37,481.705,1358951.0,1727962200000
481.73,482.99,481.26,482.46,923275.0,1727963100000
482.41,484.545,481.41,482.445,2268580.0,1727964000000
482.45,483.6,480.35,481.0,1721303.0,1727964900000
480.97,482.52,479.8087,480.65,1191326.0,1727965800000
480.7,482.6,480.33,480.44,1044516.0,1727966700000
480.44,481.42,480.13,481.18,898845.0,1727967600000
481.13,482.14,480.98,481.695,797213.0,1727968500000
481.665,483.07,481.65,482.77,784440.0,1727969400000
482.77,483.2525,482.5,482.7913,511894.0,1727970300000
482.79,482.92,482.33,482.78,330357.0,1727971200000
482.74,483.09,482.3401,482.6,337074.0,1727972100000
482.63,482.63,480.87,481.2499,772899.0,1727973000000
481.22,481.26,479.54,479.97,1470345.0,1727973900000
479.97,480.25,478.99,479.76,879559.0,1727974800000
479.76,481.6,479.5501,480.5566,908252.0,1727975700000
480.52,481.28,479.94,480.71,512509.0,1727976600000
480.72,481.02,480.34,480.98,301666.0,1727977500000
480.985,481.3,480.64,480.8093,415808.0,1727978400000
480.8,481.12,480.09,480.7099,601674.0,1727979300000
480.7199,481.02,480.31,480.81,330738.0,1727980200000
480.8,481.06,480.485,480.54,414221.0,1727981100000
480.52,480.6475,479.82,480.195,433855.0,1727982000000
480.19,480.6,479.885,480.0404,506100.0,1727982900000
480.04,480.73,479.955,480.31,811897.0,1727983800000
480.3,482.03,480.27,481.63,2183650.0,1727984700000
487.45,487.72,486.45,486.76,2565847.0,1728048600000
486.78,487.44,483.79,484.09,2075872.0,1728049500000
484.09,484.9,482.385,483.69,2269595.0,1728050400000
483.69,484.96,482.53,482.96,1189685.0,1728051300000
483.0,484.34,482.52,484.34,1445146.0,1728052200000
484.27,485.16,483.61,485.09,766155.0,1728053100000
485.05,485.85,484.34,484.34,1137261.0,1728054000000
484.3345,485.03,483.14,483.51,745913.0,1728054900000
483.47,484.23,482.88,483.7776,1128131.0,1728055800000
483.76,485.39,483.0,485.38,781351.0,1728056700000
485.39,485.56,484.18,484.36,693076.0,1728057600000
484.285,484.77,484.0,484.51,316668.0,1728058500000
484.46,486.3,484.3,486.18,624141.0,1728059400000
486.17,486.34,485.39,485.67,619174.0,1728060300000
485.67,485.78,485.28,485.75,284112.0,1728061200000
485.76,486.07,485.42,485.47,352776.0,1728062100000
485.47,486.08,484.02,486.0,879642.0,1728063000000
486.0,486.03,484.67,484.78,581035.0,1728063900000
484.82,485.08,484.35,484.72,426618.0,1728064800000
484.71,485.55,484.29,485.49,519809.0,1728065700000
485.49,485.64,485.2636,485.345,359136.0,1728066600000
485.34,486.1,485.29,486.09,651274.0,1728067500000
486.08,486.17,485.71,485.93,531593.0,1728068400000
485.94,486.85,485.8044,486.6711,727037.0,1728069300000
486.67,487.27,486.54,487.23,987698.0,1728070200000
487.23,487.88,486.7,487.49,2799654.0,1728071100000
485.39,486.04,484.69,484.9299,1578372.0,1728307800000
484.94,485.695,484.25,484.76,876911.0,1728308700000
484.76,485.77,484.6001,485.705,736705.0,1728309600000
485.71,486.42,485.46,486.37,679567.0,1728310500000
486.39,486.57,485.53,485.61,770822.0,1728311400000
485.61,486.47,485.33,486.05,646638.0,1728312300000
486.01,486.01,484.97,485.89,661665.0,1728313200000
485.885,486.05,485.59,485.97,337304.0,1728314100000
485.98,486.28,485.59,485.6407,630357.0,1728315000000
485.6652,486.03,485.505,485.72,277212.0,1728315900000
485.73,485.7399,484.71,485.46,806847.0,1728316800000
485.4551,486.1,485.43,485.77,440626.0,1728317700000
485.79,485.85,485.19,485.2399,290615.0,1728318600000
485.22,485.425,484.94,485.3599,316381.0,1728319500000
485.37,486.0,485.32,485.7386,291101.0,1728320400000
485.74,485.9128,485.11,485.14,294384.0,1728321300000
485.14,485.42,484.85,485.31,402535.0,1728322200000
485.29,485.6899,484.94,485.6899,347399.0,1728323100000
485.65,485.7692,484.419,485.03,1768640.0,1728324000000
485.0,485.129,484.62,484.65,269833.0,1728324900000
484.65,484.65,482.9,483.245,1756539.0,1728325800000
483.27,483.2899,481.19,481.36,1638902.0,1728326700000
481.36,482.615,481.16,482.064,1196108.0,1728327600000
482.06,482.59,481.85,482.01,597417.0,1728328500000
482.02,482.17,480.87,481.34,1059892.0,1728329400000
481.35,482.79,481.0825,482.06,2993654.0,1728330300000
484.66,484.91,483.845,484.6,1513196.0,1728394200000
484.58,485.88,483.9,485.86,1461815.0,1728395100000
485.88,486.96,485.88,486.45,1770826.0,1728396000000
486.43,486.62,485.8,486.5325,760582.0,1728396900000
486.54,488.21,486.42,487.92,1716713.0,1728397800000
487.92,488.65,487.61,487.83,1582019.0,1728398700000
487.87,488.34,487.4,487.52,1256478.0,1728399600000
487.54,487.94,487.16,487.65,750477.0,1728400500000
487.7,487.84,487.3661,487.65,444560.0,1728401400000
487.68,488.29,487.6,488.25,432084.0,1728402300000
488.24,488.245,486.9,487.44,776631.0,1728403200000
487.45,487.865,487.3,487.775,294858.0,1728404100000
487.73,488.04,487.6001,487.72,231187.0,1728405000000
487.76,487.91,487.245,487.66,331266.0,1728405900000
487.6599,487.77,486.08,487.09,1316106.0,1728406800000
487.09,487.09,486.42,486.84,512199.0,1728407700000
486.88,487.31,486.6701,487.14,315819.0,1728408600000
487.14,487.7,486.85,487.67,685573.0,1728409500000
487.65,487.93,487.61,487.83,426716.0,1728410400000
487.818,487.91,487.5101,487.79,262635.0,1728411300000
487.8,488.52,487.46,488.13,547137.0,1728412200000
488.1,488.85,488.03,488.66,1278371.0,1728413100000
488.63,488.668,488.23,488.6,448196.0,1728414000000
488.61,489.185,488.6,489.03,824101.0,1728414900000
489.02,489.84,488.89,489.41,1341012.0,1728415800000
489.41,489.99,489.12,489.33,2971772.0,1728416700000
489.0,489.38,487.95,488.25,1427128.0,1728480600000
488.25,488.89,487.97,488.595,931917.0,1728481500000
488.59,489.57,488.51,489.4094,1358405.0,1728482400000
489.39,490.7,489.25,490.42,1171110.0,1728483300000
490.44,490.73,490.01,490.22,659270.0,1728484200000
490.24,490.92,489.77,490.888,594960.0,1728485100000
490.91,491.6294,490.91,491.37,889732.0,1728486000000
491.34,491.8,491.15,491.4694,692391.0,1728486900000
491.46,492.2999,491.43,492.08,972258.0,1728487800000
492.07,492.9,492.0299,492.8589,1085340.0,1728488700000
492.84,492.865,491.71,491.72,894129.0,1728489600000
491.7,492.1,491.02,492.1,815861.0,1728490500000
492.085,492.3199,491.86,492.19,890835.0,1728491400000
492.19,492.34,491.32,491.6599,1476923.0,1728492300000
491.66,491.98,491.44,491.92,324098.0,1728493200000
491.91,492.3799,491.87,492.24,479741.0,1728494100000
492.2,492.45,491.98,492.15,482586.0,1728495000000
492.12,492.36,490.73,491.73,679386.0,1728495900000
491.73,492.17,491.55,492.03,379094.0,1728496800000
492.03,493.22,491.54,493.109,642550.0,1728497700000
493.085,493.125,492.37,492.63,1121907.0,1728498600000
492.66,492.84,492.44,492.57,365781.0,1728499500000
492.56,492.77,491.91,492.39,659444.0,1728500400000
492.4,492.97,492.4,492.58,633543.0,1728501300000
492.55,493.5,492.55,492.82,859018.0,1728502200000
492.81,493.73,492.76,493.17,2091511.0,1728503100000
490.85,491.6,490.435,491.38,1368488.0,1728567000000
491.38,491.53,489.53,490.88,1944383.0,1728567900000
490.91,492.28,490.81,491.97,947285.0,1728568800000
491.96,492.23,491.28,491.957,1060905.0,1728569700000
491.98,492.29,490.99,491.98,1080400.0,1728570600000
491.985,492.38,491.19,491.4701,850571.0,1728571500000
491.51,492.46,491.03,492.4,734946.0,1728572400000
492.41,492.85,492.19,492.679,557022.0,1728573300000
492.67,493.08,492.32,493.03,798588.0,1728574200000
493.01,493.74,492.83,493.7,635634.0,1728575100000
493.685,494.2975,493.5655,494.0,1942097.0,1728576000000
493.9987,494.47,493.31,493.54,915562.0,1728576900000
493.58,493.635,492.6,492.88,1396759.0,1728577800000
492.89,493.047,492.32,492.84,826255.0,1728578700000
492.85,493.26,492.01,492.48,604138.0,1728579600000
492.5,493.55,492.39,493.31,651671.0,1728580500000
493.31,493.64,493.05,493.3,386585.0,1728581400000
493.27,493.31,491.39,492.9876,771223.0,1728582300000
492.97,492.98,492.12,492.36,269245.0,1728583200000
492.35,492.48,491.9,492.04,401970.0,1728584100000
492.035,492.32,491.23,491.92,534706.0,1728585000000
491.91,492.485,491.89,492.37,437740.0,1728585900000
492.32,492.37,491.65,491.9468,456983.0,1728586800000
491.96,492.34,491.815,492.285,665032.0,1728587700000
492.28,492.31,491.86,492.185,620978.0,1728588600000
492.185,492.98,492.12,492.6,2149340.0,1728589500000
490.74,491.045,490.17,490.77,1387921.0,1728653400000
490.77,491.48,490.71,491.19,803435.0,1728654300000
491.14,493.13,490.63,493.065,1413583.0,1728655200000
493.05,494.1,492.9,493.52,1289890.0,1728656100000
493.505,494.04,493.09,493.13,998173.0,1728657000000
493.14,493.2399,491.93,492.83,1226196.0,1728657900000
492.84,493.69,492.74,493.08,676567.0,1728658800000
493.07,493.16,492.29,492.84,779243.0,1728659700000
492.8788,493.34,492.755,493.15,522293.0,1728660600000
493.155,493.84,492.79,493.78,709868.0,1728661500000
493.78,493.83,493.16,493.34,645951.0,1728662400000
493.35,493.5,492.81,493.14,373219.0,1728663300000
493.06,493.19,492.58,492.615,387913.0,1728664200000
492.6399,493.13,492.27,493.125,481636.0,1728665100000
493.14,493.265,492.69,492.81,328833.0,1728666000000
492.84,493.18,492.57,493.13,353907.0,1728666900000
493.12,493.3,492.89,493.14,214488.0,1728667800000
493.13,493.39,492.98,493.045,337629.0,1728668700000
493.03,493.67,492.8836,493.59,331090.0,1728669600000
493.59,493.95,493.49,493.5299,393211.0,1728670500000
493.53,493.67,492.77,493.305,405118.0,1728671400000
493.33,493.77,493.33,493.75,346654.0,1728672300000
493.75,494.35,493.655,494.22,564708.0,1728673200000
494.19,494.39,493.98,494.1,477534.0,1728674100000
494.06,494.25,493.8,493.835,641267.0,1728675000000
493.83,494.13,493.27,493.34,1430539.0,1728675900000
495.77,497.11,495.54,497.01,2112614.0,1728912600000
497.01,498.62,497.0,498.62,1364566.0,1728913500000
498.63,498.83,497.45,497.62,1428794.0,1728914400000
497.63,498.03,496.775,497.97,893863.0,1728915300000
497.965,498.12,497.44,497.63,1095310.0,1728916200000
497.65,497.82,495.84,496.1099,1856975.0,1728917100000
496.14,496.55,495.28,496.5295,1471270.0,1728918000000
496.5362,496.69,495.4,495.759,979630.0,1728918900000
495.76,496.2001,495.26,495.68,513135.0,1728919800000
495.73,496.65,495.73,496.64,389864.0,1728920700000
496.63,497.02,496.51,496.8522,419971.0,1728921600000
496.82,497.18,496.48,497.1,521411.0,1728922500000
497.1,497.3455,496.97,497.27,313160.0,1728923400000
497.27,497.41,496.94,497.065,1424460.0,1728924300000
497.07,497.53,496.84,497.07,1117059.0,1728925200000
497.065,497.3,496.87,497.16,469972.0,1728926100000
497.161,497.34,496.865,497.28,401489.0,1728927000000
497.275,497.31,497.13,497.17,224275.0,1728927900000
497.175,497.6599,496.9,497.42,1015462.0,1728928800000
497.41,497.57,497.2,497.34,392313.0,1728929700000
497.36,497.95,497.2601,497.75,807259.0,1728930600000
497.74,497.88,497.58,497.605,311515.0,1728931500000
497.6,497.73,497.38,497.66,772961.0,1728932400000
497.65,497.9151,497.62,497.905,598188.0,1728933300000
497.89,498.32,497.74,498.215,911247.0,1728934200000
498.2098,498.59,497.28,497.5,1850448.0,1728935100000
497.83,498.5,497.191,497.79,1546067.0,1728999000000
497.794,498.44,497.26,497.74,951542.0,1728999900000
497.77,498.18,496.42,496.58,900066.0,1729000800000
496.6,496.7,494.88,495.0,1473324.0,1729001700000
494.94,494.95,490.56,491.94,4164311.0,1729002600000
491.94,493.4399,491.6,492.23,1916986.0,1729003500000
492.23,493.07,491.46,492.76,1148457.0,1729004400000
492.73,493.38,492.05,492.18,976878.0,1729005300000
492.16,493.03,491.76,492.0699,946416.0,1729006200000
492.02,492.26,490.95,491.065,1249025.0,1729007100000
491.09,492.15,490.751,492.0599,711868.0,1729008000000
492.03,492.49,491.62,491.85,978673.0,1729008900000
491.86,492.58,491.69,491.92,718066.0,1729009800000
491.92,492.09,491.38,491.65,808372.0,1729010700000
491.63,491.96,491.01,491.4401,510122.0,1729011600000
491.46,491.6899,490.65,491.02,688184.0,1729012500000
491.02,491.88,490.7609,491.7351,633771.0,1729013400000
491.72,491.93,491.09,491.2211,423269.0,1729014300000
491.24,491.92,491.0,491.08,405179.0,1729015200000
491.02,491.88,490.94,491.32,644561.0,1729016100000
491.3,491.63,490.95,491.32,427817.0,1729017000000
491.32,491.36,490.38,490.51,710364.0,1729017900000
490.58,490.65,488.98,489.32,1917963.0,1729018800000
489.33,490.26,489.12,489.655,983461.0,1729019700000
489.66,490.14,488.68,489.77,1523435.0,1729020600000
489.7925,490.92,489.56,490.78,4545419.0,1729021500000
491.18,491.23,488.44,488.54,2087225.0,1729085400000
488.53,488.86,487.79,487.9999,1726916.0,1729086300000
487.97,490.04,487.57,489.89,1418587.0,1729087200000
489.91,491.02,489.41,490.6,1690322.0,1729088100000
490.6,490.87,488.52,488.85,1096890.0,1729089000000
488.825,489.96,488.7801,489.155,727379.0,1729089900000
489.195,490.23,488.98,489.93,564563.0,1729090800000
489.9401,490.4099,489.54,490.14,404713.0,1729091700000
490.13,490.5,489.72,489.99,564048.0,1729092600000
489.96,489.96,489.1016,489.22,488814.0,1729093500000
489.2,489.815,489.12,489.4477,421318.0,1729094400000
489.43,490.02,489.21,489.895,492060.0,1729095300000
489.9,490.32,489.69,489.99,347693.0,1729096200000
489.99,490.7,489.74,490.645,651887.0,1729097100000
490.65,490.93,490.25,490.3401,429481.0,1729098000000
490.3726,490.58,489.89,490.1,324496.0,1729098900000
490.0912,490.54,490.03,490.5,296907.0,1729099800000
490.5,490.79,490.45,490.68,814641.0,1729100700000
490.68,490.8,490.25,490.68,350813.0,1729101600000
490.66,491.69,490.5801,491.49,719907.0,1729102500000
491.46,491.69,491.07,491.3499,527124.0,1729103400000
491.3401,491.49,491.17,491.26,479923.0,1729104300000
491.26,491.48,491.045,491.23,467747.0,1729105200000
491.23,491.4,490.8,490.9707,467949.0,1729106100000
490.98,491.14,490.705,490.85,652503.0,1729107000000
490.84,491.12,490.57,490.93,1849582.0,1729107900000
496.44,496.49,492.34,493.43,3862240.0,1729171800000
493.45,494.811,492.86,493.07,1299098.0,1729172700000
493.13,493.52,491.5401,492.6863,1470620.0,1729173600000
492.6724,493.83,492.3,493.3699,1099570.0,1729174500000
493.4163,493.6201,491.97,492.52,763225.0,1729175400000
492.485,492.75,491.79,492.32,902893.0,1729176300000
492.34,493.33,491.57,493.3199,953189.0,1729177200000
493.3396,493.65,492.64,493.59,609232.0,1729178100000
493.57,494.19,493.4004,493.8901,661526.0,1729179000000
493.94,494.93,493.73,494.88,509400.0,1729179900000
494.87,495.35,494.33,494.55,782061.0,1729180800000
494.5484,494.69,494.05,494.285,463983.0,1729181700000
494.28,494.44,493.45,494.405,512221.0,1729182600000
494.38,494.41,493.58,493.89,642045.0,1729183500000
493.89,494.62,493.7101,494.345,463410.0,1729184400000
494.3394,494.35,493.92,494.05,359736.0,1729185300000
494.05,494.54,493.99,494.53,281488.0,1729186200000
494.54,494.7,494.0,494.1699,384022.0,1729187100000
494.13,494.29,492.21,492.85,865679.0,1729188000000
492.84,492.84,491.68,492.14,911636.0,1729188900000
492.14,492.2775,491.47,492.0707,603893.0,1729189800000
492.1,493.06,492.05,493.025,723705.0,1729190700000
493.04,493.25,492.275,492.81,1065899.0,1729191600000
492.82,492.91,491.8,491.83,507942.0,1729192500000
491.83,492.02,491.1901,491.88,822261.0,1729193400000
491.87,491.9199,491.27,491.35,2063696.0,1729194300000
494.06,494.965,493.3,494.838,1780417.0,1729258200000
494.84,495.16,493.71,494.3293,1137820.0,1729259100000
494.4196,495.44,494.23,494.63,1066686.0,1729260000000
494.7,494.97,494.14,494.89,457187.0,1729260900000
494.89,495.05,494.2,494.8389,433089.0,1729261800000
494.83,494.97,493.77,493.872,1703048.0,1729262700000
493.88,494.81,493.85,494.74,1744781.0,1729263600000
494.75,495.27,494.6201,495.19,457083.0,1729264500000
495.2,495.57,494.3,494.5,1335360.0,1729265400000
494.505,494.63,493.96,494.1875,567505.0,1729266300000
494.18,494.25,493.64,493.65,422249.0,1729267200000
493.65,494.17,493.55,494.0,1212292.0,1729268100000
494.0,494.66,493.99,494.645,391397.0,1729269000000
494.64,495.4,494.52,494.83,723935.0,1729269900000
494.82,495.445,494.64,495.18,745360.0,1729270800000
495.195,495.27,494.59,494.69,532781.0,1729271700000
494.72,494.96,494.51,494.82,333468.0,1729272600000
494.82,495.03,494.42,494.57,345270.0,1729273500000
494.55,494.93,493.72,494.9,576455.0,1729274400000
494.89,495.08,494.7801,494.95,303950.0,1729275300000
494.98,495.0559,494.655,494.83,347373.0,1729276200000
494.79,494.87,494.48,494.72,453165.0,1729277100000
494.71,494.71,494.17,494.64,503108.0,1729278000000
494.63,494.81,494.38,494.7,793486.0,1729278900000
494.68,494.69,494.12,494.265,1393466.0,1729279800000
494.27,494.68,493.88,494.51,2930737.0,1729280700000
493.25,494.675,493.12,494.41,1459756.0,1729517400000
494.4,495.0,494.19,494.77,1120676.0,1729518300000
494.83,495.83,494.66,495.63,1244108.0,1729519200000
495.62,496.23,495.0047,495.15,1004299.0,1729520100000
495.14,495.26,492.97,493.41,1742245.0,1729521000000
493.42,493.6,492.17,493.33,1654378.0,1729521900000
493.26,493.46,491.46,492.334,1589564.0,1729522800000
492.33,492.4298,491.31,491.6514,730664.0,1729523700000
491.57,492.98,491.49,492.79,1446526.0,1729524600000
492.7987,494.1112,492.78,493.904,1619784.0,1729525500000
493.87,494.126,493.38,493.746,776436.0,1729526400000
493.76,493.97,493.3727,493.57,453778.0,1729527300000
493.58,493.895,493.19,493.54,378621.0,1729528200000
493.51,494.39,493.45,494.25,484984.0,1729529100000
494.24,494.64,494.14,494.605,543857.0,1729530000000
494.61,494.77,493.92,494.29,790379.0,1729530900000
494.3,494.62,494.29,494.445,417100.0,1729531800000
494.46,494.9091,494.41,494.79,545220.0,1729532700000
494.8,494.9,494.3,494.58,690682.0,1729533600000
494.56,494.815,493.8801,494.2127,634913.0,1729534500000
494.21,494.47,493.84,493.89,488611.0,1729535400000
493.88,494.22,493.82,493.95,880696.0,1729536300000
493.96,494.64,493.68,494.53,857503.0,1729537200000
494.55,494.83,494.33,494.45,686233.0,1729538100000
494.44,494.46,493.97,494.29,584972.0,1729539000000
494.27,495.53,494.25,495.48,3051122.0,1729539900000
492.73,494.08,491.97,493.74,2375183.0,1729603800000
493.79,494.57,493.39,494.11,1442642.0,1729604700000
494.186,495.5,493.63,495.33,1231328.0,1729605600000
495.32,495.47,494.2499,494.7501,964551.0,1729606500000
494.79,495.31,494.27,494.27,574128.0,1729607400000
494.2875,495.1,493.84,494.87,1085497.0,1729608300000
494.87,495.31,494.39,494.4,678124.0,1729609200000
494.38,494.85,494.0,494.535,778987.0,1729610100000
494.51,494.81,494.36,494.59,294167.0,1729611000000
494.59,494.83,494.2623,494.4075,386804.0,1729611900000
494.3902,494.42,493.89,494.13,576131.0,1729612800000
494.13,494.4,493.39,493.55,866522.0,1729613700000
493.54,494.11,493.27,493.4839,537657.0,1729614600000
493.47,495.11,493.47,494.99,1091313.0,1729615500000
494.99,495.09,494.57,494.85,752090.0,1729616400000
494.85,495.21,494.76,495.1,370327.0,1729617300000
495.12,496.47,495.0601,495.9,1221167.0,1729618200000
495.88,496.855,495.79,496.81,1091005.0,1729619100000
496.81,497.445,496.13,496.14,1672909.0,1729620000000
496.13,496.52,496.06,496.28,744871.0,1729620900000
496.27,496.32,495.83,495.99,456837.0,1729621800000
495.97,496.18,495.36,495.555,599613.0,1729622700000
495.44,496.16,495.4113,496.1199,611955.0,1729623600000
496.08,496.29,495.93,496.16,409145.0,1729624500000
496.1425,496.49,495.96,496.2299,776981.0,1729625400000
496.2199,496.74,495.93,496.03,1976901.0,1729626300000
493.59,494.25,492.95,493.38,1943611.0,1729690200000
493.41,493.9499,493.01,493.56,740157.0,1729691100000
493.53,493.65,491.45,492.78,1762476.0,1729692000000
492.76,493.2293,491.9,493.19,1095223.0,1729692900000
493.17,493.73,492.9975,493.62,1038769.0,1729693800000
493.62,494.1169,492.55,492.57,1104335.0,1729694700000
492.59,493.18,490.89,491.26,1407149.0,1729695600000
491.2699,491.74,490.49,490.58,1480117.0,1729696500000
490.55,491.3,490.44,491.2709,1204574.0,1729697400000
491.26,491.81,490.8601,491.73,757840.0,1729698300000
491.72,491.72,489.99,490.4,1155342.0,1729699200000
490.33,490.49,489.2926,489.38,763650.0,1729700100000
489.3599,489.79,488.735,489.55,936553.0,1729701000000
489.56,489.93,488.87,489.13,1079615.0,1729701900000
489.12,489.12,487.2,487.23,1830956.0,1729702800000
487.215,487.78,487.03,487.7133,1369003.0,1729703700000
487.69,487.69,486.71,486.86,882692.0,1729704600000
486.84,487.28,486.09,486.2,1658251.0,1729705500000
486.17,486.24,485.39,485.5,1385332.0,1729706400000
485.5,486.4,485.05,486.07,1436986.0,1729707300000
486.06,487.4058,485.91,487.22,1374490.0,1729708200000
487.22,487.69,486.81,487.41,1056146.0,1729709100000
487.4,487.47,486.605,486.9399,983090.0,1729710000000
486.92,487.93,486.92,487.585,1536057.0,1729710900000
487.59,488.43,487.19,488.38,1336683.0,1729711800000
488.3799,488.62,487.75,488.37,2990307.0,1729712700000
492.11,492.19,490.65,491.3596,1917210.0,1729776600000
491.35,491.64,490.29,491.2663,1071115.0,1729777500000
491.27,492.228,490.9,491.6,1159189.0,1729778400000
491.62,491.95,490.59,490.73,874710.0,1729779300000
490.76,492.12,490.74,491.8971,742674.0,1729780200000
491.91,491.91,490.52,490.744,701277.0,1729781100000
490.7494,491.8,490.49,491.74,579173.0,1729782000000
491.73,491.97,491.14,491.37,494166.0,1729782900000
491.31,491.63,490.81,490.92,451127.0,1729783800000
490.905,491.1689,489.53,491.0475,783082.0,1729784700000
491.04,491.3,489.44,489.7,572395.0,1729785600000
489.76,491.05,489.48,491.0099,514441.0,1729786500000
491.0,491.7,491.0,491.4399,595160.0,1729787400000
491.38,491.93,491.36,491.73,591542.0,1729788300000
491.72,492.4666,491.555,492.1,618466.0,1729789200000
492.095,492.16,491.44,491.77,396072.0,1729790100000
491.8,492.3301,491.5901,492.3301,300752.0,1729791000000
492.31,492.37,491.39,491.44,355377.0,1729791900000
491.4801,492.19,491.05,492.116,297436.0,1729792800000
492.1101,492.36,491.66,491.93,658990.0,1729793700000
491.94,491.99,491.38,491.7638,329888.0,1729794600000
491.75,492.05,491.63,492.02,346221.0,1729795500000
491.9576,492.5735,491.43,492.41,665526.0,1729796400000
492.3901,492.6,492.1101,492.54,465524.0,1729797300000
492.48,493.0,492.155,492.42,1006452.0,1729798200000
492.41,492.8,492.19,492.33,2233970.0,1729799100000
495.14,497.45,495.12,497.39,2913775.0,1729863000000
497.4,499.1,497.4,498.95,2489725.0,1729863900000
498.93,499.95,498.78,499.18,2406039.0,1729864800000
499.1864,500.28,498.711,499.95,2165984.0,1729865700000
499.96,500.155,498.9047,499.19,1306607.0,1729866600000
499.19,499.47,498.24,499.09,1652082.0,1729867500000
499.08,499.57,498.79,499.24,1584689.0,1729868400000
499.2475,499.54,498.4,498.59,1271281.0,1729869300000
498.57,499.01,498.09,498.5275,1260973.0,1729870200000
498.53,499.1,497.8501,498.2825,1193038.0,1729871100000
498.26,498.9,497.991,498.65,1005305.0,1729872000000
498.65,499.23,498.52,499.23,529932.0,1729872900000
499.221,499.3,498.71,499.16,722221.0,1729873800000
499.18,499.2,498.66,498.695,530087.0,1729874700000
498.73,498.75,498.0,498.1799,783823.0,1729875600000
498.15,498.16,496.652,496.95,1504044.0,1729876500000
496.94,497.21,495.01,495.06,1429565.0,1729877400000
495.06,496.99,495.03,495.64,1370479.0,1729878300000
495.63,496.04,494.43,495.26,1871851.0,1729879200000
495.18,496.49,495.09,496.2401,943127.0,1729880100000
496.29,496.52,495.71,496.175,592594.0,1729881000000
496.15,496.83,496.12,496.4791,483133.0,1729881900000
496.41,496.425,495.27,495.56,1211692.0,1729882800000
495.55,496.01,495.26,495.735,668166.0,1729883700000
495.74,496.06,495.53,495.75,727338.0,1729884600000
495.77,496.0,494.94,495.28,2294362.0,1729885500000
498.46,498.52,496.81,497.12,1534167.0,1730122200000
497.12,497.43,496.15,496.73,1152269.0,1730123100000
496.75,497.72,496.74,497.48,747248.0,1730124000000
497.48,497.99,497.18,497.81,870212.0,1730124900000
497.82,498.23,497.01,497.93,744631.0,1730125800000
497.97,498.195,497.15,497.22,510920.0,1730126700000
497.3,497.32,496.21,497.0,787343.0,1730127600000
497.0,497.12,496.59,496.865,435615.0,1730128500000
496.86,496.9099,495.94,496.19,568404.0,1730129400000
496.21,496.84,496.02,496.2075,479850.0,1730130300000
496.19,496.64,495.825,496.425,738430.0,1730131200000
496.42,497.12,496.39,496.81,457262.0,1730132100000
496.8,496.84,495.88,496.83,601695.0,1730133000000
496.82,496.82,496.16,496.19,333811.0,1730133900000
496.17,496.63,495.6,495.73,704562.0,1730134800000
495.72,496.71,495.695,496.33,463599.0,1730135700000
496.35,496.73,496.27,496.54,283827.0,1730136600000
496.5899,496.88,496.375,496.75,318978.0,1730137500000
496.69,496.88,496.33,496.38,309279.0,1730138400000
496.37,496.6225,496.1,496.2299,325063.0,1730139300000
496.23,496.35,495.82,495.91,671988.0,1730140200000
495.915,496.5761,495.57,495.95,853309.0,1730141100000
495.98,496.3667,495.63,495.9696,719720.0,1730142000000
495.96,496.18,495.59,496.125,638448.0,1730142900000
496.1414,496.36,495.88,495.93,553169.0,1730143800000
495.965,496.11,495.1,495.4,2501157.0,1730144700000
495.72,496.08,493.85,495.2,1331166.0,1730208600000
495.2,496.01,494.66,495.855,1021158.0,1730209500000
495.855,496.59,495.45,496.14,1009130.0,1730210400000
496.15,497.9199,495.97,496.51,1380007.0,1730211300000
496.49,497.67,496.49,497.41,662161.0,1730212200000
497.45,497.93,497.1401,497.79,594406.0,1730213100000
497.85,498.01,497.17,497.74,1070598.0,1730214000000
497.7421,498.05,497.49,497.79,618383.0,1730214900000
497.79,498.32,497.4,498.01,661475.0,1730215800000
498.04,498.42,497.5906,498.39,693226.0,1730216700000
498.38,498.9,498.13,498.3989,878303.0,1730217600000
498.4,498.88,498.12,498.23,741911.0,1730218500000
498.23,498.73,497.53,498.59,575908.0,1730219400000
498.59,499.26,498.41,499.0,1031019.0,1730220300000
499.03,499.8359,499.015,499.82,835923.0,1730221200000
499.81,499.95,499.2208,499.415,699095.0,1730222100000
499.43,499.86,499.21,499.29,488148.0,1730223000000
499.27,499.8657,499.23,499.5899,551475.0,1730223900000
499.59,499.78,499.38,499.49,350227.0,1730224800000
499.5,500.1784,499.3,500.16,690756.0,1730225700000
500.15,500.6,500.08,500.32,757771.0,1730226600000
500.3,500.4,500.03,500.11,694219.0,1730227500000
500.1,500.68,500.07,500.675,965393.0,1730228400000
500.67,501.35,500.48,501.24,1079102.0,1730229300000
501.23,501.34,500.74,501.06,1026494.0,1730230200000
501.06,501.31,499.79,500.14,3498968.0,1730231100000
499.39,499.6,496.6,496.9,2353996.0,1730295000000
496.91,498.85,496.64,498.77,1712779.0,1730295900000
498.72,499.8,498.41,499.33,1276192.0,1730296800000
499.36,500.35,499.34,500.105,685065.0,1730297700000
500.1,500.16,499.56,499.9,753512.0,1730298600000
499.89,500.08,498.66,499.1975,878500.0,1730299500000
499.15,499.31,498.26,498.31,527596.0,1730300400000
498.3,499.96,498.15,499.94,707198.0,1730301300000
499.94,499.96,498.96,499.7201,686707.0,1730302200000
499.76,499.99,499.47,499.66,485602.0,1730303100000
499.63,499.92,499.16,499.23,441284.0,1730304000000
499.25,499.41,498.87,499.15,306191.0,1730304900000
499.14,499.46,498.87,499.245,268372.0,1730305800000
499.245,499.6,498.96,499.04,248642.0,1730306700000
499.03,499.24,498.66,498.85,571770.0,1730307600000
498.85,499.1099,498.34,498.38,498938.0,1730308500000
498.42,498.63,496.98,497.69,1422388.0,1730309400000
497.7,498.37,497.375,497.39,823777.0,1730310300000
497.38,498.42,497.38,498.06,799378.0,1730311200000
498.07,498.32,497.74,497.87,478609.0,1730312100000
497.82,498.46,497.78,498.26,633428.0,1730313000000
498.26,498.46,497.97,498.03,606997.0,1730313900000
498.03,498.035,496.86,497.85,1221161.0,1730314800000
497.87,497.89,497.11,497.24,781983.0,1730315700000
497.235,497.555,496.61,497.0268,3258510.0,1730316600000
497.02,497.3,495.89,496.4,2819562.0,1730317500000
492.38,492.43,489.65,489.89,2910546.0,1730381400000
489.87,489.87,487.21,487.61,2499363.0,1730382300000
487.6,487.99,486.46,486.84,1504369.0,1730383200000
486.8,488.43,486.79,486.97,2002854.0,1730384100000
486.95,487.36,486.33,486.56,1362642.0,1730385000000
486.53,486.8001,485.32,485.73,1549104.0,1730385900000
485.7,486.34,484.87,485.015,1445422.0,1730386800000
484.97,486.37,484.924,485.94,964356.0,1730387700000
485.91,486.15,484.73,485.22,876012.0,1730388600000
485.17,485.3,484.17,485.27,1140371.0,1730389500000
485.26,485.8,484.79,485.63,1148374.0,1730390400000
485.64,486.1,485.08,485.71,1243206.0,1730391300000
485.71,485.96,485.25,485.96,634223.0,1730392200000
485.94,486.12,485.55,485.68,643002.0,1730393100000
485.67,486.36,485.54,485.86,805011.0,1730394000000
485.85,486.06,485.2,485.27,654855.0,1730394900000
485.25,485.39,484.6,484.68,963821.0,1730395800000
484.685,485.17,484.22,484.46,967253.0,1730396700000
484.47,484.88,484.04,484.435,1149433.0,1730397600000
484.45,484.57,483.95,484.54,988658.0,1730398500000
484.54,484.78,483.82,484.4425,1700142.0,1730399400000
484.445,484.9,483.99,484.76,725178.0,1730400300000
484.745,485.63,484.57,485.58,905956.0,1730401200000
485.585,486.03,485.42,485.53,863053.0,1730402100000
485.53,485.83,485.0,485.64,1040978.0,1730403000000
485.65,486.78,483.75,483.9,5298040.0,1730403900000
485.5,487.82,485.2,487.45,2262409.0,1730467800000
487.44,488.09,486.9101,487.87,1398200.0,1730468700000
487.89,489.18,487.06,489.03,1858076.0,1730469600000
489.03,490.35,488.91,490.3497,1391494.0,1730470500000
490.36,490.48,488.18,488.59,1669002.0,1730471400000
488.64,489.55,487.63,489.53,1247480.0,1730472300000
489.4991,490.28,489.03,490.22,917799.0,1730473200000
490.24,490.7507,489.45,490.65,888640.0,1730474100000
490.67,490.75,489.58,489.7,529093.0,1730475000000
489.74,489.94,488.88,489.22,692967.0,1730475900000
489.18,489.95,489.0709,489.7197,323165.0,1730476800000
489.73,489.82,489.08,489.14,329900.0,1730477700000
489.141,489.93,488.5223,488.63,508955.0,1730478600000
488.61,489.242,488.465,488.9209,419223.0,1730479500000
488.95,489.08,487.94,488.83,776883.0,1730480400000
488.825,489.91,488.78,489.78,1101191.0,1730481300000
489.78,489.82,487.83,487.965,952341.0,1730482200000
487.99,488.69,487.62,487.66,819978.0,1730483100000
487.65,488.17,487.16,487.4846,1399169.0,1730484000000
487.48,488.04,486.94,487.74,1238508.0,1730484900000
487.7101,487.87,487.43,487.81,855590.0,1730485800000
487.78,488.14,487.5201,487.84,581962.0,1730486700000
487.83,488.73,487.58,488.72,1014207.0,1730487600000
488.71,488.71,487.62,487.66,846255.0,1730488500000
487.64,488.38,487.47,487.92,1239860.0,1730489400000
487.9,488.15,486.8,487.4,3683521.0,1730490300000
486.82,487.32,484.2545,486.57,1915612.0,1730730600000
486.59,487.2,486.1992,487.1563,893781.0,1730731500000
487.13,487.66,486.8,487.01,684065.0,1730732400000
487.02,488.83,486.87,488.3401,939557.0,1730733300000
488.33,488.61,487.81,488.4181,580811.0,1730734200000
488.43,488.95,487.88,488.4,586287.0,1730735100000
488.41,489.38,488.38,489.08,740863.0,1730736000000
489.08,489.2,488.07,488.22,647458.0,1730736900000
488.22,488.29,486.26,486.54,947005.0,1730737800000
486.48,486.6,485.22,485.81,786675.0,1730738700000
485.84,486.12,484.685,485.37,1141976.0,1730739600000
485.36,486.7099,485.2767,486.69,801589.0,1730740500000
486.68,487.16,486.3837,486.83,495875.0,1730741400000
486.83,487.46,486.76,487.01,366655.0,1730742300000
487.01,487.49,486.0,487.3,722784.0,1730743200000
487.24,487.93,487.08,487.25,370296.0,1730744100000
487.15,487.79,487.02,487.78,398361.0,1730745000000
487.78,488.15,487.44,487.49,549534.0,1730745900000
487.52,487.9899,487.46,487.79,384188.0,1730746800000
487.8,487.86,487.05,487.14,396162.0,1730747700000
487.11,487.84,486.91,487.47,425398.0,1730748600000
487.49,487.58,487.1501,487.22,284543.0,1730749500000
487.16,487.31,486.72,486.7341,1019867.0,1730750400000
486.7138,487.3,486.54,486.7707,541918.0,1730751300000
486.75,486.81,485.63,486.345,864382.0,1730752200000
486.33,486.56,485.695,485.96,3075038.0,1730753100000
487.61,489.78,487.52,489.1899,1880652.0,1730817000000
489.165,491.13,488.93,490.9451,1088551.0,1730817900000
490.88,491.61,490.2301,490.61,1063041.0,1730818800000
490.62,491.412,490.17,490.33,812267.0,1730819700000
490.35,491.09,490.11,491.05,632433.0,1730820600000
491.07,491.32,489.77,490.15,942056.0,1730821500000
490.1,491.15,489.56,490.99,808521.0,1730822400000
491.05,491.48,490.9,491.12,966280.0,1730823300000
491.19,492.03,491.16,491.277,695606.0,1730824200000
491.31,492.29,491.26,492.14,450116.0,1730825100000
492.15,492.73,491.83,492.65,903874.0,1730826000000
492.67,492.88,492.29,492.32,580211.0,1730826900000
492.37,492.86,492.2701,492.46,386248.0,1730827800000
492.47,492.88,492.19,492.4,501166.0,1730828700000
492.4062,492.79,491.75,491.88,530313.0,1730829600000
491.87,492.4599,491.6601,491.6799,464370.0,1730830500000
491.66,491.9599,490.8601,491.54,747931.0,1730831400000
491.54,491.77,491.15,491.385,374409.0,1730832300000
491.44,491.92,491.32,491.5805,449761.0,1730833200000
491.58,492.0,491.12,491.5702,351534.0,1730834100000
491.6,492.0199,491.46,491.88,890267.0,1730835000000
491.89,491.95,490.7316,491.08,690811.0,1730835900000
491.01,491.9,490.76,491.78,577711.0,1730836800000
491.78,492.02,491.49,491.96,693407.0,1730837700000
491.95,492.4099,491.47,491.5187,1187599.0,1730838600000
491.51,492.35,491.31,492.25,1760234.0,1730839500000
500.56,503.46,500.2708,502.03,5413646.0,1730903400000
502.0,502.28,499.6,500.33,3356661.0,1730904300000
500.35,502.16,500.07,502.0759,1477721.0,1730905200000
502.07,503.36,501.5701,503.19,1356890.0,1730906100000
503.2,503.7894,501.692,502.02,1376184.0,1730907000000
501.975,502.46,501.04,501.46,1205190.0,1730907900000
501.43,502.4992,500.72,502.49,746251.0,1730908800000
502.5,502.87,501.38,502.69,930948.0,1730909700000
502.74,503.37,502.652,503.09,1010801.0,1730910600000
503.08,503.41,502.57,503.17,1087207.0,1730911500000
503.18,503.6,502.74,503.5,793709.0,1730912400000
503.51,503.51,502.88,503.24,415155.0,1730913300000
503.26,503.43,502.944,503.23,349723.0,1730914200000
503.23,503.82,503.23,503.62,830661.0,1730915100000
503.63,504.48,503.47,504.3699,3040176.0,1730916000000
504.37,504.68,503.93,504.68,733822.0,1730916900000
504.67,504.9899,504.4601,504.7901,994998.0,1730917800000
504.79,505.08,504.3406,504.75,612475.0,1730918700000
504.75,505.21,504.43,505.1,719579.0,1730919600000
505.065,505.345,504.93,505.32,576033.0,1730920500000
505.31,505.52,504.84,505.0,807084.0,1730921400000
505.02,505.4499,505.02,505.4,783638.0,1730922300000
505.4,506.11,505.255,506.005,1091713.0,1730923200000
506.0,506.08,505.2799,505.745,1014132.0,1730924100000
505.75,506.046,505.4,506.005,865386.0,1730925000000
506.0,506.41,505.17,505.62,4178156.0,1730925900000
508.4,510.44,508.34,509.96,2747631.0,1730989800000
509.99,510.92,509.41,510.89,1445244.0,1730990700000
510.88,511.3499,510.45,511.07,1641142.0,1730991600000
511.036,511.1,510.56,510.91,939565.0,1730992500000
510.9265,511.26,510.3501,511.115,776407.0,1730993400000
511.12,512.23,511.12,512.06,1259021.0,1730994300000
512.08,512.34,511.24,511.78,1061167.0,1730995200000
511.73,512.03,511.56,511.96,393205.0,1730996100000
511.94,512.41,511.86,512.18,629309.0,1730997000000
512.21,512.989,512.1,512.9,836114.0,1730997900000
512.9,512.9,512.07,512.5299,873751.0,1730998800000
512.525,512.69,512.2808,512.56,453378.0,1730999700000
512.53,512.81,512.18,512.68,435607.0,1731000600000
512.67,512.96,512.64,512.86,1160270.0,1731001500000
512.9,512.93,512.04,512.44,430441.0,1731002400000
512.45,512.61,512.0,512.4,312936.0,1731003300000
512.38,512.49,511.9,512.06,669682.0,1731004200000
512.06,512.8742,511.87,512.57,1385057.0,1731005100000
512.61,513.15,512.1,512.7,1028179.0,1731006000000
512.7099,513.1499,512.35,512.69,500704.0,1731006900000
512.6701,513.41,512.05,512.85,961054.0,1731007800000
512.85,513.84,512.62,513.84,832452.0,1731008700000
513.85,513.975,513.4401,513.9099,776661.0,1731009600000
513.9,514.33,513.78,513.82,1676778.0,1731010500000
513.81,514.03,513.42,513.75,1337548.0,1731011400000
513.75,514.2475,513.175,513.6,3884594.0,1731012300000
513.035,514.156,513.02,513.09,1695637.0,1731076200000
513.09,513.9,512.8,513.65,772077.0,1731077100000
513.59,514.0,512.46,512.55,1481815.0,1731078000000
512.54,513.46,512.41,513.19,660325.0,1731078900000
513.19,513.64,512.795,512.92,714907.0,1731079800000
512.92,513.6,512.83,513.2925,500590.0,1731080700000
513.3,513.5,512.67,513.45,614505.0,1731081600000
513.46,513.8225,513.2501,513.5999,384040.0,1731082500000
513.63,513.85,513.24,513.2905,497810.0,1731083400000
513.35,514.23,513.2912,513.79,606025.0,1731084300000
513.76,513.9099,513.3,513.37,1849955.0,1731085200000
513.36,513.61,513.2701,513.45,539241.0,1731086100000
513.44,514.04,513.39,513.7199,348182.0,1731087000000
513.73,514.0,513.72,513.8,362771.0,1731087900000
513.8,514.21,513.71,514.11,286113.0,1731088800000
514.13,514.23,513.84,514.15,309739.0,1731089700000
514.15,514.9175,514.12,514.855,846125.0,1731090600000
514.86,514.9075,514.13,514.62,753198.0,1731091500000
514.6,514.72,514.27,514.58,1141332.0,1731092400000
514.58,514.815,514.44,514.78,614200.0,1731093300000
514.77,514.91,514.54,514.757,368919.0,1731094200000
514.75,514.83,514.18,514.2,695902.0,1731095100000
514.19,514.27,513.735,514.04,549638.0,1731096000000
514.022,514.21,513.67,513.81,461370.0,1731096900000
513.83,514.09,513.561,513.7284,630432.0,1731097800000
513.73,514.17,513.56,514.16,1859930.0,1731098700000
515.37,515.58,513.46,513.5699,1994711.0,1731335400000
513.56,513.75,512.43,512.6297,1549426.0,1731336300000
512.64,513.49,512.24,513.12,1372828.0,1731337200000
513.02,513.44,512.66,513.11,670994.0,1731338100000
513.09,514.43,513.09,513.45,916190.0,1731339000000
513.48,514.285,513.24,513.92,800285.0,1731339900000
513.93,514.13,513.47,513.855,451538.0,1731340800000
513.915,514.1494,513.38,513.5168,605388.0,1731341700000
513.56,513.81,513.22,513.46,586229.0,1731342600000
513.45,513.59,513.13,513.41,361609.0,1731343500000
513.4099,513.68,512.85,513.04,564820.0,1731344400000
513.05,513.09,512.48,512.67,532784.0,1731345300000
512.66,513.09,512.4501,512.7299,423255.0,1731346200000
512.73,512.85,512.31,512.34,469092.0,1731347100000
512.31,512.31,511.1,511.64,1219887.0,1731348000000
511.65,511.9888,510.92,511.94,644319.0,1731348900000
511.92,512.535,511.87,512.37,453763.0,1731349800000
512.37,513.29,512.33,512.88,541902.0,1731350700000
512.89,512.95,512.48,512.6233,974241.0,1731351600000
512.63,512.82,512.38,512.3901,409972.0,1731352500000
512.41,512.81,512.28,512.65,330778.0,1731353400000
512.66,512.755,512.44,512.735,478578.0,1731354300000
512.735,513.33,512.61,513.23,1085548.0,1731355200000
513.23,513.34,512.95,513.185,730078.0,1731356100000
513.1795,513.65,512.9601,513.2901,880306.0,1731357000000
513.295,513.94,512.99,513.83,2018165.0,1731357900000
513.77,514.41,512.93,513.73,1357530.0,1731421800000
513.715,514.66,513.4238,514.29,883093.0,1731422700000
514.28,514.42,512.9,513.81,1035820.0,1731423600000
513.855,514.07,513.33,513.75,578531.0,1731424500000
513.76,514.22,513.485,513.485,516886.0,1731425400000
513.46,513.99,512.8237,512.9799,807075.0,1731426300000
512.96,513.47,512.51,512.67,647772.0,1731427200000
512.67,513.35,512.55,512.8601,694425.0,1731428100000
512.8734,513.08,512.25,512.27,463506.0,1731429000000
512.26,513.18,511.98,512.245,833874.0,1731429900000
512.23,512.6,511.87,512.05,686749.0,1731430800000
512.06,512.43,511.69,512.3325,684946.0,1731431700000
512.325,512.6,511.82,511.87,387625.0,1731432600000
511.8999,511.99,510.1,510.1,988428.0,1731433500000
510.08,511.06,509.83,511.02,1193965.0,1731434400000
511.03,511.722,510.96,511.43,1127674.0,1731435300000
511.38,512.54,511.38,512.41,720954.0,1731436200000
512.42,513.275,512.25,512.88,618696.0,1731437100000
512.87,513.1599,512.74,512.96,692189.0,1731438000000
512.94,513.46,512.9,513.08,534287.0,1731438900000
513.11,513.58,512.99,513.3422,619425.0,1731439800000
513.35,513.4,512.87,513.0,608097.0,1731440700000
513.02,513.29,512.85,512.85,478385.0,1731441600000
512.83,513.1,512.58,512.94,1026332.0,1731442500000
512.9,513.42,512.72,513.355,1335052.0,1731443400000
513.35,513.44,512.5107,512.91,2653899.0,1731444300000
512.4,513.04,511.95,512.8989,1353381.0,1731508200000
512.87,512.87,511.51,511.96,949877.0,1731509100000
511.89,511.91,509.95,510.83,1392216.0,1731510000000
510.82,511.33,510.49,510.98,592832.0,1731510900000
510.98,511.93,510.6425,511.59,785873.0,1731511800000
511.55,511.7,510.85,511.36,632054.0,1731512700000
511.37,511.75,510.77,511.61,327530.0,1731513600000
511.56,512.53,511.4401,512.2828,510004.0,1731514500000
512.26,512.62,511.025,511.24,685495.0,1731515400000
511.22,512.79,511.22,512.52,613572.0,1731516300000
512.52,513.35,512.35,513.25,812686.0,1731517200000
513.25,513.7,512.66,513.0518,581577.0,1731518100000
513.07,513.38,512.64,512.72,426427.0,1731519000000
512.76,514.11,512.715,514.015,666094.0,1731519900000
514.04,514.23,513.7299,513.88,853088.0,1731520800000
513.865,514.12,513.58,514.03,265033.0,1731521700000
514.01,514.3,513.85,514.1701,348604.0,1731522600000
514.2,514.98,514.07,514.7,1253159.0,1731523500000
514.72,514.72,513.8301,514.09,627937.0,1731524400000
514.08,514.22,513.32,513.51,606797.0,1731525300000
513.5095,513.69,512.55,512.6,873013.0,1731526200000
512.6,513.2972,512.542,512.88,566310.0,1731527100000
512.84,513.13,512.1201,513.05,690888.0,1731528000000
513.04,513.47,512.6934,512.83,502836.0,1731528900000
512.82,513.78,512.51,513.43,1019532.0,1731529800000
513.45,513.63,511.45,512.27,2717632.0,1731530700000
511.91,512.79,510.48,510.56,1483927.0,1731594600000
510.56,511.485,510.1397,510.81,1137276.0,1731595500000
510.75,511.4,510.35,511.16,570178.0,1731596400000
511.11,511.1699,509.56,510.97,960578.0,1731597300000
510.93,511.71,510.38,511.665,534218.0,1731598200000
511.61,511.91,510.57,510.78,725499.0,1731599100000
510.75,511.34,510.67,510.92,408783.0,1731600000000
510.91,511.42,510.68,511.237,504372.0,1731600900000
511.25,511.95,511.0201,511.55,286369.0,1731601800000
511.57,511.82,510.8646,510.99,506722.0,1731602700000
511.0,511.2499,510.42,510.5,395525.0,1731603600000
510.46,510.53,509.88,510.08,567331.0,1731604500000
510.08,510.59,509.09,510.37,907914.0,1731605400000
510.35,510.74,508.96,510.55,1073931.0,1731606300000
510.53,511.18,510.16,511.17,723773.0,1731607200000
511.17,511.45,510.82,510.87,788621.0,1731608100000
510.86,511.0,510.47,510.706,364886.0,1731609000000
510.68,510.69,509.1,509.22,983268.0,1731609900000
509.21,510.65,509.18,509.76,1342172.0,1731610800000
509.76,510.11,509.6,510.11,1057707.0,1731611700000
510.09,510.53,509.99,510.22,502258.0,1731612600000
510.23,510.69,509.75,510.17,1042316.0,1731613500000
510.16,510.17,508.24,508.51,2272399.0,1731614400000
508.53,509.55,508.53,509.06,1144038.0,1731615300000
509.055,509.25,507.95,508.198,1606958.0,1731616200000
508.2,508.97,507.77,508.67,2985890.0,1731617100000
502.94,503.33,501.23,501.6,3239949.0,1731681000000
501.6,502.67,501.04,501.31,2799432.0,1731681900000
501.34,501.48,499.65,499.8466,2152214.0,1731682800000
499.84,500.32,498.7,498.89,2068228.0,1731683700000
498.89,499.37,498.35,498.69,2246714.0,1731684600000
498.71,499.34,497.76,498.18,2198328.0,1731685500000
498.19,498.4299,497.535,497.96,1766437.0,1731686400000
497.98,498.76,497.93,498.66,2577679.0,1731687300000
498.68,498.93,497.2,497.56,1608984.0,1731688200000
497.58,498.04,496.28,496.62,1756053.0,1731689100000
496.625,496.89,496.14,496.6399,1516732.0,1731690000000
496.62,496.92,496.29,496.6175,1428304.0,1731690900000
496.61,496.9,496.24,496.81,1206305.0,1731691800000
496.83,497.06,495.47,496.37,1815562.0,1731692700000
496.37,496.53,495.86,495.98,959010.0,1731693600000
495.98,496.39,495.56,496.14,1250908.0,1731694500000
496.13,496.13,495.395,495.47,1004775.0,1731695400000
495.5,495.53,494.49,495.06,1910193.0,1731696300000
495.07,495.79,495.05,495.23,1187890.0,1731697200000
495.2201,495.62,494.825,494.8799,1226116.0,1731698100000
494.865,496.28,494.86,496.22,797806.0,1731699000000
496.22,496.62,495.38,495.8109,1870416.0,1731699900000
495.7779,496.63,495.74,496.16,1351237.0,1731700800000
496.13,496.79,496.095,496.24,992372.0,1731701700000
496.25,496.61,495.53,495.5992,1226450.0,1731702600000
495.6,496.96,495.56,496.46,3690177.0,1731703500000
498.13,498.45,497.2599,497.67,2131229.0,1731940200000
497.65,497.819,496.73,497.44,1725252.0,1731941100000
497.45,499.12,497.27,499.1199,956725.0,1731942000000
499.12,500.43,499.09,500.41,1108904.0,1731942900000
500.41,501.45,500.3601,501.03,1141243.0,1731943800000
501.03,501.35,500.85,501.1064,837279.0,1731944700000
501.12,501.75,500.9799,501.5799,974018.0,1731945600000
501.5699,501.9877,501.3,501.49,820106.0,1731946500000
501.48,502.14,501.46,502.0701,660356.0,1731947400000
502.07,502.08,500.13,500.71,1402444.0,1731948300000
500.7151,500.89,500.22,500.73,525125.0,1731949200000
500.72,500.74,500.09,500.55,394814.0,1731950100000
500.56,500.715,499.78,499.8201,454333.0,1731951000000
499.8,500.68,499.61,500.68,693770.0,1731951900000
500.66,500.85,500.46,500.46,556739.0,1731952800000
500.5,500.74,500.26,500.32,611154.0,1731953700000
500.33,500.59,499.41,499.4801,648021.0,1731954600000
499.47,500.74,499.125,500.6899,862957.0,1731955500000
500.67,500.68,499.4926,499.525,497431.0,1731956400000
499.5,499.72,499.06,499.22,783505.0,1731957300000
499.225,499.91,499.0,499.8,770528.0,1731958200000
499.8,500.43,499.8,500.17,623169.0,1731959100000
500.15,500.47,500.02,500.21,499446.0,1731960000000
500.2,500.539,500.08,500.45,564289.0,1731960900000
500.45,500.45,499.93,500.16,847414.0,1731961800000
500.145,500.38,499.5,500.01,2811523.0,1731962700000
497.42,499.0,497.08,498.805,1708378.0,1732026600000
498.83,498.85,497.23,498.2301,1410269.0,1732027500000
498.19,498.83,497.52,498.3901,667156.0,1732028400000
498.39,499.44,497.8,499.42,557774.0,1732029300000
499.39,500.24,498.91,499.93,1036632.0,1732030200000
499.93,500.7,499.8514,500.2593,675857.0,1732031100000
500.25,500.96,500.22,500.71,582898.0,1732032000000
500.71,501.45,500.69,501.34,777863.0,1732032900000
501.34,501.74,501.13,501.52,863477.0,1732033800000
501.51,501.5976,500.84,501.019,676670.0,1732034700000
501.02,501.25,500.64,501.145,440703.0,1732035600000
501.18,501.45,500.39,501.3921,433057.0,1732036500000
501.38,501.9499,501.25,501.52,444603.0,1732037400000
501.5303,501.7,501.29,501.62,252395.0,1732038300000
501.62,502.245,501.26,502.245,577811.0,1732039200000
502.2,502.51,502.06,502.415,630952.0,1732040100000
502.4274,503.13,502.2587,503.1,603756.0,1732041000000
503.11,503.9536,503.08,503.76,724093.0,1732041900000
503.77,503.925,503.5301,503.76,502560.0,1732042800000
503.76,503.87,502.855,502.86,584194.0,1732043700000
502.8699,503.14,501.99,502.38,1038423.0,1732044600000
502.39,503.04,502.13,502.7023,738442.0,1732045500000
502.71,502.97,502.4699,502.89,1364233.0,1732046400000
502.8901,503.1,502.72,503.03,584012.0,1732047300000
503.0,503.25,502.85,503.1,585724.0,1732048200000
503.09,503.7,502.92,503.39,2327141.0,1732049100000
503.16,503.21,500.38,500.85,2291327.0,1732113000000
500.85,501.24,499.8,499.83,1281264.0,1732113900000
499.9,500.58,497.562,497.83,1606698.0,1732114800000
497.845,498.02,496.555,497.57,2068709.0,1732115700000
497.56,499.32,497.38,499.15,1813453.0,1732116600000
499.13,500.41,499.13,500.14,1107680.0,1732117500000
500.13,500.57,499.03,499.245,1002607.0,1732118400000
499.25,499.56,498.58,498.65,531698.0,1732119300000
498.69,500.47,498.24,500.4508,1111236.0,1732120200000
500.48,502.09,500.3201,501.63,1361297.0,1732121100000
501.62,502.05,500.11,500.22,820615.0,1732122000000
500.22,500.3799,499.01,500.2299,601158.0,1732122900000
500.2,500.79,500.0033,500.2,466250.0,1732123800000
500.22,500.89,499.39,499.68,511057.0,1732124700000
499.69,500.2,499.59,499.85,491423.0,1732125600000
499.88,500.26,499.08,500.15,700526.0,1732126500000
500.12,500.12,498.67,498.86,413701.0,1732127400000
498.87,499.34,498.47,499.275,552816.0,1732128300000
499.222,499.37,498.6538,498.87,375725.0,1732129200000
498.86,498.97,498.5,498.84,386060.0,1732130100000
498.78,500.0,498.7,499.9727,935022.0,1732131000000
499.99,500.2,499.56,499.75,721541.0,1732131900000
499.6575,500.0,499.4,499.83,561370.0,1732132800000
499.83,500.88,499.81,500.8302,687324.0,1732133700000
500.86,502.8283,500.86,502.17,1434729.0,1732134600000
502.19,503.48,502.01,503.19,2092743.0,1732135500000
506.24,506.96,500.31,501.9363,3625337.0,1732199400000
501.94,504.08,500.78,501.31,2011497.0,1732200300000
501.31,501.7637,499.07,501.6,2369978.0,1732201200000
501.62,502.4199,497.77,497.91,1773605.0,1732202100000
497.91,499.51,497.56,499.32,2497107.0,1732203000000
499.33,502.242,499.31,502.2,1588492.0,1732203900000
502.22,503.17,501.76,502.65,1100740.0,1732204800000
502.51,503.9399,501.8,503.9399,1138621.0,1732205700000
503.92,504.2,502.52,503.24,1022812.0,1732206600000
503.26,503.29,501.935,502.77,635190.0,1732207500000
502.8,503.25,501.95,502.9913,613023.0,1732208400000
502.955,504.67,502.955,504.29,764777.0,1732209300000
504.285,505.49,504.2,505.33,934821.0,1732210200000
505.34,505.77,504.56,504.8301,912237.0,1732211100000
504.86,505.81,504.6901,505.3146,675603.0,1732212000000
505.37,505.56,504.6904,505.52,497205.0,1732212900000
505.53,505.99,505.0101,505.6,609093.0,1732213800000
505.5701,505.99,505.21,505.79,432151.0,1732214700000
505.78,506.06,504.5,504.89,755327.0,1732215600000
504.92,505.48,504.2019,505.185,681815.0,1732216500000
505.22,505.76,504.7,505.61,898062.0,1732217400000
505.6,505.62,504.8,505.5601,541541.0,1732218300000
505.54,506.3,505.42,506.13,778139.0,1732219200000
506.1,506.34,505.86,506.1199,688636.0,1732220100000
506.09,506.18,505.1,505.5689,814238.0,1732221000000
505.55,505.63,504.86,504.98,2271144.0,1732221900000
504.42,506.0,504.05,505.62,1305491.0,1732285800000
505.72,506.36,504.44,505.95,1491557.0,1732286700000
505.96,505.96,503.44,503.86,1065336.0,1732287600000
503.85,504.5,502.78,503.24,1265177.0,1732288500000
503.26,505.67,503.11,505.66,852772.0,1732289400000
505.625,505.88,505.0,505.66,600835.0,1732290300000
505.67,505.77,504.4,504.5499,849853.0,1732291200000
504.57,504.75,503.28,504.11,724191.0,1732292100000
504.16,504.77,503.42,503.67,553741.0,1732293000000
503.65,505.25,503.56,504.94,797928.0,1732293900000
504.96,505.56,504.55,505.37,446559.0,1732294800000
505.37,505.75,505.11,505.5101,411905.0,1732295700000
505.52,505.5901,504.61,505.22,536763.0,1732296600000
505.23,506.15,505.13,505.94,857654.0,1732297500000
505.9,506.53,505.62,506.1967,587038.0,1732298400000
506.18,506.3794,505.74,505.84,439084.0,1732299300000
505.76,506.36,505.2801,505.46,372033.0,1732300200000
505.45,505.89,505.22,505.75,500714.0,1732301100000
505.74,505.75,505.11,505.15,1067423.0,1732302000000
505.18,505.44,504.5,505.28,686438.0,1732302900000
505.28,505.65,505.16,505.35,650970.0,1732303800000
505.38,505.89,505.27,505.74,396197.0,1732304700000
505.705,505.705,504.68,504.81,575411.0,1732305600000
504.81,505.3699,504.69,505.1701,893874.0,1732306500000
505.17,505.45,504.93,505.02,546250.0,1732307400000
505.03,506.27,504.99,505.77,2056695.0,1732308300000
509.9,511.4525,508.49,510.96,2496539.0,1732545000000
511.0,511.34,507.58,508.22,2125365.0,1732545900000
508.2201,508.52,506.44,507.04,1871834.0,1732546800000
507.01,507.95,506.78,507.95,1090913.0,1732547700000
507.895,508.205,506.55,508.13,1159145.0,1732548600000
508.14,508.14,506.95,507.0713,703951.0,1732549500000
507.05,507.7199,506.89,507.61,669022.0,1732550400000
507.61,508.36,507.35,508.0,840485.0,1732551300000
508.01,508.61,506.9838,507.02,792518.0,1732552200000
507.05,507.59,506.93,507.3,546657.0,1732553100000
507.3,507.39,505.71,505.72,890972.0,1732554000000
505.73,506.01,504.95,505.21,961408.0,1732554900000
505.18,505.92,504.57,504.8905,650038.0,1732555800000
504.82,506.15,504.2625,505.95,992296.0,1732556700000
505.97,506.79,505.89,506.75,635364.0,1732557600000
506.73,506.88,506.16,506.41,602340.0,1732558500000
506.38,506.8299,506.08,506.21,340410.0,1732559400000
506.21,506.66,505.74,505.9675,382704.0,1732560300000
505.98,506.36,505.67,506.3225,362899.0,1732561200000
506.31,506.37,505.34,505.99,414618.0,1732562100000
505.98,506.2,505.54,506.18,303201.0,1732563000000
506.17,506.62,506.06,506.21,278486.0,1732563900000
506.21,506.23,505.6,505.739,357108.0,1732564800000
505.74,506.11,505.7298,506.08,762208.0,1732565700000
506.09,506.53,505.98,506.2,779624.0,1732566600000
506.21,506.765,505.98,506.57,2343285.0,1732567500000
508.08,509.63,508.08,509.02,1909567.0,1732631400000
509.03,510.14,508.45,508.88,1503684.0,1732632300000
508.9,509.41,507.93,508.82,1012859.0,1732633200000
508.8,508.81,507.63,508.5,824083.0,1732634100000
508.47,509.31,508.09,509.31,824502.0,1732635000000
509.29,509.47,508.3502,508.3502,614823.0,1732635900000
508.38,509.17,508.17,508.32,566355.0,1732636800000
508.34,508.73,507.97,508.46,440552.0,1732637700000
508.42,508.6874,508.06,508.29,369297.0,1732638600000
508.2801,508.78,507.72,508.72,554603.0,1732639500000
508.7,508.77,507.97,507.99,470655.0,1732640400000
507.99,508.22,507.81,508.22,673154.0,1732641300000
508.18,508.86,508.07,508.752,285047.0,1732642200000
508.76,509.16,508.6201,509.0849,521853.0,1732643100000
509.05,509.0782,508.41,508.605,884678.0,1732644000000
508.64,508.85,508.21,508.55,361405.0,1732644900000
508.5299,509.07,508.4,509.03,311479.0,1732645800000
509.04,509.06,508.4,508.815,596487.0,1732646700000
508.79,509.11,508.28,508.44,1109339.0,1732647600000
508.46,508.48,507.23,507.65,1151714.0,1732648500000
507.64,508.13,507.3903,507.83,1580202.0,1732649400000
507.86,508.04,507.67,507.91,1167403.0,1732650300000
507.88,508.39,507.79,508.15,675207.0,1732651200000
508.1799,508.48,507.91,508.48,753656.0,1732652100000
508.48,508.76,508.25,508.74,982981.0,1732653000000
508.74,509.71,508.72,509.3,3099375.0,1732653900000
508.17,508.24,506.18,506.95,2053728.0,1732717800000
506.93,507.31,505.85,506.38,1016569.0,1732718700000
506.38,506.38,505.13,505.19,954295.0,1732719600000
505.2,505.3699,504.07,504.33,1500873.0,1732720500000
504.29,504.5799,503.16,504.453,1109877.0,1732721400000
504.425,504.5199,503.32,503.58,745476.0,1732722300000
503.58,503.71,502.46,503.19,1122840.0,1732723200000
503.17,503.36,502.69,503.11,595305.0,1732724100000
503.02,504.0,502.8299,503.1203,1027774.0,1732725000000
503.14,503.4099,502.42,502.92,506256.0,1732725900000
502.88,502.88,501.93,502.65,743622.0,1732726800000
502.6669,503.23,502.55,503.09,654866.0,1732727700000
503.11,503.22,502.66,503.11,561158.0,1732728600000
503.08,503.66,502.93,503.59,567638.0,1732729500000
503.58,504.55,503.3901,504.5462,782197.0,1732730400000
504.55,504.6499,504.03,504.21,476403.0,1732731300000
504.2,504.98,504.105,504.86,628461.0,1732732200000
504.831,505.38,504.76,505.19,695959.0,1732733100000
505.19,505.47,504.97,505.465,862130.0,1732734000000
505.46,505.49,504.91,504.98,472303.0,1732734900000
504.97,505.4,504.7,505.28,357230.0,1732735800000
505.281,505.55,505.045,505.06,453904.0,1732736700000
505.06,505.65,504.98,505.31,702790.0,1732737600000
505.3138,505.48,504.6728,504.89,712834.0,1732738500000
504.88,504.95,504.22,504.7999,987247.0,1732739400000
504.78,505.29,504.6501,505.28,2396461.0,1732740300000
505.93,506.99,505.31,506.98,1315677.0,1732890600000
506.95,508.0,506.44,507.94,1511590.0,1732891500000
507.95,509.0499,507.69,509.04,1199646.0,1732892400000
509.05,509.31,508.41,508.63,1045363.0,1732893300000
508.63,509.51,508.61,509.13,641767.0,1732894200000
509.16,509.17,508.4209,508.8899,614718.0,1732895100000
508.89,509.82,508.88,509.761,759630.0,1732896000000
509.76,509.86,509.45,509.66,1524255.0,1732896900000
509.64,509.715,509.1701,509.59,743880.0,1732897800000
509.59,510.08,509.545,509.83,587427.0,1732898700000
509.83,509.95,509.43,509.681,536678.0,1732899600000
509.68,510.005,509.4201,509.5,667134.0,1732900500000
509.52,510.12,509.48,509.7699,750770.0,1732901400000
509.74,510.34,509.53,509.71,1726423.0,1732902300000
509.71,509.74,509.71,509.74,354904.0,1732903200000
511.01,513.36,510.62,512.76,2951463.0,1733149800000
512.7842,514.1,512.7,513.67,1562736.0,1733150700000
513.68,514.6299,513.59,514.6,1131305.0,1733151600000
514.62,514.74,513.7725,514.4,715470.0,1733152500000
514.3997,514.89,514.22,514.33,731057.0,1733153400000
514.29,514.5799,513.43,513.7635,764579.0,1733154300000
513.79,514.7575,513.7,514.58,560195.0,1733155200000
514.57,514.68,514.04,514.43,377382.0,1733156100000
514.42,515.63,514.3,515.49,970708.0,1733157000000
515.4924,515.72,515.1837,515.53,796227.0,1733157900000
515.515,516.05,515.49,515.99,996412.0,1733158800000
516.0,516.26,515.55,515.64,925099.0,1733159700000
515.64,515.88,515.44,515.84,483751.0,1733160600000
515.855,515.97,515.5,515.51,384557.0,1733161500000
515.51,515.54,515.19,515.21,416600.0,1733162400000
515.21,515.64,514.97,515.1217,482105.0,1733163300000
515.12,515.41,514.73,515.29,915827.0,1733164200000
515.3,515.38,515.01,515.16,294215.0,1733165100000
515.14,515.21,514.35,514.46,513624.0,1733166000000
514.45,514.69,514.27,514.57,490233.0,1733166900000
514.56,515.02,514.53,515.0,478274.0,1733167800000
514.9999,515.37,514.86,515.31,474499.0,1733168700000
515.28,515.48,514.91,515.365,472012.0,1733169600000
515.36,515.78,515.2301,515.73,627558.0,1733170500000
515.731,515.8382,515.29,515.435,919968.0,1733171400000
515.42,515.63,514.53,515.3,2120624.0,1733172300000
513.95,515.05,513.37,514.76,1872156.0,1733236200000
514.75,515.19,514.6709,515.0555,1299597.0,1733237100000
515.03,515.79,514.86,515.3064,1292113.0,1733238000000
515.32,515.48,514.25,514.42,606021.0,1733238900000
514.4,515.35,514.3622,514.68,513868.0,1733239800000
514.7,515.18,514.13,515.15,625715.0,1733240700000
515.15,515.77,515.07,515.51,651556.0,1733241600000
515.49,516.23,515.3053,516.22,413117.0,1733242500000
516.21,516.48,514.885,514.96,1000825.0,1733243400000
514.94,515.6599,514.91,515.11,357495.0,1733244300000
515.13,515.45,514.9066,515.135,282220.0,1733245200000
515.15,515.36,515.001,515.05,212180.0,1733246100000
515.04,515.26,514.75,515.14,275869.0,1733247000000
515.2,516.0,515.19,515.99,369479.0,1733247900000
515.97,516.0884,515.71,515.893,389021.0,1733248800000
515.91,516.09,515.66,515.66,521131.0,1733249700000
515.65,515.9499,515.46,515.49,305668.0,1733250600000
515.48,515.9652,515.33,515.77,273439.0,1733251500000
515.74,515.84,515.56,515.72,289434.0,1733252400000
515.71,515.88,515.58,515.81,223484.0,1733253300000
515.8129,516.19,515.79,515.99,316920.0,1733254200000
515.97,516.46,515.9,516.31,392292.0,1733255100000
516.3,516.44,516.1503,516.259,424630.0,1733256000000
516.26,516.54,516.16,516.32,354864.0,1733256900000
516.32,516.385,515.92,516.14,456236.0,1733257800000
516.14,517.15,516.07,516.91,1482358.0,1733258700000
520.32,520.77,519.6,520.29,2048316.0,1733322600000
520.19,520.91,520.05,520.3,1153355.0,1733323500000
520.28,521.43,519.68,520.995,1183843.0,1733324400000
520.99,521.395,520.31,521.27,1370755.0,1733325300000
521.28,522.1,521.0601,521.8,963812.0,1733326200000
521.84,522.01,521.4134,521.87,1151194.0,1733327100000
521.9199,522.25,521.74,521.88,949333.0,1733328000000
521.85,521.875,521.4,521.56,878238.0,1733328900000
521.57,521.5701,521.0908,521.171,667049.0,1733329800000
521.19,521.75,521.06,521.65,402484.0,1733330700000
521.64,521.805,521.6,521.75,345960.0,1733331600000
521.73,522.12,521.35,521.86,656472.0,1733332500000
521.85,521.88,521.25,521.58,394077.0,1733333400000
521.58,522.02,521.505,521.86,306070.0,1733334300000
521.85,522.02,521.71,521.86,386461.0,1733335200000
521.86,521.97,521.45,521.5184,466491.0,1733336100000
521.52,521.52,520.88,521.3701,586156.0,1733337000000
521.38,522.16,521.38,521.67,446707.0,1733337900000
521.64,522.14,521.44,521.99,370194.0,1733338800000
522.0,522.53,521.98,522.4601,648410.0,1733339700000
522.46,522.73,522.33,522.62,1574405.0,1733340600000
522.62,522.74,522.44,522.61,645762.0,1733341500000
522.59,522.84,522.486,522.78,631254.0,1733342400000
522.77,522.91,522.76,522.82,507597.0,1733343300000
522.81,523.23,522.72,523.222,995875.0,1733344200000
523.22,523.52,523.03,523.25,2767234.0,1733345100000
523.31,523.65,522.88,523.21,1494427.0,1733409000000
523.2,523.44,522.36,522.65,637090.0,1733409900000
522.65,523.226,522.51,522.93,858651.0,1733410800000
522.93,523.31,522.48,522.85,548878.0,1733411700000
522.91,523.16,522.6801,523.06,448253.0,1733412600000
523.09,523.18,522.1338,522.5,610664.0,1733413500000
522.47,522.7999,522.37,522.6,308860.0,1733414400000
522.56,523.37,522.52,523.105,365639.0,1733415300000
523.1299,523.31,522.76,522.91,336489.0,1733416200000
522.93,523.189,522.83,523.16,474989.0,1733417100000
523.18,523.895,523.025,523.8599,564279.0,1733418000000
523.89,523.99,523.635,523.82,261785.0,1733418900000
523.82,523.89,523.61,523.67,235013.0,1733419800000
523.6899,524.0399,523.65,523.8882,289159.0,1733420700000
523.89,523.89,523.45,523.535,458671.0,1733421600000
523.5301,523.635,521.99,522.43,730809.0,1733422500000
522.42,522.98,522.11,522.834,972431.0,1733423400000
522.8,522.8487,522.07,522.25,376545.0,1733424300000
522.25,522.59,521.77,522.49,1141081.0,1733425200000
522.5171,522.82,522.29,522.31,227668.0,1733426100000
522.28,522.545,522.16,522.25,323661.0,1733427000000
522.21,522.35,522.01,522.29,271755.0,1733427900000
522.27,522.698,522.05,522.26,544133.0,1733428800000
522.26,522.35,521.67,521.7599,406372.0,1733429700000
521.75,522.19,521.57,522.17,1323594.0,1733430600000
522.16,522.28,521.42,521.8,1810787.0,1733431500000
522.48,523.99,522.35,523.92,1139438.0,1733495400000
523.935,525.4,523.8302,525.24,1206848.0,1733496300000
525.28,525.8875,524.9,525.64,877172.0,1733497200000
525.62,526.19,525.4999,525.87,823794.0,1733498100000
525.885,526.03,525.51,525.58,606880.0,1733499000000
525.54,525.77,524.94,525.53,640102.0,1733499900000
525.57,525.88,524.42,524.95,834025.0,1733500800000
524.91,525.65,524.91,525.55,574648.0,1733501700000
525.5,525.95,525.42,525.59,659498.0,1733502600000
525.59,525.6099,525.12,525.42,327409.0,1733503500000
525.42,525.72,524.99,525.63,336243.0,1733504400000
525.65,525.94,525.48,525.88,1228442.0,1733505300000
525.89,525.97,525.2,525.21,395087.0,1733506200000
525.24,525.84,525.23,525.52,612450.0,1733507100000
525.54,526.535,525.45,526.5,996031.0,1733508000000
526.51,526.72,526.44,526.5,409100.0,1733508900000
526.5,526.5,526.03,526.13,609593.0,1733509800000
526.16,526.4999,526.07,526.4999,341176.0,1733510700000
526.46,526.47,525.485,525.75,809336.0,1733511600000
525.72,525.91,525.4108,525.52,465361.0,1733512500000
525.53,525.8699,525.38,525.83,337252.0,1733513400000
525.855,526.21,525.84,525.91,402308.0,1733514300000
525.9,526.22,525.71,526.11,616067.0,1733515200000
526.105,526.29,526.0,526.2179,506719.0,1733516100000
526.21,526.42,526.1,526.31,942671.0,1733517000000
526.305,526.625,525.92,526.51,3431311.0,1733517900000
525.55,526.23,524.75,525.755,1459495.0,1733754600000
525.78,526.35,525.5401,525.76,733170.0,1733755500000
525.725,525.95,525.3,525.46,507622.0,1733756400000
525.47,525.67,523.86,524.06,759146.0,1733757300000
524.08,524.63,522.9801,523.83,1303101.0,1733758200000
523.83,524.03,522.82,522.91,742733.0,1733759100000
522.93,523.43,521.22,522.14,1460084.0,1733760000000
522.12,523.25,521.82,522.93,875989.0,1733760900000
522.91,523.16,522.35,522.48,414455.0,1733761800000
522.48,523.2,522.47,523.04,541117.0,1733762700000
523.01,523.25,522.52,522.97,397595.0,1733763600000
522.96,522.98,522.48,522.81,213781.0,1733764500000
522.77,523.1099,522.5,522.96,240325.0,1733765400000
522.93,523.33,522.4137,522.45,223036.0,1733766300000
522.47,522.73,522.11,522.685,392885.0,1733767200000
522.69,523.3899,522.6,523.25,273025.0,1733768100000
523.24,523.73,523.1001,523.6899,381357.0,1733769000000
523.69,523.96,523.35,523.47,394290.0,1733769900000
523.47,523.4901,522.67,522.85,422257.0,1733770800000
522.865,522.93,522.33,522.4701,339298.0,1733771700000
522.4724,522.5888,521.7,521.97,415845.0,1733772600000
521.96,522.25,521.42,522.19,492139.0,1733773500000
522.17,522.22,521.46,521.63,590149.0,1733774400000
521.6399,521.866,521.33,521.415,628615.0,1733775300000
521.42,521.8399,521.37,521.54,571087.0,1733776200000
521.54,522.48,521.3601,522.36,2132184.0,1733777100000
523.62,524.68,522.8,524.665,1592694.0,1733841000000
524.6431,524.95,523.1201,523.97,1065071.0,1733841900000
523.96,525.28,523.8801,525.1,947753.0,1733842800000
525.1,525.38,524.29,524.3,545988.0,1733843700000
524.29,524.66,523.8699,524.29,615858.0,1733844600000
524.2801,524.49,522.72,522.9349,837966.0,1733845500000
522.94,523.1599,522.06,522.77,883149.0,1733846400000
522.75,523.05,522.04,522.12,622714.0,1733847300000
522.15,522.26,521.57,521.61,944578.0,1733848200000
521.63,522.45,521.5301,522.36,571805.0,1733849100000
522.37,522.49,521.6101,521.6101,617522.0,1733850000000
521.62,522.58,521.41,522.29,500345.0,1733850900000
522.25,522.82,522.17,522.36,509556.0,1733851800000
522.38,522.58,521.81,522.04,551462.0,1733852700000
522.04,522.28,521.7165,521.76,639424.0,1733853600000
521.765,522.22,521.74,522.18,575623.0,1733854500000
522.23,522.4,521.95,521.97,381591.0,1733855400000
521.9708,522.02,521.55,521.59,372032.0,1733856300000
521.61,521.73,521.18,521.395,589820.0,1733857200000
521.39,521.77,521.22,521.6,472309.0,1733858100000
521.57,521.61,520.76,521.0,544699.0,1733859000000
521.0001,521.05,520.3,520.58,1005640.0,1733859900000
520.58,520.6199,519.74,519.94,1166631.0,1733860800000
519.9,520.09,519.58,519.61,661427.0,1733861700000
519.62,520.24,519.16,520.155,1429202.0,1733862600000
520.17,520.59,519.83,520.55,2418593.0,1733863500000
525.0,526.19,524.59,526.1201,2224563.0,1733927400000
526.11,527.59,526.05,527.56,1670529.0,1733928300000
527.56,528.5,527.15,528.48,1854919.0,1733929200000
528.47,528.52,527.26,527.4,1483265.0,1733930100000
527.455,528.34,527.4499,528.05,1313423.0,1733931000000
528.055,528.26,527.02,527.6,1056087.0,1733931900000
527.62,528.6601,527.44,528.66,1057768.0,1733932800000
528.65,529.18,528.34,529.17,788455.0,1733933700000
529.17,529.3491,528.88,529.0,791467.0,1733934600000
528.98,529.17,528.6701,529.12,635744.0,1733935500000
529.14,529.73,529.1031,529.62,674027.0,1733936400000
529.61,529.77,529.37,529.56,523233.0,1733937300000
529.55,529.84,529.19,529.8,516161.0,1733938200000
529.8,529.87,529.31,529.6401,670612.0,1733939100000
529.62,529.96,529.58,529.73,483239.0,1733940000000
529.72,530.132,529.61,530.11,768491.0,1733940900000
530.12,530.359,529.96,530.07,829610.0,1733941800000
530.08,530.28,529.77,529.939,605268.0,1733942700000
529.94,530.14,529.59,529.7801,646427.0,1733943600000
529.78,530.21,529.7701,530.13,782458.0,1733944500000
530.12,530.34,530.0,530.08,765219.0,1733945400000
530.0801,530.13,529.82,530.09,521580.0,1733946300000
530.09,530.44,529.9701,530.42,920116.0,1733947200000
530.42,530.61,530.37,530.5099,1309213.0,1733948100000
530.5001,530.5001,530.22,530.245,1679826.0,1733949000000
530.25,530.31,529.83,529.94,3044481.0,1733949900000
527.68,527.75,526.7611,527.57,1793970.0,1734013800000
527.54,527.56,526.855,527.43,971892.0,1734014700000
527.407,527.52,526.02,526.62,1115205.0,1734015600000
526.55,528.3,526.0837,528.0494,1012019.0,1734016500000
528.02,528.42,527.58,527.88,575697.0,1734017400000
527.89,528.56,527.71,528.37,677316.0,1734018300000
528.36,528.83,528.2701,528.35,734721.0,1734019200000
528.35,528.65,528.17,528.2699,412851.0,1734020100000
528.28,528.35,527.66,527.8699,456213.0,1734021000000
527.87,527.87,527.16,527.22,427551.0,1734021900000
527.19,528.47,527.11,528.32,1031540.0,1734022800000
528.36,528.49,527.88,528.265,456704.0,1734023700000
528.2499,528.32,527.59,527.97,578181.0,1734024600000
528.03,528.86,527.97,528.7929,604075.0,1734025500000
528.82,528.92,528.2,528.72,609970.0,1734026400000
528.73,528.96,528.54,528.56,858588.0,1734027300000
528.58,528.6,527.99,528.07,421253.0,1734028200000
528.05,528.27,527.74,527.789,358408.0,1734029100000
527.8,528.24,527.55,527.775,630736.0,1734030000000
527.795,527.88,527.01,527.12,879587.0,1734030900000
527.08,527.68,527.0332,527.53,400035.0,1734031800000
527.54,527.72,527.35,527.52,349759.0,1734032700000
527.45,527.55,526.77,526.9,609978.0,1734033600000
526.91,527.1299,526.63,526.7299,513366.0,1734034500000
526.73,527.2,526.73,527.0171,799620.0,1734035400000
527.01,527.49,526.5,526.5,2025764.0,1734036300000
530.46,532.8599,530.29,532.7,2565045.0,1734100200000
532.72,533.1661,532.18,532.52,1700280.0,1734101100000
532.52,532.61,531.02,532.03,1248825.0,1734102000000
532.06,532.1499,530.53,530.63,1144673.0,1734102900000
530.63,531.26,528.74,529.215,1570288.0,1734103800000
529.2,529.99,527.77,527.7901,1323676.0,1734104700000
527.83,528.26,527.3001,527.54,1844880.0,1734105600000
527.56,529.0,527.55,528.0701,1092931.0,1734106500000
528.13,529.51,528.12,528.4101,846193.0,1734107400000
528.39,528.6599,527.5,528.13,474562.0,1734108300000
528.08,529.1299,527.99,528.57,524392.0,1734109200000
528.53,528.96,527.95,528.09,787677.0,1734110100000
528.05,528.16,527.64,527.9301,503942.0,1734111000000
527.95,528.7,527.71,527.74,422478.0,1734111900000
527.7408,528.77,527.68,528.62,427344.0,1734112800000
528.55,529.18,528.34,529.15,497205.0,1734113700000
529.13,529.39,528.84,529.3699,308277.0,1734114600000
529.31,529.97,529.23,529.9112,466057.0,1734115500000
529.92,530.19,529.58,529.87,541256.0,1734116400000
529.87,530.7202,529.86,530.675,393008.0,1734117300000
530.7099,530.92,530.48,530.62,925541.0,1734118200000
530.64,530.73,530.4602,530.56,917734.0,1734119100000
530.6,530.75,530.4901,530.58,580141.0,1734120000000
530.6,530.8899,529.95,530.83,939061.0,1734120900000
530.81,531.15,530.43,530.4502,1357100.0,1734121800000
530.46,530.86,530.2804,530.5,1651957.0,1734122700000
533.08,534.38,533.0,533.42,2181907.0,1734359400000
533.5,534.85,533.34,534.83,1378249.0,1734360300000
534.85,535.34,534.68,534.89,1187412.0,1734361200000
534.935,535.4,533.78,535.38,1009977.0,1734362100000
535.38,536.08,535.09,535.53,1031288.0,1734363000000
535.53,535.71,535.1,535.26,703669.0,1734363900000
535.27,536.36,535.26,536.11,833800.0,1734364800000
536.12,536.64,535.94,536.33,569921.0,1734365700000
536.34,536.5499,535.58,535.7,564722.0,1734366600000
535.73,536.86,535.5799,536.832,799779.0,1734367500000
536.82,536.96,536.39,536.64,530607.0,1734368400000
536.65,536.97,536.6,536.94,888530.0,1734369300000
536.95,537.49,536.92,537.31,676282.0,1734370200000
537.31,537.57,537.0,537.54,711731.0,1734371100000
537.55,537.97,537.41,537.89,770782.0,1734372000000
537.89,538.5,537.86,538.41,867464.0,1734372900000
538.4,538.4599,538.11,538.4114,2259699.0,1734373800000
538.4193,538.52,538.13,538.32,766715.0,1734374700000
538.29,538.64,538.0001,538.615,491762.0,1734375600000
538.64,538.89,538.5,538.56,605047.0,1734376500000
538.55,538.85,538.34,538.62,601074.0,1734377400000
538.62,538.8899,538.46,538.48,708161.0,1734378300000
538.48,539.14,538.48,538.78,538147.0,1734379200000
538.77,539.15,538.76,538.99,1099177.0,1734380100000
538.98,538.99,538.5,538.66,2034629.0,1734381000000
538.64,538.64,537.8137,538.2,3329485.0,1734381900000
536.36,537.06,535.04,536.91,3019392.0,1734445800000
536.91,537.09,535.59,535.6899,1337833.0,1734446700000
535.63,535.89,534.62,534.91,1586296.0,1734447600000
534.92,535.07,534.13,534.22,1135582.0,1734448500000
534.21,535.43,534.17,535.4,792900.0,1734449400000
535.39,535.82,535.11,535.65,797895.0,1734450300000
535.61,536.78,535.04,536.74,1132231.0,1734451200000
536.74,536.7599,536.012,536.46,608035.0,1734452100000
536.41,537.48,536.27,537.3588,674877.0,1734453000000
537.34,537.41,536.22,536.42,907499.0,1734453900000
536.43,536.4599,535.38,536.15,896845.0,1734454800000
536.115,536.43,535.65,536.39,710891.0,1734455700000
536.4,536.715,535.99,536.65,614433.0,1734456600000
536.66,536.8177,536.2,536.42,442021.0,1734457500000
536.35,536.56,536.0,536.42,404532.0,1734458400000
536.41,537.095,535.67,535.84,692907.0,1734459300000
535.84,536.23,535.72,536.11,628728.0,1734460200000
536.105,536.16,535.5101,535.6,629762.0,1734461100000
535.61,535.64,535.16,535.4,1061873.0,1734462000000
535.43,535.5794,534.95,535.12,529760.0,1734462900000
535.14,535.34,534.68,535.28,667693.0,1734463800000
535.275,535.29,534.74,535.02,741177.0,1734464700000
535.0,535.21,534.715,535.08,554572.0,1734465600000
535.07,535.19,534.35,534.75,733308.0,1734466500000
534.78,535.7,534.58,535.6201,827648.0,1734467400000
535.61,536.21,535.24,535.85,1878648.0,1734468300000
535.15,535.67,533.46,535.0,1496728.0,1734532200000
534.971,535.57,534.36,535.32,844702.0,1734533100000
535.37,535.8901,534.98,535.89,686349.0,1734534000000
535.89,536.0,535.41,535.92,359143.0,1734534900000
535.94,536.41,535.58,536.4,416298.0,1734535800000
536.43,536.8799,536.12,536.13,480442.0,1734536700000
536.12,536.61,535.53,535.6105,628686.0,1734537600000
535.6114,535.9399,534.5,535.9199,785663.0,1734538500000
535.92,536.16,535.74,536.15,458747.0,1734539400000
536.14,536.31,535.68,535.8199,450838.0,1734540300000
535.7,536.1,535.5,535.64,432354.0,1734541200000
535.65,536.2,535.5,535.6501,273882.0,1734542100000
535.67,535.99,535.13,535.38,352710.0,1734543000000
535.38,535.75,535.34,535.69,158442.0,1734543900000
535.68,535.97,535.5002,535.67,260874.0,1734544800000
535.68,535.96,535.44,535.47,240434.0,1734545700000
535.45,535.82,535.0725,535.17,296759.0,1734546600000
535.16,535.795,535.09,535.45,364975.0,1734547500000
535.5678,535.5678,530.695,531.47,2667520.0,1734548400000
531.4686,532.54,530.29,530.43,1945800.0,1734549300000
530.401,531.82,529.36,529.725,2403132.0,1734550200000
529.71,529.79,526.34,526.6,2785724.0,1734551100000
526.6,527.0802,523.72,524.6101,3994448.0,1734552000000
524.65,525.36,521.71,521.97,4284824.0,1734552900000
521.98,523.06,515.43,515.69,6348897.0,1734553800000
515.69,521.21,515.01,516.53,11639977.0,1734554700000
521.19,521.7599,518.67,519.1307,4145561.0,1734618600000
519.18,520.61,518.28,518.91,2330971.0,1734619500000
518.87,520.21,517.3,520.04,2384832.0,1734620400000
520.04,520.07,516.84,516.905,1675585.0,1734621300000
516.88,518.28,516.12,518.02,2045384.0,1734622200000
518.0,518.98,516.9712,518.217,1616844.0,1734623100000
518.2,518.29,516.08,516.49,1724061.0,1734624000000
516.49,519.77,516.48,519.43,1284979.0,1734624900000
519.41,520.12,518.35,519.15,1292884.0,1734625800000
519.0701,519.61,518.0814,518.56,879629.0,1734626700000
518.5001,518.72,517.55,517.59,608299.0,1734627600000
517.59,517.79,515.64,515.98,1625042.0,1734628500000
515.98,516.54,515.46,515.98,1172118.0,1734629400000
515.99,517.6,515.38,517.5201,1397998.0,1734630300000
517.47,517.47,515.56,517.41,1250448.0,1734631200000
517.42,517.99,516.53,517.77,920971.0,1734632100000
517.77,518.25,517.29,517.732,645885.0,1734633000000
517.71,519.48,517.56,519.4401,957715.0,1734633900000
519.43,519.47,517.31,517.44,1389691.0,1734634800000
517.45,517.6896,516.7901,517.13,924311.0,1734635700000
517.14,517.1899,516.17,516.59,622703.0,1734636600000
516.58,517.13,516.16,516.17,565318.0,1734637500000
516.23,516.57,515.54,516.27,803540.0,1734638400000
516.28,517.82,516.21,516.8,1350654.0,1734639300000
516.86,517.28,514.58,516.16,2141049.0,1734640200000
516.15,516.3698,513.83,514.17,4708568.0,1734641100000
510.44,512.84,509.81,511.78,4188268.0,1734705000000
511.76,512.26,509.29,510.92,1856503.0,1734705900000
511.0,513.73,510.965,513.6333,1560281.0,1734706800000
513.62,516.56,513.23,516.47,1594763.0,1734707700000
516.46,518.41,516.41,518.23,2291770.0,1734708600000
518.23,518.7799,517.26,517.8401,1167732.0,1734709500000
517.88,520.54,517.63,520.54,10595990.0,1734710400000
520.5,521.68,520.18,521.47,1038640.0,1734711300000
521.46,524.28,521.4,524.18,2069617.0,1734712200000
524.17,524.17,522.27,523.42,1893059.0,1734713100000
523.45,524.18,522.88,523.82,974029.0,1734714000000
523.79,524.82,523.63,524.79,1158711.0,1734714900000
524.79,524.82,522.98,524.06,931809.0,1734715800000
524.05,524.48,523.4601,523.54,660134.0,1734716700000
523.55,523.79,522.66,522.8,1036701.0,1734717600000
522.81,522.93,521.34,521.4,1745132.0,1734718500000
521.41,522.27,521.27,521.515,948898.0,1734719400000
521.5195,522.53,520.975,521.2901,987552.0,1734720300000
521.26,521.64,520.82,521.37,989233.0,1734721200000
521.37,522.51,521.21,522.47,1008232.0,1734722100000
522.47,523.37,522.36,522.69,1021894.0,1734723000000
522.69,522.89,521.821,522.02,890684.0,1734723900000
522.04,522.37,521.45,521.49,955468.0,1734724800000
521.49,521.74,520.82,520.93,1145150.0,1734725700000
520.92,521.19,518.82,519.935,2571157.0,1734726600000
519.92,523.0,517.66,518.82,6288279.0,1734727500000
519.55,520.83,519.203,519.47,1923322.0,1734964200000
519.45,520.3394,517.95,519.85,1635962.0,1734965100000
519.78,520.1,516.13,517.77,1597079.0,1734966000000
517.69,518.73,517.15,517.73,999854.0,1734966900000
517.72,518.98,517.28,517.8401,808655.0,1734967800000
517.87,518.9,517.56,518.19,719709.0,1734968700000
518.07,519.53,518.06,519.28,1233663.0,1734969600000
519.32,520.02,519.203,519.86,982844.0,1734970500000
519.93,521.0674,519.17,520.94,604918.0,1734971400000
520.94,521.42,520.66,521.37,808530.0,1734972300000
521.35,522.12,520.74,520.81,608389.0,1734973200000
520.8,521.2,520.13,520.7922,961885.0,1734974100000
520.84,521.47,520.56,521.45,584472.0,1734975000000
521.46,521.9,521.29,521.34,488757.0,1734975900000
521.34,522.3,521.12,521.93,621339.0,1734976800000
521.91,522.17,521.42,521.94,469823.0,1734977700000
521.93,522.76,521.88,522.41,742373.0,1734978600000
522.4,522.75,522.15,522.53,631990.0,1734979500000
522.48,522.96,522.45,522.96,500499.0,1734980400000
522.94,523.25,522.64,522.833,755948.0,1734981300000
522.86,522.98,522.0301,522.42,706305.0,1734982200000
522.42,522.55,521.65,521.66,686358.0,1734983100000
521.65,521.81,520.6837,521.7,802624.0,1734984000000
521.68,521.8,520.75,521.7,856122.0,1734984900000
521.7,522.86,521.68,522.47,757267.0,1734985800000
522.475,523.19,522.28,522.92,2943513.0,1734986700000
524.83,526.005,524.19,525.82,1786786.0,1735050600000
525.84,526.74,525.5401,526.66,967174.0,1735051500000
526.67,527.58,526.575,527.21,1145172.0,1735052400000
527.215,527.41,526.54,527.2,1026338.0,1735053300000
527.19,528.03,527.165,527.995,1063127.0,1735054200000
527.99,528.23,527.52,528.08,995197.0,1735055100000
528.0737,528.5,527.8542,528.46,790520.0,1735056000000
528.45,528.67,528.31,528.4624,602619.0,1735056900000
528.46,528.89,528.155,528.85,689366.0,1735057800000
528.86,528.93,527.95,528.1482,829129.0,1735058700000
528.19,528.8899,528.04,528.88,561363.0,1735059600000
528.885,529.08,528.48,528.88,610757.0,1735060500000
528.86,528.88,527.72,528.44,869380.0,1735061400000
528.44,530.05,528.17,530.02,2229803.0,1735062300000
530.0,530.04,529.92,529.96,442639.0,1735063200000
528.32,529.54,528.2,528.9789,1205030.0,1735223400000
528.99,529.14,526.31,528.3701,1405900.0,1735224300000
528.37,528.955,527.7,528.1796,787791.0,1735225200000
528.2,529.28,527.75,529.26,806459.0,1735226100000
529.24,529.71,528.85,528.86,582319.0,1735227000000
528.85,529.7119,528.7001,529.66,397434.0,1735227900000
529.63,529.9194,529.35,529.795,438768.0,1735228800000
529.78,529.94,528.9,529.28,650193.0,1735229700000
529.28,530.36,529.24,530.27,620416.0,1735230600000
530.28,530.455,529.87,530.44,371977.0,1735231500000
530.42,530.84,530.28,530.8,500988.0,1735232400000
530.81,531.24,530.07,530.1,843047.0,1735233300000
530.14,530.71,530.03,530.1658,410690.0,1735234200000
530.17,530.25,528.83,529.615,611041.0,1735235100000
529.61,530.23,529.5201,529.69,684935.0,1735236000000
529.7,530.39,529.62,530.3,357013.0,1735236900000
530.31,530.4,529.33,529.605,442751.0,1735237800000
529.6299,530.22,529.57,529.85,1324295.0,1735238700000
529.83,529.95,529.32,529.54,263094.0,1735239600000
529.54,529.82,529.39,529.6469,296397.0,1735240500000
529.67,530.315,529.53,530.1984,527411.0,1735241400000
530.21,530.59,530.2,530.5301,338386.0,1735242300000
530.55,530.86,530.1581,530.17,365153.0,1735243200000
530.22,530.75,530.21,530.62,377538.0,1735244100000
530.62,530.76,530.41,530.5449,512329.0,1735245000000
530.55,530.87,529.42,529.55,1519047.0,1735245900000
526.01,526.45,522.32,522.33,2482955.0,1735309800000
522.32,523.77,522.17,522.6,2163186.0,1735310700000
522.63,522.85,519.09,519.7,2098938.0,1735311600000
519.73,520.34,518.15,519.36,1436429.0,1735312500000
519.2932,520.17,518.04,519.9,1043224.0,1735313400000
519.8993,520.74,519.35,520.27,1213007.0,1735314300000
520.26,520.42,518.8,518.9,926711.0,1735315200000
519.02,521.445,518.98,521.35,1156239.0,1735316100000
521.345,521.49,519.82,519.85,1116071.0,1735317000000
519.86,520.2774,518.45,519.1,1172206.0,1735317900000
519.11,519.46,518.21,518.43,754009.0,1735318800000
518.432,519.05,517.86,518.7,973605.0,1735319700000
518.7,519.63,517.93,518.9986,991966.0,1735320600000
518.99,519.72,518.45,519.56,580494.0,1735321500000
519.56,520.38,519.195,519.84,670061.0,1735322400000
519.85,520.36,519.65,519.935,535022.0,1735323300000
519.92,520.89,519.71,520.875,699301.0,1735324200000
520.86,522.02,520.51,521.7799,986154.0,1735325100000
521.78,522.19,521.38,521.61,1137101.0,1735326000000
521.6,521.96,520.965,521.18,669941.0,1735326900000
521.21,522.31,521.0401,522.14,864044.0,1735327800000
522.15,522.86,521.98,522.62,647327.0,1735328700000
522.61,522.61,520.8006,521.02,1033432.0,1735329600000
521.04,521.4364,520.7201,521.25,583442.0,1735330500000
521.23,521.305,520.27,520.42,1197211.0,1735331400000
520.41,522.81,520.28,522.57,3582491.0,1735332300000
515.51,515.71,513.19,513.7434,2744953.0,1735569000000
513.71,514.49,512.54,512.64,1441459.0,1735569900000
512.62,514.22,511.83,514.16,1465851.0,1735570800000
514.09,514.11,512.07,512.44,1039551.0,1735571700000
512.49,514.89,512.4,514.6601,1495752.0,1735572600000
514.7,515.4,513.072,514.74,1360353.0,1735573500000
514.69,514.92,513.9579,514.57,597398.0,1735574400000
514.51,515.96,514.51,515.335,1001964.0,1735575300000
515.31,516.9,515.2789,516.76,1148988.0,1735576200000
516.76,517.0,515.68,516.79,853142.0,1735577100000
516.76,517.6,516.485,517.13,1119535.0,1735578000000
517.12,518.1899,517.05,518.0799,716286.0,1735578900000
518.1,518.705,517.86,518.61,817210.0,1735579800000
518.61,519.3,517.5,518.9401,1131659.0,1735580700000
518.94,519.23,517.84,519.03,635938.0,1735581600000
519.04,519.36,517.4,518.25,757769.0,1735582500000
518.23,519.14,518.03,518.91,908728.0,1735583400000
518.9388,519.28,518.5,518.72,493515.0,1735584300000
518.71,518.85,517.372,517.78,763005.0,1735585200000
517.77,518.18,517.13,517.9,973800.0,1735586100000
517.8882,518.57,517.8201,518.01,1568779.0,1735587000000
518.01,518.68,517.99,518.41,410941.0,1735587900000
518.41,518.55,517.76,518.3617,855095.0,1735588800000
518.35,518.76,516.9,516.93,978038.0,1735589700000
516.97,517.5,516.68,516.99,1078764.0,1735590600000
517.06,517.7101,515.47,515.57,3337303.0,1735591500000
516.9,517.66,514.8,515.56,1509749.0,1735655400000
515.535,516.8,515.21,516.34,1258198.0,1735656300000
516.21,516.94,513.99,515.1799,877796.0,1735657200000
515.175,517.1996,514.79,515.9201,1077080.0,1735658100000
515.95,516.59,514.97,515.0401,843708.0,1735659000000
515.15,515.79,514.74,515.108,352799.0,1735659900000
515.08,515.16,513.52,514.21,750204.0,1735660800000
514.2,514.26,512.94,513.16,1189963.0,1735661700000
513.14,514.0191,512.86,513.8514,621697.0,1735662600000
513.84,514.65,513.57,513.8784,476254.0,1735663500000
513.85,514.22,513.17,513.53,368432.0,1735664400000
513.56,514.08,512.09,512.25,539308.0,1735665300000
512.2699,512.4345,510.95,511.36,1044963.0,1735666200000
511.37,513.56,511.125,513.47,721302.0,1735667100000
513.44,513.98,512.6,512.67,691306.0,1735668000000
512.722,513.15,511.0001,511.1901,645523.0,1735668900000
511.17,511.93,510.85,511.65,636929.0,1735669800000
511.63,512.3,511.15,511.18,431529.0,1735670700000
511.18,512.49,510.42,512.34,1123615.0,1735671600000
512.3505,512.44,510.65,510.69,888312.0,1735672500000
510.7,511.32,510.26,510.99,1189110.0,1735673400000
510.98,512.34,510.7501,512.34,1137003.0,1735674300000
512.33,512.78,511.04,511.26,1070937.0,1735675200000
511.275,513.33,511.039,513.29,827551.0,1735676100000
513.28,513.46,511.99,512.31,1321285.0,1735677000000
512.26,513.05,510.45,511.21,4064991.0,1735677900000
514.3,514.92,510.02,511.21,2727035.0,1735828200000
511.2,515.82,510.98,515.39,2122270.0,1735829100000
515.44,516.64,514.95,516.142,1337819.0,1735830000000
516.16,516.4,512.17,513.05,2025766.0,1735830900000
512.93,513.21,511.11,511.86,1613538.0,1735831800000
511.77,513.9603,511.19,512.7094,1141396.0,1735832700000
512.74,512.93,510.52,511.97,1254055.0,1735833600000
511.96,513.24,511.48,513.0799,604510.0,1735834500000
513.0489,513.83,512.5,513.17,659879.0,1735835400000
513.17,514.58,512.98,513.64,720216.0,1735836300000
513.61,514.24,512.78,513.87,812210.0,1735837200000
513.786,513.91,509.52,509.73,1134022.0,1735838100000
509.71,509.71,506.63,507.25,2296926.0,1735839000000
507.32,508.3,505.71,507.92,1786139.0,1735839900000
507.96,508.21,505.99,506.82,1362172.0,1735840800000
506.91,507.85,506.14,507.6725,808650.0,1735841700000
507.62,507.7,505.96,507.5901,1000535.0,1735842600000
507.63,511.2611,505.83,507.28,909113.0,1735843500000
507.255,508.58,506.75,507.67,718884.0,1735844400000
507.65,509.05,507.52,508.76,822457.0,1735845300000
508.66,508.83,507.72,508.28,680016.0,1735846200000
508.29,509.54,507.48,507.64,1226495.0,1735847100000
507.59,510.34,507.59,510.05,971512.0,1735848000000
510.03,510.2,509.43,509.82,1085738.0,1735848900000
509.84,510.76,508.97,509.41,1241198.0,1735849800000
509.415,510.585,509.3,510.17,2099383.0,1735850700000
513.35,516.53,512.96,516.343,2152271.0,1735914600000
516.36,516.5899,513.63,515.48,1713078.0,1735915500000
515.4,516.73,514.34,514.61,1590875.0,1735916400000
514.69,515.03,512.53,514.28,1296496.0,1735917300000
514.29,515.8,513.41,515.29,809683.0,1735918200000
515.32,515.635,514.5,515.27,664574.0,1735919100000
515.28,516.14,514.35,515.01,641808.0,1735920000000
514.95,516.45,514.72,516.44,549110.0,1735920900000
516.44,517.68,516.34,517.56,1156257.0,1735921800000
517.538,517.97,517.24,517.31,851839.0,1735922700000
517.34,517.87,517.04,517.08,660990.0,1735923600000
517.09,517.66,516.82,516.9816,394075.0,1735924500000
517.02,517.35,516.81,517.09,298959.0,1735925400000
517.11,517.5801,516.87,517.47,412563.0,1735926300000
517.48,517.63,517.01,517.555,412601.0,1735927200000
517.55,518.3,517.47,518.28,439538.0,1735928100000
518.2975,518.88,518.04,518.83,748854.0,1735929000000
518.85,518.9339,518.19,518.43,629790.0,1735929900000
518.41,519.19,518.15,519.086,628262.0,1735930800000
519.1,519.3256,518.86,519.1332,711760.0,1735931700000
519.13,519.6454,519.03,519.38,810415.0,1735932600000
519.38,519.5099,518.93,519.07,606530.0,1735933500000
519.07,519.07,518.38,518.89,642359.0,1735934400000
518.865,518.94,518.49,518.84,650079.0,1735935300000
518.8,518.83,518.2799,518.39,724876.0,1735936200000
518.39,519.01,517.71,518.56,4407597.0,1735937100000
524.02,526.24,523.76,525.255,2934070.0,1736173800000
525.28,526.76,525.26,526.045,1565157.0,1736174700000
526.08,526.93,525.16,526.8421,1097026.0,1736175600000
526.85,527.68,526.35,527.46,1671424.0,1736176500000
527.445,527.56,526.67,527.28,991557.0,1736177400000
527.25,527.8,527.08,527.2912,1139785.0,1736178300000
527.31,527.92,527.1125,527.54,848137.0,1736179200000
527.555,527.79,526.9403,527.72,708097.0,1736180100000
527.71,527.76,527.0,527.1075,716360.0,1736181000000
527.11,527.17,526.66,526.96,557401.0,1736181900000
526.9,527.26,526.4,526.56,425825.0,1736182800000
526.6,526.72,525.97,526.25,700614.0,1736183700000
526.25,526.4999,525.04,525.34,712682.0,1736184600000
525.33,525.7499,524.895,525.52,1087486.0,1736185500000
525.4813,525.51,524.21,525.11,1563940.0,1736186400000
525.1,525.41,524.5024,525.3,1162972.0,1736187300000
525.3,525.37,524.28,524.44,930206.0,1736188200000
524.47,524.58,523.29,523.38,1055748.0,1736189100000
523.45,523.61,522.6939,523.45,1350556.0,1736190000000
523.44,523.82,523.2501,523.49,838438.0,1736190900000
523.4901,523.6193,522.97,523.458,628697.0,1736191800000
523.45,523.74,522.256,522.34,958416.0,1736192700000
522.27,523.29,522.03,523.08,1262684.0,1736193600000
523.05,524.02,522.9,523.92,887706.0,1736194500000
523.93,524.419,523.53,523.75,1328999.0,1736195400000
523.77,524.66,522.63,524.52,3447646.0,1736196300000
525.59,525.99,523.3,525.03,1872936.0,1736260200000
525.01,525.6898,523.48,523.65,1307942.0,1736261100000
523.61,523.61,519.81,520.53,2334521.0,1736262000000
520.48,521.8699,519.2,520.41,1626576.0,1736262900000
520.4101,520.56,516.68,517.465,1996069.0,1736263800000
517.45,519.84,516.14,519.76,1927645.0,1736264700000
519.76,519.9899,518.4464,518.92,1278879.0,1736265600000
518.95,520.3299,518.55,519.97,1159302.0,1736266500000
519.93,520.05,518.01,518.73,1232150.0,1736267400000
518.75,519.27,516.82,517.03,832994.0,1736268300000
517.08,517.86,516.79,517.79,702815.0,1736269200000
517.77,517.98,516.43,516.833,667200.0,1736270100000
516.899,517.75,516.45,516.6,1173343.0,1736271000000
516.61,517.34,515.88,517.28,742747.0,1736271900000
517.27,518.43,517.17,518.42,773654.0,1736272800000
518.43,519.03,518.07,518.8099,640028.0,1736273700000
518.78,518.78,517.07,517.3,482743.0,1736274600000
517.33,517.45,516.88,517.15,610640.0,1736275500000
517.1,518.0,517.05,517.6321,752269.0,1736276400000
517.65,517.66,516.97,517.57,774715.0,1736277300000
517.57,517.63,516.28,517.1,1118509.0,1736278200000
517.08,517.315,516.4,516.5855,1100696.0,1736279100000
516.66,516.73,515.18,515.39,1296968.0,1736280000000
515.43,515.67,514.39,514.4228,1276678.0,1736280900000
514.43,515.15,513.28,514.27,1797552.0,1736281800000
514.27,515.49,514.023,515.15,3232938.0,1736282700000
515.08,515.8,513.52,515.11,1706753.0,1736346600000
515.07,515.7,513.41,514.8,1482847.0,1736347500000
514.73,516.29,512.27,512.38,1666418.0,1736348400000
512.4,514.38,512.1,513.49,1310363.0,1736349300000
513.45,515.41,513.21,513.97,660749.0,1736350200000
513.91,515.27,513.44,515.08,575667.0,1736351100000
515.11,515.26,513.41,514.6207,610205.0,1736352000000
514.58,515.45,514.22,514.57,749992.0,1736352900000
514.58,516.5703,514.58,516.376,778929.0,1736353800000
516.4,516.486,515.4,515.83,458561.0,1736354700000
515.83,515.83,513.39,513.51,693339.0,1736355600000
513.5,513.82,510.848,511.14,1068805.0,1736356500000
511.2,512.52,510.57,512.42,996376.0,1736357400000
512.41,513.41,511.93,513.0,593827.0,1736358300000
512.99,514.99,512.93,514.63,1040975.0,1736359200000
514.65,516.28,514.6,515.785,1394961.0,1736360100000
515.78,515.87,515.12,515.59,543836.0,1736361000000
515.55,515.59,513.34,514.3701,828597.0,1736361900000
514.43,516.05,513.49,514.44,921170.0,1736362800000
514.49,516.9199,514.49,516.63,747713.0,1736363700000
516.56,516.56,514.23,514.666,1214772.0,1736364600000
514.6,515.119,514.26,514.69,726876.0,1736365500000
514.71,515.12,513.85,513.8701,697637.0,1736366400000
513.91,515.22,513.91,515.02,536792.0,1736367300000
514.99,515.17,514.07,514.89,1217173.0,1736368200000
514.87,515.69,514.625,515.3,2174746.0,1736369100000
511.48,511.58,508.51,509.77,3221977.0,1736519400000
509.77,510.18,507.1504,508.35,2256205.0,1736520300000
508.26,508.284,503.92,504.6999,3032328.0,1736521200000
504.64,507.7099,504.62,507.66,2266764.0,1736522100000
507.64,508.9485,507.06,508.195,2204198.0,1736523000000
508.18,509.86,506.55,506.68,1503601.0,1736523900000
506.69,506.89,505.26,505.275,1261476.0,1736524800000
505.32,506.33,505.13,505.46,935101.0,1736525700000
505.42,506.25,504.22,506.19,1017374.0,1736526600000
506.16,506.5,504.43,504.5,1426998.0,1736527500000
504.57,504.89,504.2,504.84,970704.0,1736528400000
504.835,505.98,504.56,505.84,910260.0,1736529300000
505.84,507.38,505.78,507.19,819431.0,1736530200000
507.15,507.85,506.73,507.7306,809113.0,1736531100000
507.71,508.8499,507.07,508.56,853882.0,1736532000000
508.52,510.1,507.96,509.54,1108467.0,1736532900000
509.54,510.1846,509.0116,509.77,745993.0,1736533800000
509.762,511.1,509.43,510.94,1099574.0,1736534700000
510.9304,511.02,508.09,508.59,1274197.0,1736535600000
508.65,509.48,507.98,509.16,679274.0,1736536500000
509.22,509.22,508.288,508.565,512409.0,1736537400000
508.54,509.34,507.9206,508.95,761859.0,1736538300000
508.95,509.26,507.59,507.71,745640.0,1736539200000
507.72,507.9693,506.89,507.15,1136047.0,1736540100000
507.12,507.77,506.45,507.17,1190513.0,1736541000000
507.16,507.96,506.6,507.21,2796997.0,1736541900000
501.2,501.69,499.7,501.59,3292874.0,1736778600000
501.61,503.07,500.5462,502.145,1840629.0,1736779500000
502.14,503.42,501.36,501.43,1170973.0,1736780400000
501.46,502.4099,500.02,500.095,1250207.0,1736781300000
500.11,503.58,500.0801,503.395,1271505.0,1736782200000
503.39,503.988,501.97,502.05,1078059.0,1736783100000
502.06,502.45,500.91,501.27,836570.0,1736784000000
501.26,501.58,500.75,501.0,597046.0,1736784900000
500.98,502.69,500.9,502.46,668990.0,1736785800000
502.4998,502.4998,500.31,500.53,765358.0,1736786700000
500.52,502.37,500.06,502.27,1023003.0,1736787600000
502.3,503.52,502.12,503.17,1013928.0,1736788500000
503.16,503.59,502.46,502.6,787314.0,1736789400000
502.5626,504.3,502.47,504.18,809447.0,1736790300000
504.18,504.44,503.71,504.25,825721.0,1736791200000
504.26,504.275,503.4,504.235,714137.0,1736792100000
504.23,504.62,503.55,503.68,590629.0,1736793000000
503.6703,504.729,503.615,504.24,619642.0,1736793900000
504.23,504.5,503.2101,503.2799,519676.0,1736794800000
503.28,504.324,502.91,504.23,626576.0,1736795700000
504.23,505.07,503.78,504.87,650100.0,1736796600000
504.85,504.885,503.7,504.56,598176.0,1736797500000
504.57,504.61,504.05,504.25,556805.0,1736798400000
504.25,504.99,503.8126,504.04,626368.0,1736799300000
504.05,504.57,503.84,504.265,554665.0,1736800200000
504.265,506.02,504.21,505.6,1896223.0,1736801100000
508.74,510.155,507.5,509.69,2364911.0,1736865000000
509.71,509.82,506.25,506.58,1919598.0,1736865900000
506.58,509.5599,506.28,508.93,1372467.0,1736866800000
508.96,509.65,507.25,507.37,957077.0,1736867700000
507.4336,507.68,505.77,507.36,1042313.0,1736868600000
507.34,507.34,505.456,505.47,846831.0,1736869500000
505.49,505.61,504.01,504.8099,1166711.0,1736870400000
504.81,505.96,504.41,504.73,844308.0,1736871300000
504.68,505.2999,503.24,503.34,717334.0,1736872200000
503.43,503.76,502.7,502.79,790253.0,1736873100000
502.75,503.9555,502.42,503.49,1073495.0,1736874000000
503.48,504.06,502.86,503.54,530820.0,1736874900000
503.44,504.03,502.03,503.88,650319.0,1736875800000
503.86,504.24,503.3,503.75,673721.0,1736876700000
503.74,504.49,503.575,504.18,897595.0,1736877600000
504.08,505.7046,503.94,505.51,747209.0,1736878500000
505.52,506.62,505.26,506.4301,692044.0,1736879400000
506.445,507.19,504.62,506.9304,826588.0,1736880300000
506.92,507.21,506.34,506.73,827341.0,1736881200000
506.72,507.28,506.51,506.53,539732.0,1736882100000
506.57,507.13,506.38,506.57,377806.0,1736883000000
506.59,506.59,503.5201,503.6465,1125920.0,1736883900000
503.66,503.99,501.59,501.98,1943605.0,1736884800000
501.95,503.16,501.95,503.05,1479859.0,1736885700000
503.11,503.5298,502.15,502.92,959901.0,1736886600000
502.92,505.16,502.9006,505.1,2944587.0,1736887500000
513.03,514.34,511.46,514.11,3130204.0,1736951400000
514.1,515.25,513.87,514.82,2372417.0,1736952300000
514.87,516.32,514.87,515.645,1811054.0,1736953200000
515.67,516.73,515.52,516.33,1451860.0,1736954100000
516.34,516.52,515.288,515.78,1181571.0,1736955000000
515.78,516.31,514.64,514.65,1003589.0,1736955900000
514.72,515.85,514.6426,515.5306,1108574.0,1736956800000
515.49,515.82,514.72,514.92,567827.0,1736957700000
514.91,514.93,513.44,513.44,1132661.0,1736958600000
513.49,513.88,512.925,513.56,790890.0,1736959500000
513.48,514.7,513.31,514.4649,813774.0,1736960400000
514.5,514.86,514.08,514.7939,610345.0,1736961300000
514.8197,515.67,514.79,515.5491,522506.0,1736962200000
515.5481,515.72,514.65,514.6801,508676.0,1736963100000
514.72,515.71,514.72,515.5,328300.0,1736964000000
515.5,516.27,515.48,516.24,538317.0,1736964900000
516.24,516.47,515.77,516.15,675537.0,1736965800000
516.17,516.3,515.88,516.09,487223.0,1736966700000
516.09,516.63,516.0537,516.59,549502.0,1736967600000
516.59,517.05,516.2333,516.9881,831407.0,1736968500000
516.99,517.42,516.7901,516.86,1008532.0,1736969400000
516.9,517.11,516.64,517.025,966191.0,1736970300000
517.02,517.49,516.91,517.465,976030.0,1736971200000
517.45,517.85,517.34,517.55,786869.0,1736972100000
517.54,517.7,516.92,517.2299,1187991.0,1736973000000
517.21,517.415,516.44,516.53,2988408.0,1736973900000
518.98,519.0599,516.84,517.14,1841664.0,1737037800000
517.15,517.15,515.99,516.1538,1228455.0,1737038700000
516.1101,517.34,515.2,515.9,1496462.0,1737039600000
515.82,517.105,515.68,516.16,810639.0,1737040500000
516.18,517.0295,515.54,516.12,839740.0,1737041400000
516.09,517.38,515.31,517.32,787612.0,1737042300000
517.31,518.52,517.15,517.56,925500.0,1737043200000
517.61,517.8673,516.43,516.98,785480.0,1737044100000
516.96,517.31,514.7601,515.395,1231143.0,1737045000000
515.4,516.87,515.36,516.76,627642.0,1737045900000
516.76,517.01,516.51,516.775,601666.0,1737046800000
516.74,517.37,516.03,517.275,533784.0,1737047700000
517.29,517.32,516.38,516.509,315942.0,1737048600000
516.49,516.8035,516.1904,516.45,389640.0,1737049500000
516.35,517.05,516.34,516.42,284870.0,1737050400000
516.45,516.5235,515.28,515.4,710476.0,1737051300000
515.4235,515.6,514.39,514.55,1045041.0,1737052200000
514.56,514.64,513.4678,514.16,1193351.0,1737053100000
514.1325,515.4799,513.83,515.2701,759062.0,1737054000000
515.3,515.66,514.54,515.4451,427607.0,1737054900000
515.46,515.8,515.06,515.5,437200.0,1737055800000
515.495,516.28,515.19,516.13,474273.0,1737056700000
516.08,516.63,515.99,515.9901,638391.0,1737057600000
515.99,516.1799,514.739,515.0974,1069106.0,1737058500000
515.07,515.5397,514.67,515.25,741034.0,1737059400000
515.27,515.32,512.95,513.07,3236746.0,1737060300000
522.85,523.05,519.21,519.72,4035832.0,1737124200000
519.72,520.95,519.1049,519.56,2023582.0,1737125100000
519.572,521.3172,519.5,520.75,1647287.0,1737126000000
520.71,524.0733,518.91,520.05,2835279.0,1737126900000
520.09,521.18,519.79,520.61,4778794.0,1737127800000
520.64,521.68,520.27,521.6006,1027808.0,1737128700000
521.6026,521.76,521.0538,521.58,2590022.0,1737129600000
521.58,522.62,521.26,522.41,734185.0,1737130500000
522.42,522.56,521.38,521.795,1073798.0,1737131400000
521.8,521.83,521.16,521.34,473465.0,1737132300000
521.31,521.86,520.8,521.795,839897.0,1737133200000
521.82,522.37,521.605,522.3,720009.0,1737134100000
522.3,522.39,521.85,522.05,1216306.0,1737135000000
522.05,522.4499,521.93,522.34,1160880.0,1737135900000
522.35,523.1543,522.06,523.11,1277313.0,1737136800000
523.099,523.46,513.1086,522.9998,1222099.0,1737137700000
522.98,523.14,522.4,522.55,1232790.0,1737138600000
522.58,522.84,522.0,522.465,2936267.0,1737139500000
522.44,522.67,521.97,522.4637,1304356.0,1737140400000
522.46,522.78,522.03,522.4435,1104889.0,1737141300000
522.46,522.75,522.3,522.5,1830034.0,1737142200000
522.51,522.72,521.99,522.2409,1171588.0,1737143100000
522.23,522.36,521.44,521.84,1583768.0,1737144000000
521.85,522.25,521.71,521.73,1395472.0,1737144900000
521.75,522.36,521.75,522.25,1066475.0,1737145800000
522.22,522.65,521.26,521.76,3681587.0,1737146700000
524.48,524.69,521.61,522.31,1845039.0,1737469800000
522.3,523.685,521.19,522.62,1446517.0,1737470700000
522.58,522.68,520.19,520.34,1339893.0,1737471600000
520.42,522.85,520.06,522.83,912974.0,1737472500000
522.8,523.05,521.88,522.71,2077529.0,1737473400000
522.7,522.89,521.5451,522.6758,639749.0,1737474300000
522.63,523.19,521.72,523.1405,511973.0,1737475200000
523.15,523.17,522.3,522.58,434144.0,1737476100000
522.57,523.01,522.02,522.08,367956.0,1737477000000
522.09,523.79,522.04,523.6442,544766.0,1737477900000
523.56,523.7486,523.21,523.5785,519525.0,1737478800000
523.6,524.32,523.06,524.15,392702.0,1737479700000
524.1699,524.71,524.12,524.6395,450655.0,1737480600000
524.6034,525.285,524.53,525.2473,602247.0,1737481500000
525.24,525.65,524.74,525.6,940195.0,1737482400000
525.57,525.97,525.325,525.51,517272.0,1737483300000
525.53,525.77,525.25,525.45,365581.0,1737484200000
525.4595,525.67,524.1807,525.53,290984.0,1737485100000
525.535,525.7962,525.325,525.35,356713.0,1737486000000
525.3701,525.39,524.54,525.24,594118.0,1737486900000
525.26,525.26,524.47,524.62,371163.0,1737487800000
524.64,524.89,524.23,524.86,536047.0,1737488700000
524.89,524.99,524.64,524.9057,468408.0,1737489600000
524.91,525.4,524.7001,525.35,621214.0,1737490500000
525.35,525.63,524.69,524.76,805999.0,1737491400000
524.785,525.1,524.25,524.66,1944460.0,1737492300000
529.57,531.1994,529.26,530.6,4440127.0,1737556200000
530.61,532.215,530.4,531.89,2199102.0,1737557100000
531.92,532.44,530.97,532.25,1728910.0,1737558000000
532.23,532.38,531.5239,531.85,1434558.0,1737558900000
531.87,532.59,531.7,532.475,934483.0,1737559800000
532.46,532.54,531.42,531.45,1076896.0,1737560700000
531.4406,532.27,531.33,531.72,1121889.0,1737561600000
531.725,532.845,531.67,532.8,854839.0,1737562500000
532.8,533.2161,532.66,533.16,1029339.0,1737563400000
533.16,533.46,532.98,533.36,878382.0,1737564300000
533.36,533.82,533.05,533.1,929540.0,1737565200000
533.11,533.3836,533.11,533.21,570010.0,1737566100000
533.2,533.36,532.73,532.76,1156922.0,1737567000000
532.76,533.265,532.72,532.96,486472.0,1737567900000
532.95,533.07,532.46,532.49,857226.0,1737568800000
532.5,532.5874,531.8201,531.98,780771.0,1737569700000
531.99,532.63,531.9138,532.58,628882.0,1737570600000
532.59,532.79,532.09,532.23,526184.0,1737571500000
532.225,532.46,532.02,532.38,405548.0,1737572400000
532.39,532.66,532.0,532.05,309271.0,1737573300000
532.06,532.09,531.74,531.9399,640248.0,1737574200000
531.91,532.5779,531.9,532.53,774128.0,1737575100000
532.53,532.565,531.91,532.1596,744379.0,1737576000000
532.155,532.24,531.91,531.92,533697.0,1737576900000
531.94,532.24,531.6,531.8499,979088.0,1737577800000
531.81,532.25,531.13,531.51,2614527.0,1737578700000
529.04,529.7,528.45,529.6315,1650218.0,1737642600000
529.64,529.69,528.755,529.22,1178985.0,1737643500000
529.23,529.39,528.53,529.35,788461.0,1737644400000
529.33,529.49,528.82,529.3041,592894.0,1737645300000
529.31,530.18,529.08,529.8499,693698.0,1737646200000
529.79,530.28,529.75,530.0323,421907.0,1737647100000
530.06,530.41,529.22,530.26,2831228.0,1737648000000
530.22,530.45,529.59,530.44,646528.0,1737648900000
530.4,530.75,530.07,530.61,778326.0,1737649800000
530.59,531.0,530.09,530.38,493202.0,1737650700000
530.38,530.38,529.76,530.2,303924.0,1737651600000
530.18,530.38,529.83,529.925,465378.0,1737652500000
529.89,529.94,529.3,529.65,663529.0,1737653400000
529.65,530.2297,529.58,530.17,406829.0,1737654300000
530.19,530.58,530.04,530.57,487457.0,1737655200000
530.58,531.09,530.56,530.68,652592.0,1737656100000
530.7,531.3,530.56,530.79,469972.0,1737657000000
530.785,530.945,530.46,530.58,458087.0,1737657900000
530.57,530.6899,529.87,529.97,446130.0,1737658800000
529.96,530.55,529.86,530.365,468860.0,1737659700000
530.37,530.7701,530.37,530.605,329098.0,1737660600000
530.5801,530.75,530.39,530.5599,315580.0,1737661500000
530.54,530.99,530.34,530.9299,620473.0,1737662400000
530.91,531.17,530.76,530.98,489351.0,1737663300000
530.94,531.16,530.68,530.75,790575.0,1737664200000
530.72,532.76,530.72,532.72,2770402.0,1737665100000
533.02,533.1725,531.9,532.5809,1492339.0,1737729000000
532.61,533.79,532.61,533.34,992737.0,1737729900000
533.35,533.6,532.2,532.318,761415.0,1737730800000
532.3345,532.36,531.63,531.74,654057.0,1737731700000
531.77,532.37,531.4,531.83,676529.0,1737732600000
531.76,532.15,531.5704,531.59,423318.0,1737733500000
531.58,532.1,531.2072,531.81,526956.0,1737734400000
531.82,532.275,531.54,532.21,465847.0,1737735300000
532.24,532.6499,532.055,532.57,543749.0,1737736200000
532.5799,532.75,531.33,531.49,541663.0,1737737100000
531.45,531.83,531.23,531.62,418261.0,1737738000000
531.6499,532.095,531.16,531.38,435449.0,1737738900000
531.35,531.61,531.16,531.3,351282.0,1737739800000
531.3,531.52,530.25,530.485,685639.0,1737740700000
530.46,530.77,529.724,530.2,562114.0,1737741600000
530.26,530.655,530.1819,530.3399,388390.0,1737742500000
530.34,530.62,529.63,529.64,371116.0,1737743400000
529.64,529.93,528.55,528.69,781433.0,1737744300000
528.72,529.25,528.15,528.46,771430.0,1737745200000
528.43,529.1471,528.23,528.74,920709.0,1737746100000
528.7,529.02,528.62,528.74,415570.0,1737747000000
528.73,529.38,528.67,528.71,646328.0,1737747900000
528.71,529.25,528.58,529.13,691375.0,1737748800000
529.13,529.1822,528.45,528.61,439114.0,1737749700000
528.6,529.16,528.51,528.8,550991.0,1737750600000
528.79,529.9,528.77,529.64,1661021.0,1737751500000
511.0,515.23,510.53,514.51,6392540.0,1737988200000
514.44,516.14,514.23,515.93,3135168.0,1737989100000
515.87,516.0,514.37,514.94,2383949.0,1737990000000
514.95,516.82,513.4,516.77,2183927.0,1737990900000
516.71,517.99,516.37,517.39,2112300.0,1737991800000
517.35,517.59,515.37,515.446,2065894.0,1737992700000
515.48,515.8,513.87,514.4,1387931.0,1737993600000
514.33,514.95,512.62,512.965,1565657.0,1737994500000
512.94,513.72,512.41,513.22,1596741.0,1737995400000
513.22,514.64,512.37,512.9199,1315430.0,1737996300000
512.96,514.32,512.64,513.1299,1354758.0,1737997200000
513.2,513.82,511.82,513.3437,1133551.0,1737998100000
513.31,514.02,512.65,513.14,883481.0,1737999000000
513.12,513.13,511.24,511.2801,1128390.0,1737999900000
511.31,512.4,511.22,511.885,1078439.0,1738000800000
511.93,512.42,511.3,511.41,920888.0,1738001700000
511.4,513.03,511.33,512.64,1212686.0,1738002600000
512.64,512.79,511.33,511.47,979580.0,1738003500000
511.46,512.49,511.44,511.94,922410.0,1738004400000
511.96,514.0804,511.85,513.925,1248989.0,1738005300000
513.9,513.9098,511.79,511.86,1138690.0,1738006200000
511.88,511.929,510.15,511.04,1561218.0,1738007100000
511.04,512.57,510.9,511.63,1430105.0,1738008000000
511.62,512.82,511.37,512.02,1331299.0,1738008900000
512.07,513.42,511.98,513.41,2092748.0,1738009800000
513.37,514.2,512.33,514.05,4967584.0,1738010700000
515.22,515.63,512.06,512.3385,2353531.0,1738074600000
512.36,514.95,511.78,514.75,1929773.0,1738075500000
514.82,517.11,514.73,517.0,2113488.0,1738076400000
516.97,519.55,516.62,519.21,1796176.0,1738077300000
519.22,519.32,517.86,518.31,1366264.0,1738078200000
518.28,518.985,517.48,518.9,987694.0,1738079100000
518.96,519.4617,518.0319,518.79,1042251.0,1738080000000
518.8,519.25,517.2934,517.7199,949356.0,1738080900000
517.73,518.7314,517.3,518.075,820745.0,1738081800000
518.21,519.3855,517.59,519.35,888904.0,1738082700000
519.33,520.92,519.28,520.81,990620.0,1738083600000
520.78,521.52,520.72,521.18,758716.0,1738084500000
521.215,521.41,520.67,520.85,553885.0,1738085400000
520.86,521.34,520.545,521.03,552146.0,1738086300000
521.04,521.75,520.96,521.68,486583.0,1738087200000
521.71,521.9873,521.13,521.2301,452375.0,1738088100000
521.27,521.465,520.52,520.8152,482568.0,1738089000000
520.81,521.24,520.525,520.92,538648.0,1738089900000
520.92,521.13,520.32,520.64,569904.0,1738090800000
520.61,521.51,520.57,521.4,874438.0,1738091700000
521.41,522.62,521.4,522.45,805346.0,1738092600000
522.43,523.0,522.4205,522.76,800973.0,1738093500000
522.78,522.78,522.05,522.49,1319891.0,1738094400000
522.5,522.95,522.4201,522.805,1147975.0,1738095300000
522.8,522.95,522.28,522.56,850926.0,1738096200000
522.57,522.57,521.37,521.86,3217892.0,1738097100000
522.46,522.59,520.06,520.25,1856057.0,1738161000000
520.26,521.274,519.94,520.5403,1058759.0,1738161900000
520.55,521.63,520.1795,520.9403,734073.0,1738162800000
520.98,521.41,519.63,520.175,613326.0,1738163700000
520.14,520.7199,519.02,519.4305,472023.0,1738164600000
519.46,520.77,519.1,520.191,592351.0,1738165500000
520.23,520.65,519.6,520.05,524757.0,1738166400000
520.02,520.3999,519.535,519.8499,351853.0,1738167300000
519.75,520.4087,519.29,520.02,437543.0,1738168200000
520.12,520.31,519.3101,519.67,374420.0,1738169100000
519.71,520.87,519.655,520.435,309040.0,1738170000000
520.45,521.18,520.37,520.77,279917.0,1738170900000
520.8,521.0,520.56,520.68,267820.0,1738171800000
520.68,520.68,519.58,519.75,566500.0,1738172700000
519.73,519.97,516.8988,519.01,1599927.0,1738173600000
519.03,519.9675,518.35,519.9001,436295.0,1738174500000
519.95,520.44,518.89,519.25,451641.0,1738175400000
519.235,519.93,519.11,519.255,424044.0,1738176300000
519.22,519.65,517.75,518.245,1327335.0,1738177200000
518.26,518.51,517.35,517.661,662180.0,1738178100000
517.66,521.67,517.39,521.27,2144939.0,1738179000000
521.26,521.92,520.28,521.01,1613691.0,1738179900000
520.99,521.38,519.62,520.2752,1239688.0,1738180800000
520.3352,522.415,519.18,522.1395,1383479.0,1738181700000
522.15,522.48,520.47,520.76,893349.0,1738182600000
520.82,521.34,519.38,520.78,1689195.0,1738183500000
523.71,524.16,522.4834,523.7,1838145.0,1738247400000
523.69,526.095,523.46,524.31,2080485.0,1738248300000
524.38,524.38,521.6701,522.55,1645858.0,1738249200000
522.51,522.6555,520.69,520.9053,992026.0,1738250100000
520.92,522.355,520.21,521.39,1026049.0,1738251000000
521.39,522.17,519.22,519.22,1059464.0,1738251900000
519.21,519.83,518.21,518.34,981975.0,1738252800000
518.38,521.3601,518.37,521.34,812403.0,1738253700000
521.35,521.79,520.49,521.36,554959.0,1738254600000
521.37,523.1297,521.155,522.72,1272935.0,1738255500000
522.7136,522.72,521.3,521.3881,420918.0,1738256400000
521.39,521.55,520.27,520.654,532474.0,1738257300000
520.69,521.38,520.235,520.5701,457883.0,1738258200000
520.6,521.43,520.5,521.37,361729.0,1738259100000
521.34,521.83,520.785,521.42,380963.0,1738260000000
521.4398,521.88,521.03,521.36,225443.0,1738260900000
521.35,522.6186,521.25,522.24,312309.0,1738261800000
522.3,522.82,522.185,522.63,556620.0,1738262700000
522.72,523.12,522.23,522.96,305576.0,1738263600000
522.9301,523.0699,522.61,522.78,293497.0,1738264500000
522.8,523.0,522.4701,522.91,299024.0,1738265400000
522.91,524.0,522.845,523.9403,579281.0,1738266300000
523.94,524.4999,523.85,524.3701,626286.0,1738267200000
524.4,524.92,524.2875,524.695,722380.0,1738268100000
524.69,524.69,520.9,521.13,2149691.0,1738269000000
521.13,523.87,520.7,523.13,2588549.0,1738269900000
526.92,528.4599,526.72,528.03,2106676.0,1738333800000
528.02,529.22,527.585,529.14,1506862.0,1738334700000
529.15,530.46,529.14,529.89,1713192.0,1738335600000
529.9,530.15,529.31,529.8804,801397.0,1738336500000
529.85,530.87,529.85,530.14,1083704.0,1738337400000
530.15,531.31,529.7923,530.84,701801.0,1738338300000
530.84,531.5178,530.76,531.22,916719.0,1738339200000
531.22,531.33,530.22,530.34,667601.0,1738340100000
530.34,530.7,529.41,529.83,858983.0,1738341000000
529.8,530.3,529.6815,530.06,677023.0,1738341900000
530.0996,530.29,529.14,530.24,1040493.0,1738342800000
530.22,530.8,529.7499,530.8,484873.0,1738343700000
530.81,530.89,530.18,530.28,678809.0,1738344600000
530.28,530.76,530.09,530.325,460513.0,1738345500000
530.33,530.59,530.1,530.13,364306.0,1738346400000
530.12,530.2614,527.81,527.91,1673745.0,1738347300000
527.9199,528.19,525.89,526.91,2267588.0,1738348200000
526.9,527.45,525.67,526.46,1215002.0,1738349100000
526.43,527.12,524.49,526.2639,2223753.0,1738350000000
526.225,526.67,524.8,525.54,867752.0,1738350900000
525.56,526.08,523.12,523.39,1462307.0,1738351800000
523.35,524.74,522.36,524.28,1973090.0,1738352700000
524.21,524.21,521.7,521.98,2062442.0,1738353600000
522.0,522.6,521.34,521.7368,1401506.0,1738354500000
521.73,522.4,521.19,521.54,2006574.0,1738355400000
521.54,523.73,521.53,522.28,3837182.0,1738356300000
513.47,515.84,512.57,514.55,3422474.0,1738593000000
514.61,514.72,512.5,513.52,1791423.0,1738593900000
513.5,513.5192,511.26,511.42,2009335.0,1738594800000
511.42,517.03,511.05,516.85,3039625.0,1738595700000
516.8,519.25,516.08,518.9583,2799618.0,1738596600000
518.91,519.0,517.5842,518.47,1350081.0,1738597500000
518.4401,519.32,516.54,518.72,1675776.0,1738598400000
518.72,519.63,517.82,518.11,1067449.0,1738599300000
518.12,519.02,517.49,518.755,844458.0,1738600200000
518.76,519.43,517.22,517.6,940771.0,1738601100000
517.64,518.11,517.118,517.87,744225.0,1738602000000
517.81,519.29,517.56,517.795,786156.0,1738602900000
517.78,518.01,516.72,516.96,730690.0,1738603800000
516.9041,518.64,516.51,518.0,1609570.0,1738604700000
518.0,518.49,516.81,518.122,851256.0,1738605600000
518.18,518.77,517.8,518.29,1055902.0,1738606500000
518.34,519.12,517.92,518.36,638559.0,1738607400000
518.41,519.692,518.39,519.58,560844.0,1738608300000
519.53,520.51,519.1301,520.4272,731044.0,1738609200000
520.43,520.8496,520.08,520.13,712103.0,1738610100000
520.13,520.635,519.86,520.39,580495.0,1738611000000
520.4,520.7239,519.865,520.0526,609164.0,1738611900000
520.08,520.54,519.49,519.59,565996.0,1738612800000
519.56,520.34,519.2658,519.375,678044.0,1738613700000
519.38,519.69,518.69,518.79,707763.0,1738614600000
518.84,519.11,517.94,518.145,2520637.0,1738615500000
518.63,521.02,518.23,520.71,2178936.0,1738679400000
520.665,522.31,520.1901,521.94,1276390.0,1738680300000
521.97,524.22,521.94,523.5042,1963934.0,1738681200000
523.47,524.41,523.25,523.84,883995.0,1738682100000
523.85,524.79,523.35,524.32,825538.0,1738683000000
524.33,524.4597,523.4,523.645,613837.0,1738683900000
523.68,524.56,523.68,524.245,515087.0,1738684800000
524.24,524.89,523.85,524.8704,397494.0,1738685700000
524.84,525.11,524.31,524.52,599103.0,1738686600000
524.49,524.62,523.6704,524.2152,747132.0,1738687500000
524.2105,524.28,523.65,523.99,972475.0,1738688400000
524.01,524.1,521.83,521.94,1162088.0,1738689300000
522.0,522.9,521.68,522.8,820725.0,1738690200000
522.83,523.4408,522.3203,523.4001,440015.0,1738691100000
523.4,523.43,522.1101,522.885,509077.0,1738692000000
522.885,523.77,522.85,523.66,445312.0,1738692900000
523.65,523.94,523.58,523.69,482025.0,1738693800000
523.71,523.94,523.38,523.38,357492.0,1738694700000
523.38,524.29,523.1401,524.17,584486.0,1738695600000
524.17,524.7488,524.06,524.28,414428.0,1738696500000
524.29,524.63,524.1001,524.3753,463824.0,1738697400000
524.3895,524.45,523.12,523.75,720243.0,1738698300000
523.8,524.23,523.48,524.1671,592789.0,1738699200000
524.13,524.25,523.57,523.59,526123.0,1738700100000
523.59,524.39,523.49,524.2016,1040313.0,1738701000000
524.2325,524.95,523.81,524.54,2164248.0,1738701900000
521.82,522.675,521.04,522.28,2488968.0,1738765800000
522.26,522.73,521.37,522.1,1194815.0,1738766700000
522.26,523.25,520.62,521.978,1606876.0,1738767600000
521.885,522.54,520.83,522.54,776352.0,1738768500000
522.5,523.04,521.69,522.8601,703183.0,1738769400000
522.91,523.05,522.25,522.7648,434831.0,1738770300000
522.75,523.74,522.41,523.04,657676.0,1738771200000
523.0299,523.5,522.1,523.49,672857.0,1738772100000
523.45,524.39,523.3,524.35,648530.0,1738773000000
524.36,525.81,524.135,525.595,1020923.0,1738773900000
525.64,526.36,525.5896,526.045,651979.0,1738774800000
526.05,526.05,525.3301,525.52,523704.0,1738775700000
525.5451,525.72,525.25,525.42,414284.0,1738776600000
525.4692,525.8,525.0,525.47,395702.0,1738777500000
525.515,525.73,525.05,525.3481,212650.0,1738778400000
525.336,525.6,524.7,525.1584,274673.0,1738779300000
525.11,525.9,524.9,525.5099,385458.0,1738780200000
525.49,525.6499,525.03,525.63,369535.0,1738781100000
525.6,526.23,525.5205,526.05,334541.0,1738782000000
526.05,526.09,525.71,525.77,385342.0,1738782900000
525.795,525.95,525.545,525.66,281790.0,1738783800000
525.65,525.8,525.445,525.5702,267556.0,1738784700000
525.56,525.95,525.56,525.72,376556.0,1738785600000
525.79,526.619,525.79,526.4,604372.0,1738786500000
526.43,526.475,525.11,525.26,557392.0,1738787400000
525.25,527.01,525.13,526.85,1835002.0,1738788300000
527.36,527.59,526.4,527.58,1799206.0,1738852200000
527.62,528.4,527.25,527.62,989088.0,1738853100000
527.63,528.81,527.03,528.735,738067.0,1738854000000
528.74,529.02,527.5,527.69,786950.0,1738854900000
527.68,528.73,526.9,527.3,1132171.0,1738855800000
527.33,527.3993,526.44,527.1994,699037.0,1738856700000
527.19,528.1,527.1202,528.02,497989.0,1738857600000
528.03,528.2,527.735,527.87,379498.0,1738858500000
527.88,527.92,527.05,527.145,424893.0,1738859400000
527.1399,527.55,526.77,527.1498,460297.0,1738860300000
527.18,527.37,526.63,527.0599,367314.0,1738861200000
527.0401,528.0201,526.9904,527.432,412035.0,1738862100000
527.46,527.79,527.11,527.77,279549.0,1738863000000
527.77,528.575,527.705,528.23,423064.0,1738863900000
528.25,528.62,527.89,528.26,406042.0,1738864800000
528.2575,528.72,527.94,528.59,382323.0,1738865700000
528.6,528.84,528.12,528.53,341233.0,1738866600000
528.51,528.59,527.8629,528.24,155168.0,1738867500000
528.2,528.56,528.05,528.35,179665.0,1738868400000
528.3399,528.58,527.61,527.79,311952.0,1738869300000
527.8099,527.8099,525.7413,526.43,1181455.0,1738870200000
526.355,527.18,526.28,526.59,600842.0,1738871100000
526.56,526.95,526.33,526.93,370250.0,1738872000000
526.93,527.72,526.93,527.625,525808.0,1738872900000
527.64,528.1339,527.57,528.1,425209.0,1738873800000
528.105,529.81,528.1,529.59,2003887.0,1738874700000
530.14,532.1,529.79,531.4,1543429.0,1738938600000
531.42,531.94,530.34,530.64,898305.0,1738939500000
530.57,530.58,525.35,526.15,3159222.0,1738940400000
526.21,527.655,525.67,526.8,1341321.0,1738941300000
526.77,528.0845,526.46,526.92,908274.0,1738942200000
526.96,528.1687,523.68,526.21,2102829.0,1738943100000
526.18,526.3081,523.91,524.83,1161065.0,1738944000000
524.85,527.03,524.49,524.5825,1097569.0,1738944900000
524.7,525.3499,524.23,524.659,437405.0,1738945800000
524.52,525.04,523.49,523.91,1006258.0,1738946700000
523.95,525.031,522.91,524.93,911229.0,1738947600000
524.92,525.02,522.91,523.89,1142674.0,1738948500000
523.85,524.96,523.45,524.65,504541.0,1738949400000
524.64,525.27,524.33,524.55,577973.0,1738950300000
524.56,526.21,524.39,526.06,824352.0,1738951200000
526.12,526.4,525.6701,525.9499,495094.0,1738952100000
525.92,526.27,524.65,524.8643,431375.0,1738953000000
524.96,524.97,523.76,523.87,459958.0,1738953900000
523.8,524.16,523.14,523.3887,511215.0,1738954800000
523.39,523.56,522.6,522.74,688082.0,1738955700000
522.75,523.7,522.46,523.53,923918.0,1738956600000
523.54,523.82,523.13,523.4724,504525.0,1738957500000
523.44,523.44,522.3,522.4977,743388.0,1738958400000
522.5,523.04,522.19,522.6699,648500.0,1738959300000
522.65,523.24,522.57,523.015,740755.0,1738960200000
523.04,523.74,522.82,522.94,2298754.0,1738961100000
527.22,528.1662,526.75,528.05,1910066.0,1739197800000
528.07,528.3299,526.95,527.92,1120819.0,1739198700000
527.93,529.32,527.685,529.09,1350993.0,1739199600000
529.12,529.85,528.94,529.625,745804.0,1739200500000
529.64,530.19,529.64,529.92,871299.0,1739201400000
529.93,530.3571,529.56,529.6538,761060.0,1739202300000
529.68,530.17,529.45,529.8001,466108.0,1739203200000
529.82,529.87,529.18,529.45,552846.0,1739204100000
529.45,529.49,529.04,529.25,603718.0,1739205000000
529.27,529.8501,528.982,529.8501,598842.0,1739205900000
529.83,529.83,528.52,528.8577,643655.0,1739206800000
528.82,529.0659,528.54,528.7,732247.0,1739207700000
528.72,529.48,528.67,529.3115,309913.0,1739208600000
529.32,529.74,529.1049,529.7,314448.0,1739209500000
529.65,529.7508,529.505,529.7199,230884.0,1739210400000
529.72,529.94,529.56,529.64,321382.0,1739211300000
529.6501,529.8254,529.5339,529.591,152279.0,1739212200000
529.63,530.14,529.6,529.99,368367.0,1739213100000
529.96,529.9968,529.46,529.89,358851.0,1739214000000
529.91,530.06,529.58,529.775,332816.0,1739214900000
529.8,529.89,529.4827,529.5787,399038.0,1739215800000
529.55,529.81,529.17,529.6,841177.0,1739216700000
529.61,529.88,529.37,529.87,346691.0,1739217600000
529.875,529.91,529.56,529.64,314411.0,1739218500000
529.63,529.7,529.29,529.54,570746.0,1739219400000
529.505,529.62,528.94,529.215,2255675.0,1739220300000
525.96,528.15,525.83,527.96,1279348.0,1739284200000
527.97,528.33,527.52,527.69,621670.0,1739285100000
527.67,528.63,527.28,528.2102,898063.0,1739286000000
528.22,529.29,527.86,529.1,731899.0,1739286900000
529.12,529.44,528.7901,529.4141,496288.0,1739287800000
529.39,529.92,529.05,529.17,721912.0,1739288700000
529.19,529.39,528.87,529.09,562654.0,1739289600000
529.09,529.33,528.62,528.73,784826.0,1739290500000
528.77,529.19,528.55,529.03,502020.0,1739291400000
529.06,529.16,527.83,527.98,561849.0,1739292300000
527.95,527.97,526.171,526.55,1036193.0,1739293200000
526.54,528.0399,526.33,527.9,668454.0,1739294100000
527.96,528.07,527.3744,527.435,362452.0,1739295000000
527.44,527.5897,527.13,527.33,497682.0,1739295900000
527.3,527.59,526.91,527.18,349123.0,1739296800000
527.2,527.69,527.17,527.615,315967.0,1739297700000
527.63,528.99,527.5632,528.7168,665239.0,1739298600000
528.73,528.97,528.2119,528.27,355170.0,1739299500000
528.24,528.61,528.04,528.06,373050.0,1739300400000
528.07,528.33,528.0,528.19,242175.0,1739301300000
528.21,529.17,528.11,528.9512,438375.0,1739302200000
528.94,529.06,528.765,528.8,406701.0,1739303100000
528.88,529.16,528.62,528.8,388649.0,1739304000000
528.81,528.8332,528.37,528.44,447959.0,1739304900000
528.41,528.61,527.37,527.81,802577.0,1739305800000
527.78,528.11,527.44,527.95,2241967.0,1739306700000
522.3,525.09,521.95,524.935,2133684.0,1739370600000
524.94,525.8742,524.7,525.3,1666295.0,1739371500000
525.32,525.4499,523.0,523.29,1286839.0,1739372400000
523.26,526.76,523.16,525.75,1201351.0,1739373300000
525.79,527.61,525.71,526.4299,972292.0,1739374200000
526.44,526.66,525.53,526.5697,552674.0,1739375100000
526.57,526.6546,524.95,525.22,727501.0,1739376000000
525.12,525.55,524.6,525.0352,588408.0,1739376900000
525.0,526.71,524.9701,526.65,574232.0,1739377800000
526.62,527.88,526.222,527.771,1262870.0,1739378700000
527.77,528.24,527.47,527.94,994291.0,1739379600000
527.89,528.36,527.7538,527.97,461082.0,1739380500000
527.96,528.0976,527.22,527.38,420850.0,1739381400000
527.42,528.89,527.36,528.71,520216.0,1739382300000
528.68,528.89,528.11,528.48,363454.0,1739383200000
528.51,528.56,527.72,528.28,392851.0,1739384100000
528.27,528.5,527.54,527.6,408988.0,1739385000000
527.6,528.35,527.57,528.06,377469.0,1739385900000
528.07,528.1499,527.3,527.4709,790554.0,1739386800000
527.48,528.25,527.37,528.01,473911.0,1739387700000
528.01,528.72,527.97,528.64,429775.0,1739388600000
528.64,529.19,528.54,528.95,569623.0,1739389500000
528.93,529.14,528.65,528.75,367261.0,1739390400000
528.72,529.0,528.59,528.6,461535.0,1739391300000
528.61,528.81,527.91,527.97,610202.0,1739392200000
527.96,528.5,527.67,528.32,1899574.0,1739393100000
529.98,531.9897,529.19,530.4,2159034.0,1739457000000
530.48,531.48,529.58,531.2347,971230.0,1739457900000
531.22,532.25,530.22,531.59,1440215.0,1739458800000
531.65,533.06,531.65,532.538,1438210.0,1739459700000
532.53,534.57,532.45,534.41,1797390.0,1739460600000
534.4249,534.48,533.74,534.09,1392617.0,1739461500000
534.0775,534.275,533.82,534.13,482089.0,1739462400000
534.135,534.135,533.115,533.23,824884.0,1739463300000
533.25,533.48,532.69,533.16,594967.0,1739464200000
533.1181,533.38,531.78,532.26,639880.0,1739465100000
532.26,533.1175,531.8106,532.6073,550295.0,1739466000000
532.6,532.71,532.2208,532.4,257518.0,1739466900000
532.4,532.72,532.0,532.655,337608.0,1739467800000
532.645,533.16,531.92,532.3799,501670.0,1739468700000
532.3713,532.4,531.82,532.1599,777610.0,1739469600000
532.135,532.16,530.56,531.75,877628.0,1739470500000
531.78,532.62,531.03,532.11,837666.0,1739471400000
532.09,533.09,531.48,533.05,879876.0,1739472300000
533.06,533.96,532.88,533.69,651387.0,1739473200000
533.665,533.96,533.434,533.8247,586379.0,1739474100000
533.85,534.45,533.7,534.2,753447.0,1739475000000
534.17,534.99,534.0601,534.55,769257.0,1739475900000
534.53,535.24,534.4549,535.08,843665.0,1739476800000
535.1,535.43,534.9,535.21,722330.0,1739477700000
535.19,535.19,534.68,535.01,721688.0,1739478600000
535.01,536.22,534.95,535.88,3080090.0,1739479500000
536.005,536.83,535.67,535.8102,1087370.0,1739543400000
535.805,536.89,535.7906,536.53,1025508.0,1739544300000
536.54,537.34,535.85,537.08,1239402.0,1739545200000
537.09,537.25,536.39,536.82,651802.0,1739546100000
536.83,536.87,535.94,536.32,499436.0,1739547000000
536.35,537.6,536.35,537.44,588862.0,1739547900000
537.45,537.58,536.83,537.15,465589.0,1739548800000
537.17,537.22,535.99,536.8543,596151.0,1739549700000
536.9,536.9149,536.32,536.79,292982.0,1739550600000
536.78,536.9,536.15,536.84,332510.0,1739551500000
536.82,536.928,536.01,536.33,253914.0,1739552400000
536.34,536.5101,535.89,535.91,250965.0,1739553300000
535.9573,536.35,535.71,536.14,261604.0,1739554200000
536.17,537.38,536.1241,537.265,528996.0,1739555100000
537.27,537.675,537.12,537.44,390960.0,1739556000000
537.43,537.47,536.98,537.26,441970.0,1739556900000
537.25,538.0954,537.235,538.05,508556.0,1739557800000
538.05,538.2463,537.91,537.93,338876.0,1739558700000
537.93,538.4,537.8047,538.37,305456.0,1739559600000
538.4,538.41,537.66,537.74,464967.0,1739560500000
537.7353,537.7749,537.3971,537.58,373156.0,1739561400000
537.59,537.84,537.25,537.79,417968.0,1739562300000
537.77,537.805,537.33,537.805,380018.0,1739563200000
537.83,538.1,537.74,537.91,592805.0,1739564100000
537.93,538.49,537.82,538.17,908567.0,1739565000000
538.19,538.84,538.01,538.12,1776578.0,1739565900000
539.73,540.0,538.73,538.86,1457031.0,1739889000000
538.9,539.01,537.54,538.39,1346569.0,1739889900000
538.4,538.5028,537.15,538.385,1066802.0,1739890800000
538.39,538.54,536.6948,536.89,714808.0,1739891700000
536.9,537.66,536.57,537.5,782621.0,1739892600000
537.44,538.1,536.7399,538.04,671173.0,1739893500000
538.03,538.51,537.905,538.21,564057.0,1739894400000
538.2,538.52,537.52,538.5,590666.0,1739895300000
538.49,538.49,537.78,537.91,333432.0,1739896200000
537.87,538.73,537.84,538.04,588253.0,1739897100000
538.01,538.186,537.44,538.01,375640.0,1739898000000
538.02,538.0291,537.48,537.71,247905.0,1739898900000
537.71,538.23,537.69,538.0298,232922.0,1739899800000
538.016,538.4,537.87,538.23,334427.0,1739900700000
538.15,538.4882,537.61,537.785,315385.0,1739901600000
537.78,537.8,537.21,537.46,365238.0,1739902500000
537.47,537.47,536.87,537.01,441535.0,1739903400000
537.02,537.66,536.91,537.34,322641.0,1739904300000
537.35,537.52,536.04,536.52,698834.0,1739905200000
536.52,537.45,536.04,537.15,608559.0,1739906100000
537.16,537.57,537.01,537.3,298042.0,1739907000000
537.29,538.01,537.16,537.81,490471.0,1739907900000
537.82,537.9,537.59,537.73,456733.0,1739908800000
537.73,537.86,537.46,537.61,441007.0,1739909700000
537.6,537.83,537.4,537.58,584072.0,1739910600000
537.555,539.32,537.41,539.32,3214739.0,1739911500000
538.57,538.94,537.76,537.97,1200143.0,1739975400000
537.97,538.28,537.33,537.6477,746623.0,1739976300000
537.64,537.905,536.46,536.84,840604.0,1739977200000
536.8,537.37,536.69,537.2,620973.0,1739978100000
537.21,538.18,537.2035,538.13,872766.0,1739979000000
538.1426,538.61,537.12,537.5,713204.0,1739979900000
537.49,538.97,537.47,538.8,707816.0,1739980800000
538.8,538.99,538.54,538.84,437077.0,1739981700000
538.83,539.33,538.59,539.3147,470209.0,1739982600000
539.31,539.43,538.94,539.355,360048.0,1739983500000
539.34,539.71,539.2,539.3651,546006.0,1739984400000
539.365,539.38,538.68,538.895,498807.0,1739985300000
538.9,539.29,538.64,539.21,647818.0,1739986200000
539.2,539.76,539.1,539.5,395610.0,1739987100000
539.51,539.54,538.32,538.66,496578.0,1739988000000
538.6,539.67,538.6,539.5035,434136.0,1739988900000
539.51,539.96,539.51,539.67,381032.0,1739989800000
539.69,539.74,539.14,539.19,380466.0,1739990700000
539.2,540.13,539.07,540.13,426033.0,1739991600000
540.115,540.5,539.9,540.195,610769.0,1739992500000
540.19,540.71,539.95,540.445,629286.0,1739993400000
540.425,540.81,540.2131,540.73,408837.0,1739994300000
540.7,540.7,539.8813,539.98,746465.0,1739995200000
539.97,540.4,538.54,538.83,878228.0,1739996100000
538.85,539.71,538.79,539.0682,1239540.0,1739997000000
539.07,539.81,538.81,539.56,1658750.0,1739997900000
538.73,539.1,537.7,537.73,1087042.0,1740061800000
537.69,537.8599,533.65,533.895,2251055.0,1740062700000
533.85,534.89,532.46,534.405,2230436.0,1740063600000
534.42,536.1,534.42,535.76,1193785.0,1740064500000
535.75,536.22,534.95,535.065,823693.0,1740065400000
535.04,535.285,533.08,533.41,966147.0,1740066300000
533.4599,535.4802,533.27,535.07,1054562.0,1740067200000
535.0,535.21,534.23,535.05,622969.0,1740068100000
535.14,535.36,534.07,535.0074,739974.0,1740069000000
534.99,535.07,534.31,534.38,457328.0,1740069900000
534.36,535.66,534.25,535.46,552835.0,1740070800000
535.44,535.78,535.3,535.56,660845.0,1740071700000
535.57,536.01,535.48,535.93,473120.0,1740072600000
535.8799,535.88,534.64,534.6452,649655.0,1740073500000
534.62,535.28,534.3503,535.2599,584602.0,1740074400000
535.2441,535.2793,534.4,534.72,404716.0,1740075300000
534.71,535.22,534.58,535.195,337284.0,1740076200000
535.19,535.518,534.785,535.3001,385427.0,1740077100000
535.29,536.1,535.18,536.01,571487.0,1740078000000
536.02,536.34,535.83,535.8951,626290.0,1740078900000
535.9,535.95,535.015,535.59,555580.0,1740079800000
535.57,536.72,535.53,536.45,937273.0,1740080700000
536.48,536.59,535.88,536.05,1860442.0,1740081600000
536.05,536.58,535.68,536.14,700789.0,1740082500000
536.15,536.54,535.8891,536.48,742193.0,1740083400000
536.47,537.25,536.27,537.19,2319635.0,1740084300000
538.38,538.4,536.24,536.84,1921004.0,1740148200000
536.87,537.6084,535.9,536.19,1267608.0,1740149100000
536.18,536.54,535.1175,535.78,1666543.0,1740150000000
535.75,536.12,533.71,534.0201,1347249.0,1740150900000
534.02,534.36,532.48,532.48,1322483.0,1740151800000
532.49,534.049,532.47,534.049,1192736.0,1740152700000
534.03,534.38,533.03,534.22,6371742.0,1740153600000
534.23,534.57,533.52,533.7109,956654.0,1740154500000
533.6401,534.4,533.44,533.575,619042.0,1740155400000
533.55,533.82,532.93,533.37,949364.0,1740156300000
533.35,533.83,532.52,532.71,552335.0,1740157200000
532.68,532.735,531.14,532.1209,933263.0,1740158100000
532.1599,532.23,530.76,531.32,1110077.0,1740159000000
531.31,531.32,529.92,530.28,1103323.0,1740159900000
530.27,530.3,528.6,529.31,1564552.0,1740160800000
529.301,530.04,528.85,528.9441,1059205.0,1740161700000
528.9899,530.21,528.35,528.7813,1420696.0,1740162600000
528.78,528.9899,528.09,528.325,950328.0,1740163500000
528.32,528.61,527.68,528.41,1200345.0,1740164400000
528.3799,528.3799,525.86,526.09,1801156.0,1740165300000
526.09,527.14,525.81,526.46,1822189.0,1740166200000
526.44,527.0497,525.96,526.3,2359874.0,1740167100000
526.26,526.85,525.95,526.4234,1095228.0,1740168000000
526.42,526.98,526.17,526.62,1142227.0,1740168900000
526.65,527.06,525.83,525.97,1401731.0,1740169800000
525.99,526.68,525.71,526.1,4379774.0,1740170700000
527.88,529.069,526.22,526.87,2414471.0,1740407400000
526.85,527.3,523.2,523.34,3350179.0,1740408300000
523.34,523.67,520.1892,523.49,4045577.0,1740409200000
523.44,523.79,521.72,521.88,1787936.0,1740410100000
521.84,522.42,521.18,521.2,1482649.0,1740411000000
521.195,521.76,520.37,521.55,1828223.0,1740411900000
521.59,522.6,521.18,522.31,1120824.0,1740412800000
522.36,524.34,522.24,524.02,1244609.0,1740413700000
524.05,524.71,523.06,524.36,1510234.0,1740414600000
524.35,524.775,523.48,523.66,806365.0,1740415500000
523.66,524.69,523.48,524.05,771833.0,1740416400000
524.09,525.49,524.09,524.895,1548260.0,1740417300000
524.93,525.48,524.36,525.36,599419.0,1740418200000
525.37,525.65,524.23,524.3346,694935.0,1740419100000
524.33,524.9,524.25,524.895,408892.0,1740420000000
524.88,525.66,522.0,525.37,525234.0,1740420900000
525.4,525.44,524.88,525.3,408185.0,1740421800000
525.36,525.53,524.08,524.42,564782.0,1740422700000
524.38,525.13,523.89,524.29,552549.0,1740423600000
524.26,524.3,523.3801,523.44,693344.0,1740424500000
523.5,524.0618,523.14,523.35,779928.0,1740425400000
523.37,523.53,522.71,523.04,559640.0,1740426300000
523.04,523.24,522.4,523.08,910553.0,1740427200000
523.11,523.43,522.23,522.26,965882.0,1740428100000
522.29,523.07,521.7,522.03,1135450.0,1740429000000
522.04,522.32,519.53,519.83,4140989.0,1740429900000
519.24,519.32,517.2247,517.29,2285493.0,1740493800000
517.3,518.0,514.8,516.0,3635213.0,1740494700000
516.0,516.04,512.9401,513.08,3136117.0,1740495600000
513.09,513.66,510.39,510.805,3258214.0,1740496500000
510.84,512.73,510.59,512.0038,2568687.0,1740497400000
511.9,513.59,511.3322,512.21,2016344.0,1740498300000
512.25,512.31,510.58,511.52,1397969.0,1740499200000
511.46,511.96,510.39,510.6005,1439932.0,1740500100000
510.62,511.42,509.44,511.24,1465483.0,1740501000000
511.25,514.58,511.18,513.82,3411835.0,1740501900000
513.775,513.99,513.05,513.29,1000692.0,1740502800000
513.27,514.34,512.35,514.34,850263.0,1740503700000
514.31,515.02,513.95,514.57,999481.0,1740504600000
514.59,515.16,514.2421,515.02,718250.0,1740505500000
515.03,516.5,515.03,515.0966,1053982.0,1740506400000
515.07,515.44,513.82,513.88,700022.0,1740507300000
513.89,515.81,513.7,515.47,1182651.0,1740508200000
515.47,515.655,514.35,514.51,762628.0,1740509100000
514.49,514.66,513.13,513.185,743346.0,1740510000000
513.19,513.59,510.8286,512.91,1073965.0,1740510900000
512.9,514.88,512.81,514.61,1374043.0,1740511800000
514.6,514.86,513.72,514.56,1276974.0,1740512700000
514.56,515.19,514.11,514.61,944592.0,1740513600000
514.61,516.04,514.4,515.16,1322193.0,1740514500000
515.15,515.29,513.55,513.71,1278946.0,1740515400000
513.71,514.08,512.6,513.29,3920630.0,1740516300000
515.53,516.43,514.39,515.48,2540231.0,1740580200000
515.51,517.37,515.05,517.09,1216016.0,1740581100000
517.11,517.955,516.2,517.74,1399880.0,1740582000000
517.745,518.79,516.37,516.65,1536192.0,1740582900000
516.61,518.31,516.61,517.84,1081396.0,1740583800000
517.93,518.39,517.37,518.31,841040.0,1740584700000
518.32,519.57,518.32,519.4,960055.0,1740585600000
519.39,519.4,518.5,518.65,640538.0,1740586500000
518.64,519.62,518.25,519.0399,746926.0,1740587400000
519.05,519.6588,518.05,518.26,810878.0,1740588300000
518.27,519.49,517.89,519.35,895023.0,1740589200000
519.405,519.66,518.39,518.9688,667899.0,1740590100000
518.995,519.35,517.1,517.67,1050919.0,1740591000000
517.68,517.87,515.37,515.84,1153292.0,1740591900000
515.83,516.085,514.89,515.59,1004910.0,1740592800000
515.56,515.9,513.93,513.965,787223.0,1740593700000
513.93,514.77,512.93,513.47,942450.0,1740594600000
513.48,513.8299,511.85,512.3,963792.0,1740595500000
512.27,513.04,511.37,512.145,1454386.0,1740596400000
512.19,513.5,511.51,512.85,920836.0,1740597300000
512.79,514.03,512.65,513.555,1221180.0,1740598200000
513.53,513.87,511.92,512.08,691990.0,1740599100000
512.13,513.11,511.7,512.63,820750.0,1740600000000
512.62,513.805,512.43,513.415,774347.0,1740600900000
513.4,514.74,512.93,514.65,1162559.0,1740601800000
514.63,515.23,513.8,514.49,2234983.0,1740602700000
518.13,519.0699,513.99,514.495,3201640.0,1740666600000
514.53,515.48,509.77,510.03,2957346.0,1740667500000
510.03,511.94,507.335,511.48,7069263.0,1740668400000
511.45,513.88,511.15,512.945,2039347.0,1740669300000
512.93,513.19,510.77,512.5,1290185.0,1740670200000
512.48,513.025,510.14,510.3117,900722.0,1740671100000
510.36,512.86,510.09,512.725,812607.0,1740672000000
512.755,513.744,511.23,511.46,1139304.0,1740672900000
511.47,512.34,511.17,511.58,639545.0,1740673800000
511.62,511.81,509.77,510.0104,771999.0,1740674700000
510.06,510.5877,509.65,510.15,716632.0,1740675600000
510.23,511.27,508.83,511.23,903802.0,1740676500000
511.22,511.75,509.68,510.1,813360.0,1740677400000
510.0999,510.92,509.85,510.78,977944.0,1740678300000
510.82,512.4,510.58,512.13,1163271.0,1740679200000
512.15,512.6999,511.6301,512.1137,602959.0,1740680100000
512.265,512.57,511.62,511.73,567418.0,1740681000000
511.775,512.16,511.0203,511.1,474026.0,1740681900000
511.15,511.23,509.5,509.6196,519190.0,1740682800000
509.615,509.67,507.24,507.39,998831.0,1740683700000
507.41,507.42,504.93,505.79,2231460.0,1740684600000
505.79,506.58,505.29,505.85,1403604.0,1740685500000
505.88,506.0,502.98,503.6201,3599904.0,1740686400000
503.62,504.07,502.21,502.3,2314675.0,1740687300000
502.38,503.59,501.77,502.02,2300331.0,1740688200000
501.95,502.77,500.05,500.33,5997201.0,1740689100000
500.13,501.39,496.93,500.54,4779972.0,1740753000000
500.53,501.14,498.9006,500.16,2509876.0,1740753900000
500.14,502.67,499.24,502.61,2567845.0,1740754800000
502.59,504.23,500.94,504.1601,2359816.0,1740755700000
504.19,504.67,502.18,502.8,1564845.0,1740756600000
502.75,504.37,502.35,504.27,1378070.0,1740757500000
504.25,504.64,502.63,502.86,1515538.0,1740758400000
502.91,503.22,501.18,501.27,1348705.0,1740759300000
501.27,503.8699,500.94,503.5,967173.0,1740760200000
503.46,503.835,502.49,502.685,570611.0,1740761100000
502.69,503.19,501.855,503.1,728924.0,1740762000000
503.0,503.9499,501.91,502.72,668728.0,1740762900000
502.82,502.82,500.37,500.74,876674.0,1740763800000
500.71,501.08,498.811,498.875,1724067.0,1740764700000
498.8363,500.0,498.58,499.19,1292863.0,1740765600000
499.2,500.25,497.54,500.13,1752027.0,1740766500000
500.13,501.92,499.6815,501.38,1387118.0,1740767400000
501.38,501.68,498.87,498.905,779847.0,1740768300000
498.91,500.13,498.8205,499.32,595999.0,1740769200000
499.32,500.72,499.26,500.48,759338.0,1740770100000
500.49,502.76,500.09,502.47,981128.0,1740771000000
502.49,503.28,502.27,503.05,1029170.0,1740771900000
503.05,504.38,502.75,503.7,1331935.0,1740772800000
503.65,504.45,502.52,504.41,942755.0,1740773700000
504.41,504.48,502.39,504.09,1374005.0,1740774600000
504.05,508.78,503.81,508.22,6779557.0,1740775500000
511.52,513.04,508.735,509.42,2677946.0,1741012200000
509.41,510.34,505.8684,506.31,2178836.0,1741013100000
506.3,507.63,504.29,505.99,2263559.0,1741014000000
505.91,509.13,505.45,509.13,1591568.0,1741014900000
509.14,509.85,507.08,509.68,1461915.0,1741015800000
509.64,509.69,506.455,506.6664,823576.0,1741016700000
506.7,508.33,506.69,508.0599,732251.0,1741017600000
508.12,509.77,507.38,507.38,907997.0,1741018500000
507.42,507.79,506.08,506.32,1069910.0,1741019400000
506.35,508.72,506.25,508.25,695511.0,1741020300000
508.24,508.6,507.7501,508.4199,537944.0,1741021200000
508.4701,509.0,508.0,508.72,610088.0,1741022100000
508.7223,509.26,507.87,508.61,690697.0,1741023000000
508.6,508.62,505.81,506.51,781720.0,1741023900000
506.475,506.67,502.9601,503.3018,1438630.0,1741024800000
503.32,504.6,502.245,502.4784,1146931.0,1741025700000
502.5,503.21,501.72,502.6512,1262711.0,1741026600000
502.635,504.56,502.19,504.0,1279980.0,1741027500000
503.95,505.1099,503.8,504.0601,826492.0,1741028400000
504.1,504.25,502.9,503.21,535447.0,1741029300000
503.1612,505.75,503.09,505.2785,812706.0,1741030200000
505.21,505.21,500.42,500.51,1742088.0,1741031100000
500.5,500.5681,496.25,497.1499,3149725.0,1741032000000
497.0,498.05,494.65,495.1155,2238366.0,1741032900000
495.13,496.45,493.58,494.24,2031424.0,1741033800000
494.19,497.44,494.11,497.32,5063187.0,1741034700000
494.18,496.32,492.23,493.91,5825210.0,1741098600000
493.91,495.92,491.46,491.5594,3267813.0,1741099500000
491.55,492.08,489.81,490.89,4038509.0,1741100400000
490.86,490.86,487.735,489.8,4521144.0,1741101300000
489.72,491.79,489.16,491.6,2555563.0,1741102200000
491.53,492.24,489.74,490.6862,1840948.0,1741103100000
490.69,491.29,488.6,490.84,2175862.0,1741104000000
490.74,491.46,488.52,489.38,1969088.0,1741104900000
489.38,492.3,489.27,491.96,1830886.0,1741105800000
491.97,494.07,491.53,493.15,2039132.0,1741106700000
493.158,493.86,492.35,493.21,1260639.0,1741107600000
493.2,496.42,492.89,495.51,2155764.0,1741108500000
495.49,495.6715,493.9438,494.83,1571024.0,1741109400000
494.86,495.94,493.59,494.0766,1193511.0,1741110300000
494.08,497.95,493.48,497.56,1634021.0,1741111200000
497.54,497.63,494.845,495.07,1192768.0,1741112100000
495.09,497.44,494.425,496.905,1017094.0,1741113000000
496.91,498.59,496.49,498.06,1293207.0,1741113900000
498.05,500.181,497.99,499.25,1956789.0,1741114800000
499.3,501.03,498.95,499.59,1345088.0,1741115700000
499.61,500.86,498.97,500.58,1032615.0,1741116600000
500.61,501.22,500.07,500.955,1039958.0,1741117500000
500.92,502.46,500.45,502.09,1813676.0,1741118400000
502.13,503.74,501.5,502.22,2022679.0,1741119300000
502.24,502.46,497.65,498.675,3433377.0,1741120200000
498.72,499.37,493.75,495.52,5286218.0,1741121100000
496.2,497.13,493.6,496.32,3590902.0,1741185000000
496.38,496.54,492.57,493.77,2098081.0,1741185900000
493.82,498.05,493.82,496.54,3170537.0,1741186800000
496.47,496.71,493.3,494.0303,1591633.0,1741187700000
494.09,496.7,493.62,495.97,1691834.0,1741188600000
495.91,496.63,494.18,495.55,1109741.0,1741189500000
495.47,495.47,492.12,493.21,1304795.0,1741190400000
493.21,493.68,492.19,493.33,1378713.0,1741191300000
493.3,493.3,491.35,491.67,1173113.0,1741192200000
491.69,495.23,491.26,494.2334,1989210.0,1741193100000
494.205,495.74,494.09,494.995,1209527.0,1741194000000
495.01,497.63,494.91,497.52,1323575.0,1741194900000
497.53,498.46,497.24,498.07,1079182.0,1741195800000
498.07,500.0,496.07,499.888,1443416.0,1741196700000
499.85,500.24,496.82,498.76,2386018.0,1741197600000
498.71,499.32,497.77,498.2412,1242771.0,1741198500000
498.265,498.81,496.93,497.66,992624.0,1741199400000
497.6891,500.53,492.5348,500.43,1232496.0,1741200300000
500.37,503.15,499.62,502.87,1583952.0,1741201200000
502.89,503.28,501.36,501.54,1328186.0,1741202100000
501.57,502.29,500.6,501.515,1082719.0,1741203000000
501.62,502.88,501.17,501.84,935508.0,1741203900000
501.82,503.63,501.7,503.3464,1208388.0,1741204800000
503.36,503.57,500.77,502.78,1607549.0,1741205700000
502.79,502.85,501.56,502.63,1359747.0,1741206600000
502.68,503.17,500.64,502.1,2913911.0,1741207500000
493.69,493.87,491.6508,492.1447,3925588.0,1741271400000
492.15,494.46,491.96,493.0,2480999.0,1741272300000
492.87,496.5,492.31,495.95,2637376.0,1741273200000
495.89,497.8963,495.76,497.29,2224427.0,1741274100000
497.28,498.58,496.25,498.22,1427594.0,1741275000000
498.15,498.47,495.53,496.6,1595640.0,1741275900000
496.63,498.18,496.46,497.3,1144228.0,1741276800000
497.29,497.49,494.6,496.05,1671342.0,1741277700000
496.04,497.7,494.0,494.42,1690611.0,1741278600000
494.46,494.81,492.17,492.24,1587335.0,1741279500000
492.26,492.82,490.0,490.2501,2189935.0,1741280400000
490.27,491.81,489.26,489.925,1800728.0,1741281300000
489.98,491.14,489.51,490.07,1034424.0,1741282200000
489.98,490.84,488.37,490.33,1625853.0,1741283100000
490.26,490.5873,489.15,490.0902,1066836.0,1741284000000
490.06,491.2,489.22,489.43,1127349.0,1741284900000
489.44,490.1188,487.16,487.83,1784178.0,1741285800000
487.82,489.5786,487.6,489.06,1068597.0,1741286700000
489.04,489.23,487.48,487.91,1681563.0,1741287600000
487.89,488.4,486.34,486.83,1881733.0,1741288500000
486.81,488.07,486.2,487.6,1423246.0,1741289400000
487.59,491.17,487.15,487.34,3104253.0,1741290300000
487.37,489.45,486.8,489.23,1831990.0,1741291200000
489.21,489.76,486.96,488.68,1287794.0,1741292100000
488.7,489.8696,487.25,487.4101,1840264.0,1741293000000
487.37,488.99,487.08,488.33,4321552.0,1741293900000
487.16,490.9,486.92,489.93,2951506.0,1741357800000
489.95,492.18,489.63,489.75,2768815.0,1741358700000
489.7,490.98,488.302,489.16,1673468.0,1741359600000
489.09,489.52,487.355,487.735,1660955.0,1741360500000
487.69,487.7,483.57,485.035,3247751.0,1741361400000
485.02,488.41,484.68,486.75,2372572.0,1741362300000
486.77,487.11,485.44,485.93,1047531.0,1741363200000
485.95,486.11,482.82,483.15,1811802.0,1741364100000
483.18,483.48,481.11,482.15,2949374.0,1741365000000
482.1,482.46,480.53,482.1625,2500842.0,1741365900000
482.19,483.75,480.795,481.905,2079346.0,1741366800000
482.05,483.28,480.73,483.28,1063447.0,1741367700000
483.2233,486.49,482.57,486.36,1715656.0,1741368600000
486.35,488.3224,484.4402,484.93,2159232.0,1741369500000
485.0,489.17,484.94,488.37,1829548.0,1741370400000
488.43,489.35,487.24,487.61,1337333.0,1741371300000
487.65,490.18,487.29,489.36,1288388.0,1741372200000
489.41,490.62,482.6615,490.46,1312641.0,1741373100000
490.47,491.37,489.26,490.4,1715388.0,1741374000000
490.43,492.91,490.23,492.44,1607247.0,1741374900000
492.47,492.97,491.02,491.33,1603901.0,1741375800000
491.34,491.55,490.32,491.02,1441669.0,1741376700000
491.02,492.5,490.52,491.71,1265916.0,1741377600000
491.7,492.404,490.48,491.815,997822.0,1741378500000
491.8,492.12,488.71,490.4394,1810099.0,1741379400000
490.42,493.28,490.25,491.81,3161092.0,1741380300000
483.45,483.97,481.19,483.5363,3622900.0,1741613400000
483.53,483.87,480.2,481.25,2844629.0,1741614300000
481.25,481.25,478.73,479.57,2735783.0,1741615200000
479.52,480.28,477.97,478.3,2131190.0,1741616100000
478.31,478.985,477.06,477.155,3023431.0,1741617000000
477.11,477.76,474.715,475.53,3122919.0,1741617900000
475.54,477.075,475.4,476.83,2793244.0,1741618800000
476.82,477.5,475.68,477.45,1747557.0,1741619700000
477.45,479.1372,476.34,476.74,2445187.0,1741620600000
476.76,478.135,476.03,476.3462,1364695.0,1741621500000
476.32,477.11,475.64,476.79,1137894.0,1741622400000
476.82,476.9053,474.77,476.15,1411233.0,1741623300000
476.15,477.6,475.0,475.04,1672870.0,1741624200000
475.08,476.22,475.04,475.245,1225071.0,1741625100000
475.25,475.41,473.11,474.19,2759603.0,1741626000000
474.165,475.48,474.0,474.36,1628886.0,1741626900000
474.37,474.49,472.71,473.05,1956118.0,1741627800000
473.04,473.76,472.32,472.785,2479795.0,1741628700000
472.79,474.14,471.72,473.035,3019193.0,1741629600000
473.0501,473.76,472.1,472.55,1215866.0,1741630500000
472.56,473.4,471.6,472.22,2351098.0,1741631400000
472.23,472.44,470.05,470.27,1778602.0,1741632300000
470.27,470.94,468.66,470.465,3473443.0,1741633200000
470.45,474.2,470.27,472.615,3548619.0,1741634100000
472.6,475.45,471.62,471.6785,3717848.0,1741635000000
471.64,473.94,471.64,473.3,7494060.0,1741635900000
472.35,475.53,471.4915,475.11,3994886.0,1741699800000
475.14,476.69,474.0,474.82,2808253.0,1741700700000
474.79,477.08,470.75,472.91,4498912.0,1741701600000
472.82,473.89,469.75,469.94,2599397.0,1741702500000
469.94,471.44,468.54,470.0901,2929227.0,1741703400000
470.07,472.25,468.9325,469.73,2297209.0,1741704300000
469.63,474.44,469.06,473.36,2718967.0,1741705200000
473.4,474.2248,472.15,472.5746,1878936.0,1741706100000
472.53,475.35,472.22,474.63,1757207.0,1741707000000
474.59,474.88,472.15,472.4,2016694.0,1741707900000
472.37,472.97,470.25,470.47,1987092.0,1741708800000
470.43,472.25,470.305,471.46,1290867.0,1741709700000
471.61,472.65,470.32,470.93,1871886.0,1741710600000
470.96,471.63,469.31,469.96,1103753.0,1741711500000
469.935,470.1,468.83,469.01,1363798.0,1741712400000
469.05,469.92,467.12,467.21,2499113.0,1741713300000
467.16,469.35,467.01,469.3101,1818640.0,1741714200000
469.32,471.0543,468.85,469.99,1834752.0,1741715100000
470.01,473.96,469.86,473.86,2577560.0,1741716000000
473.87,475.39,473.02,474.47,1745003.0,1741716900000
474.46,476.89,473.335,476.66,1998103.0,1741717800000
476.68,478.805,476.17,477.64,3551586.0,1741718700000
477.65,478.585,475.65,476.14,2907189.0,1741719600000
476.17,476.84,474.35,475.48,2258119.0,1741720500000
475.53,475.9,473.92,475.1597,1594840.0,1741721400000
475.11,475.795,471.61,471.67,4166402.0,1741722300000
479.16,481.06,478.43,478.87,3689488.0,1741786200000
478.87,480.0302,476.54,477.86,3208201.0,1741787100000
477.81,479.8,476.33,477.75,2394311.0,1741788000000
477.83,478.28,476.47,477.55,1632231.0,1741788900000
477.57,477.8593,474.38,474.87,1648330.0,1741789800000
474.8,476.02,473.6438,473.73,1514235.0,1741790700000
473.745,474.04,471.79,472.78,1851821.0,1741791600000
472.8,475.41,472.252,474.925,1877334.0,1741792500000
474.98,476.54,474.62,476.2295,1326753.0,1741793400000
476.27,477.7,475.86,477.59,1780667.0,1741794300000
477.61,479.01,476.46,478.83,1453855.0,1741795200000
478.8246,479.29,478.09,478.71,1082443.0,1741796100000
478.81,479.89,477.0,477.2699,1307043.0,1741797000000
477.26,479.5401,477.095,477.44,1102112.0,1741797900000
477.46,478.58,476.8401,478.56,1145368.0,1741798800000
478.46,479.33,477.9,479.25,675926.0,1741799700000
479.25,479.69,478.19,478.235,653104.0,1741800600000
478.21,478.85,475.25,475.34,1161658.0,1741801500000
475.37,477.04,475.15,476.88,1295077.0,1741802400000
476.9,477.8,476.6,477.79,962457.0,1741803300000
477.82,478.73,477.34,478.68,637133.0,1741804200000
478.68,479.39,477.7501,478.7161,1111163.0,1741805100000
478.6027,478.7,477.5002,477.94,854532.0,1741806000000
477.91,478.209,476.57,477.27,1508556.0,1741806900000
477.32,477.94,475.93,476.645,1177332.0,1741807800000
476.66,478.0,475.71,477.08,2954060.0,1741808700000
476.25,476.2801,473.75,473.75,2021450.0,1741872600000
473.8,474.66,470.56,471.22,2617357.0,1741873500000
471.13,473.99,470.17,473.92,2296969.0,1741874400000
473.95,476.15,473.67,473.86,1718860.0,1741875300000
473.87,475.2,472.23,472.76,1536419.0,1741876200000
472.685,474.25,472.0801,472.6,1604522.0,1741877100000
472.65,473.87,471.22,471.52,1893358.0,1741878000000
471.51,472.09,470.67,470.945,1365127.0,1741878900000
470.93,471.81,469.0602,470.975,2120783.0,1741879800000
470.96,471.4,469.31,469.5,1198647.0,1741880700000
469.52,470.93,469.2801,469.766,1216674.0,1741881600000
469.77,470.23,469.29,469.69,783569.0,1741882500000
469.65,471.81,469.21,470.19,1174270.0,1741883400000
470.13,470.42,468.17,469.273,1782512.0,1741884300000
469.27,469.89,467.72,468.0,1308305.0,1741885200000
468.025,468.04,466.67,467.63,1200888.0,1741886100000
467.56,467.75,466.61,466.69,965651.0,1741887000000
466.7,467.84,466.43,466.94,1191034.0,1741887900000
466.92,470.19,466.84,469.925,1490551.0,1741888800000
469.94,470.28,468.89,470.27,954057.0,1741889700000
470.27,471.41,469.69,471.29,913448.0,1741890600000
471.3,471.46,469.905,471.13,1120862.0,1741891500000
471.1,471.93,469.42,469.99,1190486.0,1741892400000
470.07,470.4,468.06,468.63,1539825.0,1741893300000
468.62,469.145,467.2,467.78,1967720.0,1741894200000
467.81,468.47,466.78,468.39,4015192.0,1741895100000
473.73,477.05,473.4608,476.4414,3296301.0,1741959000000
476.44,477.51,475.4763,475.74,2439517.0,1741959900000
475.69,476.59,473.12,474.17,3071925.0,1741960800000
474.02,475.14,473.295,474.03,1793897.0,1741961700000
474.01,476.09,473.83,475.79,1369218.0,1741962600000
475.83,477.3,475.6603,477.29,1154612.0,1741963500000
477.3,478.01,476.83,477.3998,1496227.0,1741964400000
477.41,478.61,477.3915,478.1275,1070562.0,1741965300000
478.15,479.47,478.03,479.44,2122831.0,1741966200000
479.42,479.55,478.21,478.985,1626803.0,1741967100000
478.985,479.25,477.7,477.99,846506.0,1741968000000
477.94,478.52,477.241,477.39,814266.0,1741968900000
477.41,479.04,477.16,478.935,1216949.0,1741969800000
478.95,479.64,478.6398,479.19,639541.0,1741970700000
479.18,479.67,478.53,478.84,982794.0,1741971600000
478.81,479.3498,478.06,478.33,643173.0,1741972500000
478.3,478.7997,477.55,477.79,947959.0,1741973400000
477.76,478.56,477.52,477.75,1086791.0,1741974300000
477.8,478.81,477.76,477.87,721263.0,1741975200000
477.89,478.09,477.35,477.84,1027100.0,1741976100000
477.86,479.32,477.85,479.1631,1215819.0,1741977000000
479.18,479.5431,478.3064,478.85,704153.0,1741977900000
478.78,479.79,478.5701,479.735,1180195.0,1741978800000
479.74,479.78,478.62,478.7133,1188479.0,1741979700000
478.73,479.23,478.28,478.74,1072565.0,1741980600000
478.71,480.56,478.53,479.65,5182525.0,1741981500000
479.61,483.14,479.18,482.28,2908094.0,1742218200000
482.255,482.63,480.22,481.6954,1673930.0,1742219100000
481.71,482.36,480.0512,482.145,1605488.0,1742220000000
482.24,482.31,479.88,479.96,1197469.0,1742220900000
479.95,480.96,478.96,480.8,1288923.0,1742221800000
480.78,480.9,478.83,479.19,937644.0,1742222700000
479.23,479.7857,478.42,479.5085,1452823.0,1742223600000
479.57,480.34,478.97,479.105,725239.0,1742224500000
479.08,479.47,477.8,478.385,959567.0,1742225400000
478.39,479.54,478.24,479.06,666611.0,1742226300000
479.07,480.61,478.49,480.2405,672390.0,1742227200000
480.27,480.4,478.58,478.74,580555.0,1742228100000
478.78,479.8099,478.51,478.84,666237.0,1742229000000
478.87,479.87,478.44,479.51,653882.0,1742229900000
479.43,480.1,478.9,480.06,593310.0,1742230800000
480.06,481.23,479.71,481.015,967992.0,1742231700000
481.03,482.58,480.752,482.35,1011469.0,1742232600000
482.3546,482.78,481.935,482.35,779262.0,1742233500000
482.34,483.98,482.32,483.8401,1987648.0,1742234400000
483.87,484.985,483.63,484.84,3184750.0,1742235300000
484.85,485.375,484.65,485.09,1314665.0,1742236200000
485.1,485.84,485.04,485.34,1528757.0,1742237100000
485.34,485.51,484.59,484.9,1779360.0,1742238000000
484.95,485.03,484.475,484.8431,1186594.0,1742238900000
484.86,485.17,484.435,484.81,2164879.0,1742239800000
484.78,484.95,482.61,482.73,4588013.0,1742240700000
479.41,479.61,474.91,475.01,3382494.0,1742304600000
474.97,475.905,473.63,474.02,2287168.0,1742305500000
474.02,475.07,473.27,473.6304,2161992.0,1742306400000
473.68,474.89,473.17,474.67,1372774.0,1742307300000
474.66,475.4891,473.98,474.41,1225970.0,1742308200000
474.46,474.89,473.556,474.19,919445.0,1742309100000
474.21,474.31,472.41,473.68,1429512.0,1742310000000
473.64,474.57,473.37,473.94,646711.0,1742310900000
473.96,474.73,473.66,474.06,839320.0,1742311800000
474.02,474.47,473.0,473.69,1054782.0,1742312700000
473.7,475.3,473.48,475.22,1171063.0,1742313600000
475.25,475.88,474.57,475.8485,826869.0,1742314500000
475.81,475.96,474.31,474.39,881968.0,1742315400000
474.39,475.84,473.58,475.48,955447.0,1742316300000
475.44,475.85,474.31,475.685,910438.0,1742317200000
475.71,475.8,473.57,474.6614,1086274.0,1742318100000
474.7,475.52,473.95,474.805,954967.0,1742319000000
474.81,475.6794,474.5,474.94,719987.0,1742319900000
474.955,475.0,473.69,473.7376,552020.0,1742320800000
473.74,475.4,473.68,474.645,1607826.0,1742321700000
474.62,475.5076,474.4,474.9,793477.0,1742322600000
474.9018,476.64,474.8862,475.7593,2110359.0,1742323500000
475.74,475.92,474.7635,475.31,780367.0,1742324400000
475.28,475.8151,474.39,474.875,1413593.0,1742325300000
474.89,475.38,474.1,474.42,1029901.0,1742326200000
474.44,475.125,473.71,474.73,3181190.0,1742327100000
476.81,477.46,474.87,475.32,1737110.0,1742391000000
475.33,478.13,475.26,477.62,1486183.0,1742391900000
477.62,479.5,477.62,479.07,1434148.0,1742392800000
479.08,479.2899,478.11,478.27,727410.0,1742393700000
478.3,478.65,477.5,477.8,690333.0,1742394600000
477.7604,477.93,476.88,477.0515,775290.0,1742395500000
477.05,478.925,476.89,478.565,1257031.0,1742396400000
478.565,479.0785,477.64,478.881,733790.0,1742397300000
478.8988,479.58,478.58,479.54,707110.0,1742398200000
479.57,480.4,479.24,479.961,789393.0,1742399100000
479.98,480.3026,479.3,479.42,820568.0,1742400000000
479.45,479.745,479.1099,479.67,563739.0,1742400900000
479.65,479.73,478.72,478.93,520311.0,1742401800000
478.95,479.29,478.46,478.9208,531026.0,1742402700000
478.94,479.15,477.41,477.51,504995.0,1742403600000
477.5,477.87,477.2,477.31,748380.0,1742404500000
477.28,478.31,476.85,477.61,780414.0,1742405400000
477.62,477.7388,476.79,477.37,834049.0,1742406300000
477.25,479.75,476.57,479.38,2568021.0,1742407200000
479.35,480.18,478.58,478.7712,1820646.0,1742408100000
478.81,481.39,478.75,481.14,2242532.0,1742409000000
481.18,482.605,480.55,482.5398,1895110.0,1742409900000
482.49,485.33,482.41,484.23,3393551.0,1742410800000
484.24,484.58,480.4,480.865,2606701.0,1742411700000
480.82,483.321,480.54,483.2104,1908130.0,1742412600000
483.24,483.24,480.38,480.79,3627029.0,1742413500000
476.88,479.84,476.18,479.256,2222112.0,1742477400000
479.3,480.59,479.19,480.42,1512428.0,1742478300000
480.47,482.6599,480.25,482.08,1612073.0,1742479200000
482.09,484.09,481.45,483.365,1610822.0,1742480100000
483.34,484.43,482.58,484.2,1443334.0,1742481000000
484.27,484.55,482.85,483.075,1183993.0,1742481900000
483.0521,483.55,482.29,483.21,879739.0,1742482800000
483.33,483.3741,482.42,482.83,670345.0,1742483700000
482.82,482.99,481.26,482.71,993647.0,1742484600000
482.67,483.4,481.63,481.74,732061.0,1742485500000
481.73,483.0,480.71,481.44,1261547.0,1742486400000
481.48,481.48,478.94,479.22,1328369.0,1742487300000
479.2,480.2,478.7802,479.09,1132498.0,1742488200000
479.09,479.99,478.75,479.11,790254.0,1742489100000
479.125,480.7,478.98,480.31,1170546.0,1742490000000
480.32,480.37,478.06,478.06,788483.0,1742490900000
478.07,479.3388,477.95,479.28,809849.0,1742491800000
479.27,479.85,478.18,478.49,2146916.0,1742492700000
478.52,479.69,478.42,479.2001,1123998.0,1742493600000
479.14,479.45,477.43,477.53,1118595.0,1742494500000
477.5,478.34,477.24,477.5798,1510198.0,1742495400000
477.57,479.31,477.5,477.79,1435231.0,1742496300000
477.78,478.93,477.71,478.59,861555.0,1742497200000
478.59,479.7,478.0,478.07,1349205.0,1742498100000
478.14,479.48,478.13,479.4799,1204340.0,1742499000000
479.45,480.21,478.92,479.29,2244250.0,1742499900000
474.08,475.4,472.905,474.69,2914050.0,1742563800000
474.75,476.34,474.23,475.52,2048912.0,1742564700000
475.56,475.99,474.21,475.485,1677319.0,1742565600000
475.47,476.82,474.99,476.16,1197556.0,1742566500000
476.17,476.53,474.96,475.975,899876.0,1742567400000
475.98,477.39,475.51,477.34,927062.0,1742568300000
477.39,477.77,476.27,476.2991,975534.0,1742569200000
476.3,476.4,473.8246,475.5,3144245.0,1742570100000
475.42,476.25,474.59,474.7,991373.0,1742571000000
474.66,475.97,474.62,475.34,1193525.0,1742571900000
475.31,477.6,474.6,477.44,1711276.0,1742572800000
477.52,479.08,477.27,478.52,1520608.0,1742573700000
478.53,479.15,477.95,478.06,951042.0,1742574600000
478.12,479.74,478.09,479.72,965904.0,1742575500000
479.72,479.72,478.49,478.6201,1047068.0,1742576400000
478.65,478.74,477.66,477.94,1034082.0,1742577300000
477.97,479.2984,477.47,478.96,908546.0,1742578200000
478.99,479.83,478.71,478.78,1227815.0,1742579100000
478.77,479.31,478.4753,478.85,735901.0,1742580000000
478.83,479.1,478.2,478.405,696557.0,1742580900000
478.4,479.5191,478.37,479.42,731553.0,1742581800000
479.4,479.5,478.5273,478.81,589634.0,1742582700000
478.83,478.86,477.69,478.25,1433512.0,1742583600000
478.19,478.62,477.78,478.36,951908.0,1742584500000
478.34,478.8,478.1,478.57,1139470.0,1742585400000
478.53,481.61,478.44,481.12,4906922.0,1742586300000
487.74,488.66,487.12,488.02,3157855.0,1742823000000
488.14,489.72,487.9,489.18,1747400.0,1742823900000
489.18,489.5,488.15,489.21,1244469.0,1742824800000
489.22,489.93,489.09,489.7108,1025914.0,1742825700000
489.75,489.98,489.22,489.55,978303.0,1742826600000
489.55,490.24,489.51,489.97,693679.0,1742827500000
489.9968,490.52,489.535,490.22,956357.0,1742828400000
490.23,490.505,489.87,490.11,686368.0,1742829300000
490.115,490.23,489.51,489.605,630144.0,1742830200000
489.62,490.17,489.51,490.11,542913.0,1742831100000
490.11,490.725,489.9408,490.4799,716730.0,1742832000000
490.47,490.5797,489.6,489.69,1053690.0,1742832900000
489.76,490.06,489.2456,489.7596,565166.0,1742833800000
489.75,490.25,489.6,489.7799,404435.0,1742834700000
489.78,489.9,489.19,489.3,567246.0,1742835600000
489.3,489.72,489.02,489.7,584248.0,1742836500000
489.73,489.99,489.5,489.645,706285.0,1742837400000
489.66,490.38,489.42,489.81,580168.0,1742838300000
489.82,489.87,489.01,489.28,714897.0,1742839200000
489.3,489.74,489.18,489.64,503950.0,1742840100000
489.65,490.45,489.2,490.21,1259342.0,1742841000000
490.23,490.5,489.47,490.38,984660.0,1742841900000
490.38,490.99,490.2224,490.595,1639835.0,1742842800000
490.6,490.9,490.4223,490.51,1139570.0,1742843700000
490.53,490.75,490.28,490.5745,1601467.0,1742844600000
490.58,491.51,490.45,490.45,4398595.0,1742845500000
491.39,492.005,490.62,491.18,2522131.0,1742909400000
491.2,491.875,490.42,491.5912,1274965.0,1742910300000
491.7,492.26,490.645,491.9455,1435083.0,1742911200000
491.86,492.6497,491.71,492.6497,966326.0,1742912100000
492.65,493.28,491.8801,493.26,1040324.0,1742913000000
493.25,493.51,492.81,493.1888,1178417.0,1742913900000
493.16,493.62,493.08,493.2602,532540.0,1742914800000
493.2785,493.4,492.92,493.13,476629.0,1742915700000
493.15,493.1769,492.53,492.88,561039.0,1742916600000
492.8891,492.95,492.11,492.36,814500.0,1742917500000
492.35,492.77,492.18,492.59,689878.0,1742918400000
492.58,492.58,492.01,492.11,933692.0,1742919300000
492.11,492.4,491.75,492.3201,509311.0,1742920200000
492.32,492.81,492.13,492.545,497421.0,1742921100000
492.605,493.26,492.54,492.71,698419.0,1742922000000
492.73,492.77,491.371,491.5201,634576.0,1742922900000
491.55,492.03,491.53,491.95,466308.0,1742923800000
491.94,492.01,491.57,491.65,433485.0,1742924700000
491.61,492.28,491.38,492.28,585129.0,1742925600000
492.27,492.67,492.0001,492.13,547658.0,1742926500000
492.14,492.2788,491.69,491.92,664505.0,1742927400000
491.89,492.15,491.6,491.9766,380671.0,1742928300000
491.93,492.61,491.9,492.1,527149.0,1742929200000
492.1,492.565,491.9501,492.23,841338.0,1742930100000
492.25,492.984,492.25,492.88,798304.0,1742931000000
492.87,493.56,492.79,493.45,2341887.0,1742931900000
492.3,493.16,491.69,492.4599,1678243.0,1742995800000
492.48,492.7,489.11,489.3504,1959724.0,1742996700000
489.38,490.31,488.84,489.4001,1868496.0,1742997600000
489.42,489.57,487.2101,488.6009,1712854.0,1742998500000
488.6,488.89,488.3,488.5,758470.0,1742999400000
488.54,489.3,487.96,488.87,961392.0,1743000300000
488.87,489.39,488.68,489.2451,789947.0,1743001200000
489.26,489.48,487.92,488.35,723054.0,1743002100000
488.34,488.92,487.75,487.8699,579724.0,1743003000000
487.87,488.07,485.89,486.4,1635915.0,1743003900000
486.39,486.71,485.76,486.28,1339136.0,1743004800000
486.265,486.76,485.78,486.74,1049564.0,1743005700000
486.7,487.0,485.94,486.029,675053.0,1743006600000
486.015,486.53,484.78,484.9401,1048061.0,1743007500000
484.915,485.56,484.88,485.22,669249.0,1743008400000
485.21,485.28,484.4601,484.66,985269.0,1743009300000
484.67,484.8546,483.59,484.21,1308715.0,1743010200000
484.1712,484.65,483.7,483.74,850284.0,1743011100000
483.75,484.95,483.56,484.67,1013222.0,1743012000000
484.64,485.23,484.515,485.03,827934.0,1743012900000
484.98,485.3,483.62,483.77,568478.0,1743013800000
483.77,483.91,482.95,483.1,935509.0,1743014700000
483.09,483.75,482.82,483.2,1520453.0,1743015600000
483.18,484.24,483.09,483.28,1278971.0,1743016500000
483.3,484.22,483.21,483.99,1009921.0,1743017400000
484.0,484.9584,483.27,484.4,3293743.0,1743018300000
482.41,483.4,480.25,481.25,3396911.0,1743082200000
481.25,483.91,480.798,483.59,2206367.0,1743083100000
483.57,484.22,482.41,483.915,1563924.0,1743084000000
483.95,484.69,482.93,484.69,1410327.0,1743084900000
484.69,485.89,484.3417,485.5925,1409884.0,1743085800000
485.62,486.5799,484.9,486.35,1148551.0,1743086700000
486.385,486.45,485.25,485.69,868435.0,1743087600000
485.73,485.85,484.92,484.97,696557.0,1743088500000
484.99,484.99,483.2,483.5732,1650780.0,1743089400000
483.6,483.76,482.78,482.91,1503116.0,1743090300000
482.92,484.26,482.69,484.19,1267282.0,1743091200000
484.17,485.48,483.535,483.665,1182165.0,1743092100000
483.71,484.42,483.44,483.9281,579618.0,1743093000000
483.91,484.17,481.91,481.97,870875.0,1743093900000
481.96,483.26,481.79,483.26,724458.0,1743094800000
483.236,483.43,481.9,482.02,576748.0,1743095700000
481.95,482.79,481.86,482.25,501467.0,1743096600000
482.27,483.28,481.94,482.09,635142.0,1743097500000
482.06,483.73,482.025,483.73,552325.0,1743098400000
483.6568,483.88,482.81,483.15,583544.0,1743099300000
483.08,484.19,482.67,483.6401,771651.0,1743100200000
483.74,484.39,482.72,482.87,471430.0,1743101100000
482.84,484.12,482.6436,484.08,529244.0,1743102000000
484.01,484.89,483.8,484.41,981899.0,1743102900000
484.43,484.46,483.02,483.3698,823555.0,1743103800000
483.34,483.51,481.12,481.58,2803059.0,1743104700000
479.81,480.52,478.07,479.085,2477848.0,1743168600000
479.1,480.06,478.19,478.4522,1550804.0,1743169500000
478.44,479.05,474.77,475.13,3663552.0,1743170400000
475.11,477.01,473.01,473.2125,3088912.0,1743171300000
473.23,473.74,471.96,473.41,2914687.0,1743172200000
473.4,473.405,471.8,472.43,1575006.0,1743173100000
472.43,472.86,471.235,472.53,1966290.0,1743174000000
472.49,472.8,471.33,472.36,940426.0,1743174900000
472.32,473.0751,471.87,472.38,858493.0,1743175800000
472.3712,472.58,470.92,470.92,915724.0,1743176700000
470.92,471.89,470.91,471.1299,1002660.0,1743177600000
471.115,471.2,469.57,469.95,1238328.0,1743178500000
469.94,470.67,469.93,470.06,1375433.0,1743179400000
470.06,470.6999,469.67,469.74,1166406.0,1743180300000
469.74,469.74,468.81,468.98,1104499.0,1743181200000
468.98,469.95,468.4891,468.79,1660011.0,1743182100000
468.77,469.3,468.49,468.91,932037.0,1743183000000
468.9,469.58,468.68,469.56,1241267.0,1743183900000
469.5,470.4,469.24,469.735,1231485.0,1743184800000
469.74,470.03,469.0794,469.36,597987.0,1743185700000
469.345,469.7999,468.92,469.03,851157.0,1743186600000
468.9801,469.52,468.62,469.52,1209650.0,1743187500000
469.51,470.04,469.1504,469.4401,870083.0,1743188400000
469.45,469.59,468.86,468.96,991700.0,1743189300000
468.96,469.11,468.05,468.38,1930308.0,1743190200000
468.385,469.51,468.12,469.0187,4078012.0,1743191100000
461.92,462.52,458.0,458.0001,5747168.0,1743427800000
458.0,460.91,457.33,460.02,3476207.0,1743428700000
460.03,461.9568,459.89,461.655,2464040.0,1743429600000
461.64,461.81,459.26,459.345,1353603.0,1743430500000
459.35,461.86,459.34,460.44,2027316.0,1743431400000
460.45,461.79,460.43,461.29,1869652.0,1743432300000
461.3,462.38,460.8,460.86,1484321.0,1743433200000
460.85,463.5188,460.71,462.45,1529316.0,1743434100000
462.38,463.93,461.8601,463.305,1675635.0,1743435000000
463.3,464.27,463.09,463.28,1448698.0,1743435900000
463.3,464.0,462.15,462.62,1432000.0,1743436800000
462.61,464.83,462.4,464.81,906801.0,1743437700000
464.82,464.82,463.91,464.05,683276.0,1743438600000
464.02,464.47,463.005,463.16,670767.0,1743439500000
463.18,465.34,462.98,464.9356,658123.0,1743440400000
464.95,465.019,463.18,463.835,713805.0,1743441300000
463.86,464.44,463.23,463.27,485509.0,1743442200000
463.31,464.35,462.9513,463.32,1009169.0,1743443100000
463.32,466.78,463.21,465.9983,1948883.0,1743444000000
465.97,466.93,465.58,466.9,1201578.0,1743444900000
466.9,467.88,466.6452,467.33,1366401.0,1743445800000
467.34,468.0,466.31,466.3855,1590278.0,1743446700000
466.36,468.54,466.34,468.05,1296729.0,1743447600000
468.01,468.52,466.6268,466.79,2421910.0,1743448500000
466.78,469.63,466.0087,468.55,2342637.0,1743449400000
468.475,469.86,467.6,468.93,5395122.0,1743450300000
467.3,468.5392,466.28,467.7601,2227450.0,1743514200000
467.8,469.28,467.3103,467.69,2506706.0,1743515100000
467.71,468.33,465.095,465.3415,2395000.0,1743516000000
465.35,466.82,464.42,466.17,1874693.0,1743516900000
466.15,469.29,466.01,468.8,1581254.0,1743517800000
468.78,470.65,468.38,470.5502,1419805.0,1743518700000
470.55,472.2288,470.25,472.16,1411293.0,1743519600000
472.14,472.66,471.45,471.7093,1855931.0,1743520500000
471.775,472.06,470.92,471.955,1001196.0,1743521400000
471.92,472.725,471.6,472.3888,1073276.0,1743522300000
472.4,473.15,471.97,472.844,1523683.0,1743523200000
472.84,473.63,471.24,471.49,1181091.0,1743524100000
471.6,471.85,470.09,470.34,990102.0,1743525000000
470.3,472.46,470.12,471.7102,1124809.0,1743525900000
471.71,472.155,470.93,471.75,1073509.0,1743526800000
471.69,471.8853,470.56,470.74,1524657.0,1743527700000
470.74,471.87,470.53,470.8,761329.0,1743528600000
470.81,471.69,470.18,470.3,879958.0,1743529500000
470.44,470.49,468.06,468.779,1582710.0,1743530400000
468.73,468.853,467.37,467.8,1132694.0,1743531300000
467.76,468.53,467.65,468.52,1186433.0,1743532200000
468.47,469.04,467.44,468.9399,878937.0,1743533100000
468.89,469.6,468.66,469.31,766032.0,1743534000000
469.32,470.1988,469.12,469.54,854408.0,1743534900000
469.54,471.45,469.28,471.3,1069674.0,1743535800000
471.3,473.17,471.19,472.63,3208731.0,1743536700000
466.12,471.015,465.86,470.93,3046858.0,1743600600000
470.96,472.15,470.79,470.97,1237430.0,1743601500000
470.95,473.11,469.99,470.9496,1797484.0,1743602400000
470.9399,472.7,470.7,472.54,997680.0,1743603300000
472.53,473.27,471.6702,472.22,1149727.0,1743604200000
472.275,473.54,472.18,473.4085,1389967.0,1743605100000
473.34,473.44,472.22,472.25,1137724.0,1743606000000
472.18,475.33,472.085,474.9,1501182.0,1743606900000
474.85,475.3099,474.19,474.25,1331004.0,1743607800000
474.24,474.68,472.87,474.26,1369671.0,1743608700000
474.195,475.67,474.03,475.5101,780674.0,1743609600000
475.51,476.63,475.42,476.58,1299169.0,1743610500000
476.65,476.97,475.87,476.7639,921329.0,1743611400000
476.765,478.11,476.36,477.73,1543846.0,1743612300000
477.74,479.56,477.68,479.0895,1369548.0,1743613200000
479.095,479.18,478.07,478.18,880215.0,1743614100000
478.15,478.25,476.37,476.79,1023723.0,1743615000000
476.76,476.76,475.31,476.085,987715.0,1743615900000
476.04,476.45,474.2066,474.72,1310857.0,1743616800000
474.72,474.9696,472.866,472.866,1101398.0,1743617700000
472.87,475.34,472.68,474.895,1155226.0,1743618600000
474.89,475.02,472.74,472.79,938528.0,1743619500000
472.79,474.5988,472.79,473.5996,934549.0,1743620400000
473.6,474.9677,473.11,474.8,1217890.0,1743621300000
474.82,476.6061,474.2,476.285,1416899.0,1743622200000
476.28,477.25,476.08,476.15,3019053.0,1743623100000
456.44,460.07,456.11,458.04,6835475.0,1743687000000
458.085,459.51,456.88,458.07,3614903.0,1743687900000
457.95,458.4,455.17,455.98,3055145.0,1743688800000
456.0,457.28,454.82,456.4,3245252.0,1743689700000
456.39,457.03,454.27,454.785,2322710.0,1743690600000
454.75,454.85,452.55,452.66,2547135.0,1743691500000
452.64,454.12,451.5608,453.43,3017583.0,1743692400000
453.42,455.17,453.37,454.0,2428486.0,1743693300000
453.99,456.72,453.88,456.145,2501540.0,1743694200000
456.14,456.59,454.34,455.54,1728574.0,1743695100000
455.51,457.24,455.39,457.0099,1691365.0,1743696000000
457.0064,457.94,456.32,457.57,2771584.0,1743696900000
457.61,457.985,455.63,456.28,1995517.0,1743697800000
456.27,456.765,454.88,455.2799,1294569.0,1743698700000
455.27,456.32,454.93,455.47,1043266.0,1743699600000
455.47,455.67,454.025,454.47,1845392.0,1743700500000
454.43,455.75,454.17,455.6,847099.0,1743701400000
455.6,455.84,453.77,453.8,1349866.0,1743702300000
453.76,454.38,452.7821,452.845,1016222.0,1743703200000
452.83,453.44,452.5131,452.95,1273706.0,1743704100000
452.94,454.56,452.38,454.41,1858651.0,1743705000000
454.41,454.95,453.785,454.6402,1240807.0,1743705900000
454.63,454.94,453.49,453.9,1448077.0,1743706800000
453.9199,453.93,451.44,451.69,2555978.0,1743707700000
451.7,452.495,450.87,452.3897,2344944.0,1743708600000
452.4,452.4964,450.14,450.68,6191049.0,1743709500000
438.14,440.37,434.54,435.0999,8068753.0,1743773400000
434.99,440.05,434.48,439.09,6170000.0,1743774300000
439.05,439.19,433.8101,434.43,3497325.0,1743775200000
434.39,436.08,432.31,432.39,4346381.0,1743776100000
432.37,433.64,430.4001,430.65,5880517.0,1743777000000
430.58,438.0,426.1,430.93,6226672.0,1743777900000
430.91,437.46,430.21,436.51,6634803.0,1743778800000
436.52,437.92,432.77,433.0,4543514.0,1743779700000
433.03,434.41,430.63,432.59,2851248.0,1743780600000
432.52,434.86,431.38,431.54,2453255.0,1743781500000
431.53,433.88,431.4288,432.94,1958815.0,1743782400000
432.98,433.35,428.08,428.72,2246189.0,1743783300000
428.69,430.64,427.4,428.51,3096918.0,1743784200000
428.515,429.4,427.56,428.43,1933234.0,1743785100000
428.45,429.82,426.26,426.535,2801052.0,1743786000000
426.47,428.45,425.25,427.605,2849150.0,1743786900000
427.55,430.3,426.28,429.17,2548253.0,1743787800000
429.12,434.2136,428.76,431.17,2328250.0,1743788700000
431.2104,432.33,428.5,428.65,2463293.0,1743789600000
428.59,428.63,425.96,426.25,2063877.0,1743790500000
426.36,426.79,423.66,423.95,3117869.0,1743791400000
423.93,426.7,423.58,425.38,2808537.0,1743792300000
425.41,428.28,424.15,427.79,3224396.0,1743793200000
427.79,429.25,425.39,428.28,3294555.0,1743794100000
428.27,431.34,427.78,429.72,4411384.0,1743795000000
429.71,430.48,423.05,423.2012,8190441.0,1743795900000
408.66,410.0,402.39,404.385,12471705.0,1744032600000
404.34,417.48,403.12,416.89,8620288.0,1744033500000
416.89,437.36,414.32,433.49,14286088.0,1744034400000
433.49,443.14,418.53,419.09,18491223.0,1744035300000
419.17,426.97,414.295,421.03,10391220.0,1744036200000
421.02,428.877,417.55,426.24,7148039.0,1744037100000
426.2,429.63,415.94,417.27,6938819.0,1744038000000
417.23,421.08,414.06,415.1112,8359035.0,1744038900000
415.1,424.0,415.1,423.41,5194824.0,1744039800000
423.29,423.86,419.76,419.76,3320571.0,1744040700000
419.8,419.89,415.7199,417.6,3416690.0,1744041600000
417.6353,421.09,415.91,420.1,2805626.0,1744042500000
420.09,422.36,417.82,418.6669,2452253.0,1744043400000
418.6,418.68,415.57,416.52,2085105.0,1744044300000
416.49,423.7,416.37,422.01,4498675.0,1744045200000
421.98,426.0,421.02,425.74,3644995.0,1744046100000
425.7,427.41,422.72,427.21,2770760.0,1744047000000
427.17,429.49,424.96,429.18,3568725.0,1744047900000
429.26,429.9,425.18,426.26,2514990.0,1744048800000
426.14,430.16,424.5,424.89,3283071.0,1744049700000
424.9,428.6483,424.78,426.67,2298232.0,1744050600000
426.65,427.89,422.29,423.15,2308489.0,1744051500000
423.15,426.01,420.96,421.61,2537490.0,1744052400000
421.5,424.26,420.145,420.76,3167457.0,1744053300000
420.75,426.26,420.75,421.5279,3464942.0,1744054200000
421.5,424.63,420.59,423.95,5229937.0,1744055100000
438.16,439.44,436.06,437.7804,8368800.0,1744119000000
437.8,440.969,436.84,440.57,4707924.0,1744119900000
440.53,442.5,439.905,441.65,3908447.0,1744120800000
441.72,443.1384,441.26,441.385,3701188.0,1744121700000
441.39,442.52,440.05,440.17,2895745.0,1744122600000
440.16,441.07,437.331,437.36,2786114.0,1744123500000
437.3901,438.92,435.28,435.785,3146810.0,1744124400000
435.8,436.9,434.06,434.09,2922982.0,1744125300000
434.155,437.81,433.96,436.78,2615472.0,1744126200000
436.74,437.4,433.39,435.75,1665460.0,1744127100000
435.75,436.2899,434.51,434.57,1468140.0,1744128000000
434.56,434.7904,430.7,432.58,2562763.0,1744128900000
432.57,433.22,426.64,427.655,4384439.0,1744129800000
427.69,430.45,426.2005,426.38,3323921.0,1744130700000
426.3,428.06,423.48,424.7701,3401123.0,1744131600000
424.77,426.68,422.51,422.69,2874144.0,1744132500000
422.59,428.78,422.2,427.385,3715914.0,1744133400000
427.49,427.53,424.55,426.53,1719385.0,1744134300000
426.67,426.85,423.0901,423.615,1328693.0,1744135200000
423.59,426.07,422.38,422.685,1702814.0,1744136100000
422.7,427.43,421.22,421.3,2612049.0,1744137000000
421.34,423.61,421.06,421.06,1823893.0,1744137900000
421.1,421.61,415.76,415.87,3594461.0,1744138800000
415.97,418.05,413.73,416.9417,4095996.0,1744139700000
416.95,416.9701,411.02,411.1158,4087905.0,1744140600000
411.12,416.69,409.79,416.24,7555103.0,1744141500000
415.57,423.97,415.43,419.37,6467726.0,1744205400000
419.32,422.86,417.86,421.29,4120412.0,1744206300000
421.31,424.94,418.57,419.29,3943434.0,1744207200000
419.27,422.65,419.21,421.28,2411215.0,1744208100000
421.31,423.86,420.0923,420.47,2268492.0,1744209000000
420.5,422.2,415.74,415.8701,3043951.0,1744209900000
415.86,420.04,415.6,418.85,2077083.0,1744210800000
418.96,421.6,418.96,420.05,1552641.0,1744211700000
420.06,421.13,416.8474,417.205,2227479.0,1744212600000
417.18,420.99,417.18,418.161,1691399.0,1744213500000
418.18,422.32,417.21,421.92,1592700.0,1744214400000
421.9069,422.64,421.11,421.47,1415315.0,1744215300000
421.455,422.98,420.87,422.15,1366467.0,1744216200000
422.17,424.42,421.52,423.26,2054154.0,1744217100000
423.36,427.5,423.18,424.88,3546455.0,1744218000000
424.88,453.51,420.5,444.23,15560033.0,1744218900000
444.17,456.27,443.53,447.045,11512979.0,1744219800000
447.05,456.0713,446.71,455.71,6898312.0,1744220700000
455.78,458.73,452.44,455.4101,8460015.0,1744221600000
455.52,461.3291,454.12,459.53,5087735.0,1744222500000
459.54,461.27,454.8007,455.52,5674686.0,1744223400000
455.53,458.15,452.79,453.07,4358687.0,1744224300000
453.05,459.39,451.73,459.22,5256276.0,1744225200000
459.24,463.4796,457.55,462.14,4992672.0,1744226100000
462.07,465.02,461.41,463.12,5983476.0,1744227000000
463.12,467.83,461.91,465.14,11288857.0,1744227900000
453.56,455.59,451.0,452.24,6090508.0,1744291800000
452.18,455.09,450.48,450.52,4035670.0,1744292700000
450.51,451.62,448.27,449.52,3722873.0,1744293600000
449.53,452.46,448.87,450.14,2783215.0,1744294500000
450.16,453.92,450.155,451.89,2529810.0,1744295400000
451.99,452.29,448.44,448.69,3176263.0,1744296300000
448.7,450.93,448.25,448.75,2970722.0,1744297200000
448.73,448.97,445.85,445.865,2268579.0,1744298100000
445.88,446.42,443.95,444.25,3601855.0,1744299000000
444.24,448.4705,440.8015,441.32,4317222.0,1744299900000
441.31,442.67,438.43,439.0,4179189.0,1744300800000
438.89,439.12,432.63,434.9,5488799.0,1744301700000
434.83,440.78,434.53,440.06,4423215.0,1744302600000
440.025,442.6699,437.9,442.15,3620177.0,1744303500000
442.09,446.57,436.73,437.47,4056619.0,1744304400000
437.475,441.7,435.47,441.465,3448826.0,1744305300000
441.37,444.38,440.53,444.27,2637516.0,1744306200000
444.24,447.0,442.68,445.75,3158553.0,1744307100000
445.68,449.0,442.3162,442.59,3176031.0,1744308000000
442.53,449.85,441.91,449.46,3271740.0,1744308900000
449.465,450.82,446.8854,450.41,3235103.0,1744309800000
450.21,450.52,445.11,447.71,4719775.0,1744310700000
447.68,450.48,445.01,446.38,2405332.0,1744311600000
446.35,449.15,443.8,443.81,1820811.0,1744312500000
443.89,446.85,440.45,440.97,3197679.0,1744313400000
440.98,447.92,440.38,446.19,6477477.0,1744314300000
444.65,448.5,443.21,447.6113,3948911.0,1744378200000
447.72,450.379,446.055,448.3,2614689.0,1744379100000
448.31,449.76,445.18,447.51,2548367.0,1744380000000
447.49,448.83,441.33,442.09,2332919.0,1744380900000
442.17,446.905,441.34,446.7,1805073.0,1744381800000
446.67,447.91,444.54,444.8,1286961.0,1744382700000
444.69,448.6191,443.22,443.6,1670721.0,1744383600000
443.45,445.23,442.57,444.76,1180097.0,1744384500000
444.73,447.83,444.12,447.02,1179759.0,1744385400000
447.07,448.56,446.57,448.4,762793.0,1744386300000
448.41,450.11,447.54,449.08,1263938.0,1744387200000
449.1,449.83,447.53,448.395,1108919.0,1744388100000
448.42,453.2,448.42,452.9175,1733161.0,1744389000000
452.93,453.71,452.11,452.42,1520753.0,1744389900000
452.44,453.41,451.15,451.83,1225951.0,1744390800000
451.8502,452.39,449.89,450.22,1399361.0,1744391700000
450.25,455.24,449.04,454.58,2900019.0,1744392600000
454.565,455.79,452.61,454.52,2337332.0,1744393500000
454.5999,454.89,452.85,453.81,1329254.0,1744394400000
453.75,454.29,451.85,453.1,1189832.0,1744395300000
453.08,454.32,452.52,453.855,1107242.0,1744396200000
453.9,454.65,452.0,452.45,1142088.0,1744397100000
452.48,455.27,452.39,455.0577,1130274.0,1744398000000
455.06,455.5696,453.76,454.65,1188117.0,1744398900000
454.65,455.06,453.42,454.94,1397078.0,1744399800000
454.88,455.35,453.75,454.24,5115840.0,1744400700000
464.46,465.05,458.8,460.205,4011292.0,1744637400000
460.23,461.58,458.6318,460.03,2098298.0,1744638300000
460.07,463.16,459.665,461.1604,2001338.0,1744639200000
461.26,462.55,459.77,462.17,1185450.0,1744640100000
462.21,463.16,461.69,462.44,1152165.0,1744641000000
462.48,463.55,461.69,462.0236,1436724.0,1744641900000
461.99,462.56,459.65,459.82,1810610.0,1744642800000
459.79,460.29,457.53,457.6,1483885.0,1744643700000
457.63,458.72,455.73,457.16,1545780.0,1744644600000
457.19,457.21,454.17,454.7501,1912692.0,1744645500000
454.81,455.87,452.63,454.2,1961035.0,1744646400000
454.19,456.46,453.88,454.47,1471096.0,1744647300000
454.465,456.33,454.05,456.03,1219018.0,1744648200000
456.0762,464.53,453.65,453.72,745842.0,1744649100000
453.76,457.0,453.49,455.08,1371624.0,1744650000000
455.15,457.0148,454.38,455.65,808445.0,1744650900000
455.64,456.4564,454.74,455.41,788756.0,1744651800000
455.42,457.72,455.05,457.46,855206.0,1744652700000
457.45,458.45,457.35,457.9,1103390.0,1744653600000
457.88,459.02,457.57,458.8544,901881.0,1744654500000
458.8,459.94,458.6,459.83,1048631.0,1744655400000
459.85,459.895,458.82,459.23,921986.0,1744656300000
459.17,461.14,459.1455,460.98,980168.0,1744657200000
461.01,461.01,459.6001,459.8399,1027394.0,1744658100000
459.81,460.75,459.26,460.19,1191052.0,1744659000000
460.2,460.29,456.93,457.41,3091367.0,1744659900000
458.54,460.9588,458.14,460.61,1829350.0,1744723800000
460.61,461.715,459.7746,460.5,1510842.0,1744724700000
460.53,462.38,460.29,461.0079,1859754.0,1744725600000
461.08,461.6,457.15,458.09,3675033.0,1744726500000
458.17,460.78,458.14,460.5501,1356502.0,1744727400000
460.55,460.68,458.24,459.39,1274305.0,1744728300000
459.405,460.45,459.1991,460.35,1028475.0,1744729200000
460.32,461.23,459.1697,459.24,929672.0,1744730100000
459.26,460.5,458.7,459.48,949048.0,1744731000000
459.43,460.56,458.57,460.11,1360518.0,1744731900000
460.13,461.0,459.89,460.3,1301849.0,1744732800000
460.3699,461.0969,459.88,460.56,589155.0,1744733700000
460.59,460.9199,459.53,460.3369,639895.0,1744734600000
460.41,460.64,457.63,458.11,953582.0,1744735500000
458.07,459.1696,457.59,458.63,880479.0,1744736400000
458.66,458.76,456.73,457.11,1155154.0,1744737300000
457.0701,458.67,457.0,458.21,926173.0,1744738200000
458.23,458.5,456.84,457.74,781419.0,1744739100000
457.74,458.15,456.39,456.73,1248157.0,1744740000000
456.62,457.47,456.15,456.97,567081.0,1744740900000
456.92,458.24,456.91,458.2,671477.0,1744741800000
458.1872,458.79,457.69,458.39,681831.0,1744742700000
458.315,458.88,457.7446,458.685,980421.0,1744743600000
458.67,458.93,457.48,458.04,805807.0,1744744500000
458.03,458.39,457.59,457.96,1382681.0,1744745400000
458.0,458.61,457.07,457.99,1700539.0,1744746300000
449.03,451.28,448.72,450.25,2314563.0,1744810200000
450.3,450.46,447.53,447.56,2010880.0,1744811100000
447.53,449.53,447.22,448.25,1606375.0,1744812000000
448.2212,450.32,447.81,449.86,1589280.0,1744812900000
449.82,451.0199,449.324,450.72,1021827.0,1744813800000
450.7,450.72,449.37,450.0337,817702.0,1744814700000
450.09,450.67,449.2,450.1552,941102.0,1744815600000
450.3,452.62,449.315,451.99,1332390.0,1744816500000
452.01,452.07,450.42,450.62,1184977.0,1744817400000
450.641,450.8,448.83,449.04,713887.0,1744818300000
449.12,449.37,448.23,449.04,699415.0,1744819200000
449.085,449.52,448.54,449.17,670183.0,1744820100000
449.145,449.8,448.16,449.14,726408.0,1744821000000
449.13,449.2,448.29,448.42,755833.0,1744821900000
448.435,448.8981,447.67,448.0,697635.0,1744822800000
448.025,449.24,447.965,449.18,649980.0,1744823700000
449.2,449.26,444.46,444.9362,2019318.0,1744824600000
444.9,444.9,441.87,441.95,3074957.0,1744825500000
441.94,443.86,441.84,443.52,2545472.0,1744826400000
443.54,444.28,442.1732,443.405,1307290.0,1744827300000
443.35,443.59,440.78,441.07,1942908.0,1744828200000
441.085,441.45,440.0,440.05,1648141.0,1744829100000
440.07,440.5396,438.15,439.37,1963029.0,1744830000000
439.35,439.7,437.76,438.17,2160655.0,1744830900000
438.18,440.85,438.18,440.42,3385022.0,1744831800000
440.39,444.53,440.33,444.22,5376913.0,1744832700000
447.17,447.37,444.31,445.12,2392755.0,1744896600000
445.21,447.31,444.18,446.355,1770897.0,1744897500000
446.34,446.8566,444.3701,444.86,1493343.0,1744898400000
444.85,445.18,442.7,442.8013,1783174.0,1744899300000
442.79,443.62,441.36,443.49,1878623.0,1744900200000
443.48,443.89,442.32,442.36,1023041.0,1744901100000
442.37,445.22,442.09,445.15,1789877.0,1744902000000
445.1041,445.75,443.03,443.2413,3944507.0,1744902900000
443.29,445.24,442.85,443.7797,1314032.0,1744903800000
443.86,444.63,443.13,443.3,1066341.0,1744904700000
443.28,445.5,442.72,444.55,1937219.0,1744905600000
444.54,446.32,443.94,445.82,1512736.0,1744906500000
445.82,446.6264,444.1,444.37,1005179.0,1744907400000
444.29,446.53,444.04,446.07,780201.0,1744908300000
446.01,446.51,445.01,445.14,673991.0,1744909200000
445.15,445.41,443.95,443.955,612179.0,1744910100000
444.0,445.56,443.9854,444.98,702683.0,1744911000000
444.94,446.7979,444.9053,446.0,1289552.0,1744911900000
446.0,447.41,445.77,446.43,1053182.0,1744912800000
446.46,447.75,446.25,446.6594,1064973.0,1744913700000
446.68,447.6,446.68,446.94,971046.0,1744914600000
446.94,447.34,445.15,445.16,1997770.0,1744915500000
445.17,445.4391,443.92,444.26,1063182.0,1744916400000
444.25,444.86,443.48,444.07,1995170.0,1744917300000
444.09,445.37,443.87,444.76,1810597.0,1744918200000
444.795,444.94,443.0,444.06,2798080.0,1744919100000
438.23,439.08,436.61,437.0901,2156504.0,1745242200000
437.14,438.0,434.97,434.9899,2064564.0,1745243100000
434.96,435.035,433.67,434.28,1591344.0,1745244000000
434.23,434.47,432.65,433.32,1466897.0,1745244900000
433.29,434.83,432.93,433.54,1798671.0,1745245800000
433.55,434.15,432.8,433.4885,1412609.0,1745246700000
433.5,433.9004,432.39,432.45,1330933.0,1745247600000
432.4696,433.18,431.67,431.93,1011074.0,1745248500000
431.95,432.21,430.69,430.7664,955958.0,1745249400000
430.765,430.88,430.0,430.22,1231466.0,1745250300000
430.2453,431.305,430.2453,431.2599,959596.0,1745251200000
431.21,431.3899,430.45,430.6803,665973.0,1745252100000
430.64,438.61,430.58,431.875,2169549.0,1745253000000
431.9,432.02,430.04,430.16,1035957.0,1745253900000
430.17,430.64,428.7175,428.94,1096952.0,1745254800000
428.99,429.75,428.7,429.11,905547.0,1745255700000
429.0515,429.7,428.6,428.87,731281.0,1745256600000
428.9058,429.08,428.0,428.2115,768588.0,1745257500000
428.235,428.76,427.95,428.585,935546.0,1745258400000
428.56,429.28,428.49,429.2,961477.0,1745259300000
429.195,429.8765,428.54,428.615,1539097.0,1745260200000
428.62,428.87,427.93,428.1212,1449582.0,1745261100000
428.12,429.74,428.07,429.38,1078691.0,1745262000000
429.35,430.61,429.24,429.7593,1737164.0,1745262900000
429.77,431.74,429.75,431.455,2195465.0,1745263800000
431.445,434.0,431.01,433.23,5743807.0,1745264700000
438.82,440.29,437.62,440.28,2572667.0,1745328600000
440.26,441.31,439.98,441.27,2528090.0,1745329500000
441.3,442.57,441.0,441.74,1883055.0,1745330400000
441.75,442.4,441.02,441.94,1386561.0,1745331300000
441.92,442.8995,441.1,442.7335,1331985.0,1745332200000
442.7633,443.74,442.21,443.4175,1463455.0,1745333100000
443.4164,444.29,443.37,444.185,1721659.0,1745334000000
444.185,444.47,443.59,443.65,2124648.0,1745334900000
443.66,443.81,442.1198,442.18,1256616.0,1745335800000
442.22,444.65,442.13,444.31,1544975.0,1745336700000
444.35,446.42,444.35,446.35,2377004.0,1745337600000
446.35,447.58,445.95,447.12,1712833.0,1745338500000
447.18,447.4,445.7509,446.5103,1200155.0,1745339400000
446.55,446.71,445.36,446.03,1008510.0,1745340300000
446.04,447.1,444.07,444.42,1694930.0,1745341200000
444.42,444.51,441.15,441.42,2635606.0,1745342100000
441.44,442.79,440.86,441.99,1719622.0,1745343000000
441.98,442.1,440.29,440.58,1510499.0,1745343900000
440.5725,442.81,440.47,442.63,1383269.0,1745344800000
442.6613,443.83,442.17,443.54,1828919.0,1745345700000
443.57,444.17,443.42,443.87,1276178.0,1745346600000
443.87,444.83,443.87,444.44,926619.0,1745347500000
444.5,444.76,443.105,443.3099,2528376.0,1745348400000
443.301,443.4475,441.55,441.785,1343833.0,1745349300000
441.78,443.3752,441.01,443.04,2029840.0,1745350200000
443.0,444.99,442.8109,444.38,3289906.0,1745351100000
458.17,462.08,457.435,460.22,6178428.0,1745415000000
460.2,462.35,459.21,460.95,4066571.0,1745415900000
460.97,462.58,459.13,460.94,2685858.0,1745416800000
461.0299,462.07,458.77,461.84,2677908.0,1745417700000
461.82,463.38,461.42,462.35,1822391.0,1745418600000
462.3246,462.77,460.59,460.852,1347619.0,1745419500000
460.91,461.83,459.38,460.91,1581986.0,1745420400000
460.92,460.97,456.53,457.33,2593965.0,1745421300000
457.34,458.3,455.915,456.67,1904349.0,1745422200000
456.73,457.15,454.5,456.4,1712755.0,1745423100000
456.42,456.54,454.7,455.29,1362233.0,1745424000000
455.29,455.6,453.31,455.47,1517145.0,1745424900000
455.445,456.78,455.1701,456.34,1646710.0,1745425800000
456.35,457.8198,455.06,457.47,1056414.0,1745426700000
457.38,458.25,455.45,457.9999,1448204.0,1745427600000
457.9973,458.58,457.43,457.46,682126.0,1745428500000
457.5,458.04,455.7314,456.9356,1111308.0,1745429400000
456.93,461.63,456.16,457.66,1068314.0,1745430300000
457.66,458.32,456.47,457.65,749386.0,1745431200000
457.7,458.4095,456.09,456.37,1087119.0,1745432100000
456.43,457.4,455.85,455.85,701858.0,1745433000000
455.88,457.17,455.68,456.21,1067139.0,1745433900000
456.24,456.83,454.91,455.2935,1222462.0,1745434800000
455.22,455.38,453.53,454.01,1470099.0,1745435700000
454.05,454.92,452.88,453.63,1599177.0,1745436600000
453.67,456.0,453.04,454.37,3832245.0,1745437500000
456.48,458.59,455.83,458.43,2416501.0,1745501400000
458.42,460.94,457.7155,460.75,3194950.0,1745502300000
460.77,462.01,460.56,461.33,2334372.0,1745503200000
461.355,462.9,460.86,462.85,1689350.0,1745504100000
462.84,463.82,462.09,462.36,1974065.0,1745505000000
462.41,463.08,461.58,462.9,1780587.0,1745505900000
462.88,464.5091,462.4,464.17,1430092.0,1745506800000
464.165,464.41,462.67,462.98,1302113.0,1745507700000
463.08,463.935,462.4436,463.16,899560.0,1745508600000
463.1544,464.62,462.97,463.33,1043263.0,1745509500000
463.385,464.09,462.86,464.0501,1071983.0,1745510400000
464.06,465.38,463.9107,464.915,1736960.0,1745511300000
464.935,465.88,464.8,465.23,1238031.0,1745512200000
465.26,466.18,464.74,465.78,1018503.0,1745513100000
465.78,465.82,465.15,465.53,838438.0,1745514000000
465.51,465.77,464.4,465.53,914567.0,1745514900000
465.56,466.04,464.79,465.11,831796.0,1745515800000
465.11,466.06,464.78,465.93,944311.0,1745516700000
465.88,466.55,465.78,466.19,1125545.0,1745517600000
466.17,466.49,465.765,466.3,851947.0,1745518500000
466.32,467.095,466.24,466.78,1078906.0,1745519400000
466.78,467.34,466.5309,466.55,1366520.0,1745520300000
466.52,466.58,464.78,465.335,1699881.0,1745521200000
465.35,466.37,465.21,465.26,1317427.0,1745522100000
465.27,466.68,465.16,466.53,1230753.0,1745523000000
466.55,467.66,466.44,467.2,3991322.0,1745523900000
466.97,468.47,465.89,466.82,2594699.0,1745587800000
466.88,467.67,465.39,465.96,1553858.0,1745588700000
466.1,469.49,465.96,469.1548,2311017.0,1745589600000
469.15,469.27,465.54,466.22,1989762.0,1745590500000
466.285,468.42,465.39,468.34,1195322.0,1745591400000
468.33,468.45,466.83,467.8572,783686.0,1745592300000
467.85,468.83,467.21,468.74,648443.0,1745593200000
468.73,469.2,467.79,468.15,842594.0,1745594100000
468.11,468.638,467.31,467.43,1549077.0,1745595000000
467.47,468.78,467.2202,468.46,605922.0,1745595900000
468.46,468.97,468.16,468.93,768493.0,1745596800000
468.88,470.07,468.66,469.93,857720.0,1745597700000
469.94,470.94,469.67,470.895,914990.0,1745598600000
470.9,471.02,469.76,471.0,1125545.0,1745599500000
470.98,471.975,470.71,471.9602,1473716.0,1745600400000
471.948,473.09,471.59,472.93,1444877.0,1745601300000
472.93,472.98,470.07,470.83,2101731.0,1745602200000
470.865,470.889,468.7352,470.0101,1480249.0,1745603100000
470.015,471.18,469.69,470.59,1025357.0,1745604000000
470.6,471.79,470.47,471.455,1080456.0,1745604900000
471.48,472.44,471.32,472.29,793334.0,1745605800000
472.27,472.4452,471.25,471.755,1069125.0,1745606700000
471.76,472.4099,471.41,471.72,1211859.0,1745607600000
471.7,472.15,471.29,471.435,747517.0,1745608500000
471.37,471.58,470.49,471.28,1375108.0,1745609400000
471.29,472.89,470.77,472.53,2806111.0,1745610300000
473.03,474.25,471.49,474.22,2797818.0,1745847000000
474.25,474.808,470.75,470.98,2621698.0,1745847900000
471.04,472.44,470.26,471.86,1736309.0,1745848800000
471.92,472.783,471.4,471.58,1155461.0,1745849700000
471.61,472.54,470.55,472.39,1334206.0,1745850600000
472.42,472.9247,470.9,471.13,864078.0,1745851500000
471.13,471.79,469.45,470.44,1487887.0,1745852400000
470.33,470.39,467.28,467.45,1506098.0,1745853300000
467.454,469.16,467.36,468.275,1390534.0,1745854200000
468.24,469.02,467.7801,468.1688,786159.0,1745855100000
468.09,468.32,466.46,466.72,1214832.0,1745856000000
466.75,467.59,466.2055,466.55,880256.0,1745856900000
466.62,467.85,466.556,467.729,658824.0,1745857800000
467.69,468.38,466.85,467.4401,669088.0,1745858700000
467.42,467.8097,466.39,466.45,880771.0,1745859600000
466.42,467.3,466.03,466.4,1068442.0,1745860500000
466.42,467.67,466.15,467.5701,798653.0,1745861400000
467.6,468.94,467.49,468.74,572893.0,1745862300000
468.77,469.11,468.42,468.97,503945.0,1745863200000
468.99,469.89,468.562,469.61,882097.0,1745864100000
469.59,470.1899,469.13,469.95,740054.0,1745865000000
469.96,470.4,469.68,470.13,551253.0,1745865900000
470.18,471.3399,470.0,471.205,902336.0,1745866800000
471.21,472.21,471.16,472.03,1163665.0,1745867700000
472.02,472.42,471.7,472.28,840115.0,1745868600000
472.3,473.735,472.23,472.45,2513853.0,1745869500000
470.17,471.33,469.59,471.2288,1732986.0,1745933400000
471.26,472.96,471.19,471.95,1379721.0,1745934300000
471.97,474.347,471.11,473.63,1419154.0,1745935200000
473.66,473.8,471.31,471.8,1286300.0,1745936100000
471.83,473.8409,471.7196,473.1101,1051166.0,1745937000000
473.13,474.47,472.85,474.23,829618.0,1745937900000
474.24,474.62,473.01,473.339,1239058.0,1745938800000
473.34,473.55,472.18,473.19,775318.0,1745939700000
473.19,473.79,471.92,473.79,653175.0,1745940600000
473.74,473.82,472.67,472.81,498746.0,1745941500000
472.85,474.46,472.77,474.0301,771053.0,1745942400000
474.06,474.08,473.07,473.53,611582.0,1745943300000
473.49,473.95,473.0,473.73,940854.0,1745944200000
473.69,473.75,471.21,471.795,1060051.0,1745945100000
471.79,472.42,471.51,472.33,669097.0,1745946000000
472.338,473.7362,472.25,473.32,948664.0,1745946900000
473.31,474.47,473.2,474.425,786520.0,1745947800000
474.44,475.925,474.19,475.65,1652150.0,1745948700000
475.6253,476.325,475.5,475.84,1341868.0,1745949600000
475.84,476.37,475.25,476.07,1059506.0,1745950500000
476.12,476.4243,475.51,476.175,996802.0,1745951400000
476.195,476.195,475.31,475.3875,521614.0,1745952300000
475.42,476.24,475.155,475.74,915013.0,1745953200000
475.745,475.93,475.08,475.5,639531.0,1745954100000
475.52,475.74,474.68,475.09,983130.0,1745955000000
475.1,476.3,474.84,475.42,1930106.0,1745955900000
467.13,467.22,463.15,464.255,3259428.0,1746019800000
464.25,465.12,462.47,462.8,2130188.0,1746020700000
462.67,466.1,462.43,466.03,2502667.0,1746021600000
466.03,467.505,465.58,467.38,2000474.0,1746022500000
467.38,468.45,466.57,468.17,1496718.0,1746023400000
468.1,468.5,466.81,467.9398,1240558.0,1746024300000
467.9,469.72,467.84,469.32,1239203.0,1746025200000
469.31,470.52,469.09,469.88,2059442.0,1746026100000
469.86,470.74,469.4,470.7,879384.0,1746027000000
470.71,470.87,469.68,470.57,1110119.0,1746027900000
470.5,471.31,470.015,470.0725,1235945.0,1746028800000
470.07,470.3951,468.8409,469.225,797179.0,1746029700000
469.19,470.5,468.54,469.952,873039.0,1746030600000
470.0,470.59,469.59,470.45,511602.0,1746031500000
470.47,470.81,468.02,468.69,1007462.0,1746032400000
468.7156,471.03,468.7156,470.91,1214633.0,1746033300000
470.86,472.22,470.68,471.965,1338467.0,1746034200000
471.95,472.09,471.3561,471.445,663646.0,1746035100000
471.48,473.93,470.93,472.44,2222532.0,1746036000000
472.45,473.18,471.15,471.86,1339303.0,1746036900000
471.82,472.52,470.72,471.02,910298.0,1746037800000
471.03,472.66,470.95,471.3964,654619.0,1746038700000
471.35,472.475,471.35,472.42,620864.0,1746039600000
472.4,472.53,471.21,471.45,713600.0,1746040500000
471.47,472.93,471.2,472.8697,1250093.0,1746041400000
472.86,477.2,472.85,475.49,4370163.0,1746042300000
483.41,483.89,481.45,482.47,3230250.0,1746106200000
482.56,483.95,480.8201,481.0,2009775.0,1746107100000
481.09,483.08,480.91,482.3901,2191772.0,1746108000000
482.44,484.29,482.35,484.15,2067427.0,1746108900000
484.15,485.23,483.58,484.62,1279176.0,1746109800000
484.62,485.93,484.51,485.92,1659665.0,1746110700000
485.92,486.48,485.36,486.45,1620754.0,1746111600000
486.4503,487.18,485.93,486.02,2176283.0,1746112500000
486.08,486.168,484.91,484.91,1310334.0,1746113400000
484.92,485.17,482.54,483.24,1856291.0,1746114300000
483.21,484.145,482.92,483.36,1316002.0,1746115200000
483.3648,483.6662,482.0,483.4,1147825.0,1746116100000
483.3426,483.9882,482.8548,483.36,707037.0,1746117000000
483.28,483.3799,482.31,482.798,738678.0,1746117900000
482.75,484.58,482.69,484.39,630501.0,1746118800000
484.37,484.85,483.85,484.16,669116.0,1746119700000
484.18,484.54,482.925,483.11,679835.0,1746120600000
483.1,483.96,482.79,483.74,610620.0,1746121500000
483.71,485.0999,483.59,484.855,578866.0,1746122400000
484.84,485.22,483.9,484.5501,758268.0,1746123300000
484.6,484.98,484.4,484.9,720878.0,1746124200000
484.88,485.31,484.3307,484.38,893809.0,1746125100000
484.39,484.48,483.44,484.3056,750909.0,1746126000000
484.29,484.68,484.06,484.62,625255.0,1746126900000
484.6,484.7,483.55,483.71,1581304.0,1746127800000
483.73,484.69,480.74,481.19,4240551.0,1746128700000
486.54,487.64,485.15,486.75,2605140.0,1746192600000
486.733,487.1,484.83,486.05,2006589.0,1746193500000
486.09,487.99,485.84,487.94,1702483.0,1746194400000
487.95,488.66,487.05,488.645,1612076.0,1746195300000
488.63,488.67,487.4183,487.76,1234528.0,1746196200000
487.75,488.35,487.28,488.2812,859059.0,1746197100000
488.3,488.575,487.95,488.47,741221.0,1746198000000
488.43,488.97,487.58,487.67,1435110.0,1746198900000
487.69,488.77,487.35,488.6927,785450.0,1746199800000
488.71,489.24,488.36,489.0,641764.0,1746200700000
489.02,490.55,488.92,490.375,2690893.0,1746201600000
490.38,490.44,489.57,489.66,1257807.0,1746202500000
489.6724,490.67,489.625,490.54,1107820.0,1746203400000
490.55,490.625,490.01,490.08,1070391.0,1746204300000
490.075,490.37,489.2,489.455,1921670.0,1746205200000
489.45,489.91,489.0,489.3201,836567.0,1746206100000
489.33,489.62,489.04,489.49,724285.0,1746207000000
489.51,489.96,489.1,489.6847,737406.0,1746207900000
489.69,490.4899,489.575,490.35,633684.0,1746208800000
490.3524,490.39,489.98,490.19,551157.0,1746209700000
490.195,490.91,490.19,490.55,961841.0,1746210600000
490.53,490.62,489.07,489.5992,975046.0,1746211500000
489.59,489.62,488.61,488.9598,1173797.0,1746212400000
488.93,489.97,488.9,489.65,923729.0,1746213300000
489.6,489.69,488.91,489.26,1212008.0,1746214200000
489.27,489.56,487.96,488.86,4309070.0,1746215100000
484.6,485.74,484.1,485.2001,2282691.0,1746451800000
485.25,486.15,484.66,485.75,1349232.0,1746452700000
485.78,487.09,485.16,485.7401,2187333.0,1746453600000
485.82,486.77,485.43,485.86,984676.0,1746454500000
485.865,486.56,484.64,486.3325,1301524.0,1746455400000
486.3399,487.17,486.145,486.9237,1100573.0,1746456300000
486.87,487.245,486.4227,486.75,1046064.0,1746457200000
486.72,487.4,486.4,486.76,1082416.0,1746458100000
486.79,487.01,485.99,486.52,563997.0,1746459000000
486.53,486.95,486.1,486.89,423551.0,1746459900000
486.9,487.56,486.7,487.0031,586974.0,1746460800000
487.0,487.82,486.99,487.6301,513876.0,1746461700000
487.65,487.88,487.17,487.73,327827.0,1746462600000
487.72,487.95,487.52,487.68,626833.0,1746463500000
487.67,487.72,487.25,487.29,587900.0,1746464400000
487.26,487.7,486.98,487.59,1140954.0,1746465300000
487.6,488.089,487.51,487.7,538866.0,1746466200000
487.69,488.17,487.67,487.89,498399.0,1746467100000
487.8978,488.56,487.77,488.5175,583821.0,1746468000000
488.51,488.575,488.18,488.31,458415.0,1746468900000
488.29,489.03,488.24,489.02,520011.0,1746469800000
489.01,489.02,488.04,488.085,734545.0,1746470700000
488.08,488.14,487.38,487.58,731650.0,1746471600000
487.55,487.92,486.99,487.14,792508.0,1746472500000
487.12,487.78,486.8385,487.1,1018761.0,1746473400000
487.06,487.11,485.5,485.95,2635116.0,1746474300000
479.56,481.19,479.16,480.7712,2317151.0,1746538200000
480.8,481.11,478.4,478.6109,2114345.0,1746539100000
478.66,480.72,478.19,480.0645,1343351.0,1746540000000
480.1,482.29,480.1,482.055,1684540.0,1746540900000
482.035,482.6,481.6,482.28,784144.0,1746541800000
482.31,482.92,481.8,482.15,807311.0,1746542700000
482.14,482.8,481.75,482.32,710589.0,1746543600000
482.3191,483.14,482.05,483.04,562337.0,1746544500000
483.02,483.29,482.08,482.23,1408280.0,1746545400000
482.2059,482.5,481.7,481.93,680324.0,1746546300000
481.95,485.05,481.61,484.55,1426764.0,1746547200000
484.61,484.64,481.83,482.1999,1787812.0,1746548100000
482.13,483.12,481.85,482.0,755242.0,1746549000000
482.0,482.17,481.06,481.16,1081914.0,1746549900000
481.215,482.48,481.16,482.0538,733308.0,1746550800000
482.06,482.4199,481.142,481.68,566723.0,1746551700000
481.64,482.18,480.6,480.77,839028.0,1746552600000
480.75,481.13,480.54,480.725,643093.0,1746553500000
480.75,481.94,480.75,481.31,806640.0,1746554400000
481.34,482.8399,481.34,482.73,763303.0,1746555300000
482.66,483.02,482.32,482.51,806573.0,1746556200000
482.5,483.34,482.17,483.32,737863.0,1746557100000
483.31,483.43,482.38,483.02,838278.0,1746558000000
483.04,483.31,482.58,483.2,635506.0,1746558900000
483.21,483.6899,482.95,483.5384,778872.0,1746559800000
483.52,483.8,481.31,481.42,2445049.0,1746560700000
482.08,482.95,481.3,482.75,1769514.0,1746624600000
482.74,483.1799,481.18,483.0144,1350088.0,1746625500000
483.04,483.44,482.37,483.265,928501.0,1746626400000
483.255,484.01,482.79,483.88,627752.0,1746627300000
483.88,483.9852,483.37,483.56,576365.0,1746628200000
483.51,483.64,480.44,480.7843,1728095.0,1746629100000
480.79,480.88,479.46,479.75,1412223.0,1746630000000
479.77,480.8,479.67,480.0101,956354.0,1746630900000
479.99,480.99,479.49,480.885,919458.0,1746631800000
480.9,481.05,479.42,480.87,875121.0,1746632700000
480.83,481.0499,480.1901,480.715,693713.0,1746633600000
480.7244,481.05,479.94,480.0,469449.0,1746634500000
480.02,481.38,479.86,481.365,569835.0,1746635400000
481.365,482.1856,481.16,482.04,788457.0,1746636300000
482.0342,482.69,481.87,482.5903,370873.0,1746637200000
482.6192,482.6192,481.63,482.09,478111.0,1746638100000
482.07,482.25,481.09,481.1212,335140.0,1746639000000
481.05,481.67,479.7972,480.19,1432571.0,1746639900000
480.1,481.31,476.95,477.57,2072962.0,1746640800000
477.5,479.41,476.782,479.02,1224309.0,1746641700000
479.0,481.08,478.47,480.43,1505726.0,1746642600000
480.46,482.15,478.34,481.73,1989003.0,1746643500000
481.7,481.88,480.26,481.1499,950334.0,1746644400000
481.14,481.47,478.85,479.065,809725.0,1746645300000
479.0,485.8,478.85,484.15,4155633.0,1746646200000
484.12,485.27,480.65,483.35,5040605.0,1746647100000
488.53,488.74,486.93,487.59,2039009.0,1746711000000
487.605,487.61,486.075,486.8,1711664.0,1746711900000
486.82,487.6,485.24,485.6899,1316202.0,1746712800000
485.73,487.05,485.57,486.83,1590433.0,1746713700000
486.83,487.44,485.575,486.39,1790005.0,1746714600000
486.42,486.739,484.17,485.0686,1694047.0,1746715500000
484.95,486.76,484.5,486.68,1060573.0,1746716400000
486.64,489.53,486.51,488.725,2179797.0,1746717300000
488.7201,491.93,488.05,491.6,2782014.0,1746718200000
491.64,492.17,490.7314,491.12,2507564.0,1746719100000
491.12,492.11,491.04,491.95,1553498.0,1746720000000
491.96,492.41,491.33,491.381,1063484.0,1746720900000
491.3949,492.36,491.24,492.2501,807275.0,1746721800000
492.24,492.7,491.975,492.55,937860.0,1746722700000
492.54,492.64,491.6,491.78,873913.0,1746723600000
491.76,492.07,491.4,491.81,666178.0,1746724500000
491.81,491.95,490.93,491.3001,707206.0,1746725400000
491.3699,491.64,490.53,490.6,749485.0,1746726300000
490.58,491.22,490.23,491.089,906634.0,1746727200000
491.05,491.52,490.92,491.0202,666253.0,1746728100000
491.02,492.23,491.0,492.11,941685.0,1746729000000
492.085,492.12,491.38,491.42,539969.0,1746729900000
491.42,491.63,490.95,491.25,625766.0,1746730800000
491.23,492.56,491.01,492.28,1419674.0,1746731700000
492.3,492.36,490.622,490.72,1039111.0,1746732600000
490.73,490.73,487.99,488.22,3226229.0,1746733500000
490.21,491.54,490.11,490.25,1810840.0,1746797400000
490.24,491.07,489.72,490.91,983247.0,1746798300000
490.86,491.4,490.4,490.88,866414.0,1746799200000
490.86,490.909,487.5,488.0001,1328837.0,1746800100000
488.04,488.43,486.195,487.43,2096523.0,1746801000000
487.44,488.59,487.045,488.2,1324561.0,1746801900000
488.2,489.0,487.83,488.47,928274.0,1746802800000
488.49,488.9099,487.4101,487.99,621450.0,1746803700000
488.0,488.4599,487.19,487.98,1054496.0,1746804600000
487.97,488.879,487.81,488.8201,700165.0,1746805500000
488.91,488.96,486.63,487.42,871233.0,1746806400000
487.44,487.82,487.0501,487.1899,418065.0,1746807300000
487.2,487.965,486.981,487.39,840379.0,1746808200000
487.35,487.47,486.54,486.91,965883.0,1746809100000
486.87,487.56,486.55,486.8,583510.0,1746810000000
486.8,487.81,486.26,487.28,727483.0,1746810900000
487.29,488.21,486.9,488.11,1372662.0,1746811800000
488.1185,488.65,487.87,488.51,502827.0,1746812700000
488.48,488.6,487.94,488.14,470486.0,1746813600000
488.14,488.3699,487.43,487.72,391981.0,1746814500000
487.73,488.2,487.66,487.86,441473.0,1746815400000
487.8453,488.45,487.79,488.15,550343.0,1746816300000
488.16,489.21,488.14,488.79,802422.0,1746817200000
488.82,488.97,488.25,488.54,681135.0,1746818100000
488.55,488.85,487.83,488.6,1005209.0,1746819000000
488.59,488.82,487.92,488.05,1898946.0,1746819900000
506.99,507.06,502.78,503.58,4478907.0,1747056600000
503.6,505.33,503.0201,503.8,2478274.0,1747057500000
503.83,505.05,503.28,505.0,1396535.0,1747058400000
505.02,505.32,502.28,502.7,2623746.0,1747059300000
502.74,504.0079,501.48,503.99,1863659.0,1747060200000
503.965,504.48,503.33,503.41,1263760.0,1747061100000
503.45,504.09,503.26,503.88,947463.0,1747062000000
503.88,504.0922,503.03,503.7741,872910.0,1747062900000
503.78,504.28,503.225,503.64,741881.0,1747063800000
503.62,504.0593,503.16,503.31,847117.0,1747064700000
503.33,504.4047,503.13,504.4047,1668068.0,1747065600000
504.37,505.0629,504.22,504.67,1051273.0,1747066500000
504.64,505.42,504.6,505.31,544833.0,1747067400000
505.33,506.17,505.19,506.01,1424956.0,1747068300000
506.0593,507.38,505.895,506.96,1486732.0,1747069200000
506.99,506.9949,506.2,506.55,658986.0,1747070100000
506.55,506.96,506.38,506.68,560808.0,1747071000000
506.68,507.23,506.66,506.75,525304.0,1747071900000
506.77,507.16,506.4436,506.8062,626701.0,1747072800000
506.7976,507.33,506.61,507.14,1045356.0,1747073700000
507.17,507.59,507.04,507.15,718836.0,1747074600000
507.16,507.33,506.42,506.46,945932.0,1747075500000
506.46,507.18,506.1,506.62,975146.0,1747076400000
506.62,506.93,505.9516,506.16,1324075.0,1747077300000
506.14,506.41,505.6,505.905,1565217.0,1747078200000
505.91,507.89,505.58,507.8,3908621.0,1747079100000
509.16,511.045,508.42,510.71,3494526.0,1747143000000
510.71,512.26,510.225,512.1175,2756859.0,1747143900000
512.12,514.2,511.88,513.99,3414426.0,1747144800000
514.0,514.95,513.82,514.13,3152810.0,1747145700000
514.15,514.57,513.62,513.6875,2530881.0,1747146600000
513.7,515.29,513.555,515.09,2112413.0,1747147500000
515.1,515.4,514.62,514.98,1506911.0,1747148400000
514.99,516.1,514.98,515.755,1814390.0,1747149300000
515.75,516.28,515.64,516.0273,1374293.0,1747150200000
516.05,516.35,515.52,515.89,2000314.0,1747151100000
515.9,516.1,515.13,515.98,1271043.0,1747152000000
516.01,516.47,515.44,516.36,1267009.0,1747152900000
516.3209,516.85,515.92,516.77,1720894.0,1747153800000
516.775,517.18,516.69,516.78,1477926.0,1747154700000
516.8,516.92,516.29,516.41,1257902.0,1747155600000
516.42,516.94,516.37,516.67,880693.0,1747156500000
516.685,517.39,516.65,516.85,1277260.0,1747157400000
516.84,517.33,516.12,516.18,2257491.0,1747158300000
516.19,516.46,515.64,516.44,1160326.0,1747159200000
516.44,516.61,516.09,516.34,964589.0,1747160100000
516.36,516.5,515.89,516.025,1136883.0,1747161000000
516.0152,517.03,515.78,516.9299,1099802.0,1747161900000
516.91,517.1,516.55,517.0401,1446987.0,1747162800000
517.045,517.28,516.67,516.79,1058491.0,1747163700000
516.78,517.27,516.7,516.83,2123429.0,1747164600000
516.83,516.99,515.26,515.58,3833075.0,1747165500000
516.77,518.92,516.69,517.4,3928628.0,1747229400000
517.4,517.5,515.75,517.0992,3006432.0,1747230300000
517.12,517.85,516.33,517.3599,2438067.0,1747231200000
517.35,517.5175,516.49,517.42,1776256.0,1747232100000
517.4,517.76,516.73,516.89,1744690.0,1747233000000
516.9,518.05,516.76,517.7536,1471645.0,1747233900000
517.77,517.87,516.11,517.5,2323987.0,1747234800000
517.51,518.41,517.2,518.15,1229416.0,1747235700000
518.14,518.53,517.95,518.44,2121767.0,1747236600000
518.45,518.49,517.84,518.2,1015828.0,1747237500000
518.19,518.7,518.04,518.47,1091120.0,1747238400000
518.5,518.51,517.97,518.41,1120888.0,1747239300000
518.42,519.2279,517.73,518.04,1601803.0,1747240200000
518.04,518.36,517.86,517.98,841189.0,1747241100000
517.99,518.04,517.19,517.46,897687.0,1747242000000
517.45,517.5,515.92,516.73,2366133.0,1747242900000
516.72,517.66,516.629,517.3807,1169056.0,1747243800000
517.3601,518.04,517.11,517.9364,1194182.0,1747244700000
517.94,518.17,517.39,517.78,673857.0,1747245600000
517.79,518.14,517.24,517.47,897832.0,1747246500000
517.48,518.82,517.46,518.25,1417727.0,1747247400000
518.26,518.45,517.82,518.03,723761.0,1747248300000
518.03,518.17,517.32,518.0,1418598.0,1747249200000
518.02,518.29,517.21,517.685,1293518.0,1747250100000
517.68,518.01,517.192,517.44,1126743.0,1747251000000
517.43,518.93,517.1,518.7,3936883.0,1747251900000
516.52,517.38,515.94,516.83,3036189.0,1747315800000
516.84,516.9199,515.17,516.4,2219342.0,1747316700000
516.39,517.525,515.8,516.47,1709559.0,1747317600000
516.52,517.11,515.87,516.12,1377115.0,1747318500000
516.11,516.6,515.39,516.395,1521906.0,1747319400000
516.345,517.25,515.99,517.2409,1388596.0,1747320300000
517.26,518.32,517.075,518.169,1938097.0,1747321200000
518.16,519.37,518.13,518.96,1749345.0,1747322100000
519.0,519.91,518.52,519.81,1751448.0,1747323000000
519.8,519.92,519.18,519.5009,1324361.0,1747323900000
519.52,520.28,519.29,519.7109,1517707.0,1747324800000
519.7397,520.0314,519.37,519.85,1266674.0,1747325700000
519.83,520.57,519.48,520.525,1031667.0,1747326600000
520.5247,521.04,520.5247,521.01,1263691.0,1747327500000
521.015,521.43,520.88,521.2,1106997.0,1747328400000
521.2,521.93,521.13,521.72,1074534.0,1747329300000
521.71,521.72,520.78,521.365,1072636.0,1747330200000
521.34,521.4192,520.48,520.63,1438767.0,1747331100000
520.63,520.63,519.2,519.3301,1437937.0,1747332000000
519.305,519.38,518.24,519.06,1708823.0,1747332900000
519.03,519.82,518.97,519.47,1571785.0,1747333800000
519.47,519.52,518.5401,518.63,1724891.0,1747334700000
518.62,519.39,518.14,518.48,1380413.0,1747335600000
518.47,519.01,516.48,516.9,2495381.0,1747336500000
516.87,518.3332,516.87,517.99,2121919.0,1747337400000
517.98,519.31,517.69,519.29,4860360.0,1747338300000
520.66,520.72,518.79,519.375,2872206.0,1747402200000
519.4,520.17,519.28,519.97,1521159.0,1747403100000
520.0,520.17,518.86,519.55,2301421.0,1747404000000
519.55,520.37,519.25,519.335,1721859.0,1747404900000
519.35,519.36,517.14,517.23,2469238.0,1747405800000
517.21,519.14,517.1,518.7868,2500445.0,1747406700000
518.79,519.17,518.39,518.92,2534558.0,1747407600000
518.91,519.18,518.42,518.98,817036.0,1747408500000
518.99,520.02,518.96,519.74,1353070.0,1747409400000
519.75,519.87,519.1001,519.295,993481.0,1747410300000
519.295,519.91,519.14,519.81,884053.0,1747411200000
519.83,520.24,519.72,519.84,2169079.0,1747412100000
519.85,520.13,519.44,519.63,986866.0,1747413000000
519.64,520.105,519.4,519.66,1326771.0,1747413900000
519.67,520.21,519.49,520.16,1137485.0,1747414800000
520.17,520.57,520.07,520.41,1073993.0,1747415700000
520.41,520.8791,520.2001,520.379,1032311.0,1747416600000
520.36,520.46,519.84,520.09,904015.0,1747417500000
520.1,520.4506,519.88,520.35,994890.0,1747418400000
520.34,520.6398,520.14,520.44,895499.0,1747419300000
520.44,521.06,520.305,520.9,1027913.0,1747420200000
520.91,521.25,520.8,520.8486,1232701.0,1747421100000
520.85,521.55,520.815,521.3392,1475329.0,1747422000000
521.35,521.45,521.08,521.315,1176861.0,1747422900000
521.32,521.32,520.55,520.65,2104778.0,1747423800000
520.66,521.7,520.495,521.52,4989102.0,1747424700000
514.24,517.47,514.24,517.425,4225418.0,1747661400000
517.41,518.44,516.92,518.01,2727458.0,1747662300000
517.99,520.95,517.8,519.5499,3193028.0,1747663200000
519.55,520.56,518.5,519.1667,2147184.0,1747664100000
519.19,519.88,518.62,519.6,4073663.0,1747665000000
519.6,519.87,518.52,518.8999,1312363.0,1747665900000
518.91,519.705,518.57,519.54,1943386.0,1747666800000
519.52,519.89,519.0,519.16,914470.0,1747667700000
519.17,520.88,519.04,520.2099,1496975.0,1747668600000
520.22,520.43,519.3515,519.87,820128.0,1747669500000
519.88,520.34,519.74,520.15,1580259.0,1747670400000
520.15,520.92,516.3,520.78,807111.0,1747671300000
520.79,520.89,520.14,520.33,906095.0,1747672200000
520.31,521.54,520.19,521.435,1556861.0,1747673100000
521.43,522.53,521.32,522.36,1943011.0,1747674000000
522.38,522.51,521.88,522.0,1178593.0,1747674900000
522.02,522.5,521.71,521.96,2087150.0,1747675800000
521.98,522.02,521.3402,521.45,1496176.0,1747676700000
521.44,521.62,520.84,520.945,1450798.0,1747677600000
520.94,521.02,520.265,520.51,1465081.0,1747678500000
520.53,521.4,520.41,520.95,1105091.0,1747679400000
520.95,521.49,520.71,521.37,2104165.0,1747680300000
521.38,521.63,520.735,520.85,1142883.0,1747681200000
520.84,520.9,520.11,520.47,1610484.0,1747682100000
520.48,521.03,520.42,520.58,1206723.0,1747683000000
520.57,522.275,520.52,522.03,3145292.0,1747683900000
519.47,520.095,518.96,519.47,2490683.0,1747747800000
519.49,519.92,518.07,519.03,2198170.0,1747748700000
519.03,519.51,518.28,518.82,1651988.0,1747749600000
518.81,519.79,518.65,519.03,2587338.0,1747750500000
518.99,520.29,518.73,520.25,1516208.0,1747751400000
520.26,520.38,519.26,519.34,1955013.0,1747752300000
519.33,519.76,518.86,519.52,1329702.0,1747753200000
519.52,519.92,519.26,519.69,772065.0,1747754100000
519.69,519.82,519.005,519.0801,798683.0,1747755000000
519.0707,520.25,518.93,520.0,1338331.0,1747755900000
520.0,520.15,519.23,519.63,959945.0,1747756800000
519.63,520.095,519.28,519.89,1044874.0,1747757700000
519.89,520.74,519.84,520.71,983542.0,1747758600000
520.705,520.88,520.52,520.565,781266.0,1747759500000
520.57,520.93,520.47,520.8101,693175.0,1747760400000
520.8,520.8,520.2003,520.435,535309.0,1747761300000
520.44,520.49,519.61,519.96,1092316.0,1747762200000
519.94,520.02,519.34,519.89,904341.0,1747763100000
519.88,520.11,519.65,519.96,567939.0,1747764000000
519.95,520.1,517.7,517.93,1592865.0,1747764900000
517.92,518.79,517.75,518.115,1464950.0,1747765800000
518.08,518.31,517.7701,517.88,823738.0,1747766700000
517.86,518.0818,516.66,518.01,2441327.0,1747767600000
517.99,518.82,517.77,518.56,1407899.0,1747768500000
518.58,519.52,518.575,518.95,1826758.0,1747769400000
518.95,520.36,518.7307,520.24,3951080.0,1747770300000
516.27,518.52,516.21,518.3,3343021.0,1747834200000
518.34,519.3,518.14,518.57,2133390.0,1747835100000
518.57,520.08,518.3,518.84,2824174.0,1747836000000
518.85,519.5,518.6503,518.81,1563329.0,1747836900000
518.8,519.57,518.53,518.84,1812102.0,1747837800000
518.84,520.59,518.58,520.5594,1482394.0,1747838700000
520.54,522.12,520.32,522.03,2570858.0,1747839600000
522.0101,522.43,521.56,522.06,1774724.0,1747840500000
522.05,522.17,521.42,522.1007,1389217.0,1747841400000
522.1,522.4,521.69,521.96,1762597.0,1747842300000
521.96,522.79,521.95,522.445,1443804.0,1747843200000
522.45,522.53,521.83,522.31,1048861.0,1747844100000
522.34,522.68,522.21,522.525,947316.0,1747845000000
522.53,523.0,521.89,521.9699,1146250.0,1747845900000
521.96,522.15,520.25,520.53,2643454.0,1747846800000
520.51,520.57,514.21,514.4499,6825152.0,1747847700000
514.44,517.45,513.38,516.08,6243294.0,1747848600000
516.03,516.98,515.31,516.0501,1941351.0,1747849500000
516.06,516.32,514.645,515.1996,2294149.0,1747850400000
515.17,515.73,514.02,515.28,1819471.0,1747851300000
515.32,516.33,515.12,515.93,1656190.0,1747852200000
515.92,516.1,513.54,513.82,2263513.0,1747853100000
513.83,514.45,511.73,512.95,3462755.0,1747854000000
512.95,513.13,511.24,511.81,3012960.0,1747854900000
511.83,514.51,511.83,514.2907,3582483.0,1747855800000
514.28,514.82,513.03,513.05,6267536.0,1747856700000
513.66,514.86,512.3,513.3399,3686442.0,1747920600000
513.46,516.62,513.17,516.5,3142562.0,1747921500000
516.52,517.54,515.89,516.12,2580455.0,1747922400000
516.13,516.43,514.658,515.19,2060247.0,1747923300000
515.21,515.95,514.56,514.875,2149150.0,1747924200000
514.84,515.65,513.58,515.17,2462956.0,1747925100000
515.1491,515.9091,514.97,515.1,1756970.0,1747926000000
515.09,516.02,514.48,514.55,1674029.0,1747926900000
514.54,515.95,514.38,515.83,2870679.0,1747927800000
515.8,516.34,515.4207,516.14,1341106.0,1747928700000
516.13,516.92,515.55,516.85,1657988.0,1747929600000
516.82,517.39,515.91,516.0513,1624819.0,1747930500000
516.05,516.19,515.49,515.58,1127676.0,1747931400000
515.56,515.67,514.63,514.81,1174360.0,1747932300000
514.83,515.13,514.31,514.4077,956153.0,1747933200000
514.4,516.12,514.37,515.995,1389129.0,1747934100000
515.99,516.55,515.51,516.55,1409032.0,1747935000000
516.54,517.06,515.99,516.6202,1599413.0,1747935900000
516.63,516.98,516.25,516.67,1195916.0,1747936800000
516.67,517.13,516.42,516.61,1226743.0,1747937700000
516.6,516.96,516.07,516.34,1046401.0,1747938600000
516.36,517.24,516.23,516.95,1150043.0,1747939500000
516.96,517.71,516.86,517.39,1325005.0,1747940400000
517.39,517.56,516.75,517.42,977898.0,1747941300000
517.43,517.48,515.83,515.88,1660803.0,1747942200000
515.86,516.65,513.5913,514.02,6413113.0,1747943100000
506.18,508.715,505.58,507.57,5569770.0,1748007000000
507.61,507.67,506.06,507.14,3116914.0,1748007900000
507.15,509.68,506.98,509.1102,2846097.0,1748008800000
509.11,509.56,507.71,508.45,1819224.0,1748009700000
508.45,509.52,508.23,508.995,2040628.0,1748010600000
509.0,509.5392,507.6,507.67,1768297.0,1748011500000
507.67,508.645,507.3,507.8299,1916057.0,1748012400000
507.81,508.98,507.06,508.88,1281765.0,1748013300000
508.84,510.03,508.73,509.47,1531648.0,1748014200000
509.46,509.58,508.25,508.27,1225012.0,1748015100000
508.265,509.19,507.88,508.49,2267378.0,1748016000000
508.43,509.47,508.22,509.01,1118277.0,1748016900000
509.03,509.5,508.29,509.3031,851530.0,1748017800000
509.33,509.96,509.24,509.43,1618079.0,1748018700000
509.43,510.79,509.16,510.47,1537143.0,1748019600000
510.46,511.59,510.39,511.51,1452019.0,1748020500000
511.515,511.52,510.28,510.61,1121905.0,1748021400000
510.61,511.59,510.4,511.1401,1269101.0,1748022300000
511.12,511.8191,510.945,511.55,1375913.0,1748023200000
511.54,511.84,509.98,510.76,2258638.0,1748024100000
510.72,511.46,510.66,510.93,1018235.0,1748025000000
510.93,511.2,510.28,510.75,922007.0,1748025900000
510.76,511.5,510.06,511.22,1783071.0,1748026800000
511.23,511.23,509.53,510.18,1666141.0,1748027700000
510.15,511.11,509.9671,510.83,1615617.0,1748028600000
510.82,510.91,508.82,509.2865,5240512.0,1748029500000
516.15,516.8,514.59,515.77,3893765.0,1748352600000
515.78,517.1,515.66,516.9901,1947810.0,1748353500000
517.03,518.79,516.98,518.3899,2243940.0,1748354400000
518.39,519.17,518.3,518.85,2251319.0,1748355300000
518.86,519.22,518.56,518.88,1518442.0,1748356200000
518.89,519.31,518.35,518.496,1476556.0,1748357100000
518.49,519.07,518.44,519.035,1121562.0,1748358000000
519.04,519.575,518.7722,519.34,1280986.0,1748358900000
519.32,519.435,518.82,519.2001,1004282.0,1748359800000
519.21,519.71,519.11,519.56,1168885.0,1748360700000
519.57,519.99,519.47,519.9,1320200.0,1748361600000
519.91,520.15,519.81,519.825,991563.0,1748362500000
519.84,520.99,519.815,520.65,1728314.0,1748363400000
520.66,520.7512,520.29,520.31,1052555.0,1748364300000
520.31,520.81,520.31,520.69,1077758.0,1748365200000
520.71,521.19,520.65,520.885,1106608.0,1748366100000
520.9,521.07,520.65,521.0,1178115.0,1748367000000
521.0,521.49,520.89,521.42,1369614.0,1748367900000
521.42,521.71,521.21,521.46,1423943.0,1748368800000
521.46,521.525,520.82,521.04,1382143.0,1748369700000
521.06,521.2,520.63,520.7699,1093091.0,1748370600000
520.76,521.0,520.55,520.59,888977.0,1748371500000
520.58,520.7201,520.29,520.39,1588877.0,1748372400000
520.39,520.74,520.26,520.44,1126954.0,1748373300000
520.44,520.66,519.91,520.5,1909620.0,1748374200000
520.48,521.28,520.04,521.21,5829034.0,1748375100000
522.18,523.68,521.85,523.11,2770159.0,1748439000000
523.12,523.17,520.91,521.27,1845010.0,1748439900000
521.28,521.7599,521.0201,521.39,1259581.0,1748440800000
521.38,521.59,520.59,521.0,1317052.0,1748441700000
521.01,521.19,520.45,520.78,1241514.0,1748442600000
520.78,521.05,520.3,520.4116,1024289.0,1748443500000
520.4193,521.3,520.33,520.57,1172521.0,1748444400000
520.58,521.52,520.58,521.055,2028682.0,1748445300000
521.05,521.285,520.63,520.875,1198653.0,1748446200000
520.87,521.18,520.46,520.53,759535.0,1748447100000
520.5387,521.46,520.53,521.28,785831.0,1748448000000
521.29,521.49,521.07,521.33,919122.0,1748448900000
521.32,521.605,521.18,521.31,554301.0,1748449800000
521.32,521.46,520.92,521.22,856877.0,1748450700000
521.22,521.76,521.09,521.46,928765.0,1748451600000
521.47,521.83,521.25,521.54,687509.0,1748452500000
521.54,521.58,521.0,521.208,786658.0,1748453400000
521.2,521.55,521.13,521.34,769178.0,1748454300000
521.33,522.12,521.32,521.95,1321111.0,1748455200000
521.9546,521.96,521.36,521.61,782730.0,1748456100000
521.6,521.9,521.56,521.72,658533.0,1748457000000
521.73,521.79,519.67,521.3,2437413.0,1748457900000
521.3,522.3801,521.09,521.69,2048618.0,1748458800000
521.69,521.855,520.83,521.0307,2280310.0,1748459700000
521.04,521.1201,519.815,520.11,2891711.0,1748460600000
520.12,520.515,518.39,518.95,4737311.0,1748461500000
526.33,526.48,522.69,522.77,4395667.0,1748525400000
522.78,523.53,521.78,522.59,3239719.0,1748526300000
522.56,522.95,519.61,520.6,3740351.0,1748527200000
520.59,521.22,519.25,521.08,2761573.0,1748528100000
521.07,521.52,520.46,521.07,2122807.0,1748529000000
521.075,522.66,520.925,522.52,1839277.0,1748529900000
522.51,522.59,521.14,521.2,2167341.0,1748530800000
521.2,522.37,521.09,522.15,1722952.0,1748531700000
522.14,522.23,520.32,520.74,2179016.0,1748532600000
520.73,521.12,517.905,518.4691,2537314.0,1748533500000
518.42,519.92,517.32,519.86,2839920.0,1748534400000
519.84,520.6,519.84,520.32,1460279.0,1748535300000
520.33,521.04,520.275,520.88,1232283.0,1748536200000
520.89,521.43,520.32,521.06,1155347.0,1748537100000
521.05,521.64,520.6501,520.86,1065475.0,1748538000000
520.86,520.94,519.91,520.07,1510650.0,1748538900000
520.07,520.58,519.7099,519.86,1157382.0,1748539800000
519.88,520.12,518.92,519.0287,1650814.0,1748540700000
519.03,519.81,518.94,519.56,1144865.0,1748541600000
519.57,519.7,517.71,518.03,1543787.0,1748542500000
518.0,519.4101,518.0,519.21,1301431.0,1748543400000
519.21,519.645,518.44,518.78,1610514.0,1748544300000
518.795,519.4,518.275,518.4,2017038.0,1748545200000
518.4,519.88,518.2,518.97,1649777.0,1748546100000
518.97,519.62,518.95,519.35,1568362.0,1748547000000
519.34,520.91,519.03,519.96,5046191.0,1748547900000
519.44,519.66,517.35,517.4897,3287012.0,1748611800000
517.45,518.12,515.89,516.47,2802866.0,1748612700000
516.46,519.47,516.4,519.1416,2992709.0,1748613600000
519.12,519.68,518.83,519.5,1838751.0,1748614500000
519.49,519.86,518.92,519.165,1730113.0,1748615400000
519.17,519.58,518.56,518.79,1890741.0,1748616300000
518.8,519.27,518.31,518.6,1668929.0,1748617200000
518.6,519.34,517.91,519.09,1840534.0,1748618100000
519.09,519.35,517.16,517.49,2058235.0,1748619000000
517.48,518.59,517.27,518.005,1630880.0,1748619900000
518.02,518.33,517.36,518.04,2109782.0,1748620800000
518.025,518.14,514.07,514.44,2755770.0,1748621700000
514.43,514.51,512.12,513.425,4556425.0,1748622600000
513.41,513.62,511.93,512.85,2471425.0,1748623500000
512.84,514.9,512.36,514.14,2900498.0,1748624400000
514.14,514.57,513.6,514.41,2209895.0,1748625300000
514.4,515.19,514.2,514.505,1289871.0,1748626200000
514.51,515.355,514.13,514.45,1366359.0,1748627100000
514.45,516.08,514.43,515.8999,1397722.0,1748628000000
515.91,517.4,515.71,516.98,2480631.0,1748628900000
516.98,517.33,516.53,516.709,1314320.0,1748629800000
516.71,517.64,516.625,517.48,1270489.0,1748630700000
517.47,518.8501,517.38,518.465,2754427.0,1748631600000
518.47,519.84,518.44,519.58,1896647.0,1748632500000
519.6,520.0591,518.63,519.09,2502598.0,1748633400000
519.08,520.68,518.5693,519.13,7586310.0,1748634300000
517.24,521.35,517.22,520.505,3777492.0,1748871000000
520.6,520.75,517.5,517.75,2710630.0,1748871900000
517.73,518.26,515.97,517.81,3322839.0,1748872800000
517.83,519.58,517.6,519.455,2073132.0,1748873700000
519.45,520.47,518.73,519.145,2564370.0,1748874600000
519.15,520.05,518.93,519.87,1718498.0,1748875500000
519.88,520.34,518.88,519.89,2304484.0,1748876400000
519.89,519.97,519.0,519.22,1027327.0,1748877300000
519.26,519.97,518.89,519.89,1031775.0,1748878200000
519.88,521.02,519.785,520.78,1696955.0,1748879100000
520.77,520.89,520.18,520.73,1023693.0,1748880000000
520.73,520.95,520.18,520.49,862679.0,1748880900000
520.47,520.88,520.0,520.12,762363.0,1748881800000
520.12,521.27,520.07,521.06,919022.0,1748882700000
521.1,521.75,521.02,521.2,997098.0,1748883600000
521.22,521.49,520.955,521.145,859231.0,1748884500000
521.13,521.4593,520.88,520.985,742444.0,1748885400000
520.98,521.23,520.57,521.08,824438.0,1748886300000
521.05,521.58,520.62,521.46,1670887.0,1748887200000
521.47,522.67,521.46,522.5893,1903534.0,1748888100000
522.59,522.76,522.18,522.51,904021.0,1748889000000
522.52,523.0,522.28,522.81,862369.0,1748889900000
522.8,523.105,522.6907,522.8,1156555.0,1748890800000
522.8,523.45,522.54,523.15,1240297.0,1748891700000
523.15,523.16,522.48,522.655,1248794.0,1748892600000
522.65,523.35,522.29,523.21,2977476.0,1748893500000
523.56,524.77,522.69,524.01,2949283.0,1748957400000
524.015,525.039,523.89,524.79,2084437.0,1748958300000
524.75,525.81,523.86,525.04,2458196.0,1748959200000
525.05,525.58,524.84,525.415,1442869.0,1748960100000
525.41,525.415,524.52,525.1799,1334957.0,1748961000000
525.17,526.39,525.14,526.355,1572353.0,1748961900000
526.35,526.75,526.16,526.38,1614433.0,1748962800000
526.385,526.97,526.2201,526.6,1119823.0,1748963700000
526.62,526.9,526.36,526.77,1619944.0,1748964600000
526.77,527.0,526.22,526.9101,1245072.0,1748965500000
526.92,527.12,526.71,527.06,1123550.0,1748966400000
527.05,527.63,527.045,527.52,1347239.0,1748967300000
527.52,528.41,527.46,528.17,1469813.0,1748968200000
528.165,528.45,528.015,528.225,756580.0,1748969100000
528.23,528.37,528.07,528.295,995433.0,1748970000000
528.28,528.74,528.28,528.375,1206743.0,1748970900000
528.39,528.475,527.87,528.15,1327750.0,1748971800000
528.16,528.31,527.7,527.74,1185780.0,1748972700000
527.75,527.8201,525.77,526.16,2448500.0,1748973600000
526.16,527.34,525.88,527.31,1480661.0,1748974500000
527.29,527.54,527.05,527.515,972760.0,1748975400000
527.52,527.65,527.12,527.59,1032680.0,1748976300000
527.6,527.79,527.12,527.31,1247964.0,1748977200000
527.31,527.71,527.27,527.64,1141285.0,1748978100000
527.64,527.69,526.8946,527.02,1256661.0,1748979000000
527.01,527.94,526.48,527.42,3912389.0,1748979900000
528.01,529.66,527.84,528.85,2941132.0,1749043800000
528.79,529.48,528.24,528.61,2286568.0,1749044700000
528.61,528.61,525.9694,527.67,3360382.0,1749045600000
527.68,528.51,527.31,528.46,1869574.0,1749046500000
528.45,528.82,527.66,528.03,1663036.0,1749047400000
528.03,528.94,527.56,528.88,1085654.0,1749048300000
528.89,529.43,528.76,529.1299,1584457.0,1749049200000
529.14,529.31,528.718,528.73,1066928.0,1749050100000
528.72,529.2,528.16,528.38,1172800.0,1749051000000
528.34,529.0,528.3,528.7,1063616.0,1749051900000
528.69,528.75,527.5488,527.62,819791.0,1749052800000
527.63,528.36,527.58,527.86,805243.0,1749053700000
527.85,528.24,527.69,528.21,661511.0,1749054600000
528.21,528.75,528.15,528.685,593811.0,1749055500000
528.69,529.24,528.66,529.14,737584.0,1749056400000
529.14,529.36,528.9601,529.175,673109.0,1749057300000
529.17,529.4,528.72,529.14,915430.0,1749058200000
529.15,529.56,529.08,529.465,692331.0,1749059100000
529.47,529.78,529.28,529.5,1494317.0,1749060000000
529.51,529.745,529.26,529.71,1160702.0,1749060900000
529.7,529.84,529.46,529.755,1701582.0,1749061800000
529.78,529.79,529.13,529.38,2108688.0,1749062700000
529.39,529.75,529.21,529.625,855391.0,1749063600000
529.62,529.7,529.29,529.42,850550.0,1749064500000
529.42,529.61,528.925,529.32,1570755.0,1749065400000
529.33,529.54,528.55,528.78,3467859.0,1749066300000
530.18,530.85,528.33,529.39,2797405.0,1749130200000
529.36,529.41,527.27,528.028,2112576.0,1749131100000
528.04,528.98,527.55,528.0599,2042393.0,1749132000000
528.02,529.98,527.79,529.92,1733667.0,1749132900000
529.91,531.47,527.59,530.66,3971024.0,1749133800000
530.63,531.75,529.96,531.29,2724700.0,1749134700000
531.29,531.68,530.96,531.61,1890677.0,1749135600000
531.6,532.94,531.57,532.7893,2214005.0,1749136500000
532.78,532.995,532.4,532.745,1155463.0,1749137400000
532.77,533.05,532.23,532.79,1112013.0,1749138300000
532.78,532.85,531.44,531.5264,1361034.0,1749139200000
531.5,531.59,530.21,531.3799,1804961.0,1749140100000
531.36,531.52,529.91,529.93,917119.0,1749141000000
529.92,529.92,526.78,527.175,3121947.0,1749141900000
527.15,528.89,526.51,528.8594,2024755.0,1749142800000
528.85,529.53,528.84,529.23,1287761.0,1749143700000
529.21,529.62,529.2,529.42,891091.0,1749144600000
529.42,529.4293,527.9703,528.16,1091950.0,1749145500000
528.19,528.42,526.94,527.105,1693216.0,1749146400000
527.08,527.78,525.12,527.635,2530575.0,1749147300000
527.62,528.4,527.16,527.66,1876721.0,1749148200000
527.63,528.2,526.98,527.12,1444816.0,1749149100000
527.12,527.39,525.29,525.41,2107947.0,1749150000000
525.43,525.83,522.66,524.43,4064751.0,1749150900000
524.43,526.84,524.37,525.73,2945010.0,1749151800000
525.705,526.72,524.135,524.7,4925884.0,1749152700000
530.0,531.33,529.3,531.05,4351789.0,1749216600000
531.06,531.62,530.15,531.0209,2843139.0,1749217500000
531.07,531.33,530.312,530.96,1791344.0,1749218400000
530.99,531.13,529.29,529.7101,1588611.0,1749219300000
529.71,530.96,529.222,530.765,1575869.0,1749220200000
530.77,531.1,530.4,530.57,1085705.0,1749221100000
530.56,531.71,530.5,531.1,1599948.0,1749222000000
531.105,531.13,528.57,529.85,2165861.0,1749222900000
529.84,530.2,529.39,530.09,1102008.0,1749223800000
530.09,530.775,529.9,530.25,1051224.0,1749224700000
530.27,530.92,530.15,530.69,791438.0,1749225600000
530.69,530.7,529.64,529.86,837746.0,1749226500000
529.84,530.07,528.86,529.15,1172007.0,1749227400000
529.1384,529.54,528.21,529.0209,993107.0,1749228300000
529.01,529.27,528.58,529.21,1039678.0,1749229200000
529.2,530.16,529.06,529.81,875171.0,1749230100000
529.82,530.45,529.82,530.42,673821.0,1749231000000
530.43,530.73,530.36,530.6199,709079.0,1749231900000
530.61,531.39,530.61,531.29,1249454.0,1749232800000
531.29,531.64,531.0103,531.15,1121280.0,1749233700000
531.14,531.8,530.93,531.0801,1441782.0,1749234600000
531.08,531.32,530.75,530.94,726951.0,1749235500000
530.93,531.23,530.64,530.77,962196.0,1749236400000
530.75,530.79,530.06,530.295,1011165.0,1749237300000
530.29,530.4586,529.89,530.3,1095287.0,1749238200000
530.31,530.77,529.74,529.84,3881897.0,1749239100000
530.14,530.55,529.01,530.1,2206288.0,1749475800000
530.1,530.67,529.64,529.88,2016119.0,1749476700000
529.92,531.42,529.91,531.405,1692750.0,1749477600000
531.405,531.79,531.16,531.46,1289678.0,1749478500000
531.46,532.35,531.35,531.58,1641667.0,1749479400000
531.58,531.68,530.93,531.22,929065.0,1749480300000
531.22,531.85,531.155,531.44,1181862.0,1749481200000
531.45,531.45,530.53,530.7907,882727.0,1749482100000
530.81,531.24,530.72,530.93,890385.0,1749483000000
530.96,531.33,530.68,531.13,740580.0,1749483900000
531.15,531.39,530.59,530.985,696062.0,1749484800000
530.97,531.19,530.66,530.92,557834.0,1749485700000
530.93,531.62,530.92,531.57,740838.0,1749486600000
531.57,532.23,531.43,531.8864,1040267.0,1749487500000
531.88,532.17,531.48,531.7,990105.0,1749488400000
531.67,532.04,531.03,531.6,902224.0,1749489300000
531.6,531.99,531.27,531.96,639322.0,1749490200000
531.97,532.08,531.67,531.815,707553.0,1749491100000
531.82,531.96,531.57,531.7818,681473.0,1749492000000
531.8,531.99,531.61,531.78,548021.0,1749492900000
531.77,531.875,531.2,531.47,828046.0,1749493800000
531.48,532.0873,531.42,531.885,1317157.0,1749494700000
531.88,532.0,531.59,531.65,791766.0,1749495600000
531.65,531.67,531.31,531.59,1434114.0,1749496500000
531.58,531.76,531.0673,531.1,1264906.0,1749497400000
531.07,531.62,530.58,530.68,3687625.0,1749498300000
531.17,532.37,530.75,531.575,2565423.0,1749562200000
531.577,532.54,531.28,531.68,2039600.0,1749563100000
531.68,532.27,531.47,532.02,1405741.0,1749564000000
532.01,532.27,531.76,532.07,885907.0,1749564900000
532.07,532.39,531.755,532.25,1126565.0,1749565800000
532.26,532.44,531.5,531.58,956478.0,1749566700000
531.58,532.14,531.38,531.98,1127057.0,1749567600000
531.99,532.18,531.6,531.67,780501.0,1749568500000
531.675,531.675,528.89,531.3384,3071862.0,1749569400000
531.31,532.12,531.23,532.07,1353577.0,1749570300000
532.07,532.82,532.01,532.56,1587836.0,1749571200000
532.56,533.06,532.41,532.865,914418.0,1749572100000
532.88,532.915,532.51,532.565,600459.0,1749573000000
532.58,533.02,532.54,532.8901,883489.0,1749573900000
532.91,533.41,532.54,533.26,1260309.0,1749574800000
533.26,533.3,532.41,532.4401,921867.0,1749575700000
532.46,532.5191,531.9,532.22,1051860.0,1749576600000
532.23,532.46,531.97,532.02,722791.0,1749577500000
532.03,532.03,530.78,531.575,1795338.0,1749578400000
531.555,532.16,531.54,532.0501,620823.0,1749579300000
532.04,532.51,532.01,532.49,699398.0,1749580200000
532.5,534.31,532.4,533.8509,1918637.0,1749581100000
533.83,534.9,533.82,534.59,2651967.0,1749582000000
534.57,534.62,533.65,534.31,2022300.0,1749582900000
534.3,534.32,533.14,533.55,1651352.0,1749583800000
533.56,534.42,532.94,534.28,3417595.0,1749584700000
535.62,535.81,534.27,534.55,2941991.0,1749648600000
534.55,535.16,533.19,534.76,2376390.0,1749649500000
534.78,535.6,534.58,535.55,1863515.0,1749650400000
535.54,536.26,535.27,536.135,1626261.0,1749651300000
536.14,536.42,535.84,536.32,1286743.0,1749652200000
536.33,536.69,536.05,536.56,1446582.0,1749653100000
536.55,536.78,534.84,535.75,2445827.0,1749654000000
535.8,536.32,535.53,535.638,1339841.0,1749654900000
535.66,535.84,535.025,535.135,1014847.0,1749655800000
535.13,535.71,534.64,535.03,1438901.0,1749656700000
535.07,535.3393,533.56,534.1,2178336.0,1749657600000
534.095,534.68,532.97,534.64,1628699.0,1749658500000
534.63,534.925,534.15,534.315,1038646.0,1749659400000
534.34,534.9,534.1601,534.64,764974.0,1749660300000
534.64,535.61,534.44,535.19,1296682.0,1749661200000
535.19,535.48,534.97,535.365,595615.0,1749662100000
535.375,535.44,534.15,534.69,909611.0,1749663000000
534.69,534.74,533.02,533.17,1421032.0,1749663900000
533.14,533.48,531.09,531.19,3269461.0,1749664800000
531.19,532.23,530.11,531.538,2987114.0,1749665700000
531.585,532.9603,530.68,532.915,2806040.0,1749666600000
532.9,533.07,531.54,531.8,1644002.0,1749667500000
531.81,532.0,530.97,531.88,1907441.0,1749668400000
531.87,532.12,531.095,531.54,1746270.0,1749669300000
531.55,532.065,530.92,531.84,2229737.0,1749670200000
531.85,532.55,531.42,532.45,4406088.0,1749671100000
531.09,532.4,530.84,532.31,1722906.0,1749735000000
532.29,532.59,531.43,531.75,1464373.0,1749735900000
531.75,533.16,531.34,533.13,1649875.0,1749736800000
533.14,533.51,532.84,533.265,1478649.0,1749737700000
533.28,533.91,533.03,533.8,1120082.0,1749738600000
533.8,533.95,533.46,533.5929,1051839.0,1749739500000
533.6,534.6438,533.6,533.93,1327878.0,1749740400000
533.93,534.1,532.3501,533.21,1904348.0,1749741300000
533.22,533.51,532.64,533.31,1025763.0,1749742200000
533.3,533.43,532.6399,533.32,1137731.0,1749743100000
533.32,534.05,532.83,533.725,1446818.0,1749744000000
533.72,534.32,533.26,534.1236,1168499.0,1749744900000
534.12,534.42,533.14,534.18,1302022.0,1749745800000
534.19,534.27,533.28,533.33,1063072.0,1749746700000
533.36,534.27,533.22,534.03,927963.0,1749747600000
534.01,534.15,533.6102,533.76,751877.0,1749748500000
533.73,534.41,533.73,534.07,826384.0,1749749400000
534.08,534.13,533.52,533.66,628689.0,1749750300000
533.66,533.98,533.44,533.68,478080.0,1749751200000
533.67,533.89,532.82,533.265,1410014.0,1749752100000
533.27,533.61,532.91,533.02,908804.0,1749753000000
533.02,533.7001,532.87,533.66,1211232.0,1749753900000
533.66,533.895,533.51,533.655,782664.0,1749754800000
533.66,534.05,533.48,533.63,924858.0,1749755700000
533.63,533.63,533.0252,533.055,976220.0,1749756600000
533.03,533.7,532.6,533.66,2469516.0,1749757500000
527.68,530.26,527.25,529.82,3673448.0,1749821400000
529.83,530.4,528.44,528.67,2166418.0,1749822300000
528.88,529.8079,527.6,528.0599,1955420.0,1749823200000
528.06,528.1,526.14,526.37,2250892.0,1749824100000
526.3602,529.26,526.23,528.3,2561766.0,1749825000000
528.31,529.79,527.75,529.17,2076966.0,1749825900000
529.17,529.79,529.0,529.65,1281182.0,1749826800000
529.679,530.74,529.28,530.51,1540824.0,1749827700000
530.5,530.92,530.1813,530.7701,1249133.0,1749828600000
530.77,531.59,530.71,531.37,1505207.0,1749829500000
531.36,531.85,530.965,531.64,1183716.0,1749830400000
531.65,531.87,530.91,531.025,971964.0,1749831300000
531.04,531.39,530.635,530.82,1107478.0,1749832200000
530.81,531.605,530.52,531.25,959594.0,1749833100000
531.23,531.4,530.05,530.32,1139945.0,1749834000000
530.3,531.11,529.45,529.86,1575831.0,1749834900000
529.87,530.41,529.35,529.81,1082772.0,1749835800000
529.85,530.54,529.58,530.22,937602.0,1749836700000
530.26,530.66,528.95,528.95,1832272.0,1749837600000
528.97,528.99,527.37,527.49,2260972.0,1749838500000
527.5,527.65,525.77,526.3679,3399684.0,1749839400000
526.39,527.595,526.17,527.3601,2493313.0,1749840300000
527.35,527.93,526.49,527.67,2297803.0,1749841200000
527.72,527.88,526.22,526.5,2109565.0,1749842100000
526.5,527.5,526.03,526.412,2363734.0,1749843000000
526.37,527.12,525.73,526.94,5302097.0,1749843900000
530.5,532.48,530.45,532.1,2631320.0,1750080600000
532.11,534.12,531.58,533.73,2784737.0,1750081500000
533.74,534.56,533.55,534.46,2042939.0,1750082400000
534.45,534.88,534.23,534.81,2125574.0,1750083300000
534.81,535.06,534.34,534.81,1723885.0,1750084200000
534.83,534.99,534.2,534.47,1090675.0,1750085100000
534.48,534.93,534.34,534.88,917113.0,1750086000000
534.8912,535.37,534.44,534.58,1233542.0,1750086900000
534.56,534.94,534.48,534.665,918186.0,1750087800000
534.67,534.96,533.81,534.16,903927.0,1750088700000
534.18,534.56,533.865,534.455,1028665.0,1750089600000
534.47,534.74,533.99,534.08,1139286.0,1750090500000
534.08,534.215,533.56,533.66,588048.0,1750091400000
533.66,534.38,533.5,533.99,737645.0,1750092300000
533.97,534.13,533.64,533.77,482818.0,1750093200000
533.77,534.97,533.62,534.76,1102398.0,1750094100000
534.75,535.06,534.4,534.43,871501.0,1750095000000
534.42,534.685,533.81,533.97,616470.0,1750095900000
533.98,534.42,533.92,534.22,524246.0,1750096800000
534.2,534.39,533.861,534.17,609828.0,1750097700000
534.1793,534.26,533.72,533.8409,691998.0,1750098600000
533.85,534.275,533.32,534.05,1170921.0,1750099500000
534.05,534.18,533.44,533.692,788970.0,1750100400000
533.69,534.6,533.46,534.02,1585472.0,1750101300000
534.03,534.155,533.69,533.97,873780.0,1750102200000
533.96,534.5,533.44,534.27,4022070.0,1750103100000
531.71,532.78,530.89,530.99,2390502.0,1750167000000
531.0,532.44,530.8051,532.41,1952274.0,1750167900000
532.41,533.225,531.84,533.0596,1593747.0,1750168800000
533.05,533.32,532.37,532.58,1079064.0,1750169700000
532.56,532.81,531.925,532.15,1362848.0,1750170600000
532.15,532.74,531.81,531.95,967768.0,1750171500000
531.94,533.325,531.88,533.23,976826.0,1750172400000
533.25,533.27,532.18,532.28,1406569.0,1750173300000
532.29,532.97,531.99,532.92,1003361.0,1750174200000
532.95,533.04,532.16,532.44,727633.0,1750175100000
532.43,533.21,532.26,533.15,1352247.0,1750176000000
533.13,533.24,532.64,532.71,721623.0,1750176900000
532.71,533.14,531.85,532.09,879790.0,1750177800000
532.08,532.44,530.715,530.97,1709084.0,1750178700000
530.94,531.47,530.46,531.32,1595769.0,1750179600000
531.31,531.42,530.39,530.45,925203.0,1750180500000
530.45,531.28,529.87,530.23,1418499.0,1750181400000
530.225,530.41,528.69,529.2,2140627.0,1750182300000
529.17,529.5,528.33,529.08,2167752.0,1750183200000
529.05,529.24,528.09,528.535,1761630.0,1750184100000
528.55,529.25,527.91,528.5,1488412.0,1750185000000
528.49,529.59,528.4,529.559,1483849.0,1750185900000
529.56,529.67,528.81,529.34,1104305.0,1750186800000
529.32,529.84,529.12,529.76,956716.0,1750187700000
529.78,529.9591,529.18,529.535,1387264.0,1750188600000
529.54,530.08,528.78,529.0,3685437.0,1750189500000
530.1,530.15,528.48,529.7,2055507.0,1750253400000
529.73,530.86,529.59,530.28,1825120.0,1750254300000
530.29,531.5,529.78,531.3199,2119627.0,1750255200000
531.33,532.18,531.23,531.98,1930223.0,1750256100000
531.985,532.55,531.8,532.26,1869722.0,1750257000000
532.29,532.47,531.64,532.11,1191246.0,1750257900000
532.1,532.24,531.52,531.62,804902.0,1750258800000
531.62,531.77,531.22,531.41,1013625.0,1750259700000
531.42,531.7892,531.12,531.4101,911939.0,1750260600000
531.42,532.04,531.0201,531.14,1007292.0,1750261500000
531.13,531.78,530.73,531.4701,896732.0,1750262400000
531.5,531.56,530.79,530.88,482196.0,1750263300000
530.86,531.29,530.74,531.2,545689.0,1750264200000
531.19,531.461,530.845,530.87,1129494.0,1750265100000
530.87,531.1104,530.57,530.8625,944997.0,1750266000000
530.89,531.02,529.62,529.634,777506.0,1750266900000
529.64,530.31,528.78,530.26,1625654.0,1750267800000
530.26,531.14,530.25,530.75,1186418.0,1750268700000
530.83,532.08,529.44,530.48,1971431.0,1750269600000
530.51,530.8,529.61,530.45,1295916.0,1750270500000
530.46,531.75,530.02,531.36,2270955.0,1750271400000
531.37,531.37,527.59,528.21,2796296.0,1750272300000
528.23,530.29,527.4,529.95,3047766.0,1750273200000
529.97,530.48,528.26,528.35,1938198.0,1750274100000
528.29,530.28,528.03,530.25,1527015.0,1750275000000
530.26,530.29,528.66,528.96,3253186.0,1750275900000
532.26,533.56,531.4,533.2,3325870.0,1750426200000
533.24,533.38,530.7,530.86,2975282.0,1750427100000
530.86,531.17,529.78,530.35,2223972.0,1750428000000
530.31,530.53,527.78,528.92,2070078.0,1750428900000
528.93,529.6,527.26,527.58,2074081.0,1750429800000
527.58,527.58,525.64,526.13,2561230.0,1750430700000
526.11,526.995,525.1,526.9699,2170387.0,1750431600000
526.95,527.57,526.78,527.105,1775082.0,1750432500000
527.08,533.1783,527.004,528.5387,4865311.0,1750433400000
528.52,528.57,526.67,526.842,1804277.0,1750434300000
526.85,527.76,526.71,527.078,1217157.0,1750435200000
527.06,527.47,526.52,527.22,1084405.0,1750436100000
527.21,527.82,527.11,527.5736,907407.0,1750437000000
527.58,528.14,527.34,527.73,1202077.0,1750437900000
527.73,528.21,526.8805,527.77,1444736.0,1750438800000
527.77,528.42,525.58,525.59,1739003.0,1750439700000
525.6,526.21,524.88,525.66,2043328.0,1750440600000
525.65,526.66,525.61,526.6404,1358963.0,1750441500000
526.62,527.28,526.48,527.0793,1870719.0,1750442400000
527.08,528.09,527.07,527.59,2247628.0,1750443300000
527.6,527.98,527.22,527.33,946992.0,1750444200000
527.33,527.5098,525.84,526.07,1425288.0,1750445100000
526.075,526.49,525.81,526.19,1874402.0,1750446000000
526.18,526.46,525.73,525.98,1173753.0,1750446900000
525.98,526.335,525.75,526.105,1649921.0,1750447800000
526.08,527.1,525.6,526.71,4815405.0,1750448700000
526.81,527.2,524.16,527.0245,2897461.0,1750685400000
527.04,528.235,526.62,528.1536,1682052.0,1750686300000
528.17,529.78,528.17,529.4646,2542707.0,1750687200000
529.47,530.21,529.05,529.5366,1769609.0,1750688100000
529.56,530.06,529.22,530.06,1155886.0,1750689000000
530.06,530.35,528.75,528.83,1361115.0,1750689900000
528.85,530.02,528.78,529.96,1042645.0,1750690800000
529.98,530.07,528.63,528.67,912899.0,1750691700000
528.66,529.142,528.1,528.62,1130863.0,1750692600000
528.62,529.09,528.353,528.45,997104.0,1750693500000
528.463,528.61,527.891,528.25,1144321.0,1750694400000
528.2599,528.42,526.43,526.56,1805512.0,1750695300000
526.56,527.45,523.65,527.05,4429019.0,1750696200000
527.05,527.9,525.95,526.08,2535294.0,1750697100000
526.13,528.66,525.67,528.15,2677772.0,1750698000000
528.17,530.67,528.1,530.36,2916484.0,1750698900000
530.36,531.79,530.36,531.3,2810949.0,1750699800000
531.3,531.97,530.8,531.1498,1451305.0,1750700700000
531.15,531.93,531.03,531.58,1541223.0,1750701600000
531.52,531.8,530.87,530.95,1003623.0,1750702500000
530.96,531.39,530.79,531.08,967121.0,1750703400000
531.08,531.14,530.43,530.77,933737.0,1750704300000
530.76,531.58,530.6401,531.02,1496740.0,1750705200000
531.02,531.37,530.5,531.23,915628.0,1750706100000
531.22,531.32,530.6447,530.86,1003333.0,1750707000000
530.85,532.17,530.76,531.7,3377881.0,1750707900000
536.89,537.89,536.27,537.51,3418541.0,1750771800000
537.51,538.04,536.74,536.99,2222092.0,1750772700000
536.94,537.5,536.43,537.07,1854175.0,1750773600000
537.07,537.83,537.03,537.405,2210511.0,1750774500000
537.41,538.185,537.37,538.12,1527376.0,1750775400000
538.13,538.19,537.23,537.59,1500373.0,1750776300000
537.6,538.64,537.56,538.52,1744807.0,1750777200000
538.49,538.97,538.35,538.9588,1110767.0,1750778100000
538.97,539.2,538.72,539.115,1152550.0,1750779000000
539.105,539.2991,538.61,538.685,1178666.0,1750779900000
538.69,539.13,538.585,538.9492,1440664.0,1750780800000
538.95,539.5,538.89,539.39,1606518.0,1750781700000
539.38,540.0,539.33,539.97,1698441.0,1750782600000
539.97,540.005,539.255,539.575,1099363.0,1750783500000
539.57,539.84,539.43,539.68,766865.0,1750784400000
539.67,539.9102,539.11,539.29,1032025.0,1750785300000
539.295,540.02,539.28,539.87,673126.0,1750786200000
539.87,540.205,539.76,539.99,834774.0,1750787100000
540.0,540.33,539.89,539.91,1229188.0,1750788000000
539.905,540.15,539.88,539.94,655098.0,1750788900000
539.94,540.245,539.77,540.09,746126.0,1750789800000
540.085,540.22,539.89,540.18,965638.0,1750790700000
540.17,540.7,540.165,540.38,1428798.0,1750791600000
540.375,540.45,540.075,540.09,1347152.0,1750792500000
540.08,540.375,539.96,540.03,2648912.0,1750793400000
540.035,540.32,539.73,539.735,4010674.0,1750794300000
542.06,543.31,541.94,543.075,4603777.0,1750858200000
543.08,543.24,541.81,542.65,3464183.0,1750859100000
542.66,542.82,541.28,541.46,2419788.0,1750860000000
541.47,542.02,541.24,541.79,1788570.0,1750860900000
541.8,542.44,541.76,542.38,1582369.0,1750861800000
542.4,542.65,541.51,541.885,1620507.0,1750862700000
541.88,541.93,540.75,540.97,1379243.0,1750863600000
540.98,541.37,540.76,541.17,1123812.0,1750864500000
541.17,541.195,540.37,540.77,1359317.0,1750865400000
540.73,541.15,540.52,540.73,654436.0,1750866300000
540.71,541.02,540.365,540.695,780554.0,1750867200000
540.7075,540.76,540.13,540.475,842918.0,1750868100000
540.48,540.67,540.17,540.31,631216.0,1750869000000
540.3,540.69,539.9,540.65,1044884.0,1750869900000
540.65,540.78,540.1707,540.57,1209981.0,1750870800000
540.58,541.125,540.52,540.9801,1135651.0,1750871700000
540.99,541.03,539.38,539.98,1535435.0,1750872600000
539.995,540.48,539.72,539.9199,1382329.0,1750873500000
539.93,540.22,539.695,540.0999,948472.0,1750874400000
540.1,540.46,540.04,540.315,1858769.0,1750875300000
540.31,540.3492,539.8499,539.93,733141.0,1750876200000
539.94,540.21,539.82,540.0999,728070.0,1750877100000
540.11,541.08,540.07,540.875,1249575.0,1750878000000
540.88,540.925,540.575,540.6,724087.0,1750878900000
540.59,540.71,540.12,540.63,976658.0,1750879800000
540.63,541.22,540.36,541.17,3181493.0,1750880700000
543.35,543.7,541.98,542.67,2732251.0,1750944600000
542.71,543.195,541.52,543.13,2858259.0,1750945500000
543.14,543.8,543.0,543.33,1843527.0,1750946400000
543.34,543.865,543.17,543.76,1226046.0,1750947300000
543.755,544.39,543.555,543.555,1527254.0,1750948200000
543.57,543.99,543.45,543.762,1100141.0,1750949100000
543.76,544.37,543.71,544.18,2176863.0,1750950000000
544.175,544.75,543.61,543.645,1182088.0,1750950900000
543.65,544.58,543.3125,544.34,2032132.0,1750951800000
544.34,544.88,544.27,544.7096,951333.0,1750952700000
544.71,545.23,544.63,544.94,1041529.0,1750953600000
544.96,545.16,544.76,544.815,767859.0,1750954500000
544.82,545.04,544.49,544.515,726726.0,1750955400000
544.52,544.76,544.41,544.65,682899.0,1750956300000
544.64,545.18,544.4255,545.06,649194.0,1750957200000
545.07,545.4,544.98,545.31,725615.0,1750958100000
545.33,545.69,545.32,545.535,1036297.0,1750959000000
545.54,545.58,545.35,545.42,3661722.0,1750959900000
545.43,546.33,545.3,546.24,1453002.0,1750960800000
546.24,546.52,546.15,546.2247,1422337.0,1750961700000
546.23,546.455,546.01,546.15,621598.0,1750962600000
546.155,546.29,545.7701,546.05,796181.0,1750963500000
546.055,546.2201,545.875,545.875,975342.0,1750964400000
545.9,546.36,545.75,546.16,1189717.0,1750965300000
546.16,546.31,545.78,545.86,1929055.0,1750966200000
545.86,546.67,545.7307,546.21,4225984.0,1750967100000
547.26,548.09,546.74,547.868,2645375.0,1751031000000
547.87,548.72,547.78,548.598,1759605.0,1751031900000
548.6,549.99,548.6,549.48,2530848.0,1751032800000
549.47,549.83,548.76,549.0252,2096498.0,1751033700000
549.02,549.76,548.57,549.42,1656373.0,1751034600000
549.45,549.49,548.2,548.4512,2108600.0,1751035500000
548.46,549.11,548.1403,548.915,1364624.0,1751036400000
548.92,549.26,548.46,549.26,937187.0,1751037300000
549.26,549.855,549.19,549.79,1705983.0,1751038200000
549.79,549.93,549.62,549.655,732306.0,1751039100000
549.66,549.66,549.36,549.45,1177136.0,1751040000000
549.47,549.5,548.92,549.36,1359470.0,1751040900000
549.37,549.4293,548.78,548.93,1214235.0,1751041800000
548.935,549.375,548.69,549.3,1470625.0,1751042700000
549.28,549.37,548.83,549.3199,2908564.0,1751043600000
549.31,549.33,548.61,548.76,859967.0,1751044500000
548.76,548.9899,547.7,548.28,1363780.0,1751045400000
548.27,548.27,546.95,547.89,3503719.0,1751046300000
547.89,548.02,547.16,547.29,1899145.0,1751047200000
547.29,547.46,546.18,546.18,2262427.0,1751048100000
546.19,546.425,544.81,545.51,3569479.0,1751049000000
545.51,546.0,544.545,544.8,2508580.0,1751049900000
544.8,546.19,544.68,546.14,2103180.0,1751050800000
546.16,546.61,545.81,546.26,1277443.0,1751051700000
546.26,547.19,546.26,547.07,1729302.0,1751052600000
547.07,548.385,546.97,548.21,6436153.0,1751053500000
551.26,551.31,549.66,549.87,2800227.0,1751290200000
549.88,550.23,549.01,550.13,2439919.0,1751291100000
550.13,550.76,549.905,550.55,1849738.0,1751292000000
550.55,550.5899,549.7,550.4999,1619343.0,1751292900000
550.515,550.57,549.71,549.99,1435307.0,1751293800000
549.98,550.3487,549.769,549.99,1444534.0,1751294700000
550.0,550.48,549.71,549.87,1158914.0,1751295600000
549.85,550.1305,549.53,549.89,1249764.0,1751296500000
549.91,550.68,549.7005,550.5699,923263.0,1751297400000
550.57,550.89,550.3601,550.5299,938651.0,1751298300000
550.53,551.098,550.5,550.7791,896703.0,1751299200000
550.78,551.03,550.27,550.36,824453.0,1751300100000
550.35,551.08,550.3,550.82,693890.0,1751301000000
550.83,551.03,550.4207,550.48,825203.0,1751301900000
550.51,550.679,550.1335,550.295,864304.0,1751302800000
550.28,550.415,550.07,550.37,531492.0,1751303700000
550.37,550.439,549.86,549.9,1018820.0,1751304600000
549.91,550.7,549.18,549.9726,1832737.0,1751305500000
549.97,550.4,549.67,549.94,1104213.0,1751306400000
549.93,550.47,549.89,549.97,883766.0,1751307300000
549.97,550.04,549.04,549.4399,1444897.0,1751308200000
549.44,550.7699,549.44,550.67,1893903.0,1751309100000
550.68,551.24,550.65,551.1065,1293353.0,1751310000000
551.11,551.79,550.73,551.395,2156002.0,1751310900000
551.39,551.84,551.12,551.55,1881226.0,1751311800000
551.54,552.8,551.42,551.64,5787649.0,1751312700000
549.73,550.15,549.14,549.45,3036169.0,1751376600000
549.47,550.46,549.36,549.93,1758143.0,1751377500000
549.76,550.36,549.37,550.31,1652854.0,1751378400000
550.33,550.71,548.42,548.835,2597233.0,1751379300000
548.84,549.21,547.26,547.52,4250840.0,1751380200000
547.51,547.68,546.6,546.92,2964113.0,1751381100000
546.91,547.63,544.66,544.9,4778903.0,1751382000000
544.89,547.09,544.705,546.83,2608009.0,1751382900000
546.83,547.07,545.21,545.7,2042103.0,1751383800000
545.69,546.51,545.61,546.22,1536757.0,1751384700000
546.23,547.37,545.58,547.29,1481465.0,1751385600000
547.29,547.345,546.5505,546.7,1261636.0,1751386500000
546.68,547.428,546.42,547.355,911197.0,1751387400000
547.34,548.14,547.115,547.23,1521617.0,1751388300000
547.24,548.26,547.23,547.968,922189.0,1751389200000
547.95,548.24,547.63,547.808,1076559.0,1751390100000
547.81,547.93,547.47,547.9098,678632.0,1751391000000
547.9,548.69,547.69,548.205,980253.0,1751391900000
548.22,548.49,548.13,548.2,867198.0,1751392800000
548.19,548.375,547.72,547.77,1162310.0,1751393700000
547.76,548.29,547.681,547.9301,705065.0,1751394600000
547.95,548.06,547.21,547.24,1085256.0,1751395500000
547.23,547.25,545.92,546.825,3102315.0,1751396400000
546.83,547.785,546.82,547.785,1772684.0,1751397300000
547.78,547.83,546.909,547.425,1935386.0,1751398200000
547.43,548.4,546.83,546.98,5325516.0,1751399100000
546.16,547.44,546.12,547.1393,3019132.0,1751463000000
547.12,547.958,547.12,547.42,1713021.0,1751463900000
547.41,548.74,547.34,548.625,1658935.0,1751464800000
548.61,549.64,548.59,549.465,1677827.0,1751465700000
549.45,550.01,549.03,549.1295,1935603.0,1751466600000
549.1,550.4112,549.1,549.93,1558080.0,1751467500000
549.94,550.7599,549.94,550.17,1799780.0,1751468400000
550.16,550.4,549.62,549.73,1656113.0,1751469300000
549.74,550.2994,549.66,549.855,1086032.0,1751470200000
549.85,550.31,549.73,550.18,829884.0,1751471100000
550.17,550.53,549.88,550.15,785660.0,1751472000000
550.15,550.7,550.07,550.42,882110.0,1751472900000
550.42,550.75,550.18,550.53,870922.0,1751473800000
550.54,550.67,550.33,550.64,594454.0,1751474700000
550.64,550.8,550.3299,550.36,743448.0,1751475600000
550.36,550.45,549.91,550.12,892891.0,1751476500000
550.12,550.41,549.89,550.0,622258.0,1751477400000
550.01,550.54,549.91,550.29,672344.0,1751478300000
550.31,550.54,550.02,550.39,767383.0,1751479200000
550.4,550.549,550.125,550.37,635646.0,1751480100000
550.37,550.59,550.3,550.41,630970.0,1751481000000
550.42,550.58,550.17,550.38,609533.0,1751481900000
550.39,550.91,550.28,550.38,989905.0,1751482800000
550.38,550.53,550.16,550.29,1217048.0,1751483700000
550.285,550.47,550.03,550.29,1053250.0,1751484600000
550.3,551.0,550.06,550.81,3687107.0,1751485500000
553.18,554.51,553.18,553.86,3328116.0,1751549400000
553.86,554.94,553.58,554.75,2573556.0,1751550300000
554.74,556.29,554.74,556.015,2455949.0,1751551200000
556.03,556.33,555.72,556.2,1389311.0,1751552100000
556.2,556.37,555.8,555.89,1427986.0,1751553000000
555.8908,556.08,555.6499,555.9107,1449607.0,1751553900000
555.92,556.455,555.905,556.45,1336843.0,1751554800000
556.45,556.67,556.16,556.42,1192477.0,1751555700000
556.41,557.2,556.34,557.1199,904591.0,1751556600000
557.1,557.11,556.67,556.78,1328488.0,1751557500000
556.7891,557.05,556.77,556.94,1133530.0,1751558400000
556.94,556.9416,556.5186,556.57,745621.0,1751559300000
556.566,556.79,556.37,556.59,1430806.0,1751560200000
556.6,556.605,555.48,556.16,2849570.0,1751561100000
556.2,556.24,556.18,556.22,228217.0,1751562000000
553.52,554.27,552.49,553.6508,3122852.0,1751895000000
553.65,554.34,553.01,553.6,1816538.0,1751895900000
553.59,553.82,552.56,552.91,1526061.0,1751896800000
552.905,553.97,552.64,553.38,1190626.0,1751897700000
553.37,553.41,552.88,552.94,983979.0,1751898600000
552.92,553.28,552.05,552.335,1915791.0,1751899500000
552.33,552.84,552.19,552.56,987532.0,1751900400000
552.55,553.01,552.41,552.95,821168.0,1751901300000
552.94,553.17,552.72,552.7952,940942.0,1751902200000
552.78,553.33,552.42,553.13,910224.0,1751903100000
553.12,553.82,553.1101,553.61,1048904.0,1751904000000
553.605,553.94,550.8281,552.27,4166395.0,1751904900000
552.25,553.02,551.99,552.22,1744959.0,1751905800000
552.22,552.35,551.26,551.72,1258199.0,1751906700000
551.71,552.355,551.4601,552.28,1447361.0,1751907600000
552.27,552.68,551.62,551.76,1004083.0,1751908500000
551.765,553.1,551.16,551.49,1839799.0,1751909400000
551.48,551.87,551.3,551.76,708639.0,1751910300000
551.745,551.99,551.58,551.69,854385.0,1751911200000
551.67,551.71,549.65,549.71,2530489.0,1751912100000
549.71,551.245,549.58,551.125,1779018.0,1751913000000
551.13,551.95,551.05,551.87,1638716.0,1751913900000
551.87,552.1701,551.09,551.395,1643715.0,1751914800000
551.3999,551.5399,551.15,551.17,1140909.0,1751915700000
551.17,551.56,551.05,551.325,1071774.0,1751916600000
551.33,552.23,551.03,552.06,3434610.0,1751917500000
553.38,553.55,552.29,552.67,2015927.0,1751981400000
552.67,553.11,552.1,552.11,1817564.0,1751982300000
552.11,552.5,551.73,552.095,1815946.0,1751983200000
552.09,552.4,551.29,551.9,1207312.0,1751984100000
551.9,553.53,551.85,553.1299,2093834.0,1751985000000
553.16,553.21,551.1,552.3591,2181978.0,1751985900000
552.35,552.86,552.14,552.535,1257607.0,1751986800000
552.54,552.62,551.4351,551.77,1252042.0,1751987700000
551.77,552.32,551.77,552.07,874842.0,1751988600000
552.06,552.78,552.03,552.65,855126.0,1751989500000
552.66,553.04,552.5,552.9648,758144.0,1751990400000
552.965,554.01,552.75,553.64,1044562.0,1751991300000
553.65,553.77,552.24,552.988,1658735.0,1751992200000
553.0,553.3,552.78,552.91,870785.0,1751993100000
552.9,553.15,552.49,552.66,713184.0,1751994000000
552.68,552.88,551.95,552.815,781922.0,1751994900000
552.84,553.09,552.32,552.54,785807.0,1751995800000
552.54,553.43,552.47,553.34,784844.0,1751996700000
553.32,553.5,553.1,553.275,913377.0,1751997600000
553.28,553.39,552.745,552.805,790247.0,1751998500000
552.82,552.99,552.41,552.43,893471.0,1751999400000
552.4401,552.755,552.2908,552.4899,787827.0,1752000300000
552.48,552.52,551.82,552.035,1543365.0,1752001200000
552.035,552.3401,551.84,552.265,1068929.0,1752002100000
552.27,552.32,551.82,551.96,1453924.0,1752003000000
551.95,552.58,551.9,552.32,2858959.0,1752003900000
554.48,556.54,554.47,556.295,2826153.0,1752067800000
556.31,557.2953,556.31,557.04,2303808.0,1752068700000
557.03,557.63,556.82,557.165,2212076.0,1752069600000
557.16,557.26,555.84,556.135,1928459.0,1752070500000
556.14,556.14,554.12,554.48,3295648.0,1752071400000
554.4899,554.985,553.2899,553.74,2213324.0,1752072300000
553.74,554.13,553.29,553.6,1879925.0,1752073200000
553.59,554.74,553.1,554.5251,1652440.0,1752074100000
554.53,554.65,553.57,554.5952,1132815.0,1752075000000
554.62,554.74,553.65,553.785,1217726.0,1752075900000
553.78,554.3458,553.54,553.92,946725.0,1752076800000
553.9,554.4712,553.88,554.365,715159.0,1752077700000
554.37,554.83,554.363,554.735,1071582.0,1752078600000
554.71,555.205,554.6,554.605,1194949.0,1752079500000
554.6,554.92,554.11,554.42,1101836.0,1752080400000
554.38,554.88,554.275,554.6,836514.0,1752081300000
554.57,555.02,554.43,554.59,685561.0,1752082200000
554.585,554.96,554.09,554.63,1334978.0,1752083100000
554.6,555.62,554.56,555.3701,1263494.0,1752084000000
555.38,555.55,555.02,555.305,1116277.0,1752084900000
555.3,555.58,555.2099,555.335,649381.0,1752085800000
555.32,555.92,555.21,555.755,870866.0,1752086700000
555.76,555.9599,555.54,555.7051,1992363.0,1752087600000
555.73,556.18,555.66,555.86,933066.0,1752088500000
555.85,556.08,555.72,556.0,1484610.0,1752089400000
555.99,556.38,555.65,556.26,3718482.0,1752090300000
556.89,557.3,555.69,555.86,2451507.0,1752154200000
555.85,555.95,553.66,554.16,2674480.0,1752155100000
554.16,554.17,552.75,553.695,2585240.0,1752156000000
553.71,554.33,552.94,553.6,1806384.0,1752156900000
553.62,554.59,553.55,554.435,1718856.0,1752157800000
554.44,554.8,554.04,554.2407,1309594.0,1752158700000
554.23,554.55,553.69,554.0,1045268.0,1752159600000
554.01,555.16,553.96,555.0593,1018912.0,1752160500000
555.06,555.39,554.805,555.39,1358855.0,1752161400000
555.39,555.695,555.19,555.685,875915.0,1752162300000
555.68,555.69,554.235,554.47,1328852.0,1752163200000
554.45,555.35,554.28,555.3053,858835.0,1752164100000
555.3,555.45,554.7099,555.325,1298356.0,1752165000000
555.33,555.34,554.86,554.92,630617.0,1752165900000
554.92,555.37,554.9,555.055,618466.0,1752166800000
555.06,555.5,554.86,555.395,785966.0,1752167700000
555.39,555.88,555.3853,555.7225,742119.0,1752168600000
555.74,556.09,555.52,555.99,719631.0,1752169500000
555.99,556.19,555.7901,555.985,616848.0,1752170400000
555.98,556.29,555.89,555.905,747267.0,1752171300000
555.915,556.07,555.74,555.765,678039.0,1752172200000
555.76,556.13,555.7,556.0007,731586.0,1752173100000
556.0,556.16,555.89,555.935,789981.0,1752174000000
555.94,556.05,555.73,555.81,700592.0,1752174900000
555.8,556.14,555.66,555.92,962049.0,1752175800000
555.94,555.9598,554.89,555.47,2954769.0,1752176700000
553.3,554.33,552.22,552.37,2886489.0,1752240600000
552.38,554.52,552.05,554.43,2267313.0,1752241500000
554.43,554.83,553.95,554.79,1614329.0,1752242400000
554.79,555.39,554.575,555.09,1428269.0,1752243300000
555.08,555.48,554.6621,554.97,1940727.0,1752244200000
554.95,555.01,554.1,554.55,1298592.0,1752245100000
554.55,554.68,553.265,553.265,1311327.0,1752246000000
553.27,554.48,553.11,554.095,1170782.0,1752246900000
554.09,555.51,554.05,555.27,1279867.0,1752247800000
555.271,555.38,554.42,554.71,1259874.0,1752248700000
554.72,555.15,554.3,554.67,1119729.0,1752249600000
554.68,555.17,554.52,555.1001,862164.0,1752250500000
555.11,555.33,554.615,554.64,704994.0,1752251400000
554.62,555.48,554.56,555.35,1075542.0,1752252300000
555.36,555.79,555.125,555.48,927516.0,1752253200000
555.49,555.67,555.18,555.44,697309.0,1752254100000
555.45,555.55,554.37,554.68,1082464.0,1752255000000
554.69,555.365,554.615,555.26,647748.0,1752255900000
555.24,555.605,555.12,555.39,785830.0,1752256800000
555.39,555.47,555.1,555.29,1105432.0,1752257700000
555.29,555.72,555.2,555.55,832642.0,1752258600000
555.55,555.6,554.55,554.72,1002344.0,1752259500000
554.71,554.76,553.48,554.665,2181079.0,1752260400000
554.68,555.195,554.6299,554.8,1163036.0,1752261300000
554.8,554.8551,554.42,554.53,990962.0,1752262200000
554.53,554.8,554.19,554.21,3061139.0,1752263100000
553.99,554.87,551.88,551.9,3660602.0,1752499800000
551.91,553.86,551.63,553.27,2908433.0,1752500700000
553.28,554.13,553.15,554.055,1648574.0,1752501600000
554.06,555.08,553.7,553.9451,2155677.0,1752502500000
553.91,554.4,553.54,554.3702,1159325.0,1752503400000
554.355,555.18,554.22,555.17,1218138.0,1752504300000
555.16,555.9199,555.01,555.55,1918883.0,1752505200000
555.56,555.85,555.23,555.6552,947522.0,1752506100000
555.66,555.74,555.2,555.5,974956.0,1752507000000
555.505,555.605,555.24,555.5801,847702.0,1752507900000
555.57,556.06,555.36,555.9651,834278.0,1752508800000
555.96,556.0,555.59,555.725,530614.0,1752509700000
555.72,556.02,555.48,555.78,752799.0,1752510600000
555.76,556.32,555.645,556.16,1025200.0,1752511500000
556.17,556.63,556.1581,556.625,1086450.0,1752512400000
556.63,556.8501,556.52,556.55,999270.0,1752513300000
556.56,556.945,556.46,556.525,959722.0,1752514200000
556.52,556.72,556.23,556.4201,870373.0,1752515100000
556.42,556.6049,556.225,556.505,784233.0,1752516000000
556.5,556.6,556.27,556.555,697752.0,1752516900000
556.55,556.61,556.39,556.585,624374.0,1752517800000
556.58,556.79,556.5,556.57,723180.0,1752518700000
556.58,556.76,556.28,556.44,1027396.0,1752519600000
556.44,556.64,556.21,556.36,1062162.0,1752520500000
556.35,556.35,555.92,556.01,951636.0,1752521400000
556.0,556.38,555.7488,556.18,2766697.0,1752522300000
560.25,560.8,558.4201,559.42,3522597.0,1752586200000
559.42,559.89,558.655,558.7811,2014484.0,1752587100000
558.8,560.05,558.37,560.025,2494912.0,1752588000000
560.0,560.2104,559.3,559.75,1691012.0,1752588900000
559.77,559.92,558.61,558.855,1741042.0,1752589800000
558.835,559.38,557.76,557.845,2067310.0,1752590700000
557.86,558.995,557.86,558.49,1355988.0,1752591600000
558.5,559.59,558.41,559.505,1372868.0,1752592500000
559.52,559.6,558.85,559.39,1110967.0,1752593400000
559.39,559.78,558.96,559.25,1160531.0,1752594300000
559.25,559.48,558.68,558.95,1128402.0,1752595200000
558.94,559.24,558.755,558.96,904157.0,1752596100000
558.965,559.31,558.49,558.745,1043987.0,1752597000000
558.74,559.11,557.46,557.84,1298457.0,1752597900000
557.83,558.62,557.79,557.99,1114368.0,1752598800000
557.98,558.4,557.54,558.32,1063753.0,1752599700000
558.31,558.995,558.285,558.8299,739183.0,1752600600000
558.83,559.5401,558.65,559.51,835965.0,1752601500000
559.53,559.73,559.34,559.61,921233.0,1752602400000
559.61,559.75,559.39,559.46,965804.0,1752603300000
559.46,559.62,558.975,559.06,1245831.0,1752604200000
559.06,559.23,557.72,557.73,1449897.0,1752605100000
557.71,558.38,557.48,557.91,1530746.0,1752606000000
557.9,558.01,557.38,557.57,1356846.0,1752606900000
557.58,558.16,557.42,558.095,1116572.0,1752607800000
558.09,558.18,556.66,556.7,3623349.0,1752608700000
557.28,557.67,555.65,555.83,2622803.0,1752672600000
555.81,556.29,554.52,554.77,2137412.0,1752673500000
554.78,555.62,554.31,554.938,2052638.0,1752674400000
554.92,555.7951,554.6,555.655,1524082.0,1752675300000
555.66,556.27,555.25,555.565,1540270.0,1752676200000
555.56,556.3,554.6,555.27,2452122.0,1752677100000
555.31,556.52,555.18,556.5199,1324614.0,1752678000000
556.49,556.58,553.07,555.0448,4866066.0,1752678900000
555.04,555.12,551.56,553.92,4769148.0,1752679800000
553.94,556.08,553.41,555.27,3627930.0,1752680700000
555.27,555.68,554.64,555.07,1635072.0,1752681600000
555.04,555.5251,554.4,555.1,988325.0,1752682500000
555.14,555.66,555.0,555.3901,869710.0,1752683400000
555.38,556.66,554.6,556.595,1544225.0,1752684300000
556.59,557.11,556.32,556.85,1425998.0,1752685200000
556.85,557.0,556.45,556.48,1393273.0,1752686100000
556.49,556.63,556.14,556.33,1026349.0,1752687000000
556.33,556.5,556.0,556.1926,1003739.0,1752687900000
556.2,556.44,555.9901,556.27,736176.0,1752688800000
556.27,556.675,555.92,556.58,870992.0,1752689700000
556.57,557.08,556.57,556.9801,1029729.0,1752690600000
556.98,557.28,556.65,557.26,1117389.0,1752691500000
557.27,557.47,557.07,557.13,1204156.0,1752692400000
557.135,557.305,556.92,557.26,1023916.0,1752693300000
557.25,557.94,557.1,557.7599,1524320.0,1752694200000
557.75,557.85,557.3,557.34,2903838.0,1752695100000
558.02,558.69,557.21,558.555,3093210.0,1752759000000
558.56,559.42,558.45,559.2,1428778.0,1752759900000
559.22,559.81,559.0,559.26,1725263.0,1752760800000
559.27,559.37,558.39,559.31,1496046.0,1752761700000
559.32,559.905,559.15,559.75,1125334.0,1752762600000
559.775,560.37,559.65,560.2625,1338734.0,1752763500000
560.27,561.44,560.245,561.23,2185011.0,1752764400000
561.245,561.29,560.78,561.0849,998145.0,1752765300000
561.085,561.47,560.81,561.35,1185313.0,1752766200000
561.34,561.68,561.25,561.58,896267.0,1752767100000
561.58,561.955,561.505,561.75,1016538.0,1752768000000
561.755,562.21,561.48,561.825,1863660.0,1752768900000
561.82,561.875,561.52,561.66,855460.0,1752769800000
561.67,561.9601,561.595,561.775,635495.0,1752770700000
561.78,561.845,561.555,561.815,1160891.0,1752771600000
561.815,561.94,561.21,561.815,841732.0,1752772500000
561.81,561.98,561.69,561.87,580269.0,1752773400000
561.87,562.235,561.73,562.23,1190429.0,1752774300000
562.235,562.31,561.4,561.415,1114625.0,1752775200000
561.415,561.83,561.3,561.755,1228474.0,1752776100000
561.755,561.83,561.525,561.74,1220043.0,1752777000000
561.75,561.93,561.63,561.66,1013892.0,1752777900000
561.67,562.14,561.62,561.81,1161153.0,1752778800000
561.8,561.93,561.785,561.885,1369057.0,1752779700000
561.88,562.16,561.73,561.77,1707213.0,1752780600000
561.76,562.28,561.49,561.8,4017476.0,1752781500000
563.12,563.32,562.11,562.35,2556128.0,1752845400000
562.33,563.0,561.95,562.08,1732387.0,1752846300000
562.12,562.87,561.27,561.41,1522407.0,1752847200000
561.39,561.59,560.33,560.4801,2488964.0,1752848100000
560.49,561.23,560.41,561.215,1433854.0,1752849000000
561.21,561.38,560.74,560.778,1388740.0,1752849900000
560.78,561.0999,560.32,560.785,2549846.0,1752850800000
560.775,561.17,560.66,561.045,3123863.0,1752851700000
561.05,561.57,561.05,561.45,1148475.0,1752852600000
561.46,561.92,561.395,561.805,897918.0,1752853500000
561.81,561.85,561.17,561.19,1059805.0,1752854400000
561.19,561.27,560.13,560.72,1596014.0,1752855300000
560.73,560.94,559.98,560.84,1574833.0,1752856200000
560.85,561.0374,560.22,560.36,1673658.0,1752857100000
560.36,560.8,560.01,560.78,2290817.0,1752858000000
560.8,561.11,560.57,560.9202,1583907.0,1752858900000
560.92,561.21,560.78,560.822,1122953.0,1752859800000
560.815,560.9,560.38,560.6114,1044942.0,1752860700000
560.64,561.07,560.57,560.68,3882750.0,1752861600000
560.67,561.0799,560.51,561.07,946476.0,1752862500000
561.055,561.2981,560.9,561.15,1054427.0,1752863400000
561.14,561.195,560.58,560.735,989324.0,1752864300000
560.73,560.95,560.61,560.89,830757.0,1752865200000
560.89,561.38,560.88,560.95,1240093.0,1752866100000
560.95,561.01,560.64,560.86,1267095.0,1752867000000
560.87,561.32,560.7901,561.26,3652215.0,1752867900000
562.09,564.272,562.06,564.04,2561967.0,1753104600000
564.05,565.39,564.0199,564.91,2553384.0,1753105500000
564.93,565.52,564.93,565.47,1736522.0,1753106400000
565.48,565.9,565.2,565.8784,1476395.0,1753107300000
565.89,566.06,565.5308,565.73,1640928.0,1753108200000
565.72,565.72,565.19,565.45,1023681.0,1753109100000
565.45,565.47,565.03,565.46,931020.0,1753110000000
565.46,565.51,565.1148,565.4299,712170.0,1753110900000
565.43,565.6299,565.34,565.48,708600.0,1753111800000
565.47,565.59,565.065,565.16,932635.0,1753112700000
565.16,565.2781,564.7,564.985,1241259.0,1753113600000
564.97,565.05,564.535,564.98,1139116.0,1753114500000
564.962,565.33,564.94,565.29,873489.0,1753115400000
565.28,565.755,565.2197,565.6201,1425208.0,1753116300000
565.63,565.9099,565.62,565.78,908199.0,1753117200000
565.78,566.04,565.67,565.93,947333.0,1753118100000
565.91,566.049,565.76,565.79,487488.0,1753119000000
565.78,566.01,565.78,565.78,1043521.0,1753119900000
565.77,565.85,565.53,565.655,667384.0,1753120800000
565.64,565.92,565.64,565.79,543372.0,1753121700000
565.795,565.81,565.5,565.58,567163.0,1753122600000
565.575,565.63,565.18,565.27,1463856.0,1753123500000
565.285,565.32,564.54,564.87,2020733.0,1753124400000
564.86,565.02,564.61,564.7499,1426293.0,1753125300000
564.745,564.9701,564.38,564.47,1701935.0,1753126200000
564.46,564.58,563.79,564.16,3892985.0,1753127100000
564.3,564.35,562.19,562.66,3118648.0,1753191000000
562.67,562.68,558.63,559.335,5813224.0,1753191900000
559.34,560.48,558.61,560.32,3524892.0,1753192800000
560.32,560.74,559.7401,560.01,1882425.0,1753193700000
560.0,561.39,559.96,561.13,1794234.0,1753194600000
561.13,561.48,560.68,561.352,1210350.0,1753195500000
561.36,561.49,560.89,560.96,1106608.0,1753196400000
560.95,561.3099,560.635,560.97,857214.0,1753197300000
560.96,561.56,560.85,561.12,990637.0,1753198200000
561.12,561.61,560.83,560.935,863558.0,1753199100000
560.95,561.175,560.53,560.85,1009589.0,1753200000000
560.85,561.3599,559.91,560.1,1063204.0,1753200900000
560.1,560.51,559.78,560.17,952029.0,1753201800000
560.18,560.77,559.8999,560.71,969994.0,1753202700000
560.715,560.96,560.64,560.795,712104.0,1753203600000
560.795,561.975,560.795,561.82,1170520.0,1753204500000
561.82,561.92,561.1,561.26,801098.0,1753205400000
561.27,561.3,560.96,561.19,641941.0,1753206300000
561.18,561.47,561.11,561.2,606853.0,1753207200000
561.2001,561.33,560.06,561.15,1204678.0,1753208100000
561.1445,561.9592,561.1,561.77,1031113.0,1753209000000
561.76,562.06,561.64,562.035,740534.0,1753209900000
562.02,562.14,561.58,561.58,1004789.0,1753210800000
561.59,561.89,561.52,561.72,988425.0,1753211700000
561.71,562.13,561.575,561.73,1660043.0,1753212600000
561.74,561.94,561.21,561.29,3703518.0,1753213500000
562.34,562.37,560.45,560.7999,3293011.0,1753277400000
560.8,561.1,559.93,560.05,2322479.0,1753278300000
560.03,560.49,559.58,559.68,1855916.0,1753279200000
559.67,560.69,559.64,560.69,1322212.0,1753280100000
560.68,560.725,559.67,560.23,1389188.0,1753281000000
560.22,560.94,560.09,560.848,821977.0,1753281900000
560.84,561.27,560.35,560.61,988114.0,1753282800000
560.61,561.13,560.535,561.045,1210705.0,1753283700000
561.04,561.18,560.78,561.14,765485.0,1753284600000
561.14,563.07,560.915,562.22,2953277.0,1753285500000
562.21,562.365,561.44,561.59,2132966.0,1753286400000
561.61,561.8,560.71,561.09,1077681.0,1753287300000
561.09,561.53,560.94,561.5048,865023.0,1753288200000
561.51,561.7,561.32,561.54,603723.0,1753289100000
561.54,561.78,561.3,561.38,863601.0,1753290000000
561.36,561.8,561.2,561.66,508412.0,1753290900000
561.66,562.35,561.63,562.33,812994.0,1753291800000
562.33,562.51,561.47,562.3607,1398912.0,1753292700000
562.36,563.2,562.36,563.05,1113918.0,1753293600000
563.06,563.8,562.91,563.125,1394422.0,1753294500000
563.12,563.2877,562.875,563.19,877212.0,1753295400000
563.2,563.3799,563.05,563.27,493879.0,1753296300000
563.29,563.3,562.92,563.01,1179301.0,1753297200000
562.99,563.16,562.88,563.09,638728.0,1753298100000
563.08,563.08,562.5,562.57,1324185.0,1753299000000
562.555,563.84,562.505,563.83,3213374.0,1753299900000
565.13,565.72,563.87,564.775,3635204.0,1753363800000
564.81,565.77,564.48,564.85,1584618.0,1753364700000
564.88,564.91,563.295,563.63,2243603.0,1753365600000
563.64,564.29,563.37,564.11,1262784.0,1753366500000
564.12,564.805,564.03,564.595,1036021.0,1753367400000
564.6,565.29,564.58,565.07,1212133.0,1753368300000
565.08,565.52,565.04,565.45,1171296.0,1753369200000
565.44,565.64,565.13,565.265,846822.0,1753370100000
565.27,565.35,564.9748,565.21,893496.0,1753371000000
565.21,565.72,565.12,565.42,1024958.0,1753371900000
565.395,565.43,564.6,564.675,1184642.0,1753372800000
564.66,565.03,564.27,564.54,1123998.0,1753373700000
564.545,564.9451,564.38,564.8001,955929.0,1753374600000
564.8,565.1097,564.595,565.01,780386.0,1753375500000
565.0,566.03,564.91,565.981,1080281.0,1753376400000
566.0,566.23,565.43,565.455,895316.0,1753377300000
565.46,565.74,565.32,565.46,609870.0,1753378200000
565.46,565.73,565.25,565.32,665413.0,1753379100000
565.3293,566.23,565.3093,566.03,1628210.0,1753380000000
566.04,566.15,565.84,566.07,1028246.0,1753380900000
566.07,566.1997,565.68,565.772,993381.0,1753381800000
565.77,565.82,565.15,565.71,1319800.0,1753382700000
565.715,566.03,565.62,565.79,1709094.0,1753383600000
565.795,566.24,565.77,566.065,2102413.0,1753384500000
566.05,566.18,565.69,565.805,2916766.0,1753385400000
565.81,565.825,564.98,565.09,5202537.0,1753386300000
564.93,565.39,564.27,564.98,2290500.0,1753450200000
565.02,566.11,564.99,565.652,2084303.0,1753451100000
565.68,566.31,565.53,566.04,1359767.0,1753452000000
566.04,566.12,565.68,566.03,1107297.0,1753452900000
566.03,566.37,565.75,566.1,1094205.0,1753453800000
566.11,566.28,565.66,566.02,1131830.0,1753454700000
566.02,566.09,565.73,566.0,775900.0,1753455600000
566.005,566.43,565.97,566.355,833317.0,1753456500000
566.35,566.54,565.95,566.01,689885.0,1753457400000
565.99,566.48,565.96,566.3901,756787.0,1753458300000
566.39,567.05,566.29,566.9289,1721636.0,1753459200000
566.92,567.59,566.76,567.415,1379512.0,1753460100000
567.4,567.695,567.13,567.2126,1062198.0,1753461000000
567.22,567.33,567.02,567.1,474599.0,1753461900000
567.09,567.11,566.9096,567.015,562132.0,1753462800000
567.01,567.12,566.672,566.97,512067.0,1753463700000
566.97,567.209,566.91,567.0,456699.0,1753464600000
567.01,567.07,566.76,566.82,433429.0,1753465500000
566.83,567.0,566.55,566.97,594144.0,1753466400000
566.98,567.32,566.97,567.125,451607.0,1753467300000
567.13,567.28,566.98,567.25,475888.0,1753468200000
567.25,567.31,566.87,566.915,1327528.0,1753469100000
566.9,567.12,566.8,567.0,484936.0,1753470000000
566.9896,567.2004,566.795,566.82,986002.0,1753470900000
566.805,567.0852,566.715,566.735,1117805.0,1753471800000
566.74,566.91,566.06,566.39,3261810.0,1753472700000
567.74,568.51,567.54,568.28,2652650.0,1753709400000
568.28,568.88,568.14,568.86,1836369.0,1753710300000
568.86,569.04,568.44,568.7653,1626901.0,1753711200000
568.76,568.9,567.81,568.46,1287998.0,1753712100000
568.44,568.83,568.29,568.45,897311.0,1753713000000
568.45,568.53,567.98,568.235,737128.0,1753713900000
568.23,568.39,568.01,568.18,729432.0,1753714800000
568.18,568.3,566.87,567.9167,1657120.0,1753715700000
567.925,568.16,567.85,568.1,788013.0,1753716600000
568.1,568.38,568.02,568.245,790045.0,1753717500000
568.25,568.25,567.77,568.07,851742.0,1753718400000
568.0777,568.57,568.03,568.255,923898.0,1753719300000
568.255,568.265,567.96,568.1,581175.0,1753720200000
568.1,568.105,567.78,568.04,631096.0,1753721100000
568.05,568.1,567.61,568.02,786362.0,1753722000000
568.01,568.04,567.3,567.5301,777307.0,1753722900000
567.535,568.0401,567.52,567.98,490849.0,1753723800000
567.99,568.0452,567.41,567.445,467667.0,1753724700000
567.44,567.618,566.96,567.52,1136417.0,1753725600000
567.51,567.67,567.21,567.47,895755.0,1753726500000
567.47,567.5351,567.0895,567.33,610476.0,1753727400000
567.33,567.66,567.215,567.4701,808742.0,1753728300000
567.46,567.535,567.22,567.39,1151440.0,1753729200000
567.405,567.55,567.18,567.46,673205.0,1753730100000
567.46,567.61,567.3,567.6035,1201609.0,1753731000000
567.61,568.29,567.47,568.2,2980396.0,1753731900000
570.76,572.11,570.71,571.38,3138445.0,1753795800000
571.37,571.47,569.8,570.56,2730184.0,1753796700000
570.69,570.72,569.725,570.2,1861779.0,1753797600000
570.19,570.34,569.41,569.89,1865761.0,1753798500000
569.88,570.3,569.69,569.77,1425835.0,1753799400000
569.77,570.1,568.82,569.135,1413564.0,1753800300000
569.11,569.47,568.62,568.702,1403885.0,1753801200000
568.7097,568.74,567.42,567.545,2393069.0,1753802100000
567.54,568.255,566.92,567.43,2190375.0,1753803000000
567.4299,568.88,567.4299,568.51,2076419.0,1753803900000
568.48,568.72,567.93,568.03,2126963.0,1753804800000
568.01,568.27,567.605,567.86,786917.0,1753805700000
567.84,568.07,567.18,567.9,859375.0,1753806600000
567.89,568.59,567.64,568.58,800460.0,1753807500000
568.58,568.89,568.4,568.7099,815367.0,1753808400000
568.705,568.99,568.5,568.5699,1061911.0,1753809300000
568.58,568.74,567.57,567.83,1008004.0,1753810200000
567.83,568.32,567.49,568.2207,1211333.0,1753811100000
568.21,568.46,568.0,568.19,787538.0,1753812000000
568.19,568.35,567.675,567.87,476033.0,1753812900000
567.87,568.56,567.85,568.215,703358.0,1753813800000
568.23,568.349,567.79,567.9,635776.0,1753814700000
567.89,568.08,567.71,568.0,706094.0,1753815600000
568.0,568.03,567.39,567.4,888680.0,1753816500000
567.41,567.54,566.53,567.175,3218682.0,1753817400000
567.18,567.52,566.82,567.33,4926020.0,1753818300000
568.18,568.69,567.27,568.65,2329539.0,1753882200000
568.63,569.11,567.76,568.06,1728876.0,1753883100000
568.06,568.445,567.67,567.98,1015606.0,1753884000000
567.98,569.0,567.94,568.57,1028870.0,1753884900000
568.58,569.15,568.58,568.915,902741.0,1753885800000
568.92,569.468,568.775,568.8493,782325.0,1753886700000
568.835,569.0901,567.92,568.06,812622.0,1753887600000
568.06,568.61,567.875,568.17,882647.0,1753888500000
568.18,568.61,567.91,568.565,525400.0,1753889400000
568.56,569.21,568.395,569.2,592540.0,1753890300000
569.195,569.25,568.9,569.19,440808.0,1753891200000
569.19,569.6,569.18,569.33,602898.0,1753892100000
569.335,569.49,568.94,569.08,362969.0,1753893000000
569.095,569.3652,569.05,569.3,337693.0,1753893900000
569.31,569.47,569.11,569.27,324746.0,1753894800000
569.25,569.37,569.08,569.1001,348567.0,1753895700000
569.12,569.705,569.05,569.63,531763.0,1753896600000
569.64,569.64,569.1,569.46,426708.0,1753897500000
569.44,569.9,568.77,569.48,1173740.0,1753898400000
569.45,569.87,569.28,569.79,1315963.0,1753899300000
569.8,570.62,568.83,569.667,2856260.0,1753900200000
569.655,569.99,566.07,566.39,4486769.0,1753901100000
566.36,567.74,565.05,567.05,5350892.0,1753902000000
567.05,567.42,565.56,565.98,2831598.0,1753902900000
566.0,566.73,565.7,565.93,2007391.0,1753903800000
565.93,568.27,565.93,568.1,4201353.0,1753904700000
574.54,574.63,571.4696,571.8307,5297100.0,1753968600000
571.84,573.47,571.2,572.66,3051835.0,1753969500000
572.665,573.37,572.072,572.68,2021891.0,1753970400000
572.69,572.95,571.5,571.9301,1800078.0,1753971300000
571.93,572.32,570.96,571.45,1616013.0,1753972200000
571.42,571.48,569.42,569.58,2509703.0,1753973100000
569.57,570.59,568.69,568.69,2288995.0,1753974000000
568.69,569.53,568.175,569.42,2189075.0,1753974900000
569.43,570.549,569.3,570.51,1291191.0,1753975800000
570.51,570.6,569.96,570.6,1171082.0,1753976700000
570.6,571.0,570.33,570.9401,1176669.0,1753977600000
570.94,571.35,570.82,571.14,1130805.0,1753978500000
571.15,571.42,570.625,570.93,1004194.0,1753979400000
570.905,570.96,569.975,570.275,1333085.0,1753980300000
570.29,570.315,569.49,569.55,1088659.0,1753981200000
569.55,569.63,567.05,567.441,2277576.0,1753982100000
567.48,568.1783,566.67,568.0993,2280759.0,1753983000000
568.1,568.47,565.33,565.9,2653761.0,1753983900000
565.89,566.6,565.0,565.01,2252007.0,1753984800000
565.0,566.6252,563.87,566.59,4156390.0,1753985700000
566.58,567.47,566.5,567.385,1638897.0,1753986600000
567.38,567.71,566.38,566.49,1551746.0,1753987500000
566.49,567.17,566.05,566.192,1693826.0,1753988400000
566.19,566.63,565.4,565.5607,1916751.0,1753989300000
565.61,566.38,565.32,566.36,2406277.0,1753990200000
566.375,566.49,564.0118,565.0,6182992.0,1753991100000
558.83,559.02,554.75,554.77,6817052.0,1754055000000
554.79,555.0,553.32,553.8002,5229586.0,1754055900000
553.73,555.06,551.88,554.535,5437497.0,1754056800000
554.53,556.38,554.46,556.38,3768095.0,1754057700000
556.38,557.26,555.635,555.74,3101531.0,1754058600000
555.74,557.02,554.78,555.035,1915145.0,1754059500000
555.03,555.74,554.36,554.9,1848040.0,1754060400000
554.86,555.7,554.32,554.3782,1550160.0,1754061300000
554.37,556.61,554.23,556.59,2007159.0,1754062200000
556.57,557.16,556.265,556.915,1754827.0,1754063100000
556.92,557.68,556.77,557.3,1714242.0,1754064000000
557.31,557.841,556.84,556.96,979636.0,1754064900000
556.96,557.22,555.69,555.88,1300218.0,1754065800000
555.85,556.335,553.68,553.84,1635614.0,1754066700000
553.83,554.3,553.2,553.435,2350687.0,1754067600000
553.43,553.7614,552.84,553.13,1364015.0,1754068500000
553.11,553.89,552.68,553.2,1414067.0,1754069400000
553.17,553.7,552.6,553.01,1112249.0,1754070300000
552.99,553.24,551.68,552.055,1980612.0,1754071200000
552.04,554.3,552.015,554.12,1459453.0,1754072100000
554.12,555.34,553.87,555.3018,1388058.0,1754073000000
555.305,555.3584,553.08,553.6009,1740713.0,1754073900000
553.62,554.0893,553.22,553.74,1284017.0,1754074800000
553.72,554.34,553.36,553.78,1265458.0,1754075700000
553.78,554.14,552.81,553.99,2029178.0,1754076600000
553.98,555.43,553.58,553.85,5281058.0,1754077500000
559.05,561.54,558.95,561.3799,4915697.0,1754314200000
561.38,563.01,561.38,562.755,3751644.0,1754315100000
562.77,563.07,561.98,562.8799,2257027.0,1754316000000
562.89,563.13,562.3652,562.83,1799859.0,1754316900000
562.85,562.95,561.98,562.113,1360954.0,1754317800000
562.09,562.95,561.51,562.02,1954353.0,1754318700000
562.01,562.205,561.35,561.95,1376725.0,1754319600000
561.96,562.22,561.43,561.93,1221497.0,1754320500000
561.91,562.33,561.62,561.885,1078233.0,1754321400000
561.89,563.2,561.75,562.97,1552172.0,1754322300000
562.97,563.29,562.84,563.07,1352126.0,1754323200000
563.07,563.51,563.03,563.22,826827.0,1754324100000
563.215,563.465,562.955,563.115,989204.0,1754325000000
563.11,563.58,563.1,563.37,1677412.0,1754325900000
563.36,563.68,563.265,563.67,880101.0,1754326800000
563.67,563.71,563.45,563.605,870712.0,1754327700000
563.61,563.735,563.12,563.185,742488.0,1754328600000
563.1999,563.44,562.69,563.3353,849374.0,1754329500000
563.34,563.71,563.11,563.23,1114907.0,1754330400000
563.22,563.445,563.12,563.275,1045992.0,1754331300000
563.27,563.5599,563.06,563.155,873473.0,1754332200000
563.16,563.28,563.07,563.17,615604.0,1754333100000
563.17,563.55,563.02,563.45,742694.0,1754334000000
563.46,564.12,563.28,563.3,1212095.0,1754334900000
563.3,563.57,562.98,563.35,1583594.0,1754335800000
563.35,564.315,563.3,564.1,5008604.0,1754336700000
565.39,565.74,564.315,565.58,3179775.0,1754400600000
565.58,566.5607,565.55,566.07,1961885.0,1754401500000
566.01,566.15,564.38,564.522,2741954.0,1754402400000
564.53,564.78,563.28,563.95,1877510.0,1754403300000
563.95,563.995,561.245,561.47,2424836.0,1754404200000
561.47,561.505,560.3,561.36,3219057.0,1754405100000
561.35,562.2434,560.64,562.17,2439950.0,1754406000000
562.17,562.2671,560.771,561.11,1451508.0,1754406900000
561.09,561.43,559.73,560.48,1795154.0,1754407800000
560.48,561.05,559.88,560.76,1428805.0,1754408700000
560.74,561.84,560.7,561.5201,1410725.0,1754409600000
561.54,562.08,561.51,561.76,1107753.0,1754410500000
561.73,562.41,560.86,561.06,1322068.0,1754411400000
561.05,561.709,560.3,561.33,1113797.0,1754412300000
561.31,561.59,561.01,561.47,702998.0,1754413200000
561.45,562.16,561.08,562.0513,633550.0,1754414100000
562.06,562.365,561.84,562.2299,818938.0,1754415000000
562.2101,563.07,562.19,562.79,990569.0,1754415900000
562.8,562.97,562.3,562.3,1097420.0,1754416800000
562.31,562.36,561.2393,561.312,1272442.0,1754417700000
561.3,561.68,560.61,560.91,1453244.0,1754418600000
560.9399,561.14,559.785,560.55,1756688.0,1754419500000
560.56,560.83,560.31,560.705,1268822.0,1754420400000
560.7,561.1899,560.45,561.12,1240491.0,1754421300000
561.12,561.26,560.4,560.44,1552643.0,1754422200000
560.445,560.9052,559.89,560.19,3602513.0,1754423100000
561.11,562.54,560.63,561.91,3022716.0,1754487000000
561.91,562.93,561.24,561.92,2247064.0,1754487900000
561.91,563.89,561.79,562.32,2295203.0,1754488800000
562.33,562.74,561.0,561.83,1746331.0,1754489700000
561.85,563.34,561.36,563.15,1594895.0,1754490600000
563.16,563.93,562.48,563.8351,1686416.0,1754491500000
563.84,564.23,563.27,564.15,1366216.0,1754492400000
564.145,565.035,564.07,564.88,1709387.0,1754493300000
564.86,565.38,564.26,565.1446,1671802.0,1754494200000
565.15,566.09,565.09,565.91,1118099.0,1754495100000
565.91,566.34,565.66,565.96,1330330.0,1754496000000
565.95,566.34,565.71,565.92,898025.0,1754496900000
565.915,566.42,565.45,565.4999,1084300.0,1754497800000
565.5,566.3,565.38,565.98,1343200.0,1754498700000
565.98,566.3245,565.73,565.85,819793.0,1754499600000
565.84,566.17,565.7,566.15,558530.0,1754500500000
566.14,566.61,565.9145,566.485,855716.0,1754501400000
566.49,566.5,565.825,566.04,852584.0,1754502300000
566.05,567.05,565.99,566.93,1054542.0,1754503200000
566.93,567.24,566.785,567.17,711975.0,1754504100000
567.17,567.54,567.04,567.2957,1270374.0,1754505000000
567.31,567.49,566.95,567.065,1044126.0,1754505900000
567.07,567.47,566.99,567.1,1026750.0,1754506800000
567.12,567.68,567.08,567.42,1030153.0,1754507700000
567.41,567.76,567.195,567.23,1385642.0,1754508600000
567.245,567.39,566.89,567.32,3653011.0,1754509500000
571.67,572.75,571.2,571.76,3387486.0,1754573400000
571.75,573.02,570.8895,572.92,2514996.0,1754574300000
572.92,573.32,571.12,571.83,2769557.0,1754575200000
571.82,572.2,570.26,571.025,1927303.0,1754576100000
571.03,571.195,570.21,571.13,1455189.0,1754577000000
571.13,571.46,569.67,570.15,1622496.0,1754577900000
570.15,570.6,569.47,569.8431,1452549.0,1754578800000
569.82,570.64,569.16,569.48,1595813.0,1754579700000
569.465,569.98,569.2,569.44,1155148.0,1754580600000
569.42,569.78,568.69,569.19,1197900.0,1754581500000
569.17,569.43,568.27,569.21,1245146.0,1754582400000
569.22,569.55,568.82,569.08,755518.0,1754583300000
569.07,569.4,567.02,567.08,1506367.0,1754584200000
567.07,568.89,566.575,568.2701,1792826.0,1754585100000
568.27,568.8874,567.48,567.7645,1075993.0,1754586000000
567.78,568.2,566.98,567.0,980692.0,1754586900000
566.99,567.39,566.375,567.2,1431087.0,1754587800000
567.18,567.65,566.89,567.27,926119.0,1754588700000
567.27,567.54,565.49,565.84,1291349.0,1754589600000
565.85,566.1999,565.11,566.052,1499797.0,1754590500000
566.06,566.43,565.5516,565.62,979849.0,1754591400000
565.59,567.3199,565.585,566.9601,1143920.0,1754592300000
566.96,567.22,566.57,566.7,931240.0,1754593200000
566.695,566.98,566.345,566.71,1015912.0,1754594100000
566.73,567.855,566.67,567.79,1582005.0,1754595000000
567.76,569.31,567.72,569.2599,3604982.0,1754595900000
570.45,572.14,570.15,571.88,2477243.0,1754659800000
571.9,572.98,571.9,572.835,1931336.0,1754660700000
572.85,573.67,572.575,572.76,2431961.0,1754661600000
572.76,573.8,572.43,573.62,1212274.0,1754662500000
573.61,574.26,573.5,573.875,1848343.0,1754663400000
573.88,573.94,572.88,573.0593,1302002.0,1754664300000
573.07,573.745,572.86,573.6955,2022781.0,1754665200000
573.71,573.77,573.27,573.39,720646.0,1754666100000
573.37,573.43,572.11,572.3,1492279.0,1754667000000
572.3,573.75,572.14,573.74,1181694.0,1754667900000
573.74,574.13,573.6,573.83,847143.0,1754668800000
573.85,574.34,573.77,574.0,789910.0,1754669700000
574.0,574.2,573.8,574.02,543245.0,1754670600000
574.02,574.1651,573.62,573.64,779123.0,1754671500000
573.63,573.77,573.22,573.555,759160.0,1754672400000
573.56,573.92,573.1319,573.27,745731.0,1754673300000
573.275,574.22,573.24,574.1198,502996.0,1754674200000
574.12,574.275,573.885,574.2,600549.0,1754675100000
574.23,574.77,574.21,574.29,1038623.0,1754676000000
574.29,574.5549,573.97,574.36,721509.0,1754676900000
574.37,574.63,574.25,574.435,656140.0,1754677800000
574.44,574.64,574.275,574.48,783096.0,1754678700000
574.461,574.56,574.305,574.39,614401.0,1754679600000
574.395,574.71,574.3,574.375,982695.0,1754680500000
574.37,574.37,573.76,573.86,1233779.0,1754681400000
573.86,574.68,573.67,574.55,3487866.0,1754682300000
574.69,575.25,573.83,575.02,2669445.0,1754919000000
575.02,575.38,574.505,575.36,1433214.0,1754919900000
575.38,575.72,574.84,575.41,1587611.0,1754920800000
575.41,575.925,575.28,575.55,1183688.0,1754921700000
575.56,575.765,575.3,575.605,690583.0,1754922600000
575.62,575.69,574.765,574.95,931959.0,1754923500000
574.94,575.42,574.65,575.42,781721.0,1754924400000
575.42,575.52,575.04,575.12,716683.0,1754925300000
575.08,575.34,574.685,575.0,740720.0,1754926200000
575.0,575.83,574.87,575.825,953482.0,1754927100000
575.825,576.8,575.67,576.3707,1326000.0,1754928000000
576.39,576.55,576.0801,576.345,677672.0,1754928900000
576.35,576.442,575.28,575.32,873221.0,1754929800000
575.32,575.7,575.15,575.185,692012.0,1754930700000
575.18,575.58,575.1119,575.1593,673288.0,1754931600000
575.16,575.3099,574.885,574.995,581971.0,1754932500000
574.99,575.1899,574.13,574.53,960492.0,1754933400000
574.54,574.605,574.03,574.245,650746.0,1754934300000
574.25,574.33,573.71,574.11,1195129.0,1754935200000
574.11,574.32,573.73,573.885,827968.0,1754936100000
573.88,574.28,573.26,573.26,762754.0,1754937000000
573.26,574.11,573.12,573.98,849489.0,1754937900000
573.98,574.07,573.54,573.59,551269.0,1754938800000
573.59,573.68,573.21,573.38,709681.0,1754939700000
573.385,573.528,572.9199,573.07,1065734.0,1754940600000
573.07,573.09,571.57,572.76,4982699.0,1754941500000
575.16,576.94,574.61,575.27,4100321.0,1755005400000
575.27,575.87,573.14,573.26,3355530.0,1755006300000
573.28,574.92,572.485,574.85,2620267.0,1755007200000
574.87,575.85,574.72,575.65,1612704.0,1755008100000
575.65,575.97,575.4,575.7,1061347.0,1755009000000
575.69,576.32,575.15,576.21,1125749.0,1755009900000
576.21,577.5913,576.135,577.3599,1893929.0,1755010800000
577.38,578.22,577.38,577.56,1895387.0,1755011700000
577.56,578.1999,577.27,578.06,1499091.0,1755012600000
578.07,578.47,577.79,578.4,909246.0,1755013500000
578.398,578.4,577.8855,578.14,698614.0,1755014400000
578.14,578.77,578.09,578.66,670789.0,1755015300000
578.67,578.88,578.57,578.67,656341.0,1755016200000
578.67,579.41,578.65,579.165,1335834.0,1755017100000
579.17,579.295,578.961,579.14,959618.0,1755018000000
579.14,579.31,578.84,578.8871,529306.0,1755018900000
578.88,579.37,578.83,579.22,754047.0,1755019800000
579.22,579.55,579.22,579.51,717522.0,1755020700000
579.51,579.69,579.37,579.6101,634266.0,1755021600000
579.62,579.95,579.52,579.62,759474.0,1755022500000
579.65,579.7,579.34,579.4699,806686.0,1755023400000
579.465,579.58,579.31,579.34,820539.0,1755024300000
579.34,579.57,579.2399,579.3288,755232.0,1755025200000
579.32,579.7725,579.31,579.745,1130200.0,1755026100000
579.73,580.21,579.5723,579.661,1914283.0,1755027000000
579.66,580.35,579.37,580.02,4362857.0,1755027900000
582.76,583.3199,582.38,582.78,2719229.0,1755091800000
582.78,583.1423,581.815,582.0895,2136522.0,1755092700000
582.1,582.11,581.14,581.57,2162066.0,1755093600000
581.59,581.819,580.41,580.64,1938510.0,1755094500000
580.63,581.03,580.3,580.9,1774028.0,1755095400000
580.88,580.95,580.06,580.6988,1500285.0,1755096300000
580.69,580.73,579.4,579.52,2407322.0,1755097200000
579.52,580.48,579.065,579.87,2112793.0,1755098100000
579.9,580.67,579.7,580.58,1042383.0,1755099000000
580.5899,580.6,579.715,579.87,830828.0,1755099900000
579.9,580.2299,579.72,580.02,782701.0,1755100800000
580.01,580.2344,579.46,579.78,810661.0,1755101700000
579.76,579.91,579.26,579.6,730046.0,1755102600000
579.6,579.65,578.94,579.2507,1006908.0,1755103500000
579.2524,580.01,579.17,579.42,927521.0,1755104400000
579.42,580.39,579.31,580.3401,1425099.0,1755105300000
580.34,580.43,579.31,579.4,695456.0,1755106200000
579.41,580.325,579.34,580.23,830710.0,1755107100000
580.23,580.595,580.0,580.52,933699.0,1755108000000
580.51,580.51,579.89,579.9,752641.0,1755108900000
579.91,580.16,578.98,579.94,1862446.0,1755109800000
579.9399,580.43,579.8456,580.1,846777.0,1755110700000
580.11,580.22,579.82,580.22,1156888.0,1755111600000
580.215,580.58,580.095,580.15,1003965.0,1755112500000
580.16,580.25,579.56,579.6256,1152806.0,1755113400000
579.64,580.64,579.58,580.35,2908986.0,1755114300000
578.28,579.91,577.91,579.9,3979975.0,1755178200000
579.89,580.8,579.3,580.19,2930855.0,1755179100000
580.2,580.33,579.45,579.59,1730235.0,1755180000000
579.6,580.6899,579.57,580.58,1617865.0,1755180900000
580.57,581.49,580.57,581.33,1463118.0,1755181800000
581.32,581.88,580.33,580.6822,1572265.0,1755182700000
580.68,580.79,580.0099,580.22,1255396.0,1755183600000
580.2,580.5699,578.45,579.04,1735305.0,1755184500000
579.04,579.455,578.66,579.02,1280795.0,1755185400000
579.02,580.34,578.88,580.1,1660128.0,1755186300000
580.09,580.15,578.48,578.55,1560499.0,1755187200000
578.52,579.57,578.46,578.94,1390103.0,1755188100000
578.93,579.76,578.93,579.4601,1132117.0,1755189000000
579.43,580.55,579.34,580.46,1309879.0,1755189900000
580.46,580.815,580.3301,580.815,812504.0,1755190800000
580.815,581.23,580.6221,581.16,1046871.0,1755191700000
581.17,581.19,580.27,580.6,958298.0,1755192600000
580.59,580.93,580.2475,580.83,878139.0,1755193500000
580.84,580.84,579.52,579.57,1009921.0,1755194400000
579.57,579.94,579.265,579.41,1343412.0,1755195300000
579.41,579.76,579.18,579.73,846111.0,1755196200000
579.74,580.2398,579.62,579.91,1024439.0,1755197100000
579.9,580.15,579.75,579.98,958095.0,1755198000000
579.97,580.4,579.7707,580.01,1312331.0,1755198900000
579.99,580.48,579.815,580.38,1826703.0,1755199800000
580.37,580.745,579.84,579.86,3099921.0,1755200700000
579.8,579.84,578.0,578.43,2602289.0,1755264600000
578.43,578.455,576.44,577.29,3086029.0,1755265500000
577.2,578.955,576.4,578.88,2303289.0,1755266400000
578.89,579.09,578.09,578.49,1906720.0,1755267300000
578.49,578.64,577.81,577.92,1245939.0,1755268200000
577.94,577.94,576.84,577.145,1305513.0,1755269100000
577.13,577.49,576.84,577.4,5294449.0,1755270000000
577.39,577.97,577.16,577.21,1629537.0,1755270900000
577.2,577.6,575.5743,575.74,5490756.0,1755271800000
575.74,577.59,575.73,576.84,1833032.0,1755272700000
576.83,577.385,576.36,577.375,1237209.0,1755273600000
577.375,577.38,576.25,576.34,1116686.0,1755274500000
576.35,577.06,576.24,576.91,931471.0,1755275400000
576.92,577.7494,576.74,577.57,1424026.0,1755276300000
577.58,577.71,577.06,577.23,1157114.0,1755277200000
577.22,577.335,576.79,577.27,956134.0,1755278100000
577.26,577.79,577.25,577.3676,879325.0,1755279000000
577.37,578.16,577.17,578.0743,855925.0,1755279900000
578.08,578.27,577.39,577.63,1476422.0,1755280800000
577.615,577.795,577.18,577.72,689084.0,1755281700000
577.72,577.85,577.3,577.33,1129948.0,1755282600000
577.32,577.6473,576.94,577.3943,990860.0,1755283500000
577.38,577.41,576.535,577.32,1437963.0,1755284400000
577.33,577.49,576.88,577.335,797828.0,1755285300000
577.33,577.79,577.2301,577.645,1102166.0,1755286200000
577.67,577.8,576.94,577.23,3738937.0,1755287100000
576.44,577.6,576.41,576.63,2649255.0,1755523800000
576.63,577.29,575.645,575.95,1932537.0,1755524700000
575.96,576.8901,575.91,576.56,1268480.0,1755525600000
576.55,577.765,576.27,576.6,1795176.0,1755526500000
576.6,576.9,576.03,576.03,1177315.0,1755527400000
576.03,576.715,575.2412,576.64,1561957.0,1755528300000
576.652,576.8,576.18,576.18,1000949.0,1755529200000
576.19,576.46,575.71,575.8496,995886.0,1755530100000
575.85,576.0895,575.48,575.8601,870566.0,1755531000000
575.86,576.2,575.76,575.92,830828.0,1755531900000
575.91,576.5,575.86,576.1,682498.0,1755532800000
576.11,576.64,576.01,576.45,649384.0,1755533700000
576.46,576.71,575.64,575.79,724068.0,1755534600000
575.78,575.94,575.34,575.62,728204.0,1755535500000
575.63,576.25,575.57,576.2,619825.0,1755536400000
576.2,576.46,576.06,576.445,724584.0,1755537300000
576.4399,577.17,576.02,576.2,1273534.0,1755538200000
576.195,576.36,576.0401,576.24,580149.0,1755539100000
576.25,576.57,575.98,576.25,698784.0,1755540000000
576.25,576.6,576.05,576.41,666736.0,1755540900000
576.41,576.8381,576.38,576.79,699087.0,1755541800000
576.8,577.24,576.66,577.07,836567.0,1755542700000
577.08,577.48,576.91,576.95,916156.0,1755543600000
576.95,577.27,576.84,576.98,814897.0,1755544500000
576.99,577.28,576.8616,577.0849,762662.0,1755545400000
577.09,577.57,577.03,577.1,1950121.0,1755546300000
576.39,576.56,573.92,574.44,4788223.0,1755610200000
574.45,574.85,573.42,574.32,3132202.0,1755611100000
574.33,575.53,574.2,575.06,2143773.0,1755612000000
575.05,575.12,573.01,573.095,2271988.0,1755612900000
573.11,573.85,571.53,572.03,3090417.0,1755613800000
572.04,572.44,571.02,571.0399,2539635.0,1755614700000
571.03,571.59,570.39,571.54,2513251.0,1755615600000
571.54,572.12,571.2807,571.96,1711882.0,1755616500000
571.95,572.175,571.48,571.92,1107081.0,1755617400000
571.92,572.14,571.3,571.46,1155981.0,1755618300000
571.45,571.91,570.41,570.575,1294639.0,1755619200000
570.59,571.39,570.59,570.84,1373056.0,1755620100000
570.86,571.02,569.66,569.9299,1775631.0,1755621000000
569.925,570.29,569.38,569.6,2113818.0,1755621900000
569.595,569.785,568.82,569.405,2321796.0,1755622800000
569.4,569.81,568.71,569.7013,1286857.0,1755623700000
569.7,570.31,569.64,570.095,1272394.0,1755624600000
570.1,570.42,569.74,570.2,1005436.0,1755625500000
570.2,570.22,569.12,569.4801,1243443.0,1755626400000
569.48,569.645,569.22,569.41,705301.0,1755627300000
569.41,569.53,568.78,569.05,1072875.0,1755628200000
569.04,569.33,568.69,569.12,1100913.0,1755629100000
569.13,569.13,568.25,568.53,1548079.0,1755630000000
568.5335,569.1258,568.3,569.05,1308974.0,1755630900000
569.06,569.39,569.04,569.38,1163418.0,1755631800000
569.37,569.45,568.5,569.28,4748319.0,1755632700000
568.33,568.45,565.79,565.79,4437411.0,1755696600000
565.8,565.81,561.52,562.18,7403652.0,1755697500000
562.18,563.17,560.15,560.62,5555116.0,1755698400000
560.63,561.765,559.51,560.281,5140169.0,1755699300000
560.31,560.61,559.37,559.67,3368222.0,1755700200000
559.61,560.13,558.84,559.368,3047140.0,1755701100000
559.37,561.2801,559.1,561.19,3379352.0,1755702000000
561.18,563.5,561.175,563.44,3401065.0,1755702900000
563.435,564.42,563.18,563.56,3367909.0,1755703800000
563.57,563.88,561.67,562.13,2600094.0,1755704700000
562.13,563.87,562.06,563.81,1990729.0,1755705600000
563.775,565.33,563.74,565.2,2225862.0,1755706500000
565.2,565.228,563.96,564.52,1648352.0,1755707400000
564.52,564.64,563.29,563.64,1658099.0,1755708300000
563.64,564.6199,563.46,563.74,1620009.0,1755709200000
563.73,564.51,563.6,563.95,1159732.0,1755710100000
563.95,565.23,563.92,565.17,1396309.0,1755711000000
565.18,565.62,564.13,564.39,1984228.0,1755711900000
564.37,564.56,562.81,563.44,2318459.0,1755712800000
563.43,563.528,562.6,563.09,1526061.0,1755713700000
563.07,564.26,563.02,564.14,1151561.0,1755714600000
564.14,564.77,563.795,563.89,1430005.0,1755715500000
563.88,565.71,563.88,565.52,1712548.0,1755716400000
565.51,566.51,565.4,565.75,2066841.0,1755717300000
565.75,566.42,565.6,566.0901,1630443.0,1755718200000
566.08,566.89,565.74,565.85,4385398.0,1755719100000
564.35,565.08,562.88,564.24,3763424.0,1755783000000
564.29,564.53,562.32,562.59,3291926.0,1755783900000
562.57,565.38,561.85,564.88,3012761.0,1755784800000
564.88,566.49,564.66,566.41,2100155.0,1755785700000
566.42,566.42,564.11,564.82,1937934.0,1755786600000
564.82,565.36,564.26,565.2,1690502.0,1755787500000
565.23,565.63,563.13,563.22,1721176.0,1755788400000
563.22,565.02,563.0101,564.28,1637562.0,1755789300000
564.28,565.22,564.23,564.93,1178217.0,1755790200000
564.93,564.94,562.718,563.03,1605897.0,1755791100000
563.02,563.21,562.34,562.79,1444417.0,1755792000000
562.79,563.25,562.26,562.5,972322.0,1755792900000
562.5,563.02,562.31,562.605,1109093.0,1755793800000
562.59,563.21,561.73,561.98,1199192.0,1755794700000
561.99,562.79,561.78,561.82,1412082.0,1755795600000
561.81,561.935,560.98,561.625,1564116.0,1755796500000
561.62,563.105,561.5,562.955,1639071.0,1755797400000
562.95,563.475,562.69,563.2548,1107233.0,1755798300000
563.25,563.45,562.63,563.08,970749.0,1755799200000
563.075,563.38,562.85,562.885,640027.0,1755800100000
562.885,563.415,562.43,562.865,955636.0,1755801000000
562.86,563.73,562.48,563.51,1020754.0,1755801900000
563.5,564.145,563.4,564.0342,1505791.0,1755802800000
564.05,564.21,563.735,563.7799,1082052.0,1755803700000
563.78,563.82,563.085,563.27,977924.0,1755804600000
563.28,563.72,562.98,563.32,3229345.0,1755805500000
564.67,566.08,563.27,566.058,2648898.0,1755869400000
566.05,566.54,564.26,564.71,2533133.0,1755870300000
564.76,572.64,564.75,572.495,6901690.0,1755871200000
572.495,573.58,570.205,571.68,4670145.0,1755872100000
571.71,573.42,571.695,573.32,2438757.0,1755873000000
573.29,573.88,572.69,572.885,2278725.0,1755873900000
572.9,573.99,572.855,573.335,2021721.0,1755874800000
573.335,573.68,572.94,573.32,1260769.0,1755875700000
573.3,573.89,572.97,573.1699,1325650.0,1755876600000
573.17,573.41,571.965,572.05,1512731.0,1755877500000
572.07,572.59,571.46,571.74,1133601.0,1755878400000
571.72,571.99,570.97,571.2203,1231687.0,1755879300000
571.235,571.871,571.175,571.5,961058.0,1755880200000
571.485,571.65,570.57,571.075,1050576.0,1755881100000
571.07,572.49,571.07,572.3099,1730413.0,1755882000000
572.31,573.215,572.21,573.205,1155838.0,1755882900000
573.205,573.25,572.82,573.185,956976.0,1755883800000
573.19,573.41,572.84,572.9499,705615.0,1755884700000
572.985,573.21,572.68,572.92,876885.0,1755885600000
572.9101,572.96,572.5,572.66,623300.0,1755886500000
572.69,573.17,572.57,572.69,698551.0,1755887400000
572.69,573.01,572.38,572.4791,651591.0,1755888300000
572.47,572.64,572.14,572.37,1015525.0,1755889200000
572.35,572.43,572.0042,572.2,1155664.0,1755890100000
572.19,572.35,571.14,571.69,1525045.0,1755891000000
571.68,572.38,571.56,571.99,3972857.0,1755891900000
570.4,570.92,569.16,569.99,3771582.0,1756128600000
570.01,570.9399,569.22,570.9399,2473158.0,1756129500000
570.95,571.86,570.59,571.74,2127730.0,1756130400000
571.73,571.94,570.95,571.48,1532873.0,1756131300000
571.46,572.1,571.26,571.46,1373446.0,1756132200000
571.46,572.27,571.29,572.195,1027453.0,1756133100000
572.18,572.67,572.06,572.56,1279184.0,1756134000000
572.56,572.965,572.44,572.8599,782392.0,1756134900000
572.87,573.07,572.41,572.735,1022433.0,1756135800000
572.74,573.2871,572.5,572.912,920957.0,1756136700000
572.9,573.24,572.84,573.12,784332.0,1756137600000
573.12,573.17,572.76,572.86,589161.0,1756138500000
572.84,573.13,572.6299,573.06,664366.0,1756139400000
573.06,573.19,572.66,572.8,528781.0,1756140300000
572.8,572.85,572.2,572.52,855637.0,1756141200000
572.515,572.7,572.255,572.5051,545101.0,1756142100000
572.5,572.67,571.88,572.23,853020.0,1756143000000
572.24,572.5993,572.22,572.365,608049.0,1756143900000
572.38,572.48,572.13,572.46,652763.0,1756144800000
572.47,572.51,571.85,572.06,747341.0,1756145700000
572.05,572.21,571.76,571.7601,612856.0,1756146600000
571.76,572.07,571.67,571.76,618412.0,1756147500000
571.76,572.26,571.66,572.085,802296.0,1756148400000
572.08,572.11,571.635,571.76,889700.0,1756149300000
571.75,571.86,571.51,571.5707,1056878.0,1756150200000
571.555,571.77,570.18,570.35,3891727.0,1756151100000
569.83,570.98,569.68,570.49,2636142.0,1756215000000
570.5,570.69,568.8,570.4726,2611575.0,1756215900000
570.42,571.18,570.17,570.74,2562031.0,1756216800000
570.7,571.705,570.58,571.59,1343694.0,1756217700000
571.58,571.72,570.9,571.64,1022273.0,1756218600000
571.65,571.81,571.02,571.08,853503.0,1756219500000
571.09,571.34,570.86,571.25,922608.0,1756220400000
571.24,571.42,570.68,570.7403,719538.0,1756221300000
570.74,570.99,570.37,570.915,798469.0,1756222200000
570.93,571.0904,570.505,570.972,648163.0,1756223100000
570.97,571.6,570.97,571.6,682514.0,1756224000000
571.59,571.885,571.43,571.57,751599.0,1756224900000
571.57,571.73,571.47,571.5013,446095.0,1756225800000
571.51,571.59,571.14,571.49,586633.0,1756226700000
571.48,571.59,570.79,571.235,895459.0,1756227600000
571.22,571.52,571.0,571.4342,522751.0,1756228500000
571.45,571.51,570.67,570.78,686768.0,1756229400000
570.78,570.85,570.05,570.6001,1133359.0,1756230300000
570.61,571.26,570.52,571.0901,982680.0,1756231200000
571.1,571.47,571.085,571.46,740825.0,1756232100000
571.46,571.79,571.41,571.57,1002692.0,1756233000000
571.56,572.0,571.46,571.72,917074.0,1756233900000
571.72,571.79,571.38,571.655,1406720.0,1756234800000
571.66,572.42,571.545,572.15,1559727.0,1756235700000
572.14,572.4,571.34,571.4,1652337.0,1756236600000
571.4,572.92,571.36,572.65,3480342.0,1756237500000
571.59,572.21,570.97,571.23,3620003.0,1756301400000
571.23,571.635,570.37,571.47,2395709.0,1756302300000
571.47,572.24,571.28,572.22,1683288.0,1756303200000
572.215,573.18,572.215,572.9701,1501479.0,1756304100000
572.99,573.4,572.94,573.085,2162394.0,1756305000000
573.09,573.28,572.65,573.042,1102498.0,1756305900000
573.05,573.25,572.77,572.995,1117040.0,1756306800000
572.99,573.25,572.745,572.8099,931825.0,1756307700000
572.8,573.185,572.4,573.05,1050213.0,1756308600000
573.04,573.77,572.97,573.595,910448.0,1756309500000
573.59,573.6195,573.15,573.1899,623664.0,1756310400000
573.17,573.195,571.74,572.25,1415701.0,1756311300000
572.23,572.545,571.65,572.35,1080116.0,1756312200000
572.34,573.315,572.31,573.06,836457.0,1756313100000
573.06,573.18,572.78,573.1,567039.0,1756314000000
573.1,573.175,572.73,573.0801,521332.0,1756314900000
573.09,573.48,573.09,573.435,585868.0,1756315800000
573.44,573.6193,573.38,573.5491,554597.0,1756316700000
573.54,574.31,573.39,574.24,948075.0,1756317600000
574.24,574.405,574.1407,574.215,779666.0,1756318500000
574.21,574.25,573.98,574.0,601224.0,1756319400000
574.0,574.12,573.625,573.68,689808.0,1756320300000
573.67,573.69,571.92,572.27,1832815.0,1756321200000
572.3,573.13,572.26,572.99,1486248.0,1756322100000
572.99,573.715,572.98,573.625,1094064.0,1756323000000
573.61,574.145,573.53,573.54,2646167.0,1756323900000
574.11,576.53,573.84,575.59,4349979.0,1756387800000
575.59,575.75,572.46,573.348,4344187.0,1756388700000
573.34,574.97,572.97,574.69,2983983.0,1756389600000
574.71,574.89,573.69,573.8118,1928364.0,1756390500000
573.84,575.53,573.8,575.3601,1912830.0,1756391400000
575.36,576.22,575.13,575.85,1650859.0,1756392300000
575.87,576.26,575.44,576.15,1605999.0,1756393200000
576.16,576.77,574.67,574.8599,1929629.0,1756394100000
574.86,575.96,574.82,575.22,1273872.0,1756395000000
575.19,575.4899,574.92,575.2,1044755.0,1756395900000
575.21,576.2,575.09,576.1599,823917.0,1756396800000
576.165,577.09,575.9,576.82,1487898.0,1756397700000
576.81,576.9586,576.23,576.545,1575928.0,1756398600000
576.54,576.97,576.18,576.26,1274380.0,1756399500000
576.26,576.48,576.04,576.36,928304.0,1756400400000
576.3599,576.98,576.27,576.97,798402.0,1756401300000
576.97,577.21,576.84,577.07,974139.0,1756402200000
577.07,577.24,576.955,577.1,808670.0,1756403100000
577.1,577.335,577.01,577.15,743180.0,1756404000000
577.16,577.37,576.99,577.33,907753.0,1756404900000
577.34,577.585,577.22,577.45,896688.0,1756405800000
577.45,577.73,577.41,577.6413,697726.0,1756406700000
577.64,577.86,577.39,577.6,1020065.0,1756407600000
577.59,577.59,577.2501,577.3785,1070968.0,1756408500000
577.37,577.67,577.22,577.635,1189297.0,1756409400000
577.64,578.0,577.04,577.07,4212583.0,1756410300000
574.655,575.03,573.12,573.42,3876615.0,1756474200000
573.42,573.43,571.15,571.44,3880441.0,1756475100000
571.46,572.23,569.34,569.98,4418857.0,1756476000000
569.99,570.96,569.25,570.948,3497739.0,1756476900000
570.95,571.37,570.26,570.29,1885453.0,1756477800000
570.285,570.53,568.96,569.42,3031233.0,1756478700000
569.41,570.56,569.27,570.195,1684702.0,1756479600000
570.2,570.93,570.04,570.5401,1377549.0,1756480500000
570.53,570.645,569.8,569.935,1333054.0,1756481400000
569.94,570.0,569.17,569.32,1625485.0,1756482300000
569.33,570.3999,569.26,570.27,1330015.0,1756483200000
570.255,570.46,569.72,569.86,900322.0,1756484100000
569.85,570.575,569.84,570.57,774836.0,1756485000000
570.55,570.74,570.28,570.43,1218765.0,1756485900000
570.4,570.4,568.95,569.01,1340916.0,1756486800000
569.02,569.49,568.54,569.22,1304840.0,1756487700000
569.23,569.665,568.93,569.55,1419788.0,1756488600000
569.56,570.38,569.53,569.97,1309556.0,1756489500000
569.97,570.16,569.57,570.0087,1004988.0,1756490400000
570.005,570.11,569.44,569.5401,1012254.0,1756491300000
569.55,570.075,569.55,569.61,849818.0,1756492200000
569.61,570.0,569.48,569.985,977375.0,1756493100000
569.98,570.37,569.83,570.18,1399988.0,1756494000000
570.18,570.63,569.92,570.1,1391604.0,1756494900000
570.1,570.555,569.66,570.4426,2110363.0,1756495800000
570.44,570.845,569.18,570.31,5928993.0,1756496700000
561.31,563.19,559.535,562.5662,7574487.0,1756819800000
562.52,565.23,562.27,564.585,4629743.0,1756820700000
564.61,565.7,563.66,563.95,4044387.0,1756821600000
563.94,565.26,563.44,565.24,3109988.0,1756822500000
565.22,565.22,563.23,563.315,2379667.0,1756823400000
563.34,563.45,562.19,562.85,2484951.0,1756824300000
562.86,563.25,561.89,562.055,1844087.0,1756825200000
562.06,562.17,561.24,561.58,1966863.0,1756826100000
561.57,561.57,560.15,560.24,2077006.0,1756827000000
560.25,560.51,559.57,560.09,1913010.0,1756827900000
560.09,560.58,559.84,560.4,1705591.0,1756828800000
560.4,560.97,560.39,560.55,1319225.0,1756829700000
560.545,561.45,560.54,561.12,1149226.0,1756830600000
561.09,562.1,560.68,561.99,1541319.0,1756831500000
562.0,562.4,561.45,561.725,1577723.0,1756832400000
561.72,563.0,561.64,562.81,1216061.0,1756833300000
562.81,564.31,562.81,564.2101,1916308.0,1756834200000
564.22,564.36,563.45,563.48,1388794.0,1756835100000
563.47,563.93,563.17,563.28,1753696.0,1756836000000
563.28,563.4645,562.85,562.89,1169644.0,1756836900000
562.9,563.355,562.74,562.99,1010435.0,1756837800000
562.99,564.53,562.88,563.505,1872285.0,1756838700000
563.51,564.35,563.47,564.3,1169220.0,1756839600000
564.29,564.73,564.15,564.59,1413080.0,1756840500000
564.58,565.26,564.5,564.94,2532643.0,1756841400000
564.93,565.965,564.64,565.62,4232700.0,1756842300000
569.23,569.6,568.03,568.64,3940938.0,1756906200000
568.64,569.44,567.98,568.28,2883679.0,1756907100000
568.27,570.13,568.06,568.51,3018844.0,1756908000000
568.52,570.41,568.51,569.51,2640705.0,1756908900000
569.51,571.47,569.49,571.29,2261290.0,1756909800000
571.27,571.695,571.03,571.32,1806013.0,1756910700000
571.31,571.49,570.86,570.9,1736368.0,1756911600000
570.9,571.01,569.19,569.28,1721257.0,1756912500000
569.26,569.84,568.865,569.44,2359770.0,1756913400000
569.43,569.63,568.78,569.0866,1383054.0,1756914300000
569.07,569.61,568.75,569.32,1602945.0,1756915200000
569.31,570.2435,569.19,569.5,1234448.0,1756916100000
569.52,569.63,568.625,568.99,1028817.0,1756917000000
568.99,569.2,568.49,568.96,1230262.0,1756917900000
568.97,570.1099,568.94,569.8,1013442.0,1756918800000
569.81,570.18,569.05,569.34,986665.0,1756919700000
569.33,569.54,568.11,568.17,1199374.0,1756920600000
568.19,568.7286,567.43,567.85,2087548.0,1756921500000
567.86,567.87,567.08,567.7,1718975.0,1756922400000
567.69,567.7,567.03,567.48,1315114.0,1756923300000
567.46,567.54,566.725,567.495,1550779.0,1756924200000
567.48,567.67,567.0,567.3,1189557.0,1756925100000
567.3,567.7201,567.03,567.15,1661397.0,1756926000000
567.16,567.76,567.06,567.59,1404347.0,1756926900000
567.59,568.69,567.56,568.625,1647605.0,1756927800000
568.62,570.07,568.48,569.99,5492242.0,1756928700000
570.74,572.35,570.18,570.92,3816308.0,1756992600000
570.92,571.51,570.23,570.61,2306726.0,1756993500000
570.83,570.86,569.32,569.69,2717522.0,1756994400000
569.68,571.0518,569.025,570.77,2336814.0,1756995300000
570.74,571.92,570.72,571.2,2236149.0,1756996200000
571.2,571.82,571.0407,571.738,1319213.0,1756997100000
571.73,572.16,571.01,571.3201,1657697.0,1756998000000
571.335,572.53,571.32,572.3,1722044.0,1756998900000
572.32,572.38,571.62,571.95,1215105.0,1756999800000
571.96,572.52,571.7801,572.12,935588.0,1757000700000
572.125,572.49,571.85,572.36,895360.0,1757001600000
572.37,572.4,571.52,571.6928,914299.0,1757002500000
571.68,572.23,571.595,572.0,857473.0,1757003400000
572.0099,572.775,572.0,572.13,999123.0,1757004300000
572.14,573.06,572.09,572.46,1248149.0,1757005200000
572.45,573.13,572.45,573.03,817279.0,1757006100000
573.02,573.14,572.81,572.99,781645.0,1757007000000
573.0,573.715,572.905,573.225,1070026.0,1757007900000
573.22,573.58,573.21,573.55,1133810.0,1757008800000
573.56,573.78,573.52,573.56,856757.0,1757009700000
573.565,574.09,573.48,573.771,1459600.0,1757010600000
573.78,574.215,573.752,574.11,1207959.0,1757011500000
574.1058,574.54,574.02,574.505,1087885.0,1757012400000
574.5,574.665,574.3,574.325,1394090.0,1757013300000
574.31,574.64,574.17,574.595,1456708.0,1757014200000
574.58,575.6,574.25,575.27,5394523.0,1757015100000
580.49,581.12,579.21,580.46,6707875.0,1757079000000
580.47,580.9,579.29,579.95,4435434.0,1757079900000
579.92,579.94,577.55,577.57,4045654.0,1757080800000
577.59,577.75,574.52,575.129,5221341.0,1757081700000
575.1,575.41,573.58,574.02,3478392.0,1757082600000
574.03,574.75,572.5,572.5542,4446931.0,1757083500000
572.56,573.22,571.53,573.185,3491107.0,1757084400000
573.165,574.73,572.9,574.63,2662593.0,1757085300000
574.62,575.5,573.995,575.345,2088508.0,1757086200000
575.33,575.33,573.92,574.27,2150556.0,1757087100000
574.26,575.22,573.71,575.1,1671812.0,1757088000000
575.1,575.24,574.1199,574.32,1550246.0,1757088900000
574.38,574.99,573.75,574.81,1258558.0,1757089800000
574.79,575.15,573.99,575.15,1340493.0,1757090700000
575.14,575.14,573.9187,574.95,1768000.0,1757091600000
574.96,575.32,574.56,574.65,1238243.0,1757092500000
574.67,574.89,573.49,574.11,1597376.0,1757093400000
574.12,574.305,573.74,574.175,1147648.0,1757094300000
574.18,574.65,573.92,574.65,1075978.0,1757095200000
574.63,575.18,574.52,574.8699,833437.0,1757096100000
574.87,575.35,574.75,575.015,818086.0,1757097000000
575.02,575.26,574.595,575.215,1101610.0,1757097900000
575.21,575.77,574.84,575.55,1465162.0,1757098800000
575.55,576.07,575.43,575.845,1382712.0,1757099700000
575.85,575.93,575.17,575.4099,1690942.0,1757100600000
575.4,576.12,574.9202,576.03,4043275.0,1757101500000
578.37,579.89,578.07,579.48,4320784.0,1757338200000
579.47,580.56,579.08,579.84,4662386.0,1757339100000
579.84,580.4,579.38,579.74,2724376.0,1757340000000
579.73,580.39,578.87,580.25,2140560.0,1757340900000
580.24,580.8,579.99,580.68,1553731.0,1757341800000
580.68,580.84,580.13,580.16,1773416.0,1757342700000
580.15,580.67,580.06,580.5,1265202.0,1757343600000
580.5,580.58,579.79,580.565,1408883.0,1757344500000
580.56,580.74,580.1454,580.21,897716.0,1757345400000
580.21,580.56,579.46,580.49,1885782.0,1757346300000
580.49,580.5,579.7342,579.77,949197.0,1757347200000
579.785,579.785,579.25,579.5,991226.0,1757348100000
579.49,579.65,578.5,579.06,1519265.0,1757349000000
579.06,579.26,578.56,579.0199,1044733.0,1757349900000
579.01,579.12,578.38,578.45,1129327.0,1757350800000
578.46,579.15,578.43,578.8524,965958.0,1757351700000
578.875,579.03,578.57,578.82,652099.0,1757352600000
578.83,578.86,577.84,578.32,960185.0,1757353500000
578.33,578.8499,578.08,578.74,951452.0,1757354400000
578.73,579.21,578.67,579.04,1618770.0,1757355300000
579.05,579.14,578.45,578.78,776800.0,1757356200000
578.77,579.02,578.5,578.585,793624.0,1757357100000
578.58,578.66,577.87,578.01,1091252.0,1757358000000
578.02,578.15,577.77,578.01,1040104.0,1757358900000
578.02,578.8,578.02,578.7299,2055985.0,1757359800000
578.72,579.02,578.37,578.82,4176875.0,1757360700000
579.67,580.2,579.23,579.83,3141701.0,1757424600000
579.81,579.97,578.84,579.2,2186572.0,1757425500000
579.2,580.03,578.35,579.67,2961771.0,1757426400000
579.68,579.8,578.81,579.08,1508726.0,1757427300000
579.07,579.11,577.04,577.45,3324023.0,1757428200000
577.45,578.86,577.29,578.49,1891540.0,1757429100000
578.48,578.9,577.66,578.23,1659755.0,1757430000000
578.24,578.58,578.19,578.43,799186.0,1757430900000
578.43,578.48,577.685,577.87,1167592.0,1757431800000
577.865,579.11,577.8,578.43,1341302.0,1757432700000
578.44,579.33,578.38,579.295,1089306.0,1757433600000
579.28,579.63,578.71,579.25,1217968.0,1757434500000
579.26,579.3471,579.052,579.1099,520000.0,1757435400000
579.1,579.535,578.97,579.32,665663.0,1757436300000
579.33,580.155,579.33,579.78,1488404.0,1757437200000
579.78,580.12,579.75,579.82,777674.0,1757438100000
579.83,579.95,579.455,579.63,916158.0,1757439000000
579.605,579.925,579.581,579.75,1048288.0,1757439900000
579.76,579.98,579.38,579.86,1696419.0,1757440800000
579.84,579.94,579.5719,579.62,939247.0,1757441700000
579.63,579.735,579.38,579.51,1000388.0,1757442600000
579.515,579.98,579.515,579.87,886935.0,1757443500000
579.87,579.965,579.68,579.7308,807698.0,1757444400000
579.73,580.29,579.73,580.18,1338182.0,1757445300000
580.18,580.3,579.69,579.935,1097760.0,1757446200000
579.93,580.94,579.9,580.47,3701391.0,1757447100000
583.74,583.77,581.76,582.0507,5149484.0,1757511000000
582.08,582.58,581.33,582.035,3888211.0,1757511900000
582.03,583.15,581.9,582.71,2639946.0,1757512800000
582.71,583.355,582.49,582.85,1835522.0,1757513700000
582.84,583.28,582.69,583.18,1551979.0,1757514600000
583.155,583.45,582.72,582.91,1569666.0,1757515500000
582.92,583.195,582.72,582.95,1694563.0,1757516400000
582.9454,582.9607,581.8499,582.33,2037137.0,1757517300000
582.35,582.65,581.85,582.65,1243375.0,1757518200000
582.65,582.9699,582.47,582.5,1220200.0,1757519100000
582.5,582.5101,581.88,582.11,1232415.0,1757520000000
582.11,582.3,581.42,581.72,887020.0,1757520900000
581.72,581.95,581.34,581.3586,755022.0,1757521800000
581.36,581.95,581.25,581.9,1103909.0,1757522700000
581.89,582.29,581.8,581.9,913785.0,1757523600000
581.91,581.94,580.73,580.94,1126683.0,1757524500000
580.94,581.485,580.78,581.32,1154638.0,1757525400000
581.3,581.54,580.87,581.27,844650.0,1757526300000
581.27,581.31,580.77,581.02,801446.0,1757527200000
581.02,581.02,580.0,580.31,1724274.0,1757528100000
580.295,580.82,580.23,580.37,1183747.0,1757529000000
580.38,580.52,579.762,580.415,1356370.0,1757529900000
580.41,580.5,579.01,579.04,1403112.0,1757530800000
579.05,579.455,578.55,579.12,1917548.0,1757531700000
579.13,580.43,579.11,580.425,2018763.0,1757532600000
580.43,581.14,580.185,580.7,3970032.0,1757533500000
583.24,583.73,581.66,581.94,4203442.0,1757597400000
581.96,583.48,581.62,583.28,3309942.0,1757598300000
583.26,583.85,582.69,582.78,2784372.0,1757599200000
582.79,583.23,582.5,582.95,1809788.0,1757600100000
582.94,584.21,582.86,584.13,1938445.0,1757601000000
584.12,584.24,583.175,583.8607,1763165.0,1757601900000
583.86,584.23,583.79,584.18,1690873.0,1757602800000
584.18,584.88,584.12,584.68,1875241.0,1757603700000
584.68,584.88,584.23,584.23,1183254.0,1757604600000
584.24,584.5,583.87,584.37,1152735.0,1757605500000
584.37,584.83,584.3,584.59,952029.0,1757606400000
584.61,584.79,584.34,584.36,848843.0,1757607300000
584.39,584.57,583.95,584.155,762140.0,1757608200000
584.15,584.21,583.67,584.0,1027326.0,1757609100000
584.0,584.43,583.73,584.39,886660.0,1757610000000
584.39,584.53,584.1,584.15,707200.0,1757610900000
584.13,584.61,584.13,584.49,622601.0,1757611800000
584.52,584.6,583.9,584.58,1078388.0,1757612700000
584.58,584.66,584.33,584.44,916331.0,1757613600000
584.44,584.5,584.1407,584.31,847299.0,1757614500000
584.31,584.62,584.22,584.5808,848276.0,1757615400000
584.5886,584.8,584.53,584.61,788009.0,1757616300000
584.6,584.69,584.3301,584.36,1141447.0,1757617200000
584.36,584.72,584.3101,584.59,782824.0,1757618100000
584.58,584.79,584.39,584.44,1317904.0,1757619000000
584.44,584.87,584.005,584.09,3851165.0,1757619900000
585.04,585.57,584.1,584.76,3475678.0,1757683800000
584.76,585.24,584.445,585.145,1889777.0,1757684700000
585.145,585.49,584.74,584.7999,2715103.0,1757685600000
584.79,585.875,584.69,585.75,1748156.0,1757686500000
585.76,586.175,585.6,586.0,1404694.0,1757687400000
586.01,586.83,585.955,586.6,1833614.0,1757688300000
586.6,586.7257,586.05,586.34,1647519.0,1757689200000
586.34,586.58,585.95,586.135,1831797.0,1757690100000
586.14,586.38,585.9,585.97,974932.0,1757691000000
585.97,586.44,585.79,586.23,1437756.0,1757691900000
586.2201,586.47,585.77,586.4,1089988.0,1757692800000
586.4,586.62,586.27,586.58,1050366.0,1757693700000
586.58,586.75,586.38,586.4813,1206226.0,1757694600000
586.49,586.98,586.38,586.69,2780042.0,1757695500000
586.7,586.71,586.38,586.545,1620323.0,1757696400000
586.55,586.7042,586.41,586.455,960040.0,1757697300000
586.455,586.6,586.235,586.525,1028018.0,1757698200000
586.525,587.11,586.51,587.01,1681602.0,1757699100000
587.02,587.03,586.75,587.02,3453774.0,1757700000000
587.01,587.07,586.85,586.985,769427.0,1757700900000
586.98,587.4755,586.91,587.39,1622050.0,1757701800000
587.4,587.86,586.87,587.75,1632060.0,1757702700000
587.75,587.83,587.33,587.39,1272887.0,1757703600000
587.39,587.43,586.93,587.02,1247657.0,1757704500000
587.04,587.07,586.12,586.75,2832055.0,1757705400000
586.75,587.2289,586.635,586.66,3904759.0,1757706300000
588.44,589.64,588.295,589.08,4022073.0,1757943000000
589.07,590.47,589.07,590.43,2372635.0,1757943900000
590.44,590.56,589.885,590.11,1983474.0,1757944800000
590.12,590.355,589.68,590.2907,1626136.0,1757945700000
590.28,590.39,589.875,590.3,1540275.0,1757946600000
590.305,590.47,589.95,590.468,1207886.0,1757947500000
590.47,590.65,590.09,590.3187,1344571.0,1757948400000
590.31,590.52,589.96,590.278,1236070.0,1757949300000
590.27,590.78,590.205,590.46,1643748.0,1757950200000
590.47,591.13,590.42,590.91,1207329.0,1757951100000
590.91,591.18,590.59,591.06,1242401.0,1757952000000
591.06,591.18,590.6,590.67,806247.0,1757952900000
590.67,591.09,590.6393,591.02,795352.0,1757953800000
591.015,591.02,590.465,590.58,1297681.0,1757954700000
590.582,590.92,590.51,590.575,1091603.0,1757955600000
590.57,590.64,590.27,590.29,924593.0,1757956500000
590.3,590.75,590.19,590.65,1172909.0,1757957400000
590.65,591.13,590.52,591.1,766712.0,1757958300000
591.09,591.1799,590.7613,590.96,1090669.0,1757959200000
590.96,591.03,590.52,590.5201,816783.0,1757960100000
590.53,590.895,590.09,590.21,1352682.0,1757961000000
590.22,590.7401,590.21,590.69,1264191.0,1757961900000
590.6912,590.85,590.47,590.695,976977.0,1757962800000
590.69,590.84,590.465,590.76,1027706.0,1757963700000
590.75,591.03,590.64,590.85,1356640.0,1757964600000
590.83,591.79,590.545,591.7,5170853.0,1757965500000
592.61,592.86,591.71,592.06,3511486.0,1758029400000
592.08,592.13,591.01,591.37,2874506.0,1758030300000
591.36,591.78,590.99,591.38,1954708.0,1758031200000
591.36,591.91,591.31,591.405,1421872.0,1758032100000
591.41,591.84,591.15,591.24,1231765.0,1758033000000
591.24,591.68,591.128,591.392,996490.0,1758033900000
591.39,591.43,590.74,591.19,1237381.0,1758034800000
591.18,591.49,590.88,590.92,1032604.0,1758035700000
590.91,591.08,590.5611,590.7662,873711.0,1758036600000
590.7899,591.1,590.57,590.73,724061.0,1758037500000
590.71,590.99,590.49,590.945,994031.0,1758038400000
590.955,591.18,590.76,591.15,936628.0,1758039300000
591.14,591.17,590.71,591.015,586552.0,1758040200000
591.015,591.3,590.87,591.0985,907452.0,1758041100000
591.09,591.4784,591.08,591.45,1449331.0,1758042000000
591.435,591.63,591.27,591.31,776645.0,1758042900000
591.33,591.41,591.14,591.225,845390.0,1758043800000
591.225,591.45,591.07,591.36,879308.0,1758044700000
591.355,591.44,591.1,591.1701,666931.0,1758045600000
591.16,591.4,591.145,591.285,774488.0,1758046500000
591.28,591.51,591.21,591.4146,916618.0,1758047400000
591.43,591.74,591.4299,591.6957,743591.0,1758048300000
591.7,591.96,591.67,591.78,1110442.0,1758049200000
591.79,591.8601,591.4095,591.4799,989260.0,1758050100000
591.475,591.615,591.295,591.45,1760666.0,1758051000000
591.45,592.07,591.01,591.17,3559810.0,1758051900000
591.1,591.57,589.73,589.9519,3672649.0,1758115800000
589.96,591.02,589.63,589.99,2537621.0,1758116700000
590.0,590.05,589.27,589.91,1683596.0,1758117600000
589.9,590.07,589.0,589.0807,1309033.0,1758118500000
589.09,589.55,588.69,588.71,1425839.0,1758119400000
588.715,588.99,588.38,588.61,1306074.0,1758120300000
588.61,588.92,588.2301,588.895,1159647.0,1758121200000
588.89,589.17,588.29,588.4388,952708.0,1758122100000
588.44,588.6946,588.15,588.54,954516.0,1758123000000
588.55,588.71,588.165,588.3936,769425.0,1758123900000
588.4,588.475,587.99,588.14,809544.0,1758124800000
588.14,588.64,588.1,588.6157,744502.0,1758125700000
588.61,588.61,587.525,588.01,1174174.0,1758126600000
588.0,588.11,587.55,587.88,1149548.0,1758127500000
587.86,588.1882,587.845,588.17,631483.0,1758128400000
588.17,588.37,588.01,588.35,730187.0,1758129300000
588.36,589.29,588.36,588.98,1097083.0,1758130200000
588.98,589.47,588.705,589.34,932763.0,1758131100000
589.488,591.1,586.25,586.25,6424300.0,1758132000000
586.26,589.23,585.52,589.16,4696220.0,1758132900000
589.16,589.43,585.46,586.17,5441536.0,1758133800000
586.27,588.08,584.365,587.99,5894985.0,1758134700000
587.94,591.02,587.76,588.9,5804175.0,1758135600000
588.89,591.75,588.87,591.24,4457155.0,1758136500000
591.27,591.67,589.91,590.49,4165427.0,1758137400000
590.51,590.78,589.27,589.93,6035261.0,1758138300000
594.91,595.72,593.57,593.58,6007937.0,1758202200000
593.58,595.34,592.96,595.32,4279478.0,1758203100000
595.32,596.91,595.25,596.54,3722384.0,1758204000000
596.54,597.4825,596.48,597.45,2565494.0,1758204900000
597.44,597.97,596.76,596.83,2503783.0,1758205800000
596.82,597.24,596.16,596.205,1971744.0,1758206700000
596.21,597.46,596.1999,597.24,2228087.0,1758207600000
597.24,598.14,597.08,597.34,3215164.0,1758208500000
597.34,597.9,597.04,597.13,1621535.0,1758209400000
597.13,597.21,596.01,596.29,2045943.0,1758210300000
596.28,596.78,595.9,596.7,1560695.0,1758211200000
596.68,597.165,596.67,597.0693,1534662.0,1758212100000
597.08,597.49,597.0696,597.33,1080921.0,1758213000000
597.35,597.6,597.31,597.47,1320969.0,1758213900000
597.47,597.685,597.36,597.39,1062257.0,1758214800000
597.39,597.57,596.86,596.87,1080875.0,1758215700000
596.88,596.95,596.0701,596.23,1736930.0,1758216600000
596.22,596.51,595.935,596.2,1524164.0,1758217500000
596.19,596.86,596.04,596.29,1343057.0,1758218400000
596.31,596.59,596.055,596.2851,818490.0,1758219300000
596.29,596.61,596.04,596.15,826066.0,1758220200000
596.15,596.95,596.1,596.72,1047874.0,1758221100000
596.72,596.7709,596.43,596.4962,988989.0,1758222000000
596.5,596.58,595.78,595.885,1349117.0,1758222900000
595.88,596.12,595.55,595.71,1828078.0,1758223800000
595.7,596.06,595.29,595.38,5395737.0,1758224700000
597.33,597.65,596.555,597.25,4411818.0,1758288600000
597.26,598.43,596.81,597.83,2801687.0,1758289500000
597.83,598.22,597.54,597.7941,2068607.0,1758290400000
597.79,598.04,596.96,597.62,1707169.0,1758291300000
597.62,597.788,596.925,596.93,1506049.0,1758292200000
596.93,597.53,596.51,597.18,1817507.0,1758293100000
597.19,597.545,596.42,596.49,5500389.0,1758294000000
596.505,596.82,596.11,596.29,1880510.0,1758294900000
596.28,598.315,595.85,596.77,2137635.0,1758295800000
596.77,597.415,596.69,597.36,1714306.0,1758296700000
597.34,598.295,597.33,598.15,3021565.0,1758297600000
598.16,598.6,598.07,598.43,2570797.0,1758298500000
598.42,598.64,598.0401,598.625,1137165.0,1758299400000
598.62,598.8181,598.38,598.49,799002.0,1758300300000
598.49,598.55,598.1,598.19,969990.0,1758301200000
598.18,598.24,597.91,598.12,1067818.0,1758302100000
598.12,598.589,598.11,598.589,922548.0,1758303000000
598.58,598.68,598.24,598.3684,803460.0,1758303900000
598.38,598.49,598.2,598.425,618038.0,1758304800000
598.42,598.49,598.075,598.23,783920.0,1758305700000
598.23,598.71,598.19,598.56,895965.0,1758306600000
598.58,598.59,598.12,598.545,974858.0,1758307500000
598.54,598.81,598.45,598.8,2326777.0,1758308400000
598.795,599.25,598.53,599.02,1454203.0,1758309300000
599.02,599.06,598.71,598.74,1457051.0,1758310200000
598.73,600.05,598.72,599.45,6230006.0,1758311100000
597.74,598.79,597.72,598.57,3935677.0,1758547800000
598.59,599.38,598.42,599.17,3056842.0,1758548700000
599.165,599.52,598.75,598.96,2464712.0,1758549600000
598.97,599.98,598.845,599.9301,2219337.0,1758550500000
599.92,600.345,599.6115,600.27,1966303.0,1758551400000
600.275,600.579,600.17,600.47,1632810.0,1758552300000
600.46,600.72,600.02,600.05,1638875.0,1758553200000
600.045,600.4,599.93,600.32,1525759.0,1758554100000
600.33,600.44,599.77,600.02,3288037.0,1758555000000
600.03,600.3,600.02,600.13,3975690.0,1758555900000
600.11,601.17,600.0907,601.1499,2549727.0,1758556800000
601.15,601.63,601.04,601.565,2026412.0,1758557700000
601.578,602.06,601.49,601.77,1728496.0,1758558600000
601.77,602.07,601.63,601.89,1946916.0,1758559500000
601.895,602.0436,601.6775,601.72,1040335.0,1758560400000
601.74,602.03,601.56,601.94,869502.0,1758561300000
601.935,602.11,601.68,602.1,1150030.0,1758562200000
602.1056,602.205,601.79,601.94,1048486.0,1758563100000
601.93,602.26,601.88,602.23,1068250.0,1758564000000
602.21,602.525,602.16,602.42,1386455.0,1758564900000
602.42,602.6,602.3701,602.48,2057248.0,1758565800000
602.49,602.65,602.27,602.5,1039163.0,1758566700000
602.515,602.78,602.41,602.765,1139057.0,1758567600000
602.77,602.87,602.495,602.635,1215864.0,1758568500000
602.64,602.69,602.0,602.065,1482747.0,1758569400000
602.08,602.63,602.02,602.24,4818842.0,1758570300000
602.37,602.57,600.97,601.22,3625785.0,1758634200000
601.25,601.645,600.69,600.87,2820600.0,1758635100000
600.89,601.38,600.62,601.3,2302128.0,1758636000000
601.3,601.41,600.7,601.19,1977473.0,1758636900000
601.21,601.7,601.04,601.15,1601008.0,1758637800000
601.155,601.4082,600.81,600.97,1459832.0,1758638700000
600.97,601.48,600.675,601.3699,1532247.0,1758639600000
601.37,601.57,601.09,601.3,2852133.0,1758640500000
601.3,601.39,600.61,601.08,1519748.0,1758641400000
601.09,601.35,600.875,601.0,929903.0,1758642300000
601.0,601.16,600.26,600.62,1245326.0,1758643200000
600.62,601.2006,600.53,600.6501,1743029.0,1758644100000
600.65,600.93,600.325,600.7799,1548855.0,1758645000000
600.785,601.15,600.3,600.58,1342671.0,1758645900000
600.58,600.62,600.1,600.13,1312017.0,1758646800000
600.135,600.21,599.06,599.135,2786369.0,1758647700000
599.12,599.38,596.98,597.5099,4248672.0,1758648600000
597.51,598.56,597.27,598.35,3476539.0,1758649500000
598.35,598.6,597.65,597.71,1994530.0,1758650400000
597.71,598.12,597.21,597.74,2086991.0,1758651300000
597.73,598.34,597.4601,597.73,1660337.0,1758652200000
597.74,598.02,597.1,597.2501,1604968.0,1758653100000
597.26,597.79,597.23,597.56,1564600.0,1758654000000
597.58,598.16,597.32,597.515,1412185.0,1758654900000
597.515,598.185,597.51,598.16,1666848.0,1758655800000
598.14,598.46,597.84,598.14,6131629.0,1758656700000
599.58,599.9,598.09,598.37,4163643.0,1758720600000
598.35,598.43,597.13,598.0013,3159358.0,1758721500000
597.99,598.46,597.6,598.18,2103601.0,1758722400000
598.16,598.445,597.73,597.93,1415237.0,1758723300000
597.92,598.14,597.33,597.79,1557652.0,1758724200000
597.78,598.22,597.27,597.342,1295995.0,1758725100000
597.35,597.57,596.9402,596.9601,1390450.0,1758726000000
596.97,597.73,596.97,597.355,1059706.0,1758726900000
597.36,597.365,596.49,596.63,1221540.0,1758727800000
596.63,596.63,594.55,594.6,4989784.0,1758728700000
594.6,594.98,593.36,593.93,3927218.0,1758729600000
593.92,595.21,593.52,595.05,3121120.0,1758730500000
595.05,595.24,594.67,595.045,1357950.0,1758731400000
595.05,595.05,594.6,594.74,1052394.0,1758732300000
594.75,596.1,594.68,595.5686,1856316.0,1758733200000
595.57,595.96,595.3,595.88,869542.0,1758734100000
595.88,596.47,595.63,595.7,970992.0,1758735000000
595.7,595.74,595.13,595.34,1259806.0,1758735900000
595.34,595.49,594.0448,595.13,958268.0,1758736800000
595.13,595.48,594.94,595.16,1259659.0,1758737700000
595.1662,595.655,595.06,595.55,960380.0,1758738600000
595.55,596.095,595.3001,596.05,1102944.0,1758739500000
596.05,596.11,595.56,595.56,928114.0,1758740400000
595.55,595.8897,595.455,595.66,805640.0,1758741300000
595.66,595.86,595.32,595.345,1198234.0,1758742200000
595.35,596.31,595.11,596.06,3005073.0,1758743100000
592.2,592.23,588.5,588.62,6638825.0,1758807000000
588.63,590.895,588.56,589.23,5422191.0,1758807900000
589.23,592.39,589.07,592.2,3908329.0,1758808800000
592.21,593.79,592.17,593.25,3216616.0,1758809700000
593.25,593.89,593.0,593.485,2305531.0,1758810600000
593.48,594.139,593.17,593.6271,2546655.0,1758811500000
593.63,594.06,592.39,594.0095,2745868.0,1758812400000
594.01,594.12,592.49,592.75,1810906.0,1758813300000
592.73,595.06,592.73,594.89,2376438.0,1758814200000
594.88,595.115,594.43,594.665,1714049.0,1758815100000
594.66,595.0,594.26,594.33,1350834.0,1758816000000
594.33,594.74,593.54,593.57,1799494.0,1758816900000
593.57,594.51,593.11,593.46,1511586.0,1758817800000
593.46,593.83,593.1,593.3844,1188016.0,1758818700000
593.38,593.85,593.13,593.4499,1289595.0,1758819600000
593.44,593.635,591.93,592.68,2137455.0,1758820500000
592.67,592.93,591.38,591.87,1798747.0,1758821400000
591.84,591.93,590.6593,590.78,1857385.0,1758822300000
590.79,591.1701,589.26,591.1699,3564958.0,1758823200000
591.17,592.48,591.13,592.33,2164588.0,1758824100000
592.33,593.74,592.01,593.36,2433931.0,1758825000000
593.3501,593.7,592.655,593.44,3211320.0,1758825900000
593.44,593.68,593.085,593.1601,1842883.0,1758826800000
593.165,593.31,592.61,592.96,1466095.0,1758827700000
592.96,593.36,592.585,592.995,1385177.0,1758828600000
592.98,593.86,592.61,593.55,3588355.0,1758829500000
594.35,595.725,592.96,594.72,4660090.0,1758893400000
594.74,595.765,594.08,595.525,2921418.0,1758894300000
595.55,596.2,592.74,593.15,3533926.0,1758895200000
593.11,593.34,591.06,592.23,3301454.0,1758896100000
592.25,594.01,591.54,593.64,2706400.0,1758897000000
593.63,593.87,591.81,592.18,2214239.0,1758897900000
592.18,592.96,591.8781,591.8939,2105081.0,1758898800000
591.89,593.8,591.72,593.77,1817806.0,1758899700000
593.77,593.87,592.71,593.18,2584347.0,1758900600000
593.18,593.405,592.44,592.565,1288915.0,1758901500000
592.585,593.1,592.27,593.01,1188854.0,1758902400000
592.98,594.945,592.92,594.48,1743618.0,1758903300000
594.48,594.93,594.02,594.7899,1292387.0,1758904200000
594.78,595.39,594.445,595.175,1265103.0,1758905100000
595.18,595.74,595.04,595.6001,2203401.0,1758906000000
595.59,595.8086,595.18,595.63,1006323.0,1758906900000
595.63,595.73,595.18,595.37,1417737.0,1758907800000
595.37,595.39,594.57,595.205,1515674.0,1758908700000
595.2,595.66,594.73,595.215,1142083.0,1758909600000
595.21,596.11,595.185,595.78,1106418.0,1758910500000
595.79,596.3,595.68,595.99,1295428.0,1758911400000
595.98,596.11,595.51,596.035,939400.0,1758912300000
596.03,596.15,595.65,595.75,1193520.0,1758913200000
595.745,596.25,595.59,596.03,759049.0,1758914100000
596.03,596.04,595.7,595.78,1388638.0,1758915000000
595.78,596.27,595.4045,596.05,3556212.0,1758915900000
599.11,600.66,599.045,600.64,3960954.0,1759152600000
600.64,601.57,600.61,601.26,2899527.0,1759153500000
601.26,602.05,600.73,601.59,2802279.0,1759154400000
601.61,601.9,600.68,601.605,1603984.0,1759155300000
601.605,601.72,601.09,601.49,1526674.0,1759156200000
601.49,601.69,600.805,600.945,1389207.0,1759157100000
600.94,601.278,600.05,600.12,1262473.0,1759158000000
600.11,600.15,599.37,599.48,1945753.0,1759158900000
599.48,599.64,598.835,599.48,1668143.0,1759159800000
599.49,599.53,598.64,599.07,1119468.0,1759160700000
599.06,599.49,598.51,599.42,1488736.0,1759161600000
599.41,599.53,598.53,599.05,1798898.0,1759162500000
599.06,599.48,598.86,598.88,859860.0,1759163400000
598.881,599.05,598.45,598.74,970945.0,1759164300000
598.74,598.79,597.91,598.39,1368111.0,1759165200000
598.405,598.898,598.28,598.685,797200.0,1759166100000
598.68,598.85,598.28,598.54,840715.0,1759167000000
598.53,599.09,598.44,598.98,1071561.0,1759167900000
598.99,599.37,598.87,599.36,1028180.0,1759168800000
599.35,599.56,599.19,599.3307,793959.0,1759169700000
599.335,599.42,598.73,598.96,1013438.0,1759170600000
598.969,599.14,598.79,598.92,666931.0,1759171500000
598.91,598.915,598.0107,598.13,1270734.0,1759172400000
598.125,598.405,597.41,598.06,1818277.0,1759173300000
598.06,598.61,597.88,598.42,2180574.0,1759174200000
598.42,599.06,598.39,598.75,4718065.0,1759175100000
598.43,598.67,596.55,597.89,2910318.0,1759239000000
597.89,598.1,596.1,597.63,2193460.0,1759239900000
597.72,598.24,596.66,597.17,2065909.0,1759240800000
597.16,597.89,597.0,597.53,1384377.0,1759241700000
597.52,598.13,596.8,597.71,1791459.0,1759242600000
597.69,599.21,597.69,598.94,1983407.0,1759243500000
598.94,599.41,598.55,598.56,1526797.0,1759244400000
598.58,598.7,596.85,597.43,1744044.0,1759245300000
597.44,598.05,597.03,597.23,1341270.0,1759246200000
597.22,598.42,597.07,598.2,1622432.0,1759247100000
598.18,598.38,597.5,597.78,1008222.0,1759248000000
597.785,598.97,597.65,598.18,958643.0,1759248900000
598.19,598.49,597.85,598.28,1087893.0,1759249800000
598.265,598.33,597.22,597.54,723521.0,1759250700000
597.53,597.61,596.83,597.16,2261567.0,1759251600000
597.14,597.3,596.3331,596.71,1233087.0,1759252500000
596.69,597.02,596.33,596.79,1905664.0,1759253400000
596.77,597.88,596.76,597.21,877173.0,1759254300000
597.2,598.2301,597.04,598.2,1177975.0,1759255200000
598.19,598.7599,598.0,598.62,1019310.0,1759256100000
598.61,598.95,598.33,598.89,755979.0,1759257000000
598.88,599.2,598.77,598.855,964741.0,1759257900000
598.87,599.2,598.64,598.6701,1477688.0,1759258800000
598.68,599.53,598.48,599.4201,1136956.0,1759259700000
599.43,599.82,598.845,599.03,2057651.0,1759260600000
599.01,600.71,599.0,600.33,5022742.0,1759261500000
597.17,599.07,596.7,598.775,4346702.0,1759325400000
598.74,598.94,596.34,597.6,3261161.0,1759326300000
597.59,598.93,597.14,598.86,2257697.0,1759327200000
598.86,600.35,598.76,600.12,1733332.0,1759328100000
600.13,600.79,599.91,600.27,1821658.0,1759329000000
600.28,600.56,600.0,600.47,1392860.0,1759329900000
600.45,601.02,600.06,600.51,1771393.0,1759330800000
600.535,600.57,599.94,600.31,1116094.0,1759331700000
600.33,601.3,600.32,601.24,1156490.0,1759332600000
601.25,601.45,601.02,601.285,1332150.0,1759333500000
601.29,601.65,601.26,601.4725,1110991.0,1759334400000
601.48,601.69,601.21,601.575,919040.0,1759335300000
601.58,601.79,601.36,601.365,686117.0,1759336200000
601.36,601.9051,601.24,601.8399,718129.0,1759337100000
601.835,602.45,601.775,602.21,1335458.0,1759338000000
602.2,602.69,602.16,602.54,1003501.0,1759338900000
602.55,602.61,602.08,602.28,1094870.0,1759339800000
602.27,602.56,602.1,602.54,774143.0,1759340700000
602.53,603.29,602.38,603.24,1542279.0,1759341600000
603.24,603.5,603.13,603.25,1009833.0,1759342500000
603.2301,603.74,603.19,603.59,1130960.0,1759343400000
603.58,603.76,603.4007,603.51,1181277.0,1759344300000
603.51,603.78,603.36,603.58,1052012.0,1759345200000
603.57,603.61,603.135,603.54,1012802.0,1759346100000
603.53,603.79,603.11,603.12,1678558.0,1759347000000
603.13,603.78,601.48,603.27,4768114.0,1759347900000
607.06,607.16,603.99,604.26,3872462.0,1759411800000
604.23,604.81,603.44,604.645,2751067.0,1759412700000
604.63,605.08,604.1,604.585,2264621.0,1759413600000
604.61,605.31,604.26,604.92,1773345.0,1759414500000
604.95,605.28,604.4099,604.64,1428288.0,1759415400000
604.64,604.72,603.54,603.5905,1767317.0,1759416300000
603.59,604.32,602.93,603.87,2030053.0,1759417200000
603.91,604.39,603.6551,604.12,1039176.0,1759418100000
604.09,604.155,603.14,603.73,1078262.0,1759419000000
603.72,605.085,603.5,604.97,1193274.0,1759419900000
604.96,604.97,604.12,604.57,1282820.0,1759420800000
604.54,604.81,604.29,604.59,741798.0,1759421700000
604.58,604.76,603.97,604.32,692668.0,1759422600000
604.31,605.03,604.28,604.97,987741.0,1759423500000
604.97,605.05,604.54,605.0,747299.0,1759424400000
605.01,605.45,604.83,605.2301,1084263.0,1759425300000
605.24,605.8,605.06,605.48,785212.0,1759426200000
605.49,605.6,605.12,605.19,715020.0,1759427100000
605.19,605.74,605.05,605.63,870685.0,1759428000000
605.61,605.88,605.48,605.7,826971.0,1759428900000
605.69,605.78,605.51,605.74,644101.0,1759429800000
605.74,605.95,605.48,605.82,697213.0,1759430700000
605.81,606.065,605.75,605.89,798746.0,1759431600000
605.89,606.11,605.7455,606.04,711346.0,1759432500000
606.04,606.15,605.57,605.79,1442662.0,1759433400000
605.8,606.0,605.29,605.7,3446670.0,1759434300000
606.51,607.25,606.06,606.56,3015144.0,1759498200000
606.51,607.3255,605.71,605.8856,1560000.0,1759499100000
605.89,605.92,604.52,605.12,2321170.0,1759500000000
605.11,605.86,604.72,605.465,1301429.0,1759500900000
605.46,606.34,605.19,605.95,1226389.0,1759501800000
605.98,606.25,605.49,606.1,1015065.0,1759502700000
606.11,606.33,605.68,606.3,1199928.0,1759503600000
606.29,606.7053,606.24,606.5,1199457.0,1759504500000
606.49,606.62,605.79,606.18,897349.0,1759505400000
606.165,606.9294,605.995,606.775,1411250.0,1759506300000
606.76,607.015,606.51,606.72,961348.0,1759507200000
606.73,606.92,606.36,606.72,1112883.0,1759508100000
606.71,606.76,606.0713,606.15,621904.0,1759509000000
606.16,606.36,605.88,606.1,751161.0,1759509900000
606.06,606.06,603.8,605.2,2912475.0,1759510800000
605.17,605.17,603.78,603.9,1462252.0,1759511700000
603.87,604.65,603.27,603.445,1819051.0,1759512600000
603.45,603.59,601.385,602.6195,3090565.0,1759513500000
602.61,602.91,601.45,602.605,2643905.0,1759514400000
602.59,604.3,602.535,604.14,1747103.0,1759515300000
604.14,604.23,603.09,603.53,1320647.0,1759516200000
603.53,603.56,602.745,603.46,1271800.0,1759517100000
603.44,603.96,603.16,603.51,1234347.0,1759518000000
603.52,603.645,603.12,603.34,983566.0,1759518900000
603.34,603.86,603.19,603.53,1356932.0,1759519800000
603.53,603.75,602.77,603.155,3579586.0,1759520700000
608.45,608.6188,606.09,606.66,4028893.0,1759757400000
606.66,607.46,606.42,607.03,2516724.0,1759758300000
607.03,607.6,606.555,607.12,2059183.0,1759759200000
607.15,607.73,606.66,606.745,1449551.0,1759760100000
606.74,606.9451,605.97,606.45,1781425.0,1759761000000
606.46,607.095,606.32,606.9793,1113995.0,1759761900000
606.97,607.435,606.76,607.1555,1040628.0,1759762800000
607.165,607.56,607.03,607.1986,799733.0,1759763700000
607.2,607.66,607.1344,607.578,804759.0,1759764600000
607.575,608.495,607.57,608.305,1584932.0,1759765500000
608.3,608.385,607.7122,607.785,1158808.0,1759766400000
607.79,608.23,607.7099,608.185,785929.0,1759767300000
608.2,608.21,607.83,608.036,587169.0,1759768200000
608.03,608.23,607.88,608.18,679429.0,1759769100000
608.17,608.22,607.741,607.945,780019.0,1759770000000
607.94,608.87,607.71,608.63,1324941.0,1759770900000
608.625,608.73,608.32,608.36,1063086.0,1759771800000
608.35,608.86,608.335,608.78,1045845.0,1759772700000
608.772,608.975,608.56,608.695,929105.0,1759773600000
608.695,609.0793,608.65,608.95,703473.0,1759774500000
608.96,609.36,608.785,608.982,1142435.0,1759775400000
608.98,609.24,608.84,609.02,585182.0,1759776300000
609.015,609.04,608.775,608.955,692170.0,1759777200000
608.96,608.97,608.53,608.664,846116.0,1759778100000
608.65,608.8,608.23,608.33,2102777.0,1759779000000
608.33,608.4,607.62,607.71,5196649.0,1759779900000
609.02,609.69,608.58,609.27,3379852.0,1759843800000
609.27,609.71,608.89,609.16,2156737.0,1759844700000
609.17,609.54,608.5,609.09,1917011.0,1759845600000
609.1,609.27,608.34,608.475,2092003.0,1759846500000
608.485,608.9,607.86,608.13,2409485.0,1759847400000
608.13,608.42,607.53,607.84,1557881.0,1759848300000
607.85,607.96,604.67,606.04,5217437.0,1759849200000
606.03,606.4201,604.97,605.21,2479078.0,1759850100000
605.18,605.29,603.5258,604.3,4154105.0,1759851000000
604.32,604.36,603.03,604.14,3032845.0,1759851900000
604.13,604.88,603.65,603.76,2776840.0,1759852800000
603.76,604.76,603.36,604.31,2460870.0,1759853700000
604.31,605.63,604.26,605.18,1789172.0,1759854600000
605.14,605.215,603.72,604.01,1279592.0,1759855500000
604.01,604.9,603.78,604.575,1266538.0,1759856400000
604.59,604.97,604.28,604.625,995340.0,1759857300000
604.61,604.655,604.05,604.5,1005761.0,1759858200000
604.5,604.79,603.74,603.79,1071435.0,1759859100000
603.8,604.63,603.21,604.27,2046701.0,1759860000000
604.29,604.54,603.99,604.21,854758.0,1759860900000
604.23,604.55,604.07,604.33,898251.0,1759861800000
604.34,604.7,604.11,604.69,757496.0,1759862700000
604.68,604.81,604.2156,604.3436,1131383.0,1759863600000
604.36,604.54,604.16,604.22,645447.0,1759864500000
604.21,605.0,604.19,604.9999,1328112.0,1759865400000
605.01,605.12,604.06,604.47,2898485.0,1759866300000
605.41,607.08,605.26,606.5968,3646709.0,1759930200000
606.58,607.81,606.48,607.58,2968358.0,1759931100000
607.59,608.945,607.59,608.46,3355185.0,1759932000000
608.44,608.75,607.83,608.63,1981952.0,1759932900000
608.61,608.83,608.11,608.14,1570670.0,1759933800000
608.14,608.34,607.585,608.095,1760423.0,1759934700000
608.1,608.665,608.02,608.4999,1195552.0,1759935600000
608.51,609.35,608.26,609.1,1367012.0,1759936500000
609.08,609.37,608.94,609.13,916157.0,1759937400000
609.14,609.685,609.14,609.538,1254700.0,1759938300000
609.54,609.88,609.36,609.825,1122590.0,1759939200000
609.82,610.06,609.38,609.4992,1221505.0,1759940100000
609.49,609.49,609.25,609.39,586198.0,1759941000000
609.39,609.49,609.03,609.4696,938482.0,1759941900000
609.47,609.59,609.2,609.455,658928.0,1759942800000
609.45,609.85,609.43,609.8436,766088.0,1759943700000
609.86,609.99,609.701,609.75,771776.0,1759944600000
609.762,610.36,609.735,610.03,2290966.0,1759945500000
610.02,610.56,609.82,610.44,1939105.0,1759946400000
610.43,610.59,610.21,610.25,1284322.0,1759947300000
610.26,610.48,610.0644,610.085,743795.0,1759948200000
610.08,610.21,609.84,609.96,908044.0,1759949100000
609.95,610.575,609.9,610.56,917194.0,1759950000000
610.55,611.05,610.55,610.94,2045606.0,1759950900000
610.94,611.09,610.74,610.8211,2070933.0,1759951800000
610.82,611.75,610.74,611.45,6236260.0,1759952700000
611.48,611.61,609.8,610.2,3303903.0,1760016600000
610.2,611.18,609.68,610.29,2941318.0,1760017500000
610.3,610.53,609.86,610.12,1861298.0,1760018400000
610.12,610.2111,609.48,609.64,1768653.0,1760019300000
609.66,609.66,608.4,608.445,2140569.0,1760020200000
608.44,609.84,608.23,609.63,1648265.0,1760021100000
609.64,610.02,609.42,609.78,1073294.0,1760022000000
609.79,610.18,608.95,609.06,1179855.0,1760022900000
609.05,609.26,608.34,608.7987,1364696.0,1760023800000
608.81,610.19,608.79,609.92,1361786.0,1760024700000
609.93,610.19,609.71,609.98,729578.0,1760025600000
609.9599,610.16,609.24,609.71,946195.0,1760026500000
609.73,609.88,608.83,609.36,1656988.0,1760027400000
609.37,609.84,608.32,608.5,1380545.0,1760028300000
608.5,609.18,608.215,608.42,1660696.0,1760029200000
608.43,608.72,607.6801,607.84,1336651.0,1760030100000
607.84,608.71,607.48,608.39,1542046.0,1760031000000
608.3959,608.85,608.21,608.8,897351.0,1760031900000
608.798,608.87,608.02,608.61,1174132.0,1760032800000
608.6,609.25,608.51,608.74,1169696.0,1760033700000
608.73,608.97,608.54,608.875,746902.0,1760034600000
608.9,609.42,608.715,609.255,866560.0,1760035500000
609.26,609.87,609.21,609.56,918046.0,1760036400000
609.575,610.11,609.37,609.9708,1502606.0,1760037300000
609.97,610.4105,609.93,610.225,2072087.0,1760038200000
610.23,610.76,610.09,610.7,4295260.0,1760039100000
611.4,612.91,610.96,612.7,3732928.0,1760103000000
612.7,613.18,611.69,612.5,2321207.0,1760103900000
612.55,612.75,611.39,611.74,1604898.0,1760104800000
611.715,612.34,611.1319,611.895,1506479.0,1760105700000
611.93,612.2056,611.44,612.02,1138868.0,1760106600000
612.01,612.42,606.93,608.52,3024723.0,1760107500000
608.47,608.54,603.43,605.4,7983569.0,1760108400000
605.37,605.8,599.1001,599.565,7195858.0,1760109300000
599.5,600.64,595.93,600.53,7846943.0,1760110200000
600.51,601.69,598.38,599.74,4304601.0,1760111100000
599.64,599.7,597.95,599.4568,2984042.0,1760112000000
599.5,600.2164,597.701,598.81,2692484.0,1760112900000
598.74,599.92,597.24,597.52,2591254.0,1760113800000
597.56,598.09,595.42,595.67,3036057.0,1760114700000
595.64,596.13,594.33,594.7875,2540373.0,1760115600000
594.83,597.18,594.64,597.045,2490852.0,1760116500000
596.94,597.89,596.55,596.8755,3064438.0,1760117400000
596.83,597.03,595.38,596.18,1661515.0,1760118300000
596.22,596.43,595.2712,596.375,1270447.0,1760119200000
596.34,597.13,595.556,595.89,1405248.0,1760120100000
595.88,596.35,594.87,594.9,1134164.0,1760121000000
594.92,595.67,593.59,593.99,2033946.0,1760121900000
594.0,595.11,593.19,593.5445,2582118.0,1760122800000
593.52,594.03,592.16,592.6065,2470178.0,1760123700000
592.64,592.96,590.59,592.73,4061538.0,1760124600000
592.72,593.24,589.05,589.485,9044594.0,1760125500000
599.68,600.11,597.23,599.35,7040340.0,1760362200000
599.31,601.25,598.31,601.16,3799218.0,1760363100000
601.14,601.74,600.6215,601.0601,3444262.0,1760364000000
601.05,601.54,598.74,599.63,2843609.0,1760364900000
599.65,601.16,598.95,599.83,2417291.0,1760365800000
599.83,600.8,597.6842,598.0397,2563363.0,1760366700000
598.06,599.91,597.74,599.72,2425577.0,1760367600000
599.72,601.09,599.72,600.8956,1833320.0,1760368500000
600.9,601.39,600.3,600.35,1419750.0,1760369400000
600.38,601.47,600.33,601.255,1238511.0,1760370300000
601.29,601.58,600.93,601.49,1343509.0,1760371200000
601.5,602.24,600.71,601.66,1949881.0,1760372100000
601.67,602.12,601.15,601.47,1451154.0,1760373000000
601.48,602.77,601.18,602.58,1931606.0,1760373900000
602.6,602.83,601.6,601.8199,1583477.0,1760374800000
601.8293,602.16,601.26,601.54,1299195.0,1760375700000
601.57,601.69,601.1601,601.2751,854900.0,1760376600000
601.26,602.09,601.21,602.09,887208.0,1760377500000
602.08,602.34,601.95,602.06,936575.0,1760378400000
602.09,602.73,602.08,602.66,789442.0,1760379300000
602.67,602.95,601.58,601.96,1214474.0,1760380200000
601.97,602.0899,601.21,601.47,1014547.0,1760381100000
601.48,601.9,601.03,601.57,1366436.0,1760382000000
601.57,602.6,601.49,601.8,1250395.0,1760382900000
601.8,602.49,601.65,602.38,1356465.0,1760383800000
602.37,602.6699,601.65,602.04,5343579.0,1760384700000
595.31,595.33,590.29,590.8,5754725.0,1760448600000
590.8,594.1,590.13,593.8,4384552.0,1760449500000
593.77,595.16,593.34,594.9878,2830438.0,1760450400000
594.97,597.38,594.43,597.3,2885880.0,1760451300000
597.29,597.63,596.28,597.24,2241945.0,1760452200000
597.24,597.8199,596.04,596.52,2408986.0,1760453100000
596.56,598.39,596.56,597.14,2168105.0,1760454000000
597.17,597.505,596.39,596.84,1444580.0,1760454900000
596.86,598.91,596.8,598.61,2963315.0,1760455800000
598.61,600.07,598.61,599.27,2145602.0,1760456700000
599.29,599.51,598.25,599.01,1657501.0,1760457600000
599.025,601.02,598.91,600.87,2312412.0,1760458500000
600.868,601.97,600.82,601.84,1512964.0,1760459400000
601.84,602.69,601.32,601.355,2284742.0,1760460300000
601.33,602.29,600.535,601.8456,1982834.0,1760461200000
601.85,602.44,601.45,602.17,1462854.0,1760462100000
602.19,602.3701,601.05,601.93,1420632.0,1760463000000
601.94,602.32,601.35,601.49,1236796.0,1760463900000
601.53,601.96,601.08,601.6,1137572.0,1760464800000
601.59,602.11,601.235,601.88,1215529.0,1760465700000
601.88,602.14,601.08,601.41,1665104.0,1760466600000
601.39,601.995,601.29,601.485,971838.0,1760467500000
601.48,602.0082,601.32,601.42,927000.0,1760468400000
601.44,602.16,601.4,601.54,1091610.0,1760469300000
601.54,601.57,596.6801,597.07,4691248.0,1760470200000
597.1,598.49,596.37,598.05,6184613.0,1760471100000
604.01,604.04,602.06,602.59,4352754.0,1760535000000
602.565,604.52,601.51,604.29,3285515.0,1760535900000
604.33,606.61,604.28,605.85,3637192.0,1760536800000
605.85,606.67,605.7101,606.39,2363035.0,1760537700000
606.4,606.7,605.87,606.21,1860744.0,1760538600000
606.23,606.67,605.75,606.34,1744505.0,1760539500000
606.39,606.5999,605.34,605.81,1539955.0,1760540400000
605.79,605.995,605.1,605.2156,1277377.0,1760541300000
605.22,605.38,602.39,603.03,2998299.0,1760542200000
603.02,603.03,601.025,602.43,2868304.0,1760543100000
602.43,603.54,602.18,603.09,2085867.0,1760544000000
603.05,603.8,602.23,603.0284,1703268.0,1760544900000
603.01,603.21,602.27,602.49,1183191.0,1760545800000
602.5,602.52,601.42,601.6413,1303695.0,1760546700000
601.64,601.689,596.82,596.9151,3898496.0,1760547600000
596.89,599.05,595.93,597.96,4304176.0,1760548500000
597.955,600.17,597.72,600.11,2046311.0,1760549400000
600.11,601.92,600.1,601.7199,2027243.0,1760550300000
601.67,601.97,600.61,601.51,1541041.0,1760551200000
601.47,602.13,601.24,601.37,1075834.0,1760552100000
601.4,602.7709,601.24,602.2201,1087203.0,1760553000000
602.2,602.99,601.93,602.8401,964469.0,1760553900000
602.84,602.9101,601.66,602.17,1223451.0,1760554800000
602.16,602.89,602.11,602.57,975716.0,1760555700000
602.62,602.74,600.99,601.85,2138585.0,1760556600000
601.86,602.31,600.28,602.16,3483438.0,1760557500000
605.11,606.55,604.94,606.23,3863581.0,1760621400000
606.21,607.02,604.66,605.5151,2871224.0,1760622300000
605.52,606.11,604.36,605.06,2287364.0,1760623200000
605.11,606.74,604.78,605.96,2419004.0,1760624100000
605.98,608.3,605.98,608.09,2332261.0,1760625000000
608.09,608.31,606.34,606.589,2354538.0,1760625900000
606.64,607.16,605.81,606.99,1444650.0,1760626800000
606.97,607.0799,604.48,604.9462,2024389.0,1760627700000
604.93,605.77,603.47,603.99,2957667.0,1760628600000
604.06,604.48,602.76,603.375,2335435.0,1760629500000
603.34,603.96,602.45,603.55,2184036.0,1760630400000
603.54,603.96,600.9,601.075,2411350.0,1760631300000
601.07,601.1181,598.07,599.27,4139909.0,1760632200000
599.21,602.46,597.64,602.33,3180730.0,1760633100000
602.29,602.59,599.89,601.38,2722365.0,1760634000000
601.41,603.21,601.09,602.4201,1686605.0,1760634900000
602.393,603.04,600.512,601.02,1223743.0,1760635800000
601.04,601.3,599.93,600.81,1220751.0,1760636700000
600.78,600.96,596.75,597.08,2157281.0,1760637600000
597.07,597.82,595.95,596.8,3509099.0,1760638500000
596.8,598.82,595.5,598.41,2744909.0,1760639400000
598.44,599.28,597.93,599.2113,2174790.0,1760640300000
599.22,599.69,598.13,598.1749,1762396.0,1760641200000
598.24,598.45,596.66,597.7,2190030.0,1760642100000
597.7,598.8013,597.04,598.62,2181328.0,1760643000000
598.625,600.33,598.12,599.97,4482560.0,1760643900000
597.95,599.8899,596.37,596.88,5142376.0,1760707800000
596.87,601.61,596.41,600.0,3768068.0,1760708700000
599.97,602.78,598.91,602.57,3730987.0,1760709600000
602.6,603.32,601.29,602.08,2722860.0,1760710500000
602.07,602.185,599.08,599.655,2899702.0,1760711400000
599.621,601.07,598.2,598.57,2237585.0,1760712300000
598.55,600.78,598.0,598.02,2730151.0,1760713200000
598.0,599.21,597.02,597.87,5678427.0,1760714100000
597.9,599.36,596.424,599.1959,3156102.0,1760715000000
599.17,601.19,598.94,600.6007,2447811.0,1760715900000
600.62,602.58,600.6,602.25,2259485.0,1760716800000
602.25,603.1793,601.88,602.9999,2463075.0,1760717700000
602.95,603.57,601.87,602.23,2039322.0,1760718600000
602.23,603.58,601.06,601.87,2111165.0,1760719500000
601.89,602.01,600.61,601.42,1514085.0,1760720400000
601.4,601.51,600.12,600.8601,1157369.0,1760721300000
600.88,602.2,600.5701,600.7113,2017061.0,1760722200000
600.72,602.93,600.24,602.7063,2136758.0,1760723100000
602.68,603.78,602.68,603.4699,1673526.0,1760724000000
603.44,604.94,603.4,604.6,1828506.0,1760724900000
604.61,604.89,603.82,603.9399,1104633.0,1760725800000
603.952,604.391,603.69,604.145,1040490.0,1760726700000
604.12,605.51,604.12,605.34,1504677.0,1760727600000
605.32,605.47,604.73,604.8399,1012744.0,1760728500000
604.84,604.84,603.83,604.31,1892956.0,1760729400000
604.31,604.47,603.72,603.88,3906972.0,1760730300000
607.14,609.6989,607.065,608.88,4415231.0,1760967000000
608.89,610.07,608.7,609.63,2731570.0,1760967900000
609.65,610.41,609.42,610.0499,2313917.0,1760968800000
610.05,611.14,609.495,611.0991,1975617.0,1760969700000
611.09,611.61,610.7,611.42,2176141.0,1760970600000
611.4199,612.03,611.38,611.84,1865466.0,1760971500000
611.86,612.01,611.285,611.285,1606209.0,1760972400000
611.295,612.17,611.24,611.99,1193151.0,1760973300000
612.03,612.14,611.705,611.825,1042968.0,1760974200000
611.82,612.58,611.45,611.905,2368689.0,1760975100000
611.91,612.16,611.42,611.52,1281135.0,1760976000000
611.525,611.965,611.4,611.78,1161608.0,1760976900000
611.78,611.8501,611.27,611.61,730939.0,1760977800000
611.62,611.95,611.43,611.85,845386.0,1760978700000
611.84,612.47,611.78,612.27,1487769.0,1760979600000
612.25,612.72,612.23,612.37,877908.0,1760980500000
612.37,612.77,612.31,612.665,771231.0,1760981400000
612.6601,612.8,612.24,612.37,769023.0,1760982300000
612.34,612.76,612.32,612.7025,826407.0,1760983200000
612.71,612.78,612.26,612.39,701145.0,1760984100000
612.4,612.435,611.985,612.08,788292.0,1760985000000
612.09,612.29,611.68,612.16,968700.0,1760985900000
612.18,612.37,611.93,611.962,963317.0,1760986800000
611.97,612.13,611.443,612.04,1309433.0,1760987700000
612.04,612.22,611.74,611.8,1071647.0,1760988600000
611.795,612.37,611.51,611.55,3587201.0,1760989500000
611.64,611.72,609.99,610.53,3195218.0,1761053400000
610.53,610.9,609.5412,610.03,2491650.0,1761054300000
610.04,610.53,609.49,610.3952,2360490.0,1761055200000
610.42,611.3,609.35,609.73,2245278.0,1761056100000
609.72,610.83,609.32,610.355,1726530.0,1761057000000
610.38,611.69,609.99,611.6,1539270.0,1761057900000
611.61,611.7199,610.9,611.29,2614214.0,1761058800000
611.29,611.29,610.251,611.0387,1321752.0,1761059700000
611.05,611.48,610.605,611.19,1199906.0,1761060600000
611.175,612.25,611.17,612.15,1608110.0,1761061500000
612.14,612.61,611.995,612.282,1219931.0,1761062400000
612.31,612.49,611.99,612.48,915406.0,1761063300000
612.4919,612.6145,612.1299,612.37,1657545.0,1761064200000
612.38,612.7213,611.055,611.24,1829793.0,1761065100000
611.24,611.83,610.37,611.7508,1660531.0,1761066000000
611.75,611.815,610.58,611.2,1105629.0,1761066900000
611.21,611.6811,610.93,611.365,907048.0,1761067800000
611.365,611.94,611.24,611.91,755505.0,1761068700000
611.91,612.04,611.75,611.88,737560.0,1761069600000
611.86,612.2,611.35,611.96,918303.0,1761070500000
611.9658,612.08,611.56,611.59,643116.0,1761071400000
611.58,611.98,611.525,611.8301,687904.0,1761072300000
611.81,611.9601,611.63,611.93,760940.0,1761073200000
611.93,612.2,611.73,611.815,1232394.0,1761074100000
611.81,611.905,611.59,611.9,1094640.0,1761075000000
611.895,612.43,611.25,611.41,3228435.0,1761075900000
610.82,610.95,608.6301,610.71,3183161.0,1761139800000
610.71,611.41,610.14,610.645,2596578.0,1761140700000
610.64,611.19,609.5,609.53,1737479.0,1761141600000
609.52,610.32,607.24,607.42,3262367.0,1761142500000
607.43,607.84,606.16,606.1787,3072226.0,1761143400000
606.16,609.8,605.63,608.598,3048093.0,1761144300000
608.6,609.02,607.322,607.81,1957534.0,1761145200000
607.78,608.075,604.98,605.11,2381256.0,1761146100000
605.11,606.2,604.495,605.93,2497714.0,1761147000000
605.93,607.57,605.88,606.82,2081506.0,1761147900000
606.87,607.07,605.5,605.97,1949307.0,1761148800000
606.04,606.62,604.63,605.135,1090808.0,1761149700000
605.16,605.7,601.26,604.2101,3999683.0,1761150600000
604.26,605.29,603.27,604.26,1548193.0,1761151500000
604.26,604.67,602.7901,602.82,1496107.0,1761152400000
602.81,603.03,601.45,602.28,2139438.0,1761153300000
602.24,602.68,600.13,600.33,1972392.0,1761154200000
600.325,601.3899,599.74,601.3899,2304923.0,1761155100000
601.39,602.28,600.97,601.08,1579121.0,1761156000000
601.03,603.05,600.29,602.41,1711357.0,1761156900000
602.4,603.15,601.78,602.8199,1574525.0,1761157800000
602.77,603.5,602.12,603.45,1453016.0,1761158700000
603.42,604.69,602.64,604.0,1946366.0,1761159600000
604.04,604.88,603.99,604.6793,1163950.0,1761160500000
604.67,605.84,604.66,605.07,1594475.0,1761161400000
605.09,605.56,604.71,605.38,2858205.0,1761162300000
604.91,606.74,604.52,606.74,2779180.0,1761226200000
606.74,608.83,606.74,608.34,3210626.0,1761227100000
608.38,608.74,606.97,607.78,2404853.0,1761228000000
607.79,608.47,606.51,608.035,2471758.0,1761228900000
608.05,609.08,607.76,608.43,1395255.0,1761229800000
608.46,609.27,607.94,609.06,1377320.0,1761230700000
609.06,609.14,608.37,608.6599,917770.0,1761231600000
608.65,608.95,607.88,608.81,946376.0,1761232500000
608.85,609.4399,607.4,607.59,1211743.0,1761233400000
607.595,609.69,607.47,609.1707,1476212.0,1761234300000
609.17,609.88,609.0,609.8499,998965.0,1761235200000
609.86,609.94,608.94,609.32,1128712.0,1761236100000
609.31,610.01,609.2793,609.98,773771.0,1761237000000
609.99,610.28,609.7,610.26,829983.0,1761237900000
610.2801,610.41,609.06,610.17,1570394.0,1761238800000
610.18,610.3,609.28,609.48,753365.0,1761239700000
609.47,611.09,609.43,610.89,1408190.0,1761240600000
610.92,611.3,610.88,611.1899,1097619.0,1761241500000
611.21,611.28,610.71,610.79,1397044.0,1761242400000
610.78,611.18,610.36,611.16,721835.0,1761243300000
611.155,611.37,610.675,610.855,743640.0,1761244200000
610.85,611.17,610.61,611.0999,602954.0,1761245100000
611.1,611.2682,610.825,611.17,989105.0,1761246000000
611.18,611.32,610.935,611.145,868959.0,1761246900000
611.14,611.14,610.65,610.7001,994978.0,1761247800000
610.69,611.0,610.08,610.6,2587742.0,1761248700000
615.99,617.53,615.13,616.94,4057292.0,1761312600000
616.97,617.49,615.935,616.97,2662681.0,1761313500000
617.02,617.9,616.68,617.68,2818249.0,1761314400000
617.69,617.71,616.62,616.76,1971849.0,1761315300000
616.75,617.64,616.03,617.53,1794085.0,1761316200000
617.53,617.58,615.18,616.045,2399378.0,1761317100000
616.04,616.88,615.76,616.86,1225777.0,1761318000000
616.86,617.84,616.535,617.61,1594647.0,1761318900000
617.63,617.89,617.1,617.28,1447912.0,1761319800000
617.29,617.58,616.83,617.3501,1305408.0,1761320700000
617.34,617.815,617.31,617.74,953791.0,1761321600000
617.72,618.27,617.58,617.6656,1041991.0,1761322500000
617.67,617.91,617.28,617.452,1034606.0,1761323400000
617.45,618.27,617.305,618.0,990052.0,1761324300000
617.99,618.18,617.785,617.82,703528.0,1761325200000
617.82,618.19,617.72,617.92,1042815.0,1761326100000
617.9,618.25,617.8,618.15,753888.0,1761327000000
618.155,618.42,617.95,617.98,769015.0,1761327900000
617.97,618.1,617.6227,617.95,921026.0,1761328800000
617.95,618.085,617.77,617.88,1178797.0,1761329700000
617.895,618.11,617.7286,617.745,892894.0,1761330600000
617.745,617.9,617.5,617.86,1201631.0,1761331500000
617.86,618.35,617.84,618.17,1922859.0,1761332400000
618.18,618.405,618.02,618.25,856311.0,1761333300000
618.265,618.29,617.73,617.84,1441841.0,1761334200000
617.84,618.02,616.75,617.02,5241479.0,1761335100000
624.52,625.53,624.03,625.05,4134599.0,1761571800000
625.07,625.44,624.36,625.3,2248831.0,1761572700000
625.3,625.94,625.155,625.565,2572184.0,1761573600000
625.57,625.8,624.7,625.795,1982129.0,1761574500000
625.79,626.29,625.53,626.27,2003464.0,1761575400000
626.28,626.34,625.39,625.54,1798405.0,1761576300000
625.54,626.43,625.48,626.39,1705009.0,1761577200000
626.39,626.58,625.95,626.5,1453979.0,1761578100000
626.51,626.75,626.385,626.745,1229034.0,1761579000000
626.74,626.74,626.29,626.39,1431395.0,1761579900000
626.41,626.83,626.31,626.74,1289342.0,1761580800000
626.74,626.765,626.5,626.64,994739.0,1761581700000
626.65,626.91,626.6,626.7099,1031545.0,1761582600000
626.705,626.98,626.58,626.9,997410.0,1761583500000
626.9,626.95,626.55,626.785,1310573.0,1761584400000
626.78,626.84,626.3815,626.59,1251178.0,1761585300000
626.6,627.24,626.48,627.135,2332171.0,1761586200000
627.13,627.26,627.07,627.205,911199.0,1761587100000
627.2,627.3,627.035,627.275,839635.0,1761588000000
627.275,627.395,627.24,627.28,736247.0,1761588900000
627.29,627.49,627.13,627.425,1037752.0,1761589800000
627.435,627.685,627.25,627.575,1352957.0,1761590700000
627.57,627.61,627.3,627.36,1561212.0,1761591600000
627.36,627.36,627.07,627.22,1827108.0,1761592500000
627.22,627.67,627.1601,627.4601,2702762.0,1761593400000
627.47,628.55,627.45,628.08,6750846.0,1761594300000
630.36,631.36,630.1,630.97,3849578.0,1761658200000
630.97,631.2086,629.77,630.585,2969328.0,1761659100000
630.66,630.9084,630.39,630.81,2998068.0,1761660000000
630.81,630.88,629.8999,630.19,1812346.0,1761660900000
630.19,630.321,629.43,629.66,1826516.0,1761661800000
629.65,630.19,629.28,629.9071,1193255.0,1761662700000
629.91,630.4,629.83,630.08,1080643.0,1761663600000
630.09,630.31,629.9,630.155,694137.0,1761664500000
630.15,630.385,629.25,629.94,1329842.0,1761665400000
629.93,630.535,629.86,630.5299,1037432.0,1761666300000
630.5499,631.165,630.5484,630.8599,1467239.0,1761667200000
630.8599,631.36,630.72,631.295,1177784.0,1761668100000
631.295,632.58,630.97,631.88,4247677.0,1761669000000
631.88,632.26,631.61,631.665,1379924.0,1761669900000
631.66,632.38,631.55,632.205,3115764.0,1761670800000
632.21,632.43,631.86,632.135,1698486.0,1761671700000
632.14,632.69,632.065,632.53,1926350.0,1761672600000
632.53,632.87,632.3,632.75,2136245.0,1761673500000
632.76,632.93,632.61,632.87,1174573.0,1761674400000
632.86,633.56,632.8152,633.45,2630164.0,1761675300000
633.45,633.665,633.3398,633.5352,1221973.0,1761676200000
633.53,633.79,633.4,633.78,1097880.0,1761677100000
633.775,634.2,633.42,634.1001,1635821.0,1761678000000
634.1,634.67,633.79,634.55,1882124.0,1761678900000
634.55,634.68,633.5193,633.74,2620455.0,1761679800000
633.74,633.95,632.86,632.89,5125090.0,1761680700000
635.59,636.22,635.31,635.81,3816355.0,1761744600000
635.82,636.835,635.57,636.835,3197588.0,1761745500000
636.85,637.01,635.54,636.04,3216286.0,1761746400000
636.04,636.39,635.75,636.32,2293647.0,1761747300000
636.32,636.58,635.71,635.82,1685961.0,1761748200000
635.855,636.1156,635.03,635.392,1842697.0,1761749100000
635.42,635.84,634.88,635.3,1461218.0,1761750000000
635.285,635.83,634.92,635.265,1361033.0,1761750900000
635.265,635.39,634.68,634.77,1321325.0,1761751800000
634.76,635.14,634.4101,634.88,1763537.0,1761752700000
634.87,634.94,634.03,634.53,2049314.0,1761753600000
634.52,635.285,634.46,635.15,1192841.0,1761754500000
635.15,635.37,634.92,635.27,1558015.0,1761755400000
635.27,635.55,634.92,635.27,2080569.0,1761756300000
635.27,635.54,635.21,635.4,593943.0,1761757200000
635.4,635.59,634.43,634.66,865897.0,1761758100000
634.64,635.335,634.5176,635.295,1301844.0,1761759000000
635.2832,635.555,634.94,635.3,717224.0,1761759900000
635.3,636.05,634.06,634.52,2277330.0,1761760800000
634.535,635.29,634.26,635.09,1653828.0,1761761700000
635.1,635.94,630.25,630.79,6993124.0,1761762600000
630.77,634.57,630.56,633.56,4614623.0,1761763500000
633.58,634.48,631.84,633.83,3424143.0,1761764400000
633.85,634.91,632.83,633.73,2655786.0,1761765300000
633.75,634.38,632.69,633.82,2684808.0,1761766200000
633.77,635.97,633.74,635.87,4437878.0,1761767100000
632.17,632.19,627.76,628.56,6505756.0,1761831000000
628.56,632.74,628.32,632.19,4790599.0,1761831900000
632.19,633.5,630.62,631.77,3671799.0,1761832800000
631.78,631.85,629.32,629.63,2603825.0,1761833700000
629.62,631.52,629.54,631.13,2032655.0,1761834600000
631.121,631.28,628.66,629.5614,2335414.0,1761835500000
629.57,630.97,629.56,630.86,1716055.0,1761836400000
630.88,631.01,630.24,630.5599,2045924.0,1761837300000
630.57,630.67,628.52,629.15,1756569.0,1761838200000
629.13,629.5,628.37,628.96,1361236.0,1761839100000
628.98,631.48,628.83,631.4,1289757.0,1761840000000
631.41,631.5,630.73,631.16,858047.0,1761840900000
631.19,631.19,630.09,630.68,1344019.0,1761841800000
630.67,631.095,630.3,630.96,858271.0,1761842700000
630.96,630.96,629.17,629.413,1203491.0,1761843600000
629.4,630.9656,629.35,630.65,1017707.0,1761844500000
630.66,630.66,629.9,630.33,887323.0,1761845400000
630.34,631.0,630.32,630.8185,634872.0,1761846300000
630.8,630.8,629.25,629.34,817261.0,1761847200000
629.33,629.5299,628.8001,629.12,1393858.0,1761848100000
629.18,629.7556,628.6,628.83,992275.0,1761849000000
628.81,629.57,628.7266,628.89,1292379.0,1761849900000
628.88,629.0001,627.91,627.96,1824195.0,1761850800000
627.97,628.09,626.3268,627.4,2386587.0,1761851700000
627.43,628.245,626.76,626.97,1812138.0,1761852600000
626.98,627.88,625.99,626.01,5108137.0,1761853500000
634.17,634.2,631.9,632.25,3388263.0,1761917400000
632.22,632.585,631.35,631.8785,2992778.0,1761918300000
631.87,632.17,630.9,631.4,3359939.0,1761919200000
631.41,632.17,630.85,631.93,2672117.0,1761920100000
631.93,633.41,631.78,633.3,2001840.0,1761921000000
633.31,633.73,632.93,633.34,1699290.0,1761921900000
633.34,633.57,632.96,633.4352,1721211.0,1761922800000
633.445,633.75,632.52,632.65,1760116.0,1761923700000
632.65,633.075,631.13,632.2467,2950036.0,1761924600000
632.27,633.14,630.55,630.59,2712663.0,1761925500000
630.58,630.63,628.97,629.5409,2881226.0,1761926400000
629.53,629.9,628.28,629.48,1905775.0,1761927300000
629.49,630.26,628.725,628.955,1727312.0,1761928200000
628.95,629.37,627.71,628.13,1958832.0,1761929100000
628.12,628.37,627.03,627.33,2813899.0,1761930000000
627.31,627.64,626.7914,627.19,2262274.0,1761930900000
627.2,628.24,626.69,627.97,2067646.0,1761931800000
627.99,628.9,627.98,628.0759,1892095.0,1761932700000
628.11,629.35,628.04,629.23,1675165.0,1761933600000
629.24,629.75,628.88,629.61,1199153.0,1761934500000
629.62,629.85,629.12,629.63,1297336.0,1761935400000
629.63,629.91,628.69,629.71,1665344.0,1761936300000
629.705,630.32,629.31,630.16,1410340.0,1761937200000
630.1424,631.68,630.0,631.45,1917739.0,1761938100000
631.455,632.24,631.22,631.66,2164572.0,1761939000000
631.65,631.68,629.17,629.19,6562726.0,1761939900000
635.11,635.82,633.175,633.45,3488106.0,1762180200000
633.4,633.8,632.33,632.76,1998319.0,1762181100000
632.82,633.2,631.57,632.4901,2012931.0,1762182000000
632.49,632.5301,630.28,630.5299,1858589.0,1762182900000
630.53,631.94,629.85,631.64,1998090.0,1762183800000
631.66,632.18,630.77,631.61,1285613.0,1762184700000
631.62,631.76,630.89,631.42,1030002.0,1762185600000
631.42,631.95,630.56,630.695,1121762.0,1762186500000
630.69,631.85,630.505,631.35,1153748.0,1762187400000
631.35,632.51,630.77,632.305,1300567.0,1762188300000
632.33,632.655,631.47,632.655,1018859.0,1762189200000
632.66,632.92,631.6,631.9,1156288.0,1762190100000
631.91,633.05,631.875,632.79,977938.0,1762191000000
632.8,633.29,632.72,633.07,737390.0,1762191900000
633.065,633.31,632.865,633.19,622891.0,1762192800000
633.19,633.24,632.745,632.83,729033.0,1762193700000
632.83,633.42,632.825,633.25,688892.0,1762194600000
633.26,633.28,632.46,632.565,808731.0,1762195500000
632.555,632.81,631.93,632.18,1014667.0,1762196400000
632.16,632.39,631.56,631.75,621281.0,1762197300000
631.74,632.18,631.0356,631.62,820152.0,1762198200000
631.63,632.48,631.6,632.2635,749878.0,1762199100000
632.28,632.46,631.74,632.0101,713157.0,1762200000000
632.01,632.1751,631.58,631.84,691421.0,1762200900000
631.87,632.01,631.1885,632.01,962245.0,1762201800000
632.01,632.14,631.2,632.11,2531991.0,1762202700000
623.28,624.23,621.3687,624.0893,5647917.0,1762266600000
624.08,626.67,623.13,626.515,3361200.0,1762267500000
626.5,626.7598,625.34,625.925,2581972.0,1762268400000
625.92,626.95,625.76,626.23,1846746.0,1762269300000
626.22,626.85,625.705,626.4,1637571.0,1762270200000
626.39,626.39,623.81,624.41,1830628.0,1762271100000
624.41,625.21,623.7,624.26,1455454.0,1762272000000
624.26,624.4001,623.19,623.978,1549671.0,1762272900000
623.99,624.58,623.54,624.03,1128513.0,1762273800000
624.02,624.215,622.83,623.6001,1364733.0,1762274700000
623.6,623.635,622.255,622.37,1352507.0,1762275600000
622.38,623.08,620.8899,622.53,2478015.0,1762276500000
622.535,622.71,621.36,621.765,1239420.0,1762277400000
621.77,622.95,621.36,621.77,1149088.0,1762278300000
621.77,621.84,620.86,621.29,1214061.0,1762279200000
621.28,621.5378,620.15,620.4827,1571895.0,1762280100000
620.48,621.105,619.91,621.09,1910287.0,1762281000000
621.08,621.9,620.55,621.53,1411669.0,1762281900000
621.5,621.97,620.82,621.13,1136776.0,1762282800000
621.11,621.74,620.83,621.3,841188.0,1762283700000
621.3,621.42,619.23,619.65,1933257.0,1762284600000
619.65,620.06,619.26,619.97,1624419.0,1762285500000
619.97,620.48,619.56,620.4,1247323.0,1762286400000
620.4,620.78,619.38,620.3,1382905.0,1762287300000
620.32,620.64,619.65,620.525,1556067.0,1762288200000
620.5399,620.83,618.455,619.24,8246499.0,1762289100000
618.49,619.33,617.21,618.15,3714983.0,1762353000000
618.1301,622.13,618.06,621.98,3662205.0,1762353900000
621.94,622.74,620.94,621.06,3157093.0,1762354800000
621.07,622.74,620.34,622.04,2483196.0,1762355700000
622.04,623.05,621.7,622.38,1647802.0,1762356600000
622.42,623.19,621.81,622.81,1631127.0,1762357500000
622.82,623.11,621.55,621.83,1859341.0,1762358400000
621.81,623.46,621.33,623.35,1673316.0,1762359300000
623.35,623.97,623.0,623.92,1109519.0,1762360200000
623.93,624.43,623.75,624.1,1280928.0,1762361100000
624.09,624.33,623.29,623.92,938896.0,1762362000000
623.91,624.64,623.63,624.45,778303.0,1762362900000
624.45,625.3535,624.36,625.3518,1080055.0,1762363800000
625.3545,625.41,624.755,625.02,648911.0,1762364700000
625.02,625.24,624.84,625.1702,505455.0,1762365600000
625.16,625.545,624.9658,625.43,713611.0,1762366500000
625.42,626.21,625.315,626.11,877272.0,1762367400000
626.12,626.48,626.01,626.3,775377.0,1762368300000
626.29,626.29,625.29,625.9224,1164627.0,1762369200000
625.92,626.39,625.86,626.01,947333.0,1762370100000
626.015,626.475,625.95,626.185,895099.0,1762371000000
626.17,626.57,626.01,626.25,1018579.0,1762371900000
626.26,626.6,625.9,626.225,1159529.0,1762372800000
626.227,626.33,625.41,625.5448,1431306.0,1762373700000
625.545,625.55,624.81,624.95,2705545.0,1762374600000
624.95,625.12,623.06,623.29,4268739.0,1762375500000
621.79,622.04,619.71,620.2,3912918.0,1762439400000
620.2,621.78,617.81,617.905,3736989.0,1762440300000
617.89,617.89,615.5,615.73,5252341.0,1762441200000
615.76,618.68,615.3,617.72,2926029.0,1762442100000
617.73,617.92,613.23,613.35,3564075.0,1762443000000
613.35,614.29,612.53,612.83,3516154.0,1762443900000
612.81,614.46,612.72,613.72,2743816.0,1762444800000
613.69,614.24,612.21,613.57,2608104.0,1762445700000
613.54,613.55,610.91,611.75,2575971.0,1762446600000
611.75,612.38,610.37,610.84,3002337.0,1762447500000
610.84,612.97,610.84,611.75,2222953.0,1762448400000
611.75,612.21,610.3,611.45,1814393.0,1762449300000
611.42,612.76,611.08,612.56,2172321.0,1762450200000
612.55,614.15,612.49,613.69,3302651.0,1762451100000
613.69,613.96,610.99,611.5545,1937084.0,1762452000000
611.54,613.71,611.27,613.36,1364786.0,1762452900000
613.34,614.49,613.3,614.29,1297042.0,1762453800000
614.3,614.36,612.97,613.48,1300891.0,1762454700000
613.47,615.45,613.28,615.0796,1739985.0,1762455600000
615.08,616.1,614.3,615.9501,1595946.0,1762456500000
615.95,616.13,614.55,615.26,1622360.0,1762457400000
615.2861,615.8,614.11,615.3,1050305.0,1762458300000
615.28,615.54,614.68,614.99,946334.0,1762459200000
614.98,615.26,613.97,614.07,1018253.0,1762460100000
614.06,614.48,612.82,612.85,1902271.0,1762461000000
612.87,613.07,610.9488,611.7,6057599.0,1762461900000
608.31,608.33,603.68,605.1,6674078.0,1762525800000
605.115,606.8,604.01,606.08,4345850.0,1762526700000
605.91,606.25,602.85,606.031,3605020.0,1762527600000
606.03,606.79,604.5685,604.95,2989316.0,1762528500000
604.93,605.24,602.43,602.55,3178387.0,1762529400000
602.53,603.23,601.41,601.42,3121508.0,1762530300000
601.41,602.34,600.34,600.579,3313323.0,1762531200000
600.58,601.95,600.16,600.75,2524812.0,1762532100000
600.75,601.4,599.79,600.89,2385991.0,1762533000000
600.91,601.11,598.89,599.58,2916951.0,1762533900000
599.57,600.345,598.67,600.165,2263188.0,1762534800000
600.16,602.41,600.095,601.65,2806457.0,1762535700000
601.605,602.29,600.75,601.13,1909610.0,1762536600000
601.12,602.01,599.86,601.91,1774529.0,1762537500000
601.92,602.77,601.445,602.7,2072855.0,1762538400000
602.7,603.855,602.1,603.78,2105008.0,1762539300000
603.8,604.63,603.19,604.05,2011363.0,1762540200000
604.05,604.365,602.27,603.87,1922408.0,1762541100000
603.88,604.62,603.36,604.51,1587925.0,1762542000000
604.5145,604.88,603.89,604.59,1432547.0,1762542900000
604.59,608.23,604.59,608.03,3312908.0,1762543800000
608.03,608.58,606.87,608.52,2864105.0,1762544700000
608.51,608.81,607.27,608.32,3125883.0,1762545600000
608.31,608.4199,606.34,607.08,2566708.0,1762546500000
607.095,609.06,607.07,608.94,1878141.0,1762547400000
608.93,609.95,607.35,609.76,5821746.0,1762548300000
618.92,621.36,618.56,621.12,5219964.0,1762785000000
621.11,621.77,620.11,621.29,3151907.0,1762785900000
621.28,621.9,620.9,620.99,2403376.0,1762786800000
621.02,622.04,620.69,621.46,2212984.0,1762787700000
621.48,621.98,620.79,620.83,2192423.0,1762788600000
620.82,621.17,618.43,618.57,2825435.0,1762789500000
618.59,618.94,617.37,618.305,3036407.0,1762790400000
618.29,618.69,617.48,617.6101,1644105.0,1762791300000
617.61,618.45,616.89,617.65,1465838.0,1762792200000
617.64,618.63,617.12,618.57,1374268.0,1762793100000
618.57,619.87,618.32,618.49,1674326.0,1762794000000
618.5,619.65,618.24,619.2401,976003.0,1762794900000
619.28,620.78,619.28,620.2387,1718798.0,1762795800000
620.29,621.55,620.2833,621.262,1186338.0,1762796700000
621.28,621.72,621.25,621.56,1040263.0,1762797600000
621.57,621.81,621.1123,621.2,886568.0,1762798500000
621.22,622.2,621.22,622.0998,1394280.0,1762799400000
622.1,622.4156,621.5,621.55,889926.0,1762800300000
621.56,622.26,621.44,621.93,1614640.0,1762801200000
621.935,622.76,621.81,622.52,1164703.0,1762802100000
622.53,622.88,622.28,622.81,773909.0,1762803000000
622.81,623.25,622.71,622.897,1683143.0,1762803900000
622.9,623.55,622.8793,623.465,1598976.0,1762804800000
623.46,623.4645,622.77,623.085,1454710.0,1762805700000
623.08,623.76,622.81,623.71,1491947.0,1762806600000
623.7,624.31,623.11,623.18,5220684.0,1762807500000
620.57,621.57,620.15,620.6601,3485440.0,1762871400000
620.67,621.2512,619.48,621.08,2391526.0,1762872300000
621.06,621.12,619.1,619.7199,2266634.0,1762873200000
619.717,619.94,618.82,619.12,1386137.0,1762874100000
619.14,619.29,618.03,618.97,1811950.0,1762875000000
618.95,619.16,617.69,618.33,1733588.0,1762875900000
618.32,619.03,618.19,618.51,944829.0,1762876800000
618.52,620.23,618.23,618.31,1646506.0,1762877700000
618.33,618.92,617.52,618.43,1481625.0,1762878600000
618.43,618.96,618.12,618.26,1374128.0,1762879500000
618.26,619.83,618.19,619.54,1201753.0,1762880400000
619.52,620.35,619.195,619.55,1393417.0,1762881300000
619.58,620.07,619.5,620.05,783514.0,1762882200000
620.041,621.18,619.82,620.87,1076001.0,1762883100000
620.85,621.46,620.68,621.16,1218056.0,1762884000000
621.17,622.16,621.0,621.4499,1258935.0,1762884900000
621.45,621.89,620.6,621.74,1186831.0,1762885800000
621.74,622.72,621.69,622.59,1515937.0,1762886700000
622.59,622.6,621.4,621.955,1089658.0,1762887600000
621.99,622.36,621.65,621.93,978308.0,1762888500000
621.93,622.22,621.66,621.7,761736.0,1762889400000
621.7,622.29,621.52,621.94,861219.0,1762890300000
621.955,622.3897,621.9,622.23,1005821.0,1762891200000
622.235,622.27,621.58,621.84,1321390.0,1762892100000
621.84,622.07,621.45,621.92,1202947.0,1762893000000
621.92,622.6,620.89,621.52,4327642.0,1762893900000
624.84,624.86,621.4,621.59,3729185.0,1762957800000
621.58,621.8863,619.6,620.35,3068439.0,1762958700000
620.36,621.96,620.09,620.36,2488028.0,1762959600000
620.36,621.17,619.89,620.81,1751270.0,1762960500000
620.82,621.03,618.84,620.4,2442824.0,1762961400000
620.4099,620.72,618.93,619.44,1578398.0,1762962300000
619.45,619.71,617.98,618.325,1679706.0,1762963200000
618.325,620.2,618.325,620.03,1784660.0,1762964100000
620.04,620.66,619.1886,619.2499,1443696.0,1762965000000
619.26,619.67,617.81,618.85,1635407.0,1762965900000
618.84,619.6501,618.56,619.4,1218929.0,1762966800000
619.4,619.9,618.6,619.43,951566.0,1762967700000
619.41,621.16,619.34,620.38,1118799.0,1762968600000
620.4,620.91,619.312,620.71,1226134.0,1762969500000
620.72,620.88,620.1,620.795,1089154.0,1762970400000
620.78,621.18,620.3167,620.745,1035920.0,1762971300000
620.7301,621.405,620.5803,620.76,1955975.0,1762972200000
620.76,621.15,620.2,620.8101,2116600.0,1762973100000
620.82,621.0915,620.26,620.31,839262.0,1762974000000
620.31,620.621,619.715,620.02,887853.0,1762974900000
620.03,620.44,619.36,620.07,975436.0,1762975800000
620.0799,620.54,619.68,620.04,926106.0,1762976700000
620.01,620.09,619.16,619.59,1048242.0,1762977600000
619.59,620.61,619.31,620.54,1106937.0,1762978500000
620.55,621.42,620.38,621.05,1394210.0,1762979400000
621.055,621.7,620.29,621.04,3267409.0,1762980300000
617.54,618.12,612.99,613.1001,3933321.0,1763044200000
613.09,616.13,612.84,615.25,3109005.0,1763045100000
615.27,617.53,613.87,617.36,3108847.0,1763046000000
617.33,618.04,614.995,615.31,2151059.0,1763046900000
615.32,615.35,612.98,613.13,2361633.0,1763047800000
613.13,613.21,610.8,612.2901,3758315.0,1763048700000
612.3,612.77,610.69,611.57,2268386.0,1763049600000
611.57,612.2,610.42,611.46,2032838.0,1763050500000
611.45,612.41,609.88,610.29,2515276.0,1763051400000
610.27,611.38,609.96,610.68,2033468.0,1763052300000
610.61,611.69,609.68,610.21,2298574.0,1763053200000
610.22,612.01,610.19,611.67,2085724.0,1763054100000
611.64,612.18,610.56,610.6099,1366827.0,1763055000000
610.59,610.66,609.05,609.32,1874617.0,1763055900000
609.37,610.0,608.81,609.73,1807990.0,1763056800000
609.72,609.9,607.51,607.81,1908439.0,1763057700000
607.8,607.81,606.32,607.49,2475882.0,1763058600000
607.49,607.95,606.91,607.74,1590572.0,1763059500000
607.72,608.0,606.47,606.68,2090875.0,1763060400000
606.68,609.07,606.46,608.98,1926385.0,1763061300000
608.98,609.25,607.56,608.23,1883439.0,1763062200000
608.23,608.53,606.08,607.33,1905452.0,1763063100000
607.32,607.96,606.66,607.58,1640715.0,1763064000000
607.6,607.98,606.4,607.79,2326118.0,1763064900000
607.8,609.53,607.59,608.882,3189568.0,1763065800000
608.86,609.3,606.83,608.41,6549826.0,1763066700000
599.55,602.5,597.17,602.28,8281937.0,1763130600000
602.27,605.55,601.9,605.16,5913287.0,1763131500000
605.14,605.87,602.93,603.7,4107635.0,1763132400000
603.69,606.93,603.57,606.48,4163754.0,1763133300000
606.52,608.67,605.72,608.5599,3726575.0,1763134200000
608.52,610.57,608.3,609.73,3498901.0,1763135100000
609.73,610.16,607.43,609.09,1973609.0,1763136000000
609.12,612.74,609.118,612.08,2481904.0,1763136900000
612.12,612.71,611.16,611.43,2500704.0,1763137800000
611.41,612.515,610.55,612.27,1883875.0,1763138700000
612.23,613.35,611.63,613.02,1714452.0,1763139600000
613.03,613.14,611.86,612.62,1742407.0,1763140500000
612.63,613.13,611.69,612.2,1920279.0,1763141400000
612.17,612.66,610.14,611.175,1775508.0,1763142300000
611.15,611.68,609.19,611.57,2284573.0,1763143200000
611.57,611.58,609.21,610.27,1864121.0,1763144100000
610.27,610.82,608.38,608.55,1913083.0,1763145000000
608.55,611.02,608.42,610.41,1748798.0,1763145900000
610.42,610.69,609.26,609.93,1425426.0,1763146800000
609.945,611.605,609.9,611.175,1381776.0,1763147700000
611.17,611.54,610.69,611.16,1175164.0,1763148600000
611.2,612.11,611.15,611.782,1380162.0,1763149500000
611.8,612.34,610.66,610.8,1566503.0,1763150400000
610.81,610.97,609.25,609.68,1873521.0,1763151300000
609.67,610.21,608.78,608.88,2764719.0,1763152200000
608.88,609.38,607.98,608.82,5754403.0,1763153100000
606.3,611.17,605.24,610.17,4611584.0,1763389800000
610.19,612.48,610.03,611.17,2843399.0,1763390700000
611.16,611.58,607.82,609.3901,3037085.0,1763391600000
609.41,610.13,607.68,609.68,2222514.0,1763392500000
609.65,610.11,607.76,609.63,2585729.0,1763393400000
609.63,609.97,607.8,608.32,1859439.0,1763394300000
608.3,608.68,605.82,606.07,2128998.0,1763395200000
606.07,608.1,605.04,608.046,2315458.0,1763396100000
608.06,610.1,607.93,609.73,2355496.0,1763397000000
609.74,611.18,609.52,611.08,1623644.0,1763397900000
611.07,611.14,609.89,610.28,1406108.0,1763398800000
610.27,610.35,609.31,609.95,1115669.0,1763399700000
609.96,610.31,608.0,608.165,1251169.0,1763400600000
608.19,608.24,606.2899,606.37,1512402.0,1763401500000
606.37,606.645,605.26,606.03,2315077.0,1763402400000
606.05,606.7188,605.55,605.92,1197151.0,1763403300000
605.88,606.42,605.34,606.33,1204149.0,1763404200000
606.32,607.6,603.62,603.81,2037284.0,1763405100000
603.83,604.23,602.74,603.47,2267144.0,1763406000000
603.5,603.56,602.11,603.13,1459912.0,1763406900000
603.13,603.555,600.99,601.96,1835945.0,1763407800000
601.94,602.06,600.4013,600.4591,1814533.0,1763408700000
600.44,601.44,599.87,600.35,2788975.0,1763409600000
600.38,601.8,600.15,601.24,2101788.0,1763410500000
601.23,601.84,600.56,601.43,2297614.0,1763411400000
601.42,603.74,601.36,603.65,5979529.0,1763412300000
599.62,602.31,597.85,598.05,7004492.0,1763476200000
598.03,600.07,594.8,594.86,6035255.0,1763477100000
594.83,596.0,592.59,594.97,6126668.0,1763478000000
594.95,596.92,592.73,595.38,4454587.0,1763478900000
595.38,596.49,593.1,594.22,5403858.0,1763479800000
594.21,595.0,592.795,593.28,2555365.0,1763480700000
593.29,595.92,591.34,595.03,3729792.0,1763481600000
595.02,598.3251,593.96,597.87,3115389.0,1763482500000
597.87,599.0,597.4,598.6,2595612.0,1763483400000
598.55,599.15,597.15,597.98,2102610.0,1763484300000
597.96,598.94,596.46,596.55,1910935.0,1763485200000
596.54,597.59,594.963,595.1292,2017502.0,1763486100000
595.08,599.93,594.1,599.61,2695350.0,1763487000000
599.62,601.13,598.24,600.4,2657971.0,1763487900000
600.415,601.35,599.99,600.54,1621940.0,1763488800000
600.55,601.01,599.67,599.8,1543937.0,1763489700000
599.8,601.57,599.48,600.33,1413108.0,1763490600000
600.34,601.63,598.94,599.3501,1625800.0,1763491500000
599.35,600.92,599.18,600.525,1464731.0,1763492400000
600.54,600.8,598.969,599.4,1152948.0,1763493300000
599.43,601.79,598.79,600.03,1623370.0,1763494200000
600.05,601.59,599.31,600.96,1301835.0,1763495100000
600.97,601.44,599.12,599.57,1484035.0,1763496000000
599.57,600.24,597.84,598.99,2378848.0,1763496900000
598.99,599.35,598.01,598.0935,2147673.0,1763497800000
598.09,598.84,596.19,596.33,5432667.0,1763498700000
597.07,600.6199,596.14,600.26,4079984.0,1763562600000
600.25,604.08,599.78,603.9,3633336.0,1763563500000
603.89,605.31,603.57,605.07,4783365.0,1763564400000
605.07,606.16,604.7913,605.3599,3495666.0,1763565300000
605.36,605.72,603.79,604.36,2416370.0,1763566200000
604.36,604.36,600.38,600.915,3890032.0,1763567100000
600.905,601.31,599.05,599.6,3104655.0,1763568000000
599.59,600.61,598.27,599.41,3095291.0,1763568900000
599.41,599.81,598.02,598.8,1791868.0,1763569800000
598.78,599.7,597.99,599.6,2204994.0,1763570700000
599.6,599.74,596.82,597.05,1796140.0,1763571600000
597.15,597.96,596.35,597.57,2114728.0,1763572500000
597.53,597.83,594.59,597.17,2523256.0,1763573400000
597.16,598.19,595.97,597.64,2345021.0,1763574300000
597.62,598.91,597.04,598.4,2000474.0,1763575200000
598.43,598.6546,596.68,596.775,1556631.0,1763576100000
596.74,599.63,596.4909,597.635,1913409.0,1763577000000
597.63,599.35,596.83,598.93,1114185.0,1763577900000
598.87,599.22,597.57,598.485,1859141.0,1763578800000
598.48,598.73,596.26,596.64,1494207.0,1763579700000
596.64,597.2,596.1,596.6741,1561806.0,1763580600000
596.69,599.215,596.32,598.21,1618010.0,1763581500000
598.2,599.42,597.88,599.327,1382056.0,1763582400000
599.345,601.75,599.345,600.92,2508168.0,1763583300000
600.935,602.3399,600.33,600.84,2192960.0,1763584200000
600.85,600.91,598.9001,599.76,3793040.0,1763585100000
611.62,612.38,610.03,611.64,6899527.0,1763649000000
611.64,613.5601,610.6499,613.16,3717080.0,1763649900000
613.19,613.79,610.41,611.0,4198377.0,1763650800000
610.98,613.03,610.34,612.78,2411937.0,1763651700000
612.79,614.03,612.35,613.72,3238282.0,1763652600000
613.71,613.8,610.35,610.48,2470039.0,1763653500000
610.49,610.53,606.7,606.82,3659292.0,1763654400000
606.83,606.86,603.83,604.29,6677077.0,1763655300000
604.3,604.83,600.02,600.33,4847864.0,1763656200000
600.29,601.8,594.74,595.765,7403762.0,1763657100000
595.75,597.91,592.7,594.19,6417470.0,1763658000000
594.185,594.33,590.93,593.25,5094378.0,1763658900000
593.2,594.5,589.83,590.95,4986448.0,1763659800000
590.98,592.71,589.83,591.9344,5165504.0,1763660700000
591.94,596.75,591.21,596.74,5767365.0,1763661600000
596.7487,596.8901,593.61,594.49,3606955.0,1763662500000
594.46,595.03,590.49,590.62,2646940.0,1763663400000
590.62,590.8,588.1,589.16,3500546.0,1763664300000
589.13,589.61,587.34,588.92,3223283.0,1763665200000
588.95,591.38,588.27,590.78,2872004.0,1763666100000
590.77,590.77,588.68,590.26,2657407.0,1763667000000
590.22,592.1,588.81,591.98,2155574.0,1763667900000
591.96,591.96,588.86,589.58,2654201.0,1763668800000
589.56,590.79,588.22,589.43,2069870.0,1763669700000
589.43,589.9,585.83,586.235,3182636.0,1763670600000
586.23,586.92,584.75,585.6728,5695517.0,1763671500000
587.47,589.35,586.27,587.055,7222316.0,1763735400000
587.15,589.77,585.02,586.892,4667086.0,1763736300000
586.91,588.1,584.36,585.03,4963814.0,1763737200000
585.02,587.52,583.17,583.6,5521414.0,1763738100000
583.61,584.63,580.74,583.27,5883256.0,1763739000000
583.25,585.1,582.53,583.04,3334139.0,1763739900000
583.02,584.65,580.95,584.02,3178776.0,1763740800000
584.03,586.845,582.32,586.78,3107189.0,1763741700000
586.77,588.29,585.94,587.9,3295954.0,1763742600000
587.92,591.6156,587.02,591.59,6086413.0,1763743500000
591.59,592.055,590.13,591.24,2746225.0,1763744400000
591.25,592.05,589.96,591.24,2146095.0,1763745300000
591.23,592.61,590.81,592.03,1884543.0,1763746200000
592.02,592.4,590.6,591.01,1842776.0,1763747100000
591.04,591.28,588.11,588.2,2191202.0,1763748000000
588.2,589.24,587.46,588.94,1893949.0,1763748900000
588.94,591.99,588.56,591.86,2563019.0,1763749800000
591.87,596.03,591.44,594.05,3900670.0,1763750700000
594.08,596.24,593.92,595.41,2389095.0,1763751600000
595.4,596.98,595.03,596.58,2453722.0,1763752500000
596.58,596.9,594.52,594.82,2652760.0,1763753400000
594.82,595.2,592.86,593.64,2056505.0,1763754300000
593.63,594.56,593.23,594.1,1891813.0,1763755200000
594.08,594.51,591.95,591.97,1910693.0,1763756100000
591.93,593.525,591.09,591.94,3620791.0,1763757000000
591.95,593.19,589.44,590.16,6748947.0,1763757900000
595.28,600.06,595.16,597.72,5462627.0,1763994600000
597.7,599.28,596.64,599.19,3430934.0,1763995500000
599.19,601.26,598.69,600.38,3738936.0,1763996400000
600.4,600.83,599.12,600.52,2330534.0,1763997300000
600.495,602.13,599.82,601.92,2551093.0,1763998200000
601.92,602.3798,601.03,601.47,1659828.0,1763999100000
601.484,603.71,601.475,603.57,2215097.0,1764000000000
603.56,603.9593,603.13,603.55,1816817.0,1764000900000
603.52,603.91,602.95,603.74,1490405.0,1764001800000
603.73,604.15,602.8,603.1,1427533.0,1764002700000
603.1,603.5682,602.68,602.97,1297885.0,1764003600000
602.965,604.21,602.845,604.02,937256.0,1764004500000
604.01,605.25,603.96,604.905,1650159.0,1764005400000
604.91,605.37,604.72,604.9,1167646.0,1764006300000
604.9,605.7,604.9,605.5106,1396227.0,1764007200000
605.51,605.615,605.02,605.16,1125290.0,1764008100000
605.15,605.36,604.74,605.15,1196535.0,1764009000000
605.14,605.405,604.91,605.04,873436.0,1764009900000
605.01,605.89,604.98,605.64,1059802.0,1764010800000
605.65,605.77,605.11,605.205,1017788.0,1764011700000
605.23,605.33,604.47,604.78,1580427.0,1764012600000
604.79,605.07,604.24,604.73,1115322.0,1764013500000
604.73,605.67,604.72,605.3726,1422140.0,1764014400000
605.37,605.91,605.02,605.29,1270054.0,1764015300000
605.27,605.905,605.06,605.82,1631029.0,1764016200000
605.82,606.68,605.11,605.31,6952788.0,1764017100000
603.51,604.07,600.16,600.39,4983233.0,1764081000000
600.38,602.76,597.32,602.52,5639599.0,1764081900000
602.58,602.69,598.6,600.65,4005449.0,1764082800000
600.75,601.77,599.74,601.6606,2865107.0,1764083700000
601.66,603.21,601.22,603.21,2300888.0,1764084600000
603.23,603.9,601.2101,602.56,2041888.0,1764085500000
602.54,602.68,601.5,601.7,1743342.0,1764086400000
601.72,604.11,601.5,603.42,1428561.0,1764087300000
603.41,604.26,603.1801,603.86,1258132.0,1764088200000
603.86,604.85,603.1,604.52,1281001.0,1764089100000
604.51,605.8,604.4,605.76,2110473.0,1764090000000
605.79,607.37,605.3601,606.74,1861349.0,1764090900000
606.74,608.42,606.7,607.74,2181290.0,1764091800000
607.74,608.06,606.38,606.61,1212870.0,1764092700000
606.63,607.37,606.54,606.97,971473.0,1764093600000
606.975,607.525,606.68,607.52,1077884.0,1764094500000
607.525,607.65,606.99,607.26,684294.0,1764095400000
607.27,608.17,607.27,607.54,806914.0,1764096300000
607.54,607.78,607.04,607.165,779786.0,1764097200000
607.17,607.26,605.87,606.5201,1288863.0,1764098100000
606.56,606.67,605.46,606.145,1462833.0,1764099000000
606.14,607.45,605.82,607.3,2021081.0,1764099900000
607.31,608.07,607.28,607.695,1221715.0,1764100800000
607.7001,608.25,607.57,608.125,1244858.0,1764101700000
608.13,609.05,608.1087,608.87,2068494.0,1764102600000
608.88,610.2601,608.67,608.91,4114833.0,1764103500000
612.51,613.66,611.69,612.76,3356966.0,1764167400000
612.77,613.9,610.88,611.16,2421835.0,1764168300000
611.15,612.52,610.39,611.4,2311794.0,1764169200000
611.3634,612.2,610.57,611.72,1827749.0,1764170100000
611.79,613.21,611.78,612.57,1339859.0,1764171000000
612.59,613.68,611.79,613.61,1214076.0,1764171900000
613.61,614.54,613.5,614.2,1675425.0,1764172800000
614.22,615.31,614.1401,614.9301,1426738.0,1764173700000
614.97,616.19,614.59,615.92,1497471.0,1764174600000
615.92,615.99,615.21,615.68,957824.0,1764175500000
615.69,615.8382,614.73,614.995,1636466.0,1764176400000
614.99,615.5,614.68,615.305,1016500.0,1764177300000
615.31,616.04,615.245,615.98,790520.0,1764178200000
615.99,616.06,615.17,615.3101,903644.0,1764179100000
615.32,615.75,613.95,615.09,1626512.0,1764180000000
615.14,615.83,614.4759,615.52,969607.0,1764180900000
615.525,615.55,614.1719,614.18,851128.0,1764181800000
614.18,615.11,614.05,614.77,742778.0,1764182700000
614.77,615.31,614.32,615.07,831769.0,1764183600000
615.05,615.52,614.93,615.47,627402.0,1764184500000
615.48,615.72,614.67,614.88,1008195.0,1764185400000
614.89,615.23,614.59,615.16,1032365.0,1764186300000
615.17,615.73,614.84,615.725,832728.0,1764187200000
615.73,615.85,615.48,615.5101,1057554.0,1764188100000
615.51,615.63,615.08,615.2901,1211857.0,1764189000000
615.31,615.5,614.27,614.31,4954975.0,1764189900000
616.11,617.58,615.4174,616.06,2627977.0,1764340200000
616.05,617.04,615.67,616.31,1440378.0,1764341100000
616.31,616.82,615.91,616.62,1349136.0,1764342000000
616.63,617.14,616.06,616.31,1130263.0,1764342900000
616.31,616.95,616.085,616.79,1026358.0,1764343800000
616.79,617.57,616.55,617.295,936574.0,1764344700000
617.3,617.93,617.03,617.7641,973516.0,1764345600000
617.75,617.94,616.28,616.77,1186891.0,1764346500000
616.78,617.52,616.42,617.18,1170773.0,1764347400000
617.19,617.83,617.0534,617.68,948545.0,1764348300000
617.67,618.0,617.165,617.765,998755.0,1764349200000
617.7899,617.88,617.36,617.52,1176239.0,1764350100000
617.52,617.64,616.92,616.9301,1307222.0,1764351000000
616.93,619.24,616.91,619.18,3370320.0,1764351900000
619.18,619.32,619.17,619.25,529650.0,1764352800000
613.63,615.18,612.52,613.42,4074402.0,1764599400000
613.4,616.63,613.2,616.28,2826247.0,1764600300000
616.28,616.8513,615.5,616.0306,3087094.0,1764601200000
616.05,616.5,614.93,615.29,1459023.0,1764602100000
615.31,616.1565,613.9487,615.5407,1605527.0,1764603000000
615.56,617.6087,615.22,617.4382,1588801.0,1764603900000
617.43,617.57,615.78,615.92,1176159.0,1764604800000
615.91,616.8899,615.28,616.68,992362.0,1764605700000
616.68,617.96,616.66,617.7,901851.0,1764606600000
617.7,618.36,617.62,617.96,889999.0,1764607500000
617.99,618.75,617.92,618.17,871646.0,1764608400000
618.175,618.597,617.48,618.4233,1194665.0,1764609300000
618.42,619.11,618.13,619.11,703734.0,1764610200000
619.11,619.4401,618.33,618.35,926395.0,1764611100000
618.35,619.16,618.27,618.97,621340.0,1764612000000
618.95,619.0701,618.45,618.6499,556312.0,1764612900000
618.68,618.99,618.6,618.84,537839.0,1764613800000
618.83,619.36,618.68,619.215,877471.0,1764614700000
619.21,619.245,617.91,618.305,994296.0,1764615600000
618.31,618.31,616.9198,617.02,1091381.0,1764616500000
617.03,617.5,616.062,616.6899,1813863.0,1764617400000
616.7,617.02,616.35,616.51,799860.0,1764618300000
616.5141,617.47,616.34,617.39,899345.0,1764619200000
617.3699,617.43,616.757,617.1481,668802.0,1764620100000
617.17,617.63,616.81,617.58,1018163.0,1764621000000
617.58,617.66,616.3,617.2,4886449.0,1764621900000
619.46,622.3655,618.98,621.94,4300439.0,1764685800000
621.96,622.28,621.14,621.99,2966135.0,1764686700000
622.0,623.34,621.94,622.875,2861698.0,1764687600000
622.88,623.175,621.24,621.3963,2070798.0,1764688500000
621.39,622.72,620.4,622.6,2806996.0,1764689400000
622.6,623.75,622.42,623.2,1725024.0,1764690300000
623.22,623.58,620.22,620.61,3254651.0,1764691200000
620.6,620.94,618.27,618.68,3144865.0,1764692100000
618.66,620.27,617.59,619.38,3052058.0,1764693000000
619.37,620.49,619.13,619.87,1489830.0,1764693900000
619.86,620.96,619.75,620.865,1174931.0,1764694800000
620.8698,622.405,620.78,622.19,1553756.0,1764695700000
622.19,622.63,621.7,622.01,968273.0,1764696600000
622.0,622.25,619.7855,619.7855,1373239.0,1764697500000
619.78,621.5437,619.575,620.91,1376181.0,1764698400000
620.89,621.73,620.64,621.18,1245562.0,1764699300000
621.18,621.5,620.38,621.05,1086250.0,1764700200000
621.05,621.7599,620.68,621.52,1058433.0,1764701100000
621.49,622.3,621.22,622.1618,1181692.0,1764702000000
622.16,622.32,621.2,621.72,1013304.0,1764702900000
621.72,622.33,621.57,621.77,1193130.0,1764703800000
621.78,623.11,621.66,622.87,1146141.0,1764704700000
622.88,623.01,622.425,622.79,1005442.0,1764705600000
622.79,623.01,622.5778,622.885,1061611.0,1764706500000
622.89,623.22,622.23,622.58,1274118.0,1764707400000
622.58,622.95,621.86,622.07,4238539.0,1764708300000
619.62,620.65,618.563,619.13,3694312.0,1764772200000
619.11,619.83,618.03,619.67,2639963.0,1764773100000
619.74,621.53,619.38,620.08,2385001.0,1764774000000
620.1,621.24,619.73,620.41,1906324.0,1764774900000
620.39,622.21,619.75,622.04,3740617.0,1764775800000
622.05,622.28,620.98,621.265,1723979.0,1764776700000
621.26,622.14,620.26,620.72,1568245.0,1764777600000
620.71,621.8144,620.43,621.34,1276453.0,1764778500000
621.36,622.655,621.21,622.46,1610365.0,1764779400000
622.46,622.5401,620.47,621.2,1426009.0,1764780300000
621.21,622.18,621.08,622.0899,1298961.0,1764781200000
622.11,622.92,621.8,622.63,1614725.0,1764782100000
622.63,622.8,622.11,622.62,693198.0,1764783000000
622.63,623.04,622.32,622.77,765695.0,1764783900000
622.76,623.08,622.6,622.96,999144.0,1764784800000
622.965,623.01,622.35,622.81,809543.0,1764785700000
622.82,623.46,622.82,623.42,884349.0,1764786600000
623.43,623.47,622.71,622.87,976656.0,1764787500000
622.85,623.41,622.785,623.36,1110185.0,1764788400000
623.3678,623.54,623.11,623.35,617586.0,1764789300000
623.34,623.6,623.16,623.575,845781.0,1764790200000
623.58,623.91,623.37,623.85,1215624.0,1764791100000
623.85,624.14,623.605,624.06,1171570.0,1764792000000
624.055,624.22,623.82,624.1529,1078903.0,1764792900000
624.15,624.15,623.78,624.03,1003776.0,1764793800000
624.02,624.16,623.11,623.53,4113963.0,1764794700000
624.93,624.94,621.05,622.01,4952627.0,1764858600000
622.02,622.44,620.79,621.21,2412737.0,1764859500000
621.16,622.0451,620.92,621.45,2217777.0,1764860400000
621.45,622.1744,620.32,622.0,2530402.0,1764861300000
622.02,623.19,621.76,622.9703,1645258.0,1764862200000
622.97,623.1,621.4344,621.5,1574108.0,1764863100000
621.5,621.84,619.96,621.05,2242547.0,1764864000000
621.06,622.1747,620.7599,621.82,1622452.0,1764864900000
621.81,622.24,621.38,621.5,1351537.0,1764865800000
621.51,623.435,621.485,623.23,1601271.0,1764866700000
623.23,623.47,622.225,623.0,1555598.0,1764867600000
623.01,623.07,622.18,622.2699,809302.0,1764868500000
622.27,622.835,621.91,622.56,1350425.0,1764869400000
622.56,622.7799,622.215,622.67,727340.0,1764870300000
622.66,622.74,621.63,622.315,885367.0,1764871200000
622.32,622.88,622.19,622.765,737283.0,1764872100000
622.76,623.02,622.13,622.24,959268.0,1764873000000
622.2482,622.5182,622.07,622.34,677474.0,1764873900000
622.33,622.5299,621.83,622.05,829186.0,1764874800000
622.04,622.04,619.54,620.5942,2604909.0,1764875700000
620.6,622.49,620.41,622.0318,1749279.0,1764876600000
622.04,622.41,621.75,621.96,1134697.0,1764877500000
621.95,622.07,621.04,621.91,1267708.0,1764878400000
621.92,621.93,621.3,621.32,989543.0,1764879300000
621.3397,621.8,621.27,621.49,878146.0,1764880200000
621.49,623.01,621.34,622.86,3111155.0,1764881100000
624.38,626.71,624.24,625.09,5071225.0,1764945000000
625.09,627.37,625.07,627.0799,3056116.0,1764945900000
627.08,628.76,626.51,628.7,2591068.0,1764946800000
628.7,628.92,627.95,628.18,2316255.0,1764947700000
628.18,628.765,627.51,627.78,1832206.0,1764948600000
627.75,628.0782,625.29,625.94,3220523.0,1764949500000
625.93,626.53,625.06,625.08,2225308.0,1764950400000
625.05,625.88,624.5,624.8399,2771500.0,1764951300000
624.84,625.0,623.71,624.66,1880731.0,1764952200000
624.64,626.36,624.4,625.59,1969092.0,1764953100000
625.58,625.8,624.7055,624.805,1507244.0,1764954000000
624.79,625.14,624.62,624.76,1325212.0,1764954900000
624.77,624.88,624.02,624.74,1457334.0,1764955800000
624.74,625.86,624.58,625.61,1311994.0,1764956700000
625.6,625.82,625.33,625.48,1479056.0,1764957600000
625.485,626.02,624.87,625.95,1175888.0,1764958500000
625.9458,626.29,625.4414,625.74,1273646.0,1764959400000
625.735,625.855,625.3855,625.53,686349.0,1764960300000
625.54,625.87,625.23,625.825,916593.0,1764961200000
625.825,625.88,625.0599,625.42,1171670.0,1764962100000
625.43,625.5856,625.02,625.17,828470.0,1764963000000
625.175,625.94,624.95,625.7818,912010.0,1764963900000
625.79,625.85,625.17,625.4701,841984.0,1764964800000
625.47,625.85,625.2303,625.5,1023018.0,1764965700000
625.49,625.56,625.05,625.4001,1082795.0,1764966600000
625.4,625.835,624.32,625.51,4154072.0,1764967500000
627.21,628.84,626.7,627.49,4028381.0,1765204200000
627.52,627.56,625.5,626.03,2036292.0,1765205100000
626.02,626.84,625.69,625.955,1365811.0,1765206000000
625.97,626.13,623.94,624.99,2390528.0,1765206900000
624.99,625.55,624.58,624.66,1401558.0,1765207800000
624.65,625.03,623.74,624.06,1459977.0,1765208700000
624.06,624.14,623.22,623.455,1738136.0,1765209600000
623.46,624.26,623.2,624.07,1640312.0,1765210500000
624.06,624.25,623.435,623.82,1051763.0,1765211400000
623.82,623.8901,623.3,623.5,984318.0,1765212300000
623.5,623.67,622.59,623.11,1285982.0,1765213200000
623.125,623.46,622.37,622.964,872902.0,1765214100000
622.965,623.52,622.8801,623.109,621485.0,1765215000000
623.1,624.73,622.8382,624.49,1574320.0,1765215900000
624.49,624.87,623.93,624.41,1406486.0,1765216800000
624.41,624.68,623.23,623.27,1206745.0,1765217700000
623.23,623.54,622.6,623.1855,1237802.0,1765218600000
623.2,623.37,621.69,622.35,1292089.0,1765219500000
622.36,622.47,621.75,622.05,1195515.0,1765220400000
622.05,622.76,622.04,622.4858,987586.0,1765221300000
622.48,623.0,622.37,622.66,776896.0,1765222200000
622.66,623.06,622.19,622.34,1015408.0,1765223100000
622.34,622.6,622.09,622.6,864817.0,1765224000000
622.6,622.93,622.39,622.89,899286.0,1765224900000
622.9,622.92,622.28,622.84,1281172.0,1765225800000
622.84,624.28,622.57,624.18,3963416.0,1765226700000
623.01,623.87,621.0,622.8904,3675120.0,1765290600000
622.9,623.45,622.51,623.31,1855666.0,1765291500000
623.35,624.28,623.0,623.49,1370187.0,1765292400000
623.48,624.13,623.2,623.97,1216696.0,1765293300000
624.0,624.555,623.56,624.54,1151177.0,1765294200000
624.54,624.67,623.48,624.645,1477876.0,1765295100000
624.63,625.1,624.52,624.83,1329766.0,1765296000000
624.82,625.2655,624.74,624.78,1043172.0,1765296900000
624.79,625.35,624.27,624.4,1425054.0,1765297800000
624.39,625.385,624.39,625.225,1290403.0,1765298700000
625.23,625.81,625.04,625.51,1123494.0,1765299600000
625.52,625.54,624.78,625.21,1493457.0,1765300500000
625.22,625.425,624.87,625.1062,1017311.0,1765301400000
625.1,625.47,624.78,625.44,888115.0,1765302300000
625.43,625.7,625.12,625.44,733955.0,1765303200000
625.44,625.78,625.41,625.64,720654.0,1765304100000
625.64,625.73,625.09,625.13,799513.0,1765305000000
625.12,625.87,624.8099,625.54,1323433.0,1765305900000
625.55,625.6,624.97,625.14,1043723.0,1765306800000
625.1386,625.44,625.05,625.28,640055.0,1765307700000
625.285,625.43,624.63,624.82,919669.0,1765308600000
624.82,625.225,624.74,625.09,1036166.0,1765309500000
625.09,625.36,624.92,625.06,750100.0,1765310400000
625.055,625.26,624.89,624.98,748876.0,1765311300000
624.96,625.2,624.75,625.1968,957177.0,1765312200000
625.195,625.55,624.72,625.11,3874879.0,1765313100000
623.85,624.22,621.92,623.725,3222683.0,1765377000000
623.72,624.45,622.4012,623.45,1710411.0,1765377900000
623.43,623.94,622.84,623.31,1269359.0,1765378800000
623.31,624.06,623.14,623.56,1086292.0,1765379700000
623.56,623.72,621.85,622.37,1731283.0,1765380600000
622.36,623.33,621.52,621.9,1570123.0,1765381500000
621.91,622.95,620.99,622.945,1738321.0,1765382400000
622.95,623.9388,622.82,623.84,1292723.0,1765383300000
623.82,623.98,623.18,623.3052,805781.0,1765384200000
623.31,624.0897,622.94,623.92,1372002.0,1765385100000
623.91,624.04,623.26,623.5,598771.0,1765386000000
623.5,623.68,623.08,623.28,1085445.0,1765386900000
623.25,623.91,623.1283,623.46,933622.0,1765387800000
623.46,624.67,623.42,624.26,791183.0,1765388700000
624.26,624.32,623.74,623.9099,619156.0,1765389600000
623.9,623.99,622.61,622.8719,873798.0,1765390500000
622.86,623.46,622.59,622.9232,1015470.0,1765391400000
622.91,623.47,622.69,623.13,805826.0,1765392300000
623.115,626.11,622.87,624.99,3777854.0,1765393200000
624.96,625.99,623.3624,624.34,2465380.0,1765394100000
624.36,627.05,623.0,624.3,4846879.0,1765395000000
624.26,628.37,624.18,628.14,4582020.0,1765395900000
628.13,629.04,627.23,628.95,2876836.0,1765396800000
628.95,629.21,628.196,628.41,2164919.0,1765397700000
628.42,629.06,628.25,628.49,1967664.0,1765398600000
628.48,628.87,627.355,627.55,4369367.0,1765399500000
623.82,623.97,621.745,622.47,4529775.0,1765463400000
622.47,622.57,617.98,618.29,4509272.0,1765464300000
618.31,622.01,617.72,621.73,4684556.0,1765465200000
621.71,623.5,621.19,622.77,2834479.0,1765466100000
622.77,623.05,620.93,621.38,2531410.0,1765467000000
621.37,621.9,619.3,621.1399,3123054.0,1765467900000
621.1344,621.86,620.17,620.745,2310780.0,1765468800000
620.66,620.96,619.31,619.57,1915371.0,1765469700000
619.57,622.29,619.49,621.95,1732598.0,1765470600000
621.96,622.54,619.6,620.42,2522470.0,1765471500000
620.42,622.38,620.285,622.06,1447970.0,1765472400000
622.07,623.6801,621.93,622.89,1890779.0,1765473300000
622.89,623.945,622.89,623.75,1176536.0,1765474200000
623.75,623.9,622.3002,622.65,1420883.0,1765475100000
622.63,623.8499,622.39,623.63,1021607.0,1765476000000
623.65,623.88,623.01,623.35,1272796.0,1765476900000
623.34,624.8163,623.08,624.6976,1308206.0,1765477800000
624.7001,624.88,623.545,623.72,1568365.0,1765478700000
623.73,624.52,623.685,624.48,826445.0,1765479600000
624.49,625.27,624.46,625.175,983486.0,1765480500000
625.18,625.6,625.08,625.5486,1022627.0,1765481400000
625.55,625.78,624.95,624.98,1083677.0,1765482300000
624.98,625.42,624.9,625.02,1131722.0,1765483200000
625.02,625.28,624.63,624.705,891282.0,1765484100000
624.7,624.79,624.26,624.69,1372336.0,1765485000000
624.68,625.72,624.44,625.62,4025223.0,1765485900000
622.08,623.54,621.3,621.92,5050280.0,1765549800000
621.93,622.31,620.64,622.01,3870934.0,1765550700000
621.995,622.06,618.46,619.14,3835242.0,1765551600000
619.13,619.529,616.155,616.27,4053845.0,1765552500000
616.26,617.8213,615.68,617.8064,3133016.0,1765553400000
617.77,618.25,613.72,614.33,3797486.0,1765554300000
614.3,615.22,612.2,613.2,4307111.0,1765555200000
613.19,614.04,611.74,613.94,3636696.0,1765556100000
613.9306,613.96,611.36,613.0,3271245.0,1765557000000
612.99,613.06,611.81,612.76,2471490.0,1765557900000
612.74,614.85,612.44,614.54,2738647.0,1765558800000
614.54,615.78,613.77,613.89,2351079.0,1765559700000
613.89,615.494,613.18,615.09,2220111.0,1765560600000
615.08,616.02,615.02,615.22,1474811.0,1765561500000
615.23,617.22,614.88,616.58,2099896.0,1765562400000
616.57,617.47,615.9608,616.74,1825091.0,1765563300000
616.72,616.83,615.67,615.88,1194089.0,1765564200000
615.91,616.38,615.14,615.23,1297921.0,1765565100000
615.245,615.41,614.18,614.28,1507565.0,1765566000000
614.28,614.66,613.69,613.96,1205921.0,1765566900000
613.98,614.92,613.93,614.33,1337455.0,1765567800000
614.32,614.63,613.97,614.4,1107820.0,1765568700000
614.41,614.86,613.91,613.94,1340385.0,1765569600000
613.93,614.33,613.44,613.58,1441494.0,1765570500000
613.58,613.72,612.02,612.9,2413340.0,1765571400000
612.9,613.88,612.61,613.57,6638310.0,1765572300000
618.37,618.42,615.39,615.44,4599941.0,1765809000000
615.43,615.9766,613.65,613.94,3099236.0,1765809900000
613.93,614.17,612.38,612.69,3199719.0,1765810800000
612.68,612.7552,609.32,610.17,3602989.0,1765811700000
610.14,615.15,609.82,612.7514,2585367.0,1765812600000
612.76,613.25,611.37,612.16,1669944.0,1765813500000
612.16,613.2,611.43,612.24,1304625.0,1765814400000
612.22,614.91,612.17,614.63,1844821.0,1765815300000
614.635,614.78,611.66,611.81,2124512.0,1765816200000
611.84,613.17,611.38,612.41,1363047.0,1765817100000
612.42,612.775,611.99,612.25,882759.0,1765818000000
612.26,612.45,611.59,612.07,939560.0,1765818900000
612.1,612.98,611.47,612.5891,872685.0,1765819800000
612.57,612.82,610.51,611.6601,1035618.0,1765820700000
611.62,612.28,610.92,612.15,791089.0,1765821600000
612.16,612.4275,610.53,610.84,748149.0,1765822500000
610.85,611.44,610.43,611.27,930593.0,1765823400000
611.27,612.55,611.17,612.1599,961130.0,1765824300000
612.14,612.87,611.87,611.9,1476411.0,1765825200000
611.86,612.29,611.45,611.75,732605.0,1765826100000
611.74,611.97,611.12,611.27,892191.0,1765827000000
611.26,612.21,611.03,612.12,831970.0,1765827900000
612.1,612.23,611.1,611.76,952354.0,1765828800000
611.75,612.09,611.02,611.35,1128132.0,1765829700000
611.36,611.51,610.68,610.895,1011591.0,1765830600000
610.89,611.41,610.4,610.49,4571287.0,1765831500000
608.26,611.0509,607.73,609.03,3692081.0,1765895400000
609.07,612.25,607.585,612.11,2766230.0,1765896300000
612.21,612.49,610.005,610.47,3393262.0,1765897200000
610.48,610.69,606.97,608.5,2820263.0,1765898100000
608.49,609.64,607.37,608.84,1759475.0,1765899000000
608.84,610.84,608.23,610.45,1545206.0,1765899900000
610.44,610.945,608.68,608.9731,2282992.0,1765900800000
608.94,609.096,607.85,608.3,1895251.0,1765901700000
608.3,609.25,607.88,608.905,1535572.0,1765902600000
608.88,610.85,608.71,610.76,1334181.0,1765903500000
610.76,611.15,609.42,610.85,1724132.0,1765904400000
610.85,611.2,608.91,609.28,1266324.0,1765905300000
609.2501,610.4,608.35,608.685,1233284.0,1765906200000
608.7,609.17,607.37,607.569,1388039.0,1765907100000
607.53,608.19,606.9101,608.17,1844415.0,1765908000000
608.11,608.36,607.291,607.63,1188207.0,1765908900000
607.65,610.41,607.58,610.34,1487460.0,1765909800000
610.36,611.13,610.1396,610.3,1474082.0,1765910700000
610.28,610.33,608.39,608.5,1383872.0,1765911600000
608.49,609.57,608.17,609.535,1316275.0,1765912500000
609.53,610.64,609.34,610.41,1139355.0,1765913400000
610.41,611.21,609.96,610.47,1245584.0,1765914300000
610.46,611.68,610.26,610.879,1207748.0,1765915200000
610.85,611.87,610.75,611.79,1446127.0,1765916100000
611.79,613.399,611.7566,612.94,2075177.0,1765917000000
612.92,613.51,611.8,611.8,3576280.0,1765917900000
613.06,613.65,610.07,610.59,4477449.0,1765981800000
610.57,611.41,608.89,611.06,3416994.0,1765982700000
611.05,611.27,609.74,610.58,1792639.0,1765983600000
610.59,611.36,609.73,610.71,2026404.0,1765984500000
610.67,611.0298,606.105,606.5014,3036817.0,1765985400000
606.5,606.94,603.91,604.51,4395849.0,1765986300000
604.48,606.03,603.67,603.71,3107939.0,1765987200000
603.7,605.48,603.27,604.74,2527534.0,1765988100000
604.7,604.72,603.1,604.09,2099888.0,1765989000000
604.07,604.57,602.77,603.99,1816617.0,1765989900000
603.98,604.4,602.72,603.13,2116009.0,1765990800000
603.12,604.995,602.81,604.15,2590269.0,1765991700000
604.15,605.15,603.225,603.3551,1539173.0,1765992600000
603.36,604.11,602.75,603.68,1415197.0,1765993500000
603.73,605.01,603.35,603.4,1354792.0,1765994400000
603.39,603.79,602.9499,603.41,2955099.0,1765995300000
603.415,603.565,601.68,602.31,1985523.0,1765996200000
602.3,602.63,601.58,602.16,1917086.0,1765997100000
602.14,602.43,601.57,602.055,1533429.0,1765998000000
602.045,602.38,601.61,601.75,1546022.0,1765998900000
601.75,602.345,601.3,602.18,1937173.0,1765999800000
602.17,602.83,601.92,602.59,2364353.0,1766000700000
602.58,602.77,601.77,602.04,1488091.0,1766001600000
602.03,602.59,601.7,602.04,1464884.0,1766002500000
602.05,602.45,601.53,602.33,2139315.0,1766003400000
602.34,602.39,600.28,600.36,6173584.0,1766004300000
609.8,610.95,607.19,607.78,7428844.0,1766068200000
607.77,609.99,606.92,609.68,4601878.0,1766069100000
609.68,610.24,607.24,607.77,3416041.0,1766070000000
607.77,611.16,607.2656,610.8299,3455825.0,1766070900000
610.82,612.82,610.46,612.145,3805864.0,1766071800000
612.15,612.28,611.59,611.81,2632346.0,1766072700000
611.81,612.93,611.44,612.095,2715953.0,1766073600000
612.1,612.76,611.315,611.54,2181876.0,1766074500000
611.53,612.77,611.48,612.495,2387542.0,1766075400000
612.49,612.92,612.11,612.31,1885897.0,1766076300000
612.31,612.31,608.22,608.68,3958372.0,1766077200000
608.68,609.06,607.51,608.61,3779852.0,1766078100000
608.59,611.24,608.25,611.24,2466637.0,1766079000000
611.27,611.75,610.3,611.5599,2004697.0,1766079900000
611.56,611.94,610.67,611.36,1275683.0,1766080800000
611.36,612.055,611.35,611.74,1049412.0,1766081700000
611.74,612.7,611.74,611.97,1366708.0,1766082600000
611.96,612.07,611.07,611.215,1499201.0,1766083500000
611.21,611.24,609.21,610.2,2116131.0,1766084400000
610.21,610.22,609.26,609.78,1182516.0,1766085300000
609.77,609.89,608.75,608.84,1302094.0,1766086200000
608.85,609.84,607.75,608.09,2063628.0,1766087100000
608.09,610.06,607.72,610.005,1860496.0,1766088000000
610.015,610.63,609.47,610.44,1672818.0,1766088900000
610.44,611.04,610.16,610.965,1761171.0,1766089800000
610.96,611.28,609.06,609.15,5350247.0,1766090700000
611.95,616.38,611.87,616.365,6205861.0,1766154600000
616.37,616.96,615.79,616.6501,3813679.0,1766155500000
616.65,617.62,615.9,616.09,2626621.0,1766156400000
616.1,616.54,614.38,615.4,2292029.0,1766157300000
615.4,616.49,614.72,615.35,1664598.0,1766158200000
615.37,615.48,614.48,614.815,1319632.0,1766159100000
614.8,616.65,612.0688,615.86,6219996.0,1766160000000
615.87,616.2851,615.62,616.2,985780.0,1766160900000
616.21,616.74,615.95,615.95,1038441.0,1766161800000
615.96,616.1401,615.09,615.34,1539584.0,1766162700000
615.36,616.44,615.28,616.4,1103250.0,1766163600000
616.4,617.09,616.39,616.96,1893673.0,1766164500000
616.97,617.1,616.56,616.82,969493.0,1766165400000
616.82,617.5,616.6818,617.04,1308595.0,1766166300000
617.035,617.38,616.865,617.18,1020325.0,1766167200000
617.1899,617.32,616.83,616.99,770946.0,1766168100000
616.99,617.09,616.28,616.53,1879537.0,1766169000000
616.52,616.77,616.31,616.48,1194664.0,1766169900000
616.47,617.06,616.46,616.92,817641.0,1766170800000
616.9258,617.24,616.77,617.12,1460165.0,1766171700000
617.105,617.3,616.97,617.2,858808.0,1766172600000
617.21,617.39,616.871,616.9,744415.0,1766173500000
616.89,617.215,616.85,617.04,1192707.0,1766174400000
617.05,617.355,616.91,617.24,1093936.0,1766175300000
617.22,617.3,616.44,616.73,1393565.0,1766176200000
616.735,617.48,615.96,617.24,6327308.0,1766177100000
621.35,621.65,618.7525,619.27,4200738.0,1766413800000
619.26,620.83,619.1,620.58,2128557.0,1766414700000
620.57,620.74,618.89,618.91,2018667.0,1766415600000
618.92,619.82,618.8413,619.18,1806775.0,1766416500000
619.19,619.39,617.77,618.92,2044815.0,1766417400000
618.91,619.29,618.51,618.8579,1853354.0,1766418300000
618.86,619.61,618.81,619.5999,2426428.0,1766419200000
619.59,619.94,619.51,619.74,1978165.0,1766420100000
619.74,619.74,619.22,619.22,1470212.0,1766421000000
619.22,619.81,619.21,619.81,812568.0,1766421900000
619.82,619.9,619.34,619.435,995970.0,1766422800000
619.435,619.705,619.35,619.43,1276696.0,1766423700000
619.42,619.53,619.195,619.295,861759.0,1766424600000
619.3096,620.08,619.13,619.955,1582711.0,1766425500000
619.94,619.97,619.22,619.23,1002460.0,1766426400000
619.235,619.28,618.82,619.18,1338599.0,1766427300000
619.18,619.44,619.04,619.36,967768.0,1766428200000
619.35,619.42,618.94,619.18,1245211.0,1766429100000
619.18,619.24,618.86,619.01,887502.0,1766430000000
619.01,619.44,618.92,619.4,919460.0,1766430900000
619.4,619.71,619.35,619.3808,1023005.0,1766431800000
619.39,619.51,619.145,619.19,782661.0,1766432700000
619.19,619.27,618.9864,618.9864,989875.0,1766433600000
618.99,619.27,618.93,619.13,1040003.0,1766434500000
619.12,619.395,619.0729,619.2499,1535725.0,1766435400000
619.25,619.49,618.96,619.16,3333994.0,1766436300000
618.2,620.41,618.05,620.21,4019271.0,1766500200000
620.21,620.715,618.89,619.3101,2269881.0,1766501100000
619.33,619.37,617.78,618.3,1963068.0,1766502000000
618.31,619.23,618.28,618.8988,1369355.0,1766502900000
618.89,619.92,618.87,619.8,1156280.0,1766503800000
619.81,620.48,619.59,620.23,1876231.0,1766504700000
620.25,620.67,620.14,620.29,1345940.0,1766505600000
620.3,620.75,620.21,620.52,874169.0,1766506500000
620.52,620.77,620.24,620.7233,1163941.0,1766507400000
620.73,621.31,620.71,621.23,1852892.0,1766508300000
621.24,621.33,620.95,621.145,2183884.0,1766509200000
621.145,621.275,621.01,621.07,779186.0,1766510100000
621.07,621.22,620.8,620.95,1289907.0,1766511000000
620.945,621.04,620.69,620.7876,817572.0,1766511900000
620.78,621.17,620.7287,621.14,1239999.0,1766512800000
621.14,621.405,621.04,621.17,911740.0,1766513700000
621.18,621.38,621.11,621.345,738307.0,1766514600000
621.35,621.36,621.155,621.25,751137.0,1766515500000
621.25,621.61,621.2182,621.545,852262.0,1766516400000
621.5401,621.67,621.4999,621.55,854680.0,1766517300000
621.55,621.59,621.45,621.53,746215.0,1766518200000
621.53,621.88,621.51,621.8,773406.0,1766519100000
621.8,622.01,621.79,621.855,853600.0,1766520000000
621.86,622.015,621.76,621.85,993981.0,1766520900000
621.84,621.99,621.76,621.82,898834.0,1766521800000
621.815,622.41,621.761,622.21,3621719.0,1766522700000
621.99,622.78,621.72,622.0,2069910.0,1766586600000
622.02,622.3701,621.79,622.34,1257276.0,1766587500000
622.3232,622.88,622.22,622.7548,999897.0,1766588400000
622.78,623.075,622.19,622.4813,1232995.0,1766589300000
622.4812,622.73,622.32,622.68,763107.0,1766590200000
622.6622,622.87,622.56,622.7913,746447.0,1766591100000
622.8,623.33,622.78,623.305,975239.0,1766592000000
623.29,623.43,623.03,623.36,893125.0,1766592900000
623.37,624.075,623.29,623.99,1256278.0,1766593800000
624.0,624.08,623.79,623.88,726841.0,1766594700000
623.89,624.04,623.81,623.99,492858.0,1766595600000
623.99,624.01,623.611,623.87,1059152.0,1766596500000
623.86,624.17,623.65,623.68,807968.0,1766597400000
623.68,624.28,623.67,623.94,2030685.0,1766598300000
623.94,623.96,623.93,623.93,303609.0,1766599200000
624.66,625.44,623.86,625.39,2465658.0,1766759400000
625.3801,625.515,624.04,624.235,1444075.0,1766760300000
624.22,624.32,623.19,623.33,1609400.0,1766761200000
623.33,624.4,623.14,624.34,1208221.0,1766762100000
624.33,624.68,624.11,624.29,927979.0,1766763000000
624.2936,624.87,624.19,624.7113,962102.0,1766763900000
624.71,624.99,623.7799,623.815,1470424.0,1766764800000
623.82,624.39,623.7,624.3,813372.0,1766765700000
624.31,624.49,624.18,624.42,536158.0,1766766600000
624.44,624.495,624.08,624.11,881425.0,1766767500000
624.1,624.13,623.65,623.665,683068.0,1766768400000
623.655,624.25,623.5,624.24,657792.0,1766769300000
624.24,624.2803,623.78,623.91,585215.0,1766770200000
623.9166,624.14,623.75,624.045,443498.0,1766771100000
624.05,624.275,624.0325,624.13,605685.0,1766772000000
624.1301,624.15,623.62,623.99,734689.0,1766772900000
623.99,624.28,623.97,624.0863,485884.0,1766773800000
624.08,624.53,624.02,624.5,666385.0,1766774700000
624.5,624.67,624.325,624.46,535086.0,1766775600000
624.46,624.51,624.2,624.26,459543.0,1766776500000
624.26,624.4,624.11,624.17,398600.0,1766777400000
624.16,624.6,624.085,624.485,756409.0,1766778300000
624.47,624.5,624.02,624.06,662286.0,1766779200000
624.05,624.18,623.92,624.06,841777.0,1766780100000
624.06,624.215,623.99,624.185,592356.0,1766781000000
624.19,624.195,623.67,623.84,4213752.0,1766781900000
620.1,622.78,619.11,622.143,4376947.0,1767018600000
622.17,622.17,620.21,620.48,1937631.0,1767019500000
620.48,620.91,619.03,619.4099,1587829.0,1767020400000
619.41,621.15,619.39,621.03,1504593.0,1767021300000
621.02,621.69,620.8501,621.26,1292581.0,1767022200000
621.26,621.32,619.345,620.02,1321604.0,1767023100000
620.01,620.3634,619.49,620.2157,1068086.0,1767024000000
620.22,620.23,619.56,620.07,673936.0,1767024900000
620.03,620.38,619.485,619.7061,883443.0,1767025800000
619.715,620.22,619.6899,619.86,789027.0,1767026700000
619.86,620.13,619.34,619.59,1375866.0,1767027600000
619.58,619.735,618.73,618.9761,865764.0,1767028500000
618.98,619.55,618.9,619.47,764051.0,1767029400000
619.46,620.0899,619.4,619.95,917818.0,1767030300000
619.94,619.945,619.5,619.58,620282.0,1767031200000
619.56,620.21,619.525,620.02,754525.0,1767032100000
620.02,620.66,619.98,620.155,656487.0,1767033000000
620.16,620.18,619.725,619.84,479294.0,1767033900000
619.83,619.9,619.59,619.69,773991.0,1767034800000
619.7,620.265,619.645,620.225,655945.0,1767035700000
620.22,620.88,620.18,620.7699,983156.0,1767036600000
620.77,621.695,620.75,621.49,1191970.0,1767037500000
621.495,621.65,621.1,621.29,750721.0,1767038400000
621.29,621.51,621.09,621.11,722882.0,1767039300000
621.115,621.32,620.77,620.9261,772642.0,1767040200000
620.92,621.25,620.61,620.88,2261070.0,1767041100000
619.84,620.8,619.58,619.77,1973917.0,1767105000000
619.77,621.75,619.38,621.32,1962442.0,1767105900000
621.3,621.42,619.59,619.89,1846741.0,1767106800000
619.91,620.5439,619.69,619.945,1136211.0,1767107700000
619.94,620.1,619.58,619.825,926046.0,1767108600000
619.87,621.24,619.7283,621.02,1411485.0,1767109500000
621.03,621.52,620.9101,621.34,1248379.0,1767110400000
621.35,622.18,621.32,621.71,1417279.0,1767111300000
621.71,621.77,620.7,620.915,1034020.0,1767112200000
620.92,620.98,620.4,620.47,802280.0,1767113100000
620.46,620.555,620.18,620.22,904691.0,1767114000000
620.22,620.59,620.01,620.54,786772.0,1767114900000
620.54,620.92,620.43,620.54,808326.0,1767115800000
620.53,620.8,620.3,620.7,526834.0,1767116700000
620.7,620.83,620.19,620.73,769230.0,1767117600000
620.75,620.92,620.64,620.87,845584.0,1767118500000
620.87,621.03,620.44,620.655,617359.0,1767119400000
620.66,620.91,620.555,620.75,626423.0,1767120300000
620.73,620.83,620.33,620.82,704567.0,1767121200000
620.82,620.98,620.7,620.815,592540.0,1767122100000
620.82,620.94,620.54,620.64,530289.0,1767123000000
620.64,620.65,620.15,620.3,1218191.0,1767123900000
620.3,620.32,619.6,619.87,779456.0,1767124800000
619.8553,620.44,619.81,620.125,781348.0,1767125700000
620.12,620.355,620.06,620.21,1090247.0,1767126600000
620.22,620.23,619.215,619.42,3228914.0,1767127500000
619.65,619.96,617.995,618.23,2689443.0,1767191400000
618.23,619.38,617.3312,617.92,2245565.0,1767192300000
617.93,618.2,617.38,617.87,1416946.0,1767193200000
617.87,618.0336,617.03,617.84,1511275.0,1767194100000
617.83,617.99,617.18,617.51,1622531.0,1767195000000
617.51,617.53,616.45,616.745,1244060.0,1767195900000
616.73,617.065,616.69,616.925,1065574.0,1767196800000
616.915,617.74,616.915,617.72,1030891.0,1767197700000
617.73,617.745,617.125,617.295,711320.0,1767198600000
617.29,617.97,617.12,617.9154,770110.0,1767199500000
617.91,617.94,617.04,617.3301,1250130.0,1767200400000
617.35,617.61,617.25,617.485,546095.0,1767201300000
617.49,617.91,617.42,617.67,1536848.0,1767202200000
617.675,617.71,617.13,617.35,612582.0,1767203100000
617.35,617.85,617.15,617.85,585492.0,1767204000000
617.86,617.9,617.42,617.8501,651005.0,1767204900000
617.86,618.39,617.7001,618.19,716783.0,1767205800000
618.2,618.48,618.07,618.13,848435.0,1767206700000
618.12,618.6,618.12,618.26,630039.0,1767207600000
618.255,618.27,617.308,617.34,865484.0,1767208500000
617.34,617.42,616.255,616.6,1541963.0,1767209400000
616.584,616.74,616.19,616.29,928608.0,1767210300000
616.28,616.37,615.04,615.39,1869126.0,1767211200000
615.3999,615.7203,614.75,614.88,1666770.0,1767212100000
614.88,615.74,614.72,615.55,2130871.0,1767213000000
615.55,615.6261,614.05,614.28,6077779.0,1767213900000
620.06,621.18,618.9,620.1799,4792071.0,1767364200000
620.17,622.85,620.15,621.19,3514476.0,1767365100000
621.18,622.27,617.84,618.07,3209813.0,1767366000000
618.085,618.14,614.61,615.41,4710596.0,1767366900000
615.41,618.12,614.91,617.61,3278293.0,1767367800000
617.62,617.865,612.31,612.665,3791827.0,1767368700000
612.68,612.82,610.75,612.78,4756236.0,1767369600000
612.78,613.453,611.59,612.76,2325727.0,1767370500000
612.73,613.93,612.39,612.48,1792468.0,1767371400000
612.48,612.85,611.0,611.95,1472614.0,1767372300000
611.92,613.39,611.31,613.24,1353246.0,1767373200000
613.24,613.425,612.41,613.0099,1137610.0,1767374100000
613.01,613.3372,612.4,612.67,1083433.0,1767375000000
612.69,612.95,611.26,611.56,1329395.0,1767375900000
611.52,612.2013,611.3,611.35,793233.0,1767376800000
611.36,612.495,611.15,611.76,796867.0,1767377700000
611.75,612.09,611.36,611.89,800174.0,1767378600000
611.9,612.19,610.15,610.84,3150504.0,1767379500000
610.8377,613.2,610.71,613.01,1609320.0,1767380400000
613.01,613.81,612.47,613.59,1377046.0,1767381300000
613.59,614.7,613.56,614.165,2034455.0,1767382200000
614.16,614.385,613.065,613.36,1258972.0,1767383100000
613.35,614.19,613.08,613.85,932931.0,1767384000000
613.85,614.55,613.74,614.11,908227.0,1767384900000
614.1,614.32,613.165,613.21,1307240.0,1767385800000
613.21,613.47,612.5,613.09,4583996.0,1767386700000
619.32,619.98,616.72,618.27,6219690.0,1767623400000
618.27,619.02,617.28,618.06,3095769.0,1767624300000
618.1,619.46,617.41,619.17,2134974.0,1767625200000
619.22,620.23,618.85,619.9801,2055805.0,1767626100000
620.0,620.39,619.12,619.2,1615802.0,1767627000000
619.2,619.93,619.2,619.78,1098008.0,1767627900000
619.78,620.54,619.4601,619.97,1551678.0,1767628800000
619.97,620.395,619.87,620.24,1275882.0,1767629700000
620.23,620.545,619.73,620.16,1207636.0,1767630600000
620.16,620.81,619.61,619.65,1559233.0,1767631500000
619.66,619.99,619.29,619.955,1118753.0,1767632400000
619.96,619.99,618.619,618.92,1238972.0,1767633300000
618.95,619.03,618.425,618.58,1147367.0,1767634200000
618.57,619.11,618.52,618.9,730119.0,1767635100000
618.89,619.03,618.0,618.19,920145.0,1767636000000
618.2,618.43,617.22,618.39,1664017.0,1767636900000
618.39,618.74,618.0,618.69,1188228.0,1767637800000
618.71,618.87,618.4044,618.565,1092347.0,1767638700000
618.57,618.7,618.07,618.2799,1196167.0,1767639600000
618.28,618.35,617.86,617.9,1055397.0,1767640500000
617.9,618.04,617.04,617.36,1078205.0,1767641400000
617.35,617.95,617.35,617.7001,989827.0,1767642300000
617.7,618.3365,617.45,618.26,2058991.0,1767643200000
618.25,618.38,618.07,618.25,606682.0,1767644100000
618.26,618.37,618.02,618.25,1224536.0,1767645000000
618.25,618.58,617.45,617.95,3062278.0,1767645900000
619.23,620.16,618.54,619.91,3962218.0,1767709800000
619.9,622.19,619.8172,621.9844,2743719.0,1767710700000
621.96,622.45,621.35,621.99,2278032.0,1767711600000
621.99,622.59,621.51,622.43,1731331.0,1767712500000
622.42,622.45,621.14,621.29,1842688.0,1767713400000
621.27,621.56,620.1,620.43,2263311.0,1767714300000
620.43,620.435,619.29,620.06,1817003.0,1767715200000
620.0506,620.96,619.8,620.2,1360107.0,1767716100000
620.2,620.78,619.76,619.8968,1309018.0,1767717000000
619.91,620.78,619.83,620.66,968487.0,1767717900000
620.65,621.2,620.1499,621.095,854965.0,1767718800000
621.1,621.8,620.92,621.5825,1508233.0,1767719700000
621.59,622.785,621.57,622.36,1384216.0,1767720600000
622.37,622.465,621.865,622.16,906974.0,1767721500000
622.18,622.25,621.815,622.25,771709.0,1767722400000
622.24,622.66,622.1,622.145,741460.0,1767723300000
622.1401,622.725,621.92,622.72,916793.0,1767724200000
622.72,623.24,622.68,623.22,1355673.0,1767725100000
623.22,623.35,622.96,623.28,813564.0,1767726000000
623.28,623.44,623.15,623.31,895429.0,1767726900000
623.32,623.61,623.27,623.485,876130.0,1767727800000
623.49,623.56,623.25,623.29,1187355.0,1767728700000
623.29,623.48,623.14,623.385,749348.0,1767729600000
623.385,623.64,623.3401,623.35,837215.0,1767730500000
623.35,623.95,623.3,623.82,1370200.0,1767731400000
623.82,624.0213,623.46,623.47,4152042.0,1767732300000
623.04,624.7996,622.56,624.55,3880548.0,1767796200000
624.55,625.15,624.23,624.6,2147438.0,1767797100000
624.63,624.93,623.53,624.65,1922146.0,1767798000000
624.66,625.061,623.76,624.83,1400792.0,1767798900000
624.83,625.69,623.52,624.55,2515055.0,1767799800000
624.57,625.91,624.495,625.78,1233528.0,1767800700000
625.79,626.305,625.72,626.2101,1080207.0,1767801600000
626.225,626.31,625.1441,625.54,2051948.0,1767802500000
625.5399,626.72,625.41,626.665,1264524.0,1767803400000
626.67,627.34,626.59,627.31,1851981.0,1767804300000
627.31,627.75,627.185,627.458,1103355.0,1767805200000
627.45,627.8,627.32,627.655,855875.0,1767806100000
627.66,627.94,627.43,627.89,850508.0,1767807000000
627.89,627.94,627.11,627.33,1138176.0,1767807900000
627.32,627.375,626.8,627.12,793284.0,1767808800000
627.13,627.13,626.28,626.36,1092289.0,1767809700000
626.38,627.38,626.37,627.33,1253025.0,1767810600000
627.3342,627.54,626.87,626.99,923056.0,1767811500000
626.99,627.005,625.68,626.11,1197979.0,1767812400000
626.12,626.17,625.44,625.645,1348754.0,1767813300000
625.65,626.1699,625.47,626.02,1082646.0,1767814200000
626.02,626.0827,625.69,625.715,750608.0,1767815100000
625.715,625.99,624.8,624.94,1355503.0,1767816000000
624.94,625.35,624.51,624.7,1593310.0,1767816900000
624.71,624.75,623.62,624.05,2304597.0,1767817800000
624.06,624.38,623.7,624.06,4139895.0,1767818700000
623.03,623.42,618.855,619.04,5460860.0,1767882600000
619.06,620.36,618.468,618.62,3445864.0,1767883500000
618.6,620.5,617.8,620.4,3319747.0,1767884400000
620.4,621.25,620.16,620.87,2110950.0,1767885300000
620.86,621.07,619.12,620.53,2233996.0,1767886200000
620.54,620.73,618.798,620.54,2479935.0,1767887100000
620.55,620.59,619.19,619.37,1430533.0,1767888000000
619.34,620.19,618.86,619.1,1596974.0,1767888900000
619.08,619.77,618.12,619.68,1829455.0,1767889800000
619.68,620.385,619.27,620.19,1404497.0,1767890700000
620.19,620.28,619.33,619.71,1215175.0,1767891600000
619.71,620.42,619.13,619.37,1005925.0,1767892500000
619.36,620.44,619.3299,620.27,1028194.0,1767893400000
620.27,620.99,620.26,620.4211,1215319.0,1767894300000
620.42,620.515,618.99,619.1285,1583340.0,1767895200000
619.12,620.15,618.96,619.9,1121968.0,1767896100000
619.9,620.0899,619.65,619.93,978441.0,1767897000000
619.93,620.32,619.08,619.2345,1269561.0,1767897900000
619.23,619.86,618.8199,618.83,1379871.0,1767898800000
618.81,619.64,618.4,619.14,1180279.0,1767899700000
619.13,619.57,618.79,618.96,795232.0,1767900600000
618.97,619.58,618.88,619.29,1255906.0,1767901500000
619.27,619.8235,619.085,619.7855,1340493.0,1767902400000
619.79,620.46,619.4,620.27,1541144.0,1767903300000
620.29,620.84,620.06,620.3699,1683120.0,1767904200000
620.36,620.85,620.1599,620.43,3178612.0,1767905100000
621.41,623.26,619.84,622.345,4652376.0,1767969000000
622.32,622.75,620.46,621.9215,2268758.0,1767969900000
621.95,622.52,619.06,622.23,3393928.0,1767970800000
622.23,624.895,621.86,624.74,2802252.0,1767971700000
624.75,625.34,622.985,623.01,2215162.0,1767972600000
623.01,623.83,622.52,623.76,2112867.0,1767973500000
623.8,625.88,623.77,625.63,1875752.0,1767974400000
625.63,625.72,624.86,624.9707,1197060.0,1767975300000
624.97,625.28,624.53,625.1,934325.0,1767976200000
625.08,626.33,625.06,626.09,1642698.0,1767977100000
626.07,626.46,625.82,626.17,1125380.0,1767978000000
626.16,626.38,625.505,626.155,958938.0,1767978900000
626.16,626.46,625.94,626.09,725593.0,1767979800000
626.1,626.69,625.985,626.4,1156061.0,1767980700000
626.4,626.4,625.535,625.66,1243679.0,1767981600000
625.66,626.08,625.44,626.06,966703.0,1767982500000
626.05,627.28,626.04,626.7901,1203481.0,1767983400000
626.8,627.46,626.74,627.31,1009934.0,1767984300000
627.31,627.34,627.005,627.14,676389.0,1767985200000
627.14,627.435,627.14,627.25,543849.0,1767986100000
627.26,627.38,627.1,627.33,687609.0,1767987000000
627.33,627.58,627.12,627.14,995970.0,1767987900000
627.14,627.62,627.03,627.43,1028929.0,1767988800000
627.43,627.89,627.38,627.465,1356180.0,1767989700000
627.46,627.59,627.17,627.33,1987472.0,1767990600000
627.33,627.42,626.62,626.67,4204632.0,1767991500000
622.31,625.8,622.26,624.84,4506803.0,1768228200000
624.86,626.54,624.4,625.97,2661665.0,1768229100000
625.99,626.14,625.18,626.09,2120953.0,1768230000000
626.09,626.76,625.6,626.48,2197698.0,1768230900000
626.47,626.51,625.34,625.64,1752422.0,1768231800000
625.64,626.43,625.09,626.325,1243761.0,1768232700000
626.32,627.08,625.99,627.07,1342077.0,1768233600000
627.07,627.39,626.65,626.93,1179312.0,1768234500000
626.935,627.215,626.72,626.735,562556.0,1768235400000
626.742,627.61,626.48,627.4,1030896.0,1768236300000
627.4,627.71,627.185,627.61,676196.0,1768237200000
627.6,627.65,627.13,627.44,661990.0,1768238100000
627.43,627.44,626.87,627.35,594306.0,1768239000000
627.36,627.68,627.31,627.585,629339.0,1768239900000
627.59,628.15,627.51,627.99,824267.0,1768240800000
627.99,628.275,627.75,628.13,530974.0,1768241700000
628.13,628.18,627.84,627.915,539316.0,1768242600000
627.915,628.1665,627.72,627.825,525124.0,1768243500000
627.82,627.95,627.44,627.8941,842397.0,1768244400000
627.9,628.42,627.81,628.26,720227.0,1768245300000
628.27,628.73,628.25,628.51,1102308.0,1768246200000
628.51,628.74,628.4599,628.7,669238.0,1768247100000
628.705,628.845,628.29,628.41,793287.0,1768248000000
628.41,628.41,628.02,628.14,995476.0,1768248900000
628.14,628.26,627.735,627.88,1111519.0,1768249800000
627.87,628.13,627.17,627.19,3238255.0,1768250700000
627.27,629.47,626.79,628.2391,3991351.0,1768314600000
628.21,628.51,627.04,627.2,2272272.0,1768315500000
627.18,627.7,625.87,626.38,2181031.0,1768316400000
626.39,626.39,623.94,624.66,2151451.0,1768317300000
624.62,625.62,624.13,624.459,1739540.0,1768318200000
624.44,626.15,623.88,625.95,1462794.0,1768319100000
625.92,626.3403,625.63,626.14,939145.0,1768320000000
626.135,626.65,624.8,626.1882,1215132.0,1768320900000
626.13,628.0,625.91,627.81,1635072.0,1768321800000
627.8,629.04,627.74,628.62,1808892.0,1768322700000
628.62,628.84,628.235,628.26,873163.0,1768323600000
628.26,628.31,627.09,627.6299,1530109.0,1768324500000
627.63,627.91,626.4,626.655,1180827.0,1768325400000
626.67,627.15,625.01,625.46,1481930.0,1768326300000
625.44,626.12,624.86,626.12,1330064.0,1768327200000
626.125,626.29,625.2,625.42,880433.0,1768328100000
625.41,626.12,625.15,625.2272,796337.0,1768329000000
625.1991,625.56,624.43,624.5981,1235556.0,1768329900000
624.61,624.89,624.14,624.34,792669.0,1768330800000
624.34,625.32,624.3,625.22,1183777.0,1768331700000
625.21,625.38,624.82,625.0,965045.0,1768332600000
625.01,625.69,624.7,625.24,884435.0,1768333500000
625.23,625.25,624.55,624.61,1070318.0,1768334400000
624.62,624.86,624.23,624.285,819339.0,1768335300000
624.28,624.74,623.695,624.69,1419620.0,1768336200000
624.7,626.29,624.49,626.13,3046106.0,1768337100000
622.24,623.45,619.4399,619.65,5844286.0,1768401000000
619.63,620.65,618.44,618.52,5058267.0,1768401900000
618.54,620.69,617.25,620.63,5325198.0,1768402800000
620.64,621.08,619.06,619.17,2725731.0,1768403700000
619.15,619.66,617.64,617.855,2492532.0,1768404600000
617.85,618.15,615.75,616.26,4869994.0,1768405500000
616.26,617.31,616.15,616.42,2793151.0,1768406400000
616.4198,618.575,616.21,618.31,2383340.0,1768407300000
618.31,618.63,616.69,616.77,2165503.0,1768408200000
616.78,616.78,615.03,615.5,3447579.0,1768409100000
615.49,616.59,615.1,616.34,1534737.0,1768410000000
616.35,616.46,614.93,616.29,1809918.0,1768410900000
616.27,616.27,615.16,615.93,1459015.0,1768411800000
615.92,616.6599,614.86,615.25,1654794.0,1768412700000
615.24,616.29,615.13,616.14,1288724.0,1768413600000
616.14,616.43,615.6,616.375,1141127.0,1768414500000
616.37,616.61,614.56,615.58,1900866.0,1768415400000
615.58,617.05,615.33,616.8,1955853.0,1768416300000
616.8,616.84,616.11,616.46,1569595.0,1768417200000
616.44,617.02,616.25,616.76,1208385.0,1768418100000
616.76,617.19,616.4901,616.735,1079948.0,1768419000000
616.73,617.24,616.25,616.45,1206490.0,1768419900000
616.43,618.68,615.52,617.7,3176165.0,1768420800000
617.7,618.015,616.88,617.93,1332933.0,1768421700000
617.94,619.64,617.92,618.43,3033661.0,1768422600000
618.45,619.8,617.92,619.65,4984656.0,1768423500000
626.6,627.13,624.9,626.65,5038455.0,1768487400000
626.66,627.27,624.66,625.16,3598862.0,1768488300000
625.155,625.85,624.61,625.55,2212781.0,1768489200000
625.54,626.4,624.69,625.14,1812905.0,1768490100000
625.15,626.65,624.855,624.91,2564826.0,1768491000000
624.9,630.0,623.76,625.7,2990314.0,1768491900000
625.69,626.43,625.55,625.9174,1910930.0,1768492800000
625.93,626.77,625.75,626.17,1201403.0,1768493700000
626.14,626.49,625.61,626.42,1081638.0,1768494600000
626.42,626.98,626.12,626.64,1209737.0,1768495500000
626.64,626.96,626.195,626.26,825176.0,1768496400000
626.26,626.32,625.51,625.6,1146796.0,1768497300000
625.6033,625.79,625.1,625.63,1545975.0,1768498200000
625.63,625.94,624.86,624.96,886259.0,1768499100000
624.96,626.01,624.85,625.71,1027329.0,1768500000000
625.7,626.03,625.4,626.0001,617905.0,1768500900000
625.99,626.32,625.78,625.97,698832.0,1768501800000
625.98,626.07,625.57,625.7371,790586.0,1768502700000
625.71,625.72,624.2099,624.62,1316960.0,1768503600000
624.62,624.8151,623.47,623.66,1836559.0,1768504500000
623.65,623.78,622.55,623.37,2653281.0,1768505400000
623.37,623.61,622.36,622.62,1775750.0,1768506300000
622.62,622.96,622.01,622.475,1358006.0,1768507200000
622.47,622.48,621.03,621.71,2521383.0,1768508100000
621.72,621.89,620.95,621.52,2265992.0,1768509000000
621.53,621.818,620.75,621.66,3644786.0,1768509900000
625.5,626.08,624.3748,624.3797,4470302.0,1768573800000
624.39,624.95,622.14,622.19,3865087.0,1768574700000
622.19,623.06,621.72,621.985,3359327.0,1768575600000
621.99,622.19,620.66,620.75,3589488.0,1768576500000
620.74,620.86,618.88,619.63,4127313.0,1768577400000
619.64,621.06,619.1099,621.0275,5155385.0,1768578300000
621.02,621.595,620.54,621.22,2249623.0,1768579200000
621.23,621.915,620.99,621.8499,1587599.0,1768580100000
621.86,622.475,621.79,622.35,1368802.0,1768581000000
622.35,622.7,621.125,621.825,1808746.0,1768581900000
621.83,621.94,621.4599,621.66,992698.0,1768582800000
621.65,621.84,621.3299,621.44,1127255.0,1768583700000
621.44,621.76,620.9,621.4536,1413146.0,1768584600000
621.44,621.44,620.41,620.455,1313726.0,1768585500000
620.48,621.48,620.31,621.27,1160127.0,1768586400000
621.26,622.13,621.25,621.88,1147252.0,1768587300000
621.88,622.1801,621.66,621.875,1028481.0,1768588200000
621.88,622.04,621.66,621.8,1172101.0,1768589100000
621.795,622.56,621.22,621.3,1544924.0,1768590000000
621.29,621.44,620.76,620.985,1755934.0,1768590900000
620.98,621.95,620.92,621.62,1239172.0,1768591800000
621.6299,622.095,621.59,621.7963,1358487.0,1768592700000
621.8,622.06,621.51,621.95,1066469.0,1768593600000
621.95,622.12,621.67,621.69,845171.0,1768594500000
621.68,621.9599,621.32,621.63,1602447.0,1768595400000
621.63,621.87,620.97,621.04,4061168.0,1768596300000
610.53,613.3,610.32,612.74,7301457.0,1768919400000
612.77,613.595,611.18,612.5,4633982.0,1768920300000
612.48,612.74,611.02,611.595,3917918.0,1768921200000
611.58,613.48,610.88,613.436,4492907.0,1768922100000
613.43,614.78,613.12,614.12,3043035.0,1768923000000
614.11,614.2,612.31,613.48,3391393.0,1768923900000
613.48,615.04,613.37,614.35,2666142.0,1768924800000
614.34,614.53,612.77,614.45,2192013.0,1768925700000
614.45,615.055,613.19,613.26,1982793.0,1768926600000
613.26,614.67,612.84,614.3,2817400.0,1768927500000
614.29,614.5,613.02,613.42,2003512.0,1768928400000
613.41,613.65,612.59,612.8807,1491664.0,1768929300000
612.88,612.88,611.73,611.75,2055095.0,1768930200000
611.745,611.99,610.9,611.77,2334994.0,1768931100000
611.77,612.21,611.32,611.57,1615540.0,1768932000000
611.57,611.63,610.61,610.69,1091728.0,1768932900000
610.68,610.87,609.57,609.77,2356055.0,1768933800000
609.75,610.02,608.8205,609.5255,2281085.0,1768934700000
609.52,610.13,609.02,609.3499,1725371.0,1768935600000
609.35,609.36,608.3,608.58,1917647.0,1768936500000
608.57,609.028,607.78,608.3,2321238.0,1768937400000
608.29,608.97,608.12,608.78,1587986.0,1768938300000
608.79,608.79,607.56,607.6299,2439947.0,1768939200000
607.64,608.75,607.47,607.78,2947697.0,1768940100000
607.8,608.13,607.19,607.585,2391914.0,1768941000000
607.59,608.11,607.05,608.04,6990596.0,1768941900000
609.47,610.14,607.8635,609.64,6171974.0,1769005800000
609.64,612.93,609.53,612.6,2775450.0,1769006700000
612.6,613.02,611.89,612.69,2586475.0,1769007600000
612.69,614.08,612.45,613.9045,2660206.0,1769008500000
613.9,615.84,613.87,615.63,2549662.0,1769009400000
615.66,616.49,615.66,616.055,2421786.0,1769010300000
616.05,616.6199,615.5,615.72,1869322.0,1769011200000
615.71,616.23,615.39,615.75,1321846.0,1769012100000
615.75,615.8,611.745,611.82,4075735.0,1769013000000
611.83,612.23,610.09,610.302,3328524.0,1769013900000
610.31,611.09,608.25,608.4999,2645537.0,1769014800000
608.5,610.3686,608.22,609.75,2406759.0,1769015700000
609.75,610.04,608.9201,609.165,1355607.0,1769016600000
609.165,611.0501,608.85,610.67,2218870.0,1769017500000
610.69,610.8403,608.41,610.34,2029011.0,1769018400000
610.37,610.61,609.22,610.45,1340444.0,1769019300000
610.46,610.965,609.73,610.02,1052219.0,1769020200000
610.07,611.86,609.7,611.57,1547965.0,1769021100000
611.55,611.88,610.36,610.6035,1087651.0,1769022000000
610.6,615.77,610.39,615.08,3188005.0,1769022900000
615.08,618.51,614.84,618.15,5296891.0,1769023800000
618.16,620.3,618.14,620.09,5709558.0,1769024700000
620.09,620.42,618.51,618.899,3061254.0,1769025600000
618.9,619.02,616.44,616.4601,2603558.0,1769026500000
616.46,617.19,615.52,616.43,3000628.0,1769027400000
616.42,616.64,615.51,616.12,4279951.0,1769028300000
622.35,622.46,619.51,620.37,4985820.0,1769092200000
620.36,620.61,618.15,618.81,3014155.0,1769093100000
618.82,618.94,617.78,618.17,2030787.0,1769094000000
618.17,619.53,617.81,619.1,2171514.0,1769094900000
619.13,620.45,618.63,620.4,1705245.0,1769095800000
620.39,620.71,619.34,619.44,1499638.0,1769096700000
619.43,620.71,619.38,620.57,1353299.0,1769097600000
620.56,621.3299,620.24,621.05,1212666.0,1769098500000
621.01,621.43,620.73,621.23,857474.0,1769099400000
621.24,621.67,620.79,620.9201,1671512.0,1769100300000
620.92,621.54,620.55,621.391,950964.0,1769101200000
621.41,621.49,620.65,621.18,701253.0,1769102100000
621.2,621.93,621.2,621.7,799825.0,1769103000000
621.71,622.2,621.6675,621.97,762019.0,1769103900000
621.96,622.24,621.46,621.59,1130265.0,1769104800000
621.58,621.8999,621.28,621.6545,575353.0,1769105700000
621.65,621.8942,621.45,621.504,624683.0,1769106600000
621.53,621.92,620.9,621.06,689425.0,1769107500000
621.03,621.95,621.0,621.72,759072.0,1769108400000
621.71,622.03,621.502,621.91,505365.0,1769109300000
621.92,622.0,620.99,621.09,881096.0,1769110200000
621.07,621.23,620.11,620.24,1108840.0,1769111100000
620.23,620.5599,620.04,620.44,1290118.0,1769112000000
620.44,620.825,619.47,619.51,1217169.0,1769112900000
619.48,619.79,618.91,619.63,2355738.0,1769113800000
619.64,620.83,619.64,620.78,2858632.0,1769114700000
619.73,620.8,618.65,619.87,3961500.0,1769178600000
619.91,621.13,619.04,621.13,1948348.0,1769179500000
621.08,622.41,621.08,621.695,2602375.0,1769180400000
621.69,623.46,621.33,623.05,2636940.0,1769181300000
623.07,623.975,623.0299,623.88,1539772.0,1769182200000
623.89,624.97,623.65,624.945,1753874.0,1769183100000
624.95,625.3999,624.41,624.87,1938285.0,1769184000000
624.89,625.01,623.8171,624.0901,1308481.0,1769184900000
624.09,624.92,623.38,624.605,1762571.0,1769185800000
624.59,624.96,623.93,624.04,1213008.0,1769186700000
624.05,624.42,623.51,624.42,999019.0,1769187600000
624.41,624.49,623.82,624.26,645679.0,1769188500000
624.27,624.31,622.45,622.62,1231487.0,1769189400000
622.64,622.93,621.535,621.78,1686292.0,1769190300000
621.78,623.35,621.67,622.6499,1357880.0,1769191200000
622.66,623.488,622.61,623.205,933875.0,1769192100000
623.22,623.44,622.55,622.71,1086780.0,1769193000000
622.7054,622.9299,622.28,622.56,682314.0,1769193900000
622.57,623.58,622.52,623.075,921728.0,1769194800000
623.08,623.74,623.01,623.035,670985.0,1769195700000
623.03,623.34,622.41,623.05,959173.0,1769196600000
623.06,623.25,622.685,623.11,668292.0,1769197500000
623.09,623.18,621.7399,622.54,1237573.0,1769198400000
622.55,623.0187,622.16,622.2,1087938.0,1769199300000
622.19,622.74,621.86,622.7,1412078.0,1769200200000
622.7,623.26,622.2,622.78,3568450.0,1769201100000
623.21,625.0725,622.12,624.815,3232710.0,1769437800000
624.83,625.69,624.49,625.2949,1969473.0,1769438700000
625.28,625.58,624.455,625.32,1831202.0,1769439600000
625.35,626.456,625.1,625.48,1612988.0,1769440500000
625.48,626.26,625.2,625.33,1150196.0,1769441400000
625.33,626.75,625.33,626.335,1377757.0,1769442300000
626.33,626.7,625.98,626.45,1226703.0,1769443200000
626.43,627.0,625.62,626.9,1280440.0,1769444100000
626.92,627.44,626.68,626.72,1129197.0,1769445000000
626.71,627.04,626.49,626.935,785423.0,1769445900000
626.94,627.61,626.85,627.13,1366989.0,1769446800000
627.12,627.4301,626.96,627.09,671936.0,1769447700000
627.09,627.16,626.74,627.0,1149682.0,1769448600000
627.0,627.0,626.36,626.5699,687384.0,1769449500000
626.575,626.73,626.17,626.36,1429997.0,1769450400000
626.355,627.14,626.22,626.98,939067.0,1769451300000
626.98,627.55,626.62,626.71,874909.0,1769452200000
626.715,626.92,626.46,626.8,682122.0,1769453100000
626.79,627.13,626.65,627.01,676396.0,1769454000000
627.005,627.11,626.46,626.82,574037.0,1769454900000
626.83,627.11,626.6,626.92,878273.0,1769455800000
626.92,626.98,626.31,626.32,763456.0,1769456700000
626.33,626.59,626.15,626.39,648595.0,1769457600000
626.38,626.45,626.05,626.37,799871.0,1769458500000
626.38,626.72,626.31,626.48,878474.0,1769459400000
626.48,626.67,625.4001,625.48,4366322.0,1769460300000
628.91,629.62,627.34,628.3,3745183.0,1769524200000
628.33,630.69,628.32,630.56,2393586.0,1769525100000
630.62,631.06,629.85,630.74,2286946.0,1769526000000
630.75,631.07,630.21,630.32,1350184.0,1769526900000
630.33,631.5725,630.24,631.469,1569303.0,1769527800000
631.46,631.64,630.82,631.1703,1365494.0,1769528700000
631.18,631.66,631.035,631.64,1201496.0,1769529600000
631.64,631.83,631.38,631.44,846562.0,1769530500000
631.46,631.66,631.36,631.4301,941600.0,1769531400000
631.432,631.57,631.13,631.18,988361.0,1769532300000
631.19,631.31,630.86,630.99,1113719.0,1769533200000
630.98,631.405,630.51,631.3,999955.0,1769534100000
631.29,631.49,630.98,631.12,1025220.0,1769535000000
631.12,631.15,630.69,630.775,703598.0,1769535900000
630.78,631.02,630.22,630.94,853599.0,1769536800000
630.92,631.36,630.92,631.15,631958.0,1769537700000
631.15,631.51,631.15,631.26,736493.0,1769538600000
631.26,631.62,631.22,631.46,649753.0,1769539500000
631.46,631.46,631.07,631.38,770433.0,1769540400000
631.38,631.57,631.32,631.5208,905502.0,1769541300000
631.53,631.69,631.19,631.36,777043.0,1769542200000
631.36,631.68,631.18,631.52,779942.0,1769543100000
631.51,631.9799,631.31,631.95,1140633.0,1769544000000
631.95,632.0427,631.5601,631.6177,1329487.0,1769544900000
631.605,631.65,631.33,631.51,1349374.0,1769545800000
631.5,631.72,630.92,631.08,3938545.0,1769546700000
635.46,636.41,634.52,636.25,4174025.0,1769610600000
636.27,636.6,634.925,635.46,2826350.0,1769611500000
635.45,635.75,634.5,634.57,2329298.0,1769612400000
634.57,635.4893,634.36,634.69,1810368.0,1769613300000
634.68,635.06,633.76,633.82,2520379.0,1769614200000
633.815,633.98,633.23,633.3,1711241.0,1769615100000
633.29,634.18,633.29,633.805,1569580.0,1769616000000
633.81,633.9,632.985,633.79,1210363.0,1769616900000
633.7868,633.7868,632.3,632.325,1248690.0,1769617800000
632.32,632.65,631.81,632.1901,1154889.0,1769618700000
632.19,633.14,632.12,633.0378,1214761.0,1769619600000
633.04,633.33,632.18,632.43,996627.0,1769620500000
632.44,632.71,632.04,632.55,1059436.0,1769621400000
632.52,633.35,632.2701,632.78,766913.0,1769622300000
632.78,633.235,632.33,633.23,833934.0,1769623200000
633.23,633.515,633.0713,633.25,627888.0,1769624100000
633.27,633.4101,632.905,633.15,829800.0,1769625000000
633.15,633.73,632.97,633.51,930125.0,1769625900000
633.46,634.09,632.18,632.85,1287451.0,1769626800000
632.85,633.5113,632.26,632.35,1394761.0,1769627700000
632.35,633.7,632.1,632.94,3493837.0,1769628600000
632.95,634.44,632.86,633.252,1380162.0,1769629500000
633.27,634.49,633.09,634.155,1691999.0,1769630400000
634.13,634.45,633.54,633.5899,1055866.0,1769631300000
633.59,633.775,633.005,633.1599,1326658.0,1769632200000
633.15,633.92,632.59,632.97,4961418.0,1769633100000
632.65,633.67,628.2102,628.295,5796987.0,1769697000000
628.295,629.67,626.06,626.19,3988954.0,1769697900000
626.2,626.28,622.7,622.73,5535646.0,1769698800000
622.77,625.17,622.73,623.12,3540772.0,1769699700000
623.09,623.52,620.05,620.38,3613701.0,1769700600000
620.385,620.86,618.27,619.26,4408884.0,1769701500000
619.28,621.46,618.34,621.35,4072836.0,1769702400000
621.36,622.59,621.12,621.89,3187972.0,1769703300000
621.88,623.03,621.47,622.49,2737646.0,1769704200000
622.49,623.22,621.89,622.53,2744666.0,1769705100000
622.5,624.9,622.47,624.655,3419670.0,1769706000000
624.67,625.93,624.47,625.62,1811617.0,1769706900000
625.6,626.57,625.01,625.5577,1757136.0,1769707800000
625.57,625.58,623.46,623.72,2320824.0,1769708700000
623.72,626.14,623.67,625.96,1973765.0,1769709600000
625.96,626.03,625.02,625.8,1479197.0,1769710500000
625.8,626.85,625.17,626.31,1871434.0,1769711400000
626.32,626.59,625.55,625.57,1996695.0,1769712300000
625.57,626.68,625.18,626.5,1201928.0,1769713200000
626.5,627.07,626.33,626.58,810741.0,1769714100000
626.57,626.77,625.75,626.06,1571937.0,1769715000000
626.055,626.3906,625.49,625.85,3371248.0,1769715900000
625.86,626.62,625.67,626.32,1173896.0,1769716800000
626.3,626.6,625.9,625.95,1015327.0,1769717700000
625.95,627.71,625.78,627.6,1808361.0,1769718600000
627.585,629.98,627.36,629.36,5378649.0,1769719500000
625.71,628.256,625.2,626.64,4170129.0,1769783400000
626.63,628.01,625.03,625.55,3097480.0,1769784300000
625.53,627.9,625.12,627.1799,2866134.0,1769785200000
627.17,627.74,624.65,624.74,2188546.0,1769786100000
624.73,627.57,624.19,627.12,3455081.0,1769787000000
627.11,628.11,625.45,625.875,1998193.0,1769787900000
625.88,626.53,625.21,625.65,1718014.0,1769788800000
625.64,625.67,623.75,624.84,2539044.0,1769789700000
624.85,626.3,624.47,625.741,1733434.0,1769790600000
625.74,625.79,623.52,623.83,1352845.0,1769791500000
623.85,623.95,622.13,622.55,1953041.0,1769792400000
622.55,624.61,622.2,624.44,1875898.0,1769793300000
624.44,624.76,622.51,623.47,1897965.0,1769794200000
623.48,624.21,621.95,621.99,1676397.0,1769795100000
621.96,622.79,621.525,621.785,1473921.0,1769796000000
621.79,621.97,619.2975,621.76,2915595.0,1769796900000
621.75,622.03,620.0599,620.63,1754045.0,1769797800000
620.62,624.18,620.55,623.45,1958877.0,1769798700000
623.45,624.3999,623.06,623.51,1710730.0,1769799600000
623.5,623.95,622.8,622.82,1102726.0,1769800500000
622.81,623.37,621.81,622.27,1338143.0,1769801400000
622.3132,623.02,621.281,621.43,1270067.0,1769802300000
621.41,622.02,620.36,620.42,2223975.0,1769803200000
620.4,620.4,619.3203,619.92,2227724.0,1769804100000
619.91,621.352,619.79,621.22,2568008.0,1769805000000
621.22,623.14,620.59,621.81,6568707.0,1769805900000
618.7,623.3,618.66,622.975,4683018.0,1770042600000
622.985,624.91,622.49,623.72,2763677.0,1770043500000
623.7,626.77,623.3501,626.7,2769623.0,1770044400000
626.68,627.6,626.28,626.48,2478557.0,1770045300000
626.51,627.47,626.15,626.67,1636823.0,1770046200000
626.67,626.7,625.29,625.87,1764347.0,1770047100000
625.86,626.26,624.99,626.22,1941936.0,1770048000000
626.23,627.27,626.03,627.14,1622635.0,1770048900000
627.14,627.305,626.3,626.545,1071049.0,1770049800000
626.54,627.41,625.78,627.18,1553858.0,1770050700000
627.17,627.895,627.04,627.435,1617339.0,1770051600000
627.43,627.82,627.25,627.69,795121.0,1770052500000
627.71,628.11,627.36,627.605,799674.0,1770053400000
627.61,628.31,627.525,627.89,886504.0,1770054300000
627.9,628.21,627.87,627.9511,650807.0,1770055200000
627.9301,628.0,627.27,627.61,781874.0,1770056100000
627.61,628.11,627.5,627.95,676459.0,1770057000000
627.95,628.49,627.925,628.32,833786.0,1770057900000
628.32,628.405,628.06,628.08,793910.0,1770058800000
628.08,628.27,627.78,627.85,614758.0,1770059700000
627.84,627.855,627.19,627.47,1028191.0,1770060600000
627.4699,627.61,625.92,626.04,1549996.0,1770061500000
626.03,627.33,625.4225,626.6,2522399.0,1770062400000
626.61,627.29,626.37,626.475,1411331.0,1770063300000
626.47,626.56,625.935,626.0801,1749616.0,1770064200000
626.07,626.46,625.66,626.24,4557418.0,1770065100000
628.3,629.98,623.19,623.8899,5337693.0,1770129000000
623.87,625.3,620.7415,620.96,4365107.0,1770129900000
620.98,621.3,618.51,619.08,5274353.0,1770130800000
619.07,620.32,617.08,618.92,4492504.0,1770131700000
618.9,619.31,617.35,618.36,2976730.0,1770132600000
618.35,620.95,617.74,620.6,3323093.0,1770133500000
620.63,620.66,618.61,619.04,2201400.0,1770134400000
619.04,619.56,617.61,617.68,2203767.0,1770135300000
617.7,618.6,617.25,617.89,1869220.0,1770136200000
617.86,618.41,617.02,617.56,1899289.0,1770137100000
617.57,617.82,615.37,615.83,3010332.0,1770138000000
615.81,616.95,615.54,615.72,2104500.0,1770138900000
615.68,615.87,614.01,614.32,2336446.0,1770139800000
614.31,616.0,614.22,615.03,2012895.0,1770140700000
614.99,615.91,613.57,613.73,2491225.0,1770141600000
613.72,614.55,613.26,613.71,1703178.0,1770142500000
613.67,613.68,612.52,612.6968,1667434.0,1770143400000
612.68,612.82,611.61,611.61,2056861.0,1770144300000
611.6,613.55,610.96,613.48,2853567.0,1770145200000
613.49,614.36,612.4,612.84,3044991.0,1770146100000
612.79,613.51,612.03,612.198,1696076.0,1770147000000
612.21,613.65,611.35,613.35,1906117.0,1770147900000
613.33,613.6,612.21,613.17,1798945.0,1770148800000
613.15,613.9899,612.55,613.685,2244087.0,1770149700000
613.69,615.89,613.66,615.15,2304150.0,1770150600000
615.17,616.77,615.0,616.45,6578670.0,1770151500000
615.02,615.1,611.29,613.78,4772973.0,1770215400000
613.78,614.7,610.2101,610.42,3228327.0,1770216300000
610.33,612.0,608.29,611.01,5723501.0,1770217200000
611.02,613.14,610.07,611.72,3474188.0,1770218100000
611.73,612.26,608.61,610.81,3991963.0,1770219000000
610.835,611.06,608.9,609.39,2136948.0,1770219900000
609.41,609.85,606.975,608.4199,3486886.0,1770220800000
608.42,609.06,606.72,608.86,2420167.0,1770221700000
608.91,609.01,605.104,605.19,2130678.0,1770222600000
605.19,606.76,603.97,606.59,2984602.0,1770223500000
606.58,607.09,605.31,606.4401,2379030.0,1770224400000
606.44,606.73,602.66,603.0,2543502.0,1770225300000
603.0,604.4,600.83,602.08,2999192.0,1770226200000
602.06,602.89,600.47,602.69,2995693.0,1770227100000
602.68,603.3,601.35,602.1,2349043.0,1770228000000
602.07,604.53,601.5,604.34,1840835.0,1770228900000
604.31,604.37,602.18,603.03,1873153.0,1770229800000
603.01,604.72,601.71,603.87,1788723.0,1770230700000
603.85,604.3,602.44,603.43,2226289.0,1770231600000
603.41,604.92,603.07,604.83,2142703.0,1770232500000
604.82,606.81,604.75,606.35,2628135.0,1770233400000
606.35,608.95,606.02,608.315,3346147.0,1770234300000
608.31,608.63,606.23,606.89,2515769.0,1770235200000
606.9,607.91,606.43,607.19,1596413.0,1770236100000
607.18,608.13,606.7,607.345,2007541.0,1770237000000
607.34,608.02,605.21,605.62,5077455.0,1770237900000
600.21,604.215,597.35,603.69,8083328.0,1770301800000
603.66,604.81,599.95,600.21,4848303.0,1770302700000
600.22,601.03,595.08,595.13,5160265.0,1770303600000
595.12,597.62,594.92,595.59,4671720.0,1770304500000
595.58,598.54,594.99,598.02,4090758.0,1770305400000
597.97,598.34,595.385,596.95,3909070.0,1770306300000
596.96,597.37,594.76,594.97,3397339.0,1770307200000
594.96,600.55,594.91,600.45,4275444.0,1770308100000
600.45,601.53,600.02,600.54,3248396.0,1770309000000
600.53,602.31,599.27,601.6727,1966176.0,1770309900000
601.65,601.77,599.4001,600.285,1374865.0,1770310800000
600.29,602.5,599.071,601.86,1600013.0,1770311700000
601.88,602.81,600.8459,602.15,1566494.0,1770312600000
602.16,603.05,600.17,600.5,2203644.0,1770313500000
600.55,601.75,599.62,600.28,2409820.0,1770314400000
600.264,600.59,598.76,599.31,1464986.0,1770315300000
599.27,600.26,598.35,598.84,1670533.0,1770316200000
598.82,599.13,597.59,598.52,1294320.0,1770317100000
598.5,601.33,598.16,600.97,2031844.0,1770318000000
600.98,601.86,599.95,600.07,2176962.0,1770318900000
600.07,600.07,598.09,598.45,2101940.0,1770319800000
598.45,598.91,597.85,598.74,1589219.0,1770320700000
598.8,601.105,598.35,599.635,2684132.0,1770321600000
599.65,599.73,596.84,597.0,2955272.0,1770322500000
596.98,597.89,596.18,596.44,3071311.0,1770323400000
596.44,597.63,595.29,597.04,4721461.0,1770324300000
600.19,604.24,598.77,604.23,6940800.0,1770388200000
604.23,605.61,602.35,602.49,5171033.0,1770389100000
602.41,602.82,600.14,600.44,4427033.0,1770390000000
600.43,603.95,599.77,603.65,4216828.0,1770390900000
603.65,604.69,602.58,604.15,3203864.0,1770391800000
604.18,605.07,601.64,603.465,3091402.0,1770392700000
603.46,606.09,603.1,606.0602,2545512.0,1770393600000
606.04,606.85,605.38,606.13,2687805.0,1770394500000
606.12,607.23,606.06,606.5901,2414645.0,1770395400000
606.61,606.965,605.46,606.01,1715053.0,1770396300000
606.01,607.35,605.67,607.02,2324181.0,1770397200000
607.01,607.79,606.62,607.68,1444342.0,1770398100000
607.69,608.36,606.91,607.73,2062939.0,1770399000000
607.74,608.62,607.72,608.235,1863796.0,1770399900000
608.25,608.99,608.24,608.36,1619605.0,1770400800000
608.37,608.87,607.82,608.185,1691864.0,1770401700000
608.18,608.5999,607.98,608.33,1360204.0,1770402600000
608.33,608.67,608.01,608.07,1324099.0,1770403500000
608.06,608.48,607.83,607.84,1005704.0,1770404400000
607.84,608.6199,607.61,608.57,1271783.0,1770405300000
608.56,608.64,607.83,607.875,947443.0,1770406200000
607.88,608.58,607.6901,607.71,1212320.0,1770407100000
607.71,608.54,607.36,608.37,1595833.0,1770408000000
608.37,609.09,608.35,608.69,1942046.0,1770408900000
608.69,609.68,608.46,609.66,2843761.0,1770409800000
609.66,611.41,609.55,609.63,7996040.0,1770410700000
607.54,609.81,605.07,609.75,6102304.0,1770647400000
609.77,610.7,608.33,608.86,3800240.0,1770648300000
608.81,611.38,608.63,611.28,3071296.0,1770649200000
611.2892,612.24,610.135,610.525,3091663.0,1770650100000
610.53,612.75,610.49,612.51,2050710.0,1770651000000
612.51,614.05,612.34,613.65,1868256.0,1770651900000
613.645,614.21,613.5001,614.1313,1676023.0,1770652800000
614.13,614.75,613.71,614.71,1373560.0,1770653700000
614.7,614.9699,614.33,614.935,1244982.0,1770654600000
614.935,615.89,614.93,615.57,1522228.0,1770655500000
615.55,616.19,615.37,616.0,1280969.0,1770656400000
615.99,616.16,615.28,615.39,1172484.0,1770657300000
615.4,615.81,615.14,615.305,1101491.0,1770658200000
615.31,615.46,614.6,614.73,1086545.0,1770659100000
614.72,615.36,614.46,615.15,1248658.0,1770660000000
615.16,615.34,613.66,614.41,2200906.0,1770660900000
614.4,615.48,614.11,615.335,1386756.0,1770661800000
615.33,615.52,614.92,615.06,1168168.0,1770662700000
615.06,615.74,614.93,615.7095,1659039.0,1770663600000
615.7,616.36,615.63,616.255,1484685.0,1770664500000
616.25,616.46,616.11,616.18,945357.0,1770665400000
616.18,616.28,615.75,615.7701,880091.0,1770666300000
615.78,616.11,615.64,615.825,1346694.0,1770667200000
615.82,615.84,614.71,614.93,1936881.0,1770668100000
614.92,615.28,614.21,614.9812,2436468.0,1770669000000
614.98,615.6199,614.26,614.33,4394093.0,1770669900000
615.305,616.14,612.63,613.69,6134184.0,1770733800000
613.7,616.07,612.4,615.7,3806912.0,1770734700000
615.69,617.02,614.87,615.69,3316269.0,1770735600000
615.67,616.5499,615.0,615.93,2593189.0,1770736500000
615.91,616.8,615.48,616.185,1619341.0,1770737400000
616.2,616.59,614.64,615.27,1873713.0,1770738300000
615.28,615.89,614.7,615.32,1618376.0,1770739200000
615.31,615.76,614.24,614.69,1915110.0,1770740100000
614.65,614.96,614.07,614.19,1636107.0,1770741000000
614.18,615.07,613.875,614.14,1296380.0,1770741900000
614.12,615.11,613.61,615.02,1282884.0,1770742800000
615.03,615.53,614.84,615.09,1184268.0,1770743700000
615.09,615.47,614.76,615.32,922665.0,1770744600000
615.31,615.83,615.31,615.49,838235.0,1770745500000
615.48,615.51,614.52,614.58,784543.0,1770746400000
614.58,614.65,613.21,613.29,1379091.0,1770747300000
613.28,613.675,612.8,613.43,2109178.0,1770748200000
613.44,614.03,612.9,613.79,1420534.0,1770749100000
613.79,614.03,613.13,613.49,1392459.0,1770750000000
613.49,613.6,612.89,613.48,994319.0,1770750900000
613.48,613.79,612.87,613.04,1060290.0,1770751800000
613.0499,613.5899,612.91,613.34,1297579.0,1770752700000
613.34,613.4,612.14,612.3,1543274.0,1770753600000
612.29,612.88,612.13,612.365,1361098.0,1770754500000
612.36,612.71,611.77,612.24,1463281.0,1770755400000
612.24,612.63,611.01,611.48,5134317.0,1770756300000
616.38,617.52,614.49,615.73,4543817.0,1770820200000
615.74,616.78,613.3,613.63,3287075.0,1770821100000
613.66,614.5599,609.71,610.82,3656636.0,1770822000000
610.81,610.98,607.69,608.12,4639379.0,1770822900000
608.15,610.95,607.95,610.66,3246707.0,1770823800000
610.64,612.85,609.52,612.22,3064158.0,1770824700000
612.22,612.67,610.69,612.57,2434879.0,1770825600000
612.54,612.93,610.96,610.96,1845941.0,1770826500000
610.96,612.48,610.53,611.84,1380762.0,1770827400000
611.83,612.13,610.6,610.68,1299601.0,1770828300000
610.66,611.7,609.735,611.41,1968156.0,1770829200000
611.47,613.46,611.09,613.27,1470125.0,1770830100000
613.28,613.82,612.65,613.62,1447690.0,1770831000000
613.64,614.11,612.46,612.6774,1510040.0,1770831900000
612.68,612.9799,611.27,611.4099,1525392.0,1770832800000
611.4,613.065,611.16,612.975,1330955.0,1770833700000
612.98,613.23,612.45,612.83,1202581.0,1770834600000
612.825,613.84,612.45,613.575,1460394.0,1770835500000
613.57,614.16,612.54,613.9399,1443223.0,1770836400000
613.93,614.98,613.93,614.69,1219200.0,1770837300000
614.7,614.88,614.2,614.53,1047277.0,1770838200000
614.54,614.58,613.09,613.74,1503380.0,1770839100000
613.74,614.03,613.45,613.7,972133.0,1770840000000
613.71,614.065,613.15,613.15,1172707.0,1770840900000
613.15,614.0,612.85,613.65,1422416.0,1770841800000
613.65,614.05,612.9,613.0,3206164.0,1770842700000
614.71,615.81,613.71,613.8,4516183.0,1770906600000
613.82,614.17,610.86,611.4,4395470.0,1770907500000
611.4,612.44,610.47,611.98,3204814.0,1770908400000
611.95,612.64,611.06,611.98,2245925.0,1770909300000
611.98,612.48,608.32,608.43,3033391.0,1770910200000
608.42,609.28,606.53,606.61,3002181.0,1770911100000
606.63,607.11,604.64,604.91,4311551.0,1770912000000
604.89,605.14,601.8,601.94,4774894.0,1770912900000
601.945,604.43,601.65,603.36,5839564.0,1770913800000
603.37,603.99,602.57,603.44,3064423.0,1770914700000
603.41,604.02,602.31,602.94,2289746.0,1770915600000
602.91,604.52,602.34,603.28,2570271.0,1770916500000
603.21,604.92,603.03,603.9,1854294.0,1770917400000
603.92,604.2931,602.09,602.11,1705151.0,1770918300000
602.12,603.47,601.54,602.85,2436913.0,1770919200000
602.85,603.01,601.56,602.51,2088792.0,1770920100000
602.54,604.198,602.11,604.13,1626195.0,1770921000000
604.12,604.63,603.34,604.055,1879367.0,1770921900000
604.05,604.47,602.61,603.15,1738924.0,1770922800000
603.15,604.6,603.1,603.25,1815350.0,1770923700000
603.2,604.82,603.2,604.29,1824529.0,1770924600000
604.28,604.9629,603.52,603.88,2058364.0,1770925500000
603.88,604.21,602.52,603.21,1708202.0,1770926400000
603.21,603.27,601.41,601.585,2091729.0,1770927300000
601.58,602.295,601.08,601.55,2314794.0,1770928200000
601.56,601.67,599.5699,600.56,6930927.0,1770929100000
600.43,601.8,596.42,599.7201,7273459.0,1770993000000
599.74,602.96,598.91,599.335,5380760.0,1770993900000
599.28,602.57,599.17,600.78,2896151.0,1770994800000
600.82,603.48,599.77,602.95,2586865.0,1770995700000
602.94,604.9,600.99,601.13,2756293.0,1770996600000
601.16,602.88,599.84,602.03,2089551.0,1770997500000
602.03,603.88,601.78,602.72,1855096.0,1770998400000
602.71,603.41,600.87,603.01,2107536.0,1770999300000
602.98,603.98,602.0,603.91,2025123.0,1771000200000
603.91,605.0,603.38,604.04,1679675.0,1771001100000
604.01,605.59,603.78,605.42,1463834.0,1771002000000
605.42,605.84,604.355,605.36,1928759.0,1771002900000
605.38,606.43,605.21,605.77,1423722.0,1771003800000
605.76,606.16,604.95,605.09,1513569.0,1771004700000
605.12,605.68,604.19,605.22,1930533.0,1771005600000
605.22,606.38,604.97,605.49,1605212.0,1771006500000
605.51,606.48,605.16,605.35,1355429.0,1771007400000
605.37,606.2,604.75,605.16,1404223.0,1771008300000
605.16,605.75,604.69,605.31,1316887.0,1771009200000
605.32,605.83,604.4612,604.76,1297718.0,1771010100000
604.75,605.35,603.88,604.35,1397008.0,1771011000000
604.35,605.01,602.92,603.02,1715066.0,1771011900000
603.02,603.92,602.3,602.33,1954659.0,1771012800000
602.32,603.03,600.63,600.8999,2717372.0,1771013700000
600.89,601.41,600.09,600.52,3184983.0,1771014600000
600.51,602.0,600.42,601.78,4857260.0,1771015500000
598.375,602.2,597.11,599.4,5715940.0,1771338600000
599.44,599.64,593.96,594.16,4468968.0,1771339500000
594.16,596.28,593.69,594.53,3043543.0,1771340400000
594.52,597.95,594.47,595.2,3371372.0,1771341300000
595.17,595.55,593.34,594.82,2898141.0,1771342200000
594.84,597.06,594.64,596.99,3094898.0,1771343100000
596.95,601.47,596.805,601.16,3584061.0,1771344000000
601.14,601.7,599.9143,600.06,3028769.0,1771344900000
600.03,601.3,599.22,600.24,2535656.0,1771345800000
600.21,601.49,599.91,600.83,1760586.0,1771346700000
600.81,600.96,599.045,599.44,1680998.0,1771347600000
599.42,600.72,598.65,600.71,1520707.0,1771348500000
600.72,600.83,598.12,598.16,1528364.0,1771349400000
598.14,599.52,597.19,599.333,1996386.0,1771350300000
599.34,599.51,598.13,598.7234,1770960.0,1771351200000
598.74,601.445,598.22,601.035,2015269.0,1771352100000
601.06,603.09,600.6,602.42,2041291.0,1771353000000
602.425,603.58,602.11,602.88,1563866.0,1771353900000
602.89,603.33,602.42,603.043,1607954.0,1771354800000
603.03,603.41,602.57,602.67,1195545.0,1771355700000
602.68,603.95,602.495,603.58,1254843.0,1771356600000
603.575,603.63,601.995,602.17,1632140.0,1771357500000
602.17,602.82,601.69,602.11,1499695.0,1771358400000
602.105,602.26,600.99,601.1616,2487822.0,1771359300000
601.17,601.7,600.25,601.3801,3072500.0,1771360200000
601.38,601.48,600.34,601.2,3750327.0,1771361100000
602.11,603.545,600.72,603.11,6509650.0,1771425000000
603.1,605.69,601.73,605.26,4014860.0,1771425900000
605.25,607.87,605.18,607.7,4278646.0,1771426800000
607.71,608.47,607.54,608.07,2854820.0,1771427700000
608.06,608.64,607.2,608.27,2247674.0,1771428600000
608.27,609.07,607.945,608.775,2073374.0,1771429500000
608.78,609.48,608.67,609.07,1800939.0,1771430400000
609.07,609.33,608.56,608.94,1402527.0,1771431300000
608.94,609.5,608.77,609.21,2104638.0,1771432200000
609.2,609.35,608.09,608.18,1598764.0,1771433100000
608.18,609.771,608.1,608.71,1627646.0,1771434000000
608.71,609.44,608.62,608.86,1151929.0,1771434900000
608.8591,609.16,608.37,608.6,991093.0,1771435800000
608.61,609.44,608.5101,609.06,1085139.0,1771436700000
609.04,609.76,608.615,608.725,846644.0,1771437600000
608.725,608.92,607.93,608.22,1909838.0,1771438500000
608.23,608.52,606.93,607.42,1746678.0,1771439400000
607.41,607.86,606.26,607.32,1810155.0,1771440300000
607.3,607.57,606.84,606.91,1463675.0,1771441200000
606.92,607.27,606.37,606.515,1637326.0,1771442100000
606.51,606.7,604.56,604.94,3894269.0,1771443000000
604.96,605.54,603.405,603.89,2393152.0,1771443900000
603.91,604.82,603.49,603.77,2095086.0,1771444800000
603.76,604.13,603.25,603.7325,2005905.0,1771445700000
603.73,605.56,603.62,605.33,2334816.0,1771446600000
605.34,606.675,605.18,605.7,5144909.0,1771447500000
602.81,603.97,601.09,603.07,4986484.0,1771511400000
603.09,604.88,601.42,603.9203,3533232.0,1771512300000
603.94,605.62,603.14,603.83,2776714.0,1771513200000
603.83,605.13,603.33,603.4,2222880.0,1771514100000
603.39,605.4499,603.19,604.85,2113578.0,1771515000000
604.86,605.15,603.49,604.96,1745367.0,1771515900000
604.97,605.19,603.24,604.54,1873461.0,1771516800000
604.55,605.815,603.75,603.75,1894387.0,1771517700000
603.76,604.87,602.94,603.03,1616675.0,1771518600000
603.01,603.7101,602.025,603.03,2130036.0,1771519500000
603.04,603.26,602.23,603.075,1769677.0,1771520400000
603.08,604.49,602.64,603.43,1440811.0,1771521300000
603.43,603.69,602.84,602.98,6133424.0,1771522200000
602.98,603.03,601.14,601.49,2343667.0,1771523100000
601.51,602.92,601.19,602.75,1474861.0,1771524000000
602.73,602.78,600.75,601.705,2362475.0,1771524900000
601.69,602.065,601.16,601.6,1868380.0,1771525800000
601.59,603.15,601.57,603.0,1334425.0,1771526700000
602.96,603.09,602.31,602.545,1399789.0,1771527600000
602.55,603.15,601.83,602.19,1013099.0,1771528500000
602.18,602.58,600.89,601.345,1627484.0,1771529400000
601.345,601.8,600.82,601.56,1459507.0,1771530300000
601.54,602.48,601.53,601.86,1491679.0,1771531200000
601.87,602.21,601.43,601.68,1240872.0,1771532100000
601.67,602.39,601.55,602.17,1227414.0,1771533000000
602.18,603.56,602.0,603.5,3947703.0,1771533900000
600.12,605.738,599.23,605.08,4807735.0,1771597800000
605.15,605.94,603.42,604.5699,3018132.0,1771598700000
604.57,608.98,603.56,605.26,5293028.0,1771599600000
605.28,607.9,603.64,606.35,3373585.0,1771600500000
606.41,608.61,604.79,608.46,3375124.0,1771601400000
608.46,610.04,607.62,609.86,2705462.0,1771602300000
609.86,610.35,608.7,608.82,2329045.0,1771603200000
608.83,609.06,606.4125,606.47,5192647.0,1771604100000
606.47,609.6235,606.22,609.24,2126388.0,1771605000000
609.23,610.12,609.15,609.36,1930341.0,1771605900000
609.36,609.63,606.54,606.5835,2733087.0,1771606800000
606.58,606.59,604.08,605.24,3222969.0,1771607700000
605.26,606.34,604.89,606.101,2294275.0,1771608600000
606.13,608.04,605.7,607.81,3136099.0,1771609500000
607.81,608.09,606.78,607.05,1854345.0,1771610400000
607.03,607.05,605.26,606.14,2244068.0,1771611300000
606.17,608.82,605.27,608.67,3445144.0,1771612200000
608.67,609.9,608.1,609.29,2281949.0,1771613100000
609.37,609.81,608.3901,608.4799,2095757.0,1771614000000
608.49,609.025,607.9,608.272,1389033.0,1771614900000
608.25,608.84,607.81,607.9,1304444.0,1771615800000
607.92,608.52,607.41,607.5,1099078.0,1771616700000
607.515,608.83,607.36,608.602,1560394.0,1771617600000
608.59,608.65,607.32,607.48,1667748.0,1771618500000
607.49,608.44,607.4,608.43,1335158.0,1771619400000
608.42,608.9,607.8398,608.79,3705276.0,1771620300000
606.605,608.01,604.16,604.17,4707812.852588,1771857000000
604.18,606.2,603.59,604.96,3376276.086648,1771857900000
604.93,605.88,603.225,604.05,3606821.326054999,1771858800000
604.04,605.36,603.64,603.98,2172440.244888,1771859700000
603.97,604.665,602.66,602.94,2483404.18941,1771860600000
602.93,603.48,600.75,600.85,2660012.772122,1771861500000
600.86,601.17,599.05,599.41,3464798.4089900004,1771862400000
599.4,601.74,599.05,601.68,3275708.931741,1771863300000
601.66,601.95,601.02,601.375,1932889.0885990004,1771864200000
601.37,601.5,600.47,600.655,1524435.405853,1771865100000
600.66,601.33,600.43,600.61,1328360.879466,1771866000000
600.61,601.29,600.59,600.84,2595192.485412,1771866900000
600.84,600.92,599.28,599.84,2036633.94683,1771867800000
599.84,601.15,599.67,600.885,1684699.8782929997,1771868700000
600.87,601.96,600.75,601.84,1309429.948933,1771869600000
601.85,602.7001,601.75,602.455,1652977.8165899997,1771870500000
602.46,602.68,601.655,601.85,1380606.670874,1771871400000
601.83,602.24,600.29,600.47,1408911.1823629998,1771872300000
600.47,601.14,600.34,600.85,2258084.99794,1771873200000
600.84,601.09,600.04,600.17,1102764.5446360002,1771874100000
600.17,600.54,599.42,599.76,1654240.8689529998,1771875000000
599.76,600.1995,599.43,599.5935,1632402.102849,1771875900000
599.6,599.94,599.305,599.45,1659696.12408,1771876800000
599.45,600.16,599.435,599.97,1343434.78323,1771877700000
599.97,601.05,599.92,600.535,2129473.324298,1771878600000
600.54,601.535,600.06,601.46,4705745.469386,1771879500000
602.4,604.97,599.73,604.94,5474187.426771,1771943400000
604.95,606.22,603.75,604.115,4783902.592461,1771944300000
604.08,605.22,602.74,603.86,2834340.736966,1771945200000
603.84,607.44,603.58,607.38,3403566.966603,1771946100000
607.36,607.83,606.77,607.5,2771427.1428190004,1771947000000
607.51,607.54,606.31,606.525,1453621.6178169998,1771947900000
606.51,608.21,606.475,607.89,2175732.453496,1771948800000
607.88,608.0599,606.9601,607.43,1268994.432801,1771949700000
607.42,607.47,606.35,606.82,1918638.91564,1771950600000
606.82,608.0483,606.7699,607.77,1498695.412812,1771951500000
607.78,608.91,607.6,608.43,1664214.094731,1771952400000
608.42,608.87,608.13,608.54,1239526.040919,1771953300000
608.53,608.76,608.03,608.09,993521.919776,1771954200000
608.09,608.63,607.8699,608.2,1158572.162975,1771955100000
608.18,608.99,608.04,608.15,1180027.766143,1771956000000
608.14,608.17,607.4565,607.5597,1194282.2425050002,1771956900000
607.56,608.31,607.38,608.01,1382525.9382659998,1771957800000
608.015,608.15,607.6158,607.8,1013418.266232,1771958700000
607.81,607.9894,607.295,607.46,1184082.0927810003,1771959600000
607.44,607.47,606.81,607.16,1354429.975772,1771960500000
607.16,607.82,607.09,607.56,1312645.888012,1771961400000
607.57,608.46,607.42,607.61,1453541.387897,1771962300000
607.61,607.78,607.11,607.19,1303406.0067240002,1771963200000
607.195,607.69,607.0,607.07,1352146.652383,1771964100000
607.07,607.87,606.97,607.83,1485035.4663539997,1771965000000
607.83,608.82,607.65,607.8,3574458.295865,1771965900000
611.07,613.915,611.0,613.75,4627290.150230001,1772029800000
613.75,615.6599,613.73,615.48,4230426.663821999,1772030700000
615.47,615.89,614.52,614.635,2821927.175604,1772031600000
614.63,615.41,614.06,615.26,3146531.309486,1772032500000
615.26,615.44,614.095,614.41,2672816.2527620005,1772033400000
614.41,614.78,613.61,614.335,2292807.754062,1772034300000
614.34,614.7,614.07,614.44,1492248.6534949995,1772035200000
614.43,614.575,614.05,614.46,1486019.951751,1772036100000
614.46,615.12,614.3101,614.95,1519389.837274,1772037000000
614.96,615.24,614.795,614.87,1027428.026292,1772037900000
614.87,615.46,614.73,615.415,1116423.220063,1772038800000
615.41,615.43,614.93,614.97,820412.332654,1772039700000
614.97,615.44,614.82,615.2801,827119.040768,1772040600000
615.285,615.78,615.21,615.72,1641955.8803289998,1772041500000
615.74,615.83,615.47,615.56,900599.5477050002,1772042400000
615.553,615.58,615.35,615.415,730774.053982,1772043300000
615.42,615.79,615.3003,615.705,900731.315644,1772044200000
615.705,615.82,615.64,615.71,649587.198001,1772045100000
615.7,616.26,615.685,616.075,1399018.1474350002,1772046000000
616.07,616.355,616.0299,616.185,897508.6922569999,1772046900000
616.18,616.36,616.06,616.075,1331225.5969860002,1772047800000
616.09,616.31,616.04,616.13,909606.381191,1772048700000
616.13,616.32,616.05,616.205,920715.945127,1772049600000
616.205,616.28,615.935,616.11,1961990.393106,1772050500000
616.11,616.47,615.75,616.3,2232246.829498,1772051400000
616.3,616.83,616.18,616.52,6241582.256436001,1772052300000
615.59,615.59,612.72,613.7126,7996063.157211001,1772116200000
613.7,613.7,611.7307,611.975,5347969.771272001,1772117100000
611.98,612.39,608.87,608.93,6632730.119013,1772118000000
608.94,608.94,604.55,605.7,8528227.876688,1772118900000
605.71,607.31,603.98,607.05,7270969.557716999,1772119800000
607.05,607.95,606.81,607.295,7242451.151559997,1772120700000
607.3,608.5293,606.96,608.41,3367236.106589,1772121600000
608.42,609.355,607.97,608.72,3076288.014162,1772122500000
608.725,608.97,607.22,607.33,2724920.851741,1772123400000
607.32,608.0,606.1855,606.41,2794557.977790999,1772124300000
606.41,607.515,606.33,606.505,2107679.9679730004,1772125200000
606.5,606.75,606.17,606.52,2064236.177313,1772126100000
606.51,607.48,605.89,605.94,1932967.371088,1772127000000
605.94,606.17,605.18,605.72,1730010.348014,1772127900000
605.72,605.83,604.54,605.055,2067983.826978,1772128800000
605.05,605.73,604.65,605.36,1552478.0723559998,1772129700000
605.37,607.62,605.07,607.28,2619871.702621999,1772130600000
607.29,608.03,606.75,607.32,3467004.3788730004,1772131500000
607.33,609.015,607.01,608.72,2307406.553504,1772132400000
608.72,609.36,608.25,608.4493,2090739.199004,1772133300000
608.445,609.16,608.23,608.825,1574998.8501930002,1772134200000
608.825,609.67,608.73,608.79,1955721.307954,1772135100000
608.78,609.55,608.15,608.16,1644175.6855799998,1772136000000
608.15,608.56,607.87,607.97,2125973.380718,1772136900000
607.965,609.03,607.93,608.85,1803957.47401,1772137800000
608.85,609.34,608.25,609.26,3966018.041875,1772138700000
602.98,605.25,602.19,603.69,4829813.527039999,1772202600000
603.66,605.955,603.04,604.55,4661717.339623999,1772203500000
604.54,607.33,604.23,606.36,4925100.943052,1772204400000
606.37,607.4,605.575,606.78,3073888.375484,1772205300000
606.77,607.635,605.73,607.47,2098031.5693500005,1772206200000
607.46,607.9,605.63,607.07,2715515.8710370003,1772207100000
607.08,607.97,606.1001,607.18,2475862.380433,1772208000000
607.18,607.78,606.38,606.695,2442264.720459,1772208900000
606.705,607.7,605.8399,605.92,1858372.555456,1772209800000
605.92,607.59,605.82,606.71,1900166.749476,1772210700000
606.71,608.32,606.42,606.52,2223097.835246,1772211600000
606.53,606.68,605.04,606.315,2565362.108258,1772212500000
606.32,607.29,605.66,605.88,2274352.536114,1772213400000
605.89,606.335,605.39,606.13,1295469.2266409998,1772214300000
606.13,606.3699,605.33,605.39,1334574.0188989998,1772215200000
605.37,605.535,604.44,605.33,1481622.970654,1772216100000
605.32,605.8,604.79,605.32,1048614.310478,1772217000000
605.34,605.62,604.7,605.11,957414.3004,1772217900000
605.1,606.48,605.0,605.29,1479097.901249,1772218800000
605.29,605.585,605.01,605.2,957157.226515,1772219700000
605.21,605.49,604.42,604.7,1118435.921821,1772220600000
604.72,605.13,604.55,604.93,1001803.003752,1772221500000
604.895,606.68,604.87,606.68,2438370.225172,1772222400000
606.69,607.54,606.59,606.925,2085871.6291699996,1772223300000
606.91,607.08,605.575,605.92,2555702.1842480004,1772224200000
605.91,608.03,605.76,607.45,6952547.662205,1772225100000
598.86,604.74,597.99,603.6,6793381.252258001,1772461800000
603.56,605.07,602.94,604.1201,3922418.31382,1772462700000
604.17,606.26,602.77,605.8671,3604317.6959620006,1772463600000
605.88,606.23,604.07,604.65,3197310.944941,1772464500000
604.63,606.085,603.72,606.04,3632400.196835,1772465400000
606.03,606.48,604.56,605.685,2904834.438131,1772466300000
605.68,607.27,604.94,606.86,2641474.29542,1772467200000
606.84,606.91,603.95,604.32,2549400.9746700004,1772468100000
604.3,607.98,604.17,607.8318,3048945.01208,1772469000000
607.85,608.5699,607.405,608.302,2460462.314375,1772469900000
608.31,608.485,607.7,608.24,1585698.028719,1772470800000
608.25,609.36,608.21,608.605,1773790.2271259998,1772471700000
608.59,608.87,608.15,608.63,1436383.3446730005,1772472600000
608.63,609.33,608.4,609.095,1415713.034845,1772473500000
609.095,609.3,608.41,608.72,1129041.604935,1772474400000
608.725,608.75,607.85,608.4,1232352.3719739998,1772475300000
608.4,608.48,607.52,608.03,1967382.9338650005,1772476200000
608.04,608.05,606.76,606.85,1592917.015333,1772477100000
606.86,608.82,606.73,608.7334,1873353.55922,1772478000000
608.72,609.66,608.71,609.425,2190753.857406,1772478900000
609.425,609.87,609.23,609.36,1889017.687719,1772479800000
609.37,609.92,609.37,609.51,1282061.856972,1772480700000
609.5,609.7,606.53,606.74,4424359.862524,1772481600000
606.74,608.02,606.26,606.71,3433190.6269300003,1772482500000
606.71,607.9,606.61,607.72,2382856.232848,1772483400000
607.71,609.06,607.46,608.08,5949105.079202,1772484300000
596.33,599.39,595.59,596.24,7974351.356721,1772548200000
596.24,598.19,595.0,595.24,5107862.023417001,1772549100000
595.21,596.96,594.55,595.51,5055332.415599001,1772550000000
595.5,595.94,591.87,592.03,5459055.494749,1772550900000
592.03,594.78,591.96,593.38,5323386.597871999,1772551800000
593.36,594.49,592.401,594.17,4265836.632565999,1772552700000
594.19,597.6,593.93,597.23,4417452.457334001,1772553600000
597.23,598.89,597.17,598.35,3377098.5423389995,1772554500000
598.34,599.14,596.99,599.01,3639151.294105,1772555400000
599.01,600.9,598.97,599.6,3674690.427601,1772556300000
599.57,600.08,598.37,599.225,2881956.675705,1772557200000
599.23,600.57,598.66,600.4,2064129.211505,1772558100000
600.395,600.48,597.93,600.11,2473953.7215020005,1772559000000
600.07,600.24,598.48,598.87,1859628.223637,1772559900000
598.86,600.38,598.84,599.79,2199378.386997,1772560800000
599.8,602.03,599.71,601.44,2620902.337672999,1772561700000
601.44,603.495,601.32,602.78,2980127.697201,1772562600000
602.82,603.32,602.02,602.675,2330633.298828,1772563500000
602.71,603.04,601.04,601.955,2385442.692179,1772564400000
601.96,602.78,601.58,601.73,1655384.8522270003,1772565300000
601.74,603.3,600.54,603.205,3623354.028362,1772566200000
603.22,603.96,601.94,602.42,2571588.353957,1772567100000
602.45,603.23,602.09,602.11,2055709.1074570003,1772568000000
602.1,602.47,601.31,602.3,2118987.401306,1772568900000
602.3,602.92,601.665,601.96,2082265.3852010008,1772569800000
601.95,602.25,600.72,601.67,4229711.467281,1772570700000
604.16,606.93,603.72,604.07,5593612.815081,1772634600000
604.04,606.27,603.43,605.6601,3238668.134227,1772635500000
605.75,607.87,605.051,607.1,4495221.976189,1772636400000
607.11,611.09,607.05,610.99,5100615.596155001,1772637300000
610.98,611.18,609.1,609.13,4241536.636500999,1772638200000
609.14,610.81,608.54,610.705,3789442.528848,1772639100000
610.7,611.45,609.05,609.33,3454857.825819,1772640000000
609.34,610.55,608.9,610.17,2672689.4177670004,1772640900000
610.175,611.68,609.98,611.48,2989015.9591670004,1772641800000
611.49,611.74,610.98,611.14,2285969.6263919994,1772642700000
611.16,611.825,610.87,611.415,1612364.3762220002,1772643600000
611.41,611.63,610.8099,610.85,1221933.283309,1772644500000
610.85,611.81,610.19,611.33,1554777.916999,1772645400000
611.33,612.01,611.26,611.72,1463921.1073819995,1772646300000
611.72,612.05,611.43,611.58,1366858.516934,1772647200000
611.565,611.85,611.03,611.7817,1002778.684966,1772648100000
611.79,612.81,611.76,612.47,1509921.155925,1772649000000
612.48,612.81,611.97,612.295,1319723.729838,1772649900000
612.31,612.88,612.155,612.69,1163020.958287,1772650800000
612.7,612.84,612.215,612.34,1010203.156158,1772651700000
612.34,612.625,612.07,612.27,1094384.087188,1772652600000
612.27,612.51,611.99,612.23,1200966.589595,1772653500000
612.22,612.36,611.215,611.28,1360133.929207,1772654400000
611.29,611.39,610.66,611.33,1710272.083628,1772655300000
611.32,611.73,610.95,611.64,1903629.761461,1772656200000
611.64,611.6756,610.42,610.55,5036257.20798,1772657100000
607.4,610.76,607.37,609.16,5734499.624237,1772721000000
609.17,612.27,608.6,612.2397,4437565.589821,1772721900000
612.22,612.76,610.8,612.04,4018956.458123,1772722800000
612.03,612.11,607.55,608.015,3466938.857095,1772723700000
608.02,609.47,606.07,608.75,4563143.086358,1772724600000
608.74,610.08,608.545,609.7,3256776.618241,1772725500000
609.7,609.96,606.7,607.4,3289980.027721001,1772726400000
607.4,608.0,606.31,606.95,3055773.104635,1772727300000
606.96,608.68,606.9,607.8714,2223585.225638,1772728200000
607.9,609.03,607.9,608.78,2188689.4393239995,1772729100000
608.78,610.69,607.9,608.51,3327911.950972,1772730000000
608.52,608.53,606.0,606.0,2567144.586919,1772730900000
606.01,606.36,603.73,604.09,3534206.954545,1772731800000
604.07,604.1399,602.6,603.065,3675229.821184,1772732700000
603.065,605.01,602.88,604.74,3112255.060186,1772733600000
604.74,605.05,602.46,602.74,2419308.5314360005,1772734500000
602.705,604.59,602.26,604.33,2271563.0139220003,1772735400000
604.31,604.4,602.3,603.24,2273051.334963,1772736300000
603.23,604.32,602.97,604.2,1992463.264333,1772737200000
604.21,604.83,603.2401,603.835,2172988.123612,1772738100000
603.82,604.14,602.73,604.11,2178322.946398,1772739000000
604.11,604.87,603.46,604.27,2039675.260747,1772739900000
604.29,606.17,603.53,605.78,3674185.435991999,1772740800000
605.8,607.6,605.385,606.64,3339112.859031,1772741700000
606.64,607.72,606.29,606.95,2792342.306336001,1772742600000
606.95,609.12,606.4,608.9,6690176.666330999,1772743500000
600.31,601.48,598.54,600.2,6767527.141194,1772807400000
600.22,601.72,599.11,600.47,4183261.992969,1772808300000
600.45,603.02,599.84,602.88,5258180.505997,1772809200000
602.87,603.8,602.14,603.63,3355959.2015900007,1772810100000
603.64,605.34,603.37,603.98,3747753.084212,1772811000000
603.97,605.13,601.93,604.51,3353461.336556,1772811900000
604.5025,605.5,603.5,603.67,2505610.532988,1772812800000
603.68,604.62,602.87,604.1599,2174470.886905,1772813700000
604.17,604.88,603.0,604.3,2410922.147355,1772814600000
604.28,605.88,604.14,605.03,2507294.172751,1772815500000
605.05,606.0,603.62,603.92,1946027.011671,1772816400000
603.93,604.79,602.92,603.4,1992669.069923,1772817300000
603.4,603.7,601.73,602.36,2052074.092704,1772818200000
602.33,603.7,602.33,602.7,2156504.7266379995,1772819100000
602.71,605.4,602.58,605.22,2505401.892724,1772820000000
605.23,605.45,603.44,603.82,1864753.980691,1772820900000
603.82,604.53,603.22,604.08,2020506.469945,1772821800000
604.08,604.23,602.86,603.08,1900127.811622,1772822700000
603.09,604.37,602.85,604.1,2275176.84584,1772823600000
604.1,604.23,602.67,603.53,2664449.707375,1772824500000
603.52,604.025,602.71,603.03,2594764.469767,1772825400000
603.02,603.43,602.45,603.27,1907153.392585,1772826300000
603.26,604.35,601.28,601.89,3357723.530797,1772827200000
601.89,602.44,599.3,599.53,2916414.4129690006,1772828100000
599.53,600.87,598.33,600.15,5320511.629038999,1772829000000
600.15,600.73,599.48,599.81,5906054.153496,1772829900000
594.225,596.47,592.31,593.01,5818561.983472,1773063000000
593.01,593.88,591.33,592.72,4983793.593937001,1773063900000
592.71,595.27,591.56,592.37,5060508.651388001,1773064800000
592.4,595.09,592.02,593.47,3895193.682286999,1773065700000
593.44,596.7,593.37,596.7,3207213.370674,1773066600000
596.71,597.88,596.56,597.05,3090276.871653,1773067500000
597.03,598.52,597.03,598.3,2327987.847032,1773068400000
598.32,599.48,597.83,599.32,2249227.876821,1773069300000
599.33,599.34,598.07,598.4401,1920174.77666,1773070200000
598.44,599.67,598.25,599.31,2020741.959203,1773071100000
599.31,600.23,599.04,599.79,2124284.259574,1773072000000
599.8,601.35,599.08,600.45,1939737.943852,1773072900000
600.45,601.78,599.53,601.57,1963936.889226,1773073800000
601.575,601.85,600.77,600.88,1651573.073594,1773074700000
600.89,600.97,599.83,600.26,2051299.158934,1773075600000
600.26,600.37,598.38,598.53,2422422.6017730003,1773076500000
598.52,598.79,597.64,597.84,2273184.162063,1773077400000
597.84,598.97,597.78,598.48,1773316.368654,1773078300000
598.5,599.43,598.45,599.17,1932389.630243,1773079200000
599.17,600.26,598.98,599.43,1910491.3159580005,1773080100000
599.43,600.68,599.37,600.31,2171406.3439800004,1773081000000
600.33,600.84,599.45,599.58,1801637.385886,1773081900000
599.59,600.2055,599.23,599.88,1592907.101634,1773082800000
599.88,606.95,599.72,606.78,8447311.720575001,1773083700000
606.74,609.27,605.36,607.15,8365159.728281,1773084600000
607.15,608.355,606.4,607.755,7534646.994371,1773085500000
607.78,609.97,607.02,608.72,4946721.181292,1773149400000
608.71,609.37,606.75,607.17,2417289.386605,1773150300000
607.17,607.97,605.48,606.35,2623528.982451,1773151200000
606.32,608.62,605.42,608.12,2314118.1278760005,1773152100000
608.1,610.83,608.09,610.49,2595613.042732,1773153000000
610.5,611.67,610.06,611.65,2430161.7116670003,1773153900000
611.65,612.4,610.86,611.02,2538429.6408260004,1773154800000
611.04,612.29,610.98,611.47,1743468.4776499998,1773155700000
611.47,612.153,610.66,611.61,1706038.987596,1773156600000
611.64,611.94,610.97,611.6099,1334875.546342,1773157500000
611.6,611.63,609.94,610.8,1602977.2650749998,1773158400000
610.79,611.92,610.6133,611.15,1495420.594227,1773159300000
611.2,611.98,611.2,611.91,1297474.186526,1773160200000
611.92,612.1,610.87,611.77,1333821.054627,1773161100000
611.76,612.36,611.55,611.82,1252221.009041,1773162000000
611.84,613.29,611.8,613.1668,1575384.289647,1773162900000
613.16,613.16,610.5,611.3117,2452050.635125,1773163800000
611.31,612.578,611.13,612.16,1161869.3448189998,1773164700000
612.15,612.4,608.9,608.96,2291436.547858,1773165600000
608.99,610.53,607.73,609.68,4446504.193061,1773166500000
609.65,610.63,608.65,609.0,2183741.872806,1773167400000
608.93,610.13,608.66,608.74,1420255.102734,1773168300000
608.74,609.3,608.24,609.17,1939446.131914,1773169200000
609.18,609.79,607.7,607.73,2441681.4460909995,1773170100000
607.74,608.83,606.97,607.85,3147402.455725,1773171000000
607.83,608.16,606.57,607.65,4252567.526228,1773171900000
608.95,610.87,608.95,609.75,3942401.576755,1773235800000
609.78,610.7,608.441,610.5101,3201071.4427289995,1773236700000
610.54,612.43,609.5,610.55,4049765.055826,1773237600000
610.55,610.77,607.58,608.75,2531997.5979630006,1773238500000
608.75,609.3639,607.09,608.98,2076271.684276,1773239400000
609.0,610.02,608.5,609.69,1655695.927593,1773240300000
609.69,610.2593,606.985,607.96,2475627.486343,1773241200000
607.96,608.53,606.4878,606.54,2360158.259833,1773242100000
606.57,607.21,605.96,606.1937,3182460.8169480003,1773243000000
606.16,607.12,605.51,606.52,2345583.835743,1773243900000
606.52,606.65,605.63,606.48,1825192.001543,1773244800000
606.48,606.97,605.8427,606.94,1924389.538418,1773245700000
606.93,608.26,606.88,607.6,1898456.132086,1773246600000
607.59,608.37,607.26,608.28,989625.5093309998,1773247500000
608.26,608.71,607.74,608.0,1240958.2840830002,1773248400000
607.97,608.6,607.37,608.28,1523680.544521,1773249300000
608.285,608.49,605.03,606.52,3168201.2103600004,1773250200000
606.56,607.7,606.07,606.92,2660536.542158,1773251100000
606.93,607.17,605.44,606.015,1614533.756326,1773252000000
606.02,607.08,605.74,606.85,1464072.310557,1773252900000
606.85,607.25,606.51,606.73,1491732.422929,1773253800000
606.74,607.54,606.42,607.0901,1449425.6619429998,1773254700000
607.11,607.27,606.08,606.21,1226864.993055,1773255600000
606.21,606.7682,606.02,606.53,1425189.768624,1773256500000
606.545,607.78,606.4,607.52,1837433.435418,1773257400000
607.53,608.24,607.0,607.73,2743977.009742,1773258300000
602.76,604.14,601.95,602.49,4462109.243286,1773322200000
602.47,602.518,599.23,599.87,4733061.56106,1773323100000
599.91,601.995,599.78,601.79,3579758.791294,1773324000000
601.81,602.05,598.89,598.89,3186341.178989,1773324900000
598.91,599.67,597.82,599.57,3453945.975774,1773325800000
599.56,601.37,598.52,598.945,3433856.073237,1773326700000
598.97,599.2699,597.53,598.23,2377551.317775999,1773327600000
598.23,599.43,597.7,598.95,2213182.258361,1773328500000
598.95,601.15,597.96,600.61,4214943.248194,1773329400000
600.64,600.84,599.05,600.06,2077820.930385,1773330300000
600.08,601.05,598.22,599.795,2427414.028118,1773331200000
599.79,601.74,599.29,599.4699,2824869.881264,1773332100000
599.46,601.27,599.24,600.6399,2202491.435474,1773333000000
600.6,600.81,599.08,599.97,1781420.2179319996,1773333900000
599.96,601.48,599.85,599.9451,1548002.456813,1773334800000
599.91,600.6,599.21,599.6978,1468654.194393,1773335700000
599.71,600.7,599.51,599.6,1341165.624954,1773336600000
599.6,599.83,598.12,599.0501,1577697.6854749997,1773337500000
599.07,600.18,599.07,599.83,1664314.788002,1773338400000
599.84,600.14,598.7687,599.35,1350025.281848,1773339300000
599.3599,599.57,598.52,598.69,1184929.3695480002,1773340200000
598.66,599.2,598.33,598.44,1286342.535187,1773341100000
598.44,599.18,597.7,598.2895,2654129.954071,1773342000000
598.29,599.16,598.05,598.81,1564383.243194,1773342900000
598.82,599.48,597.81,598.04,2494875.820057,1773343800000
598.03,598.08,597.05,597.34,5547151.684656999,1773344700000
599.73,602.82,598.93,602.7594,4241538.772400001,1773408600000
602.76,603.5999,601.56,601.69,3498919.7474200004,1773409500000
601.71,602.6,600.07,600.31,2503571.9810920004,1773410400000
600.28,601.13,599.46,600.4447,2384008.642891,1773411300000
600.46,601.7209,598.52,598.5401,2415069.904497,1773412200000
598.56,598.59,595.805,595.98,3258719.6434210003,1773413100000
595.98,597.88,595.27,597.72,2593871.369749,1773414000000
597.72,597.77,595.29,595.48,1870478.074086,1773414900000
595.46,596.12,593.82,594.1,2776299.1060319995,1773415800000
594.07,595.77,593.58,593.98,2399184.101635,1773416700000
593.96,595.58,593.93,594.63,1876876.216358,1773417600000
594.64,595.28,594.06,594.86,1229261.118159,1773418500000
594.85,595.92,594.42,594.45,1449870.900903,1773419400000
594.445,595.55,593.44,593.68,1934682.307015,1773420300000
593.6878,595.2,593.4,595.2,1779950.712254,1773421200000
595.22,595.55,594.255,594.98,1333010.236584,1773422100000
594.97,595.16,593.94,594.41,1613039.518883,1773423000000
594.3871,594.56,592.62,593.13,2032958.441293,1773423900000
593.13,593.95,593.06,593.79,1762805.819092,1773424800000
593.78,594.16,592.98,594.05,1578526.244494,1773425700000
594.045,595.27,593.72,595.16,1545191.355296,1773426600000
595.15,595.5,594.74,594.92,1682215.5173949995,1773427500000
594.92,594.94,593.9,594.15,1602225.806484,1773428400000
594.16,594.53,592.982,593.18,2013762.947217,1773429300000
593.1887,593.73,592.57,592.97,2367918.235098,1773430200000
592.96,593.83,592.715,593.69,4426314.706898,1773431100000
600.04,601.4876,599.23,600.36,3668427.239832001,1773667800000
600.36,602.03,600.305,601.91,2339152.188077,1773668700000
601.9,602.5,601.02,601.9,2194573.744889,1773669600000
601.9,602.6,601.46,601.48,1500238.190731,1773670500000
601.49,601.55,599.45,599.73,2463423.169359,1773671400000
599.72,600.9407,599.13,600.94,1962164.485862,1773672300000
600.94,601.24,599.802,601.1202,1556827.4530499997,1773673200000
601.12,601.95,600.61,601.47,1215655.8969550002,1773674100000
601.45,601.99,601.37,601.5,911068.920579,1773675000000
601.5,601.88,600.31,600.46,1398993.6412120005,1773675900000
600.46,601.15,600.18,600.62,1040444.953593,1773676800000
600.62,600.89,599.15,599.48,1494211.537946,1773677700000
599.46,600.82,599.11,600.62,1411111.1852570002,1773678600000
600.6208,601.02,600.24,600.48,796057.6683179999,1773679500000
600.48,601.59,600.465,601.27,1419852.9048290004,1773680400000
601.265,601.64,600.88,600.99,777800.519236,1773681300000
601.01,601.37,600.38,600.44,919483.3606190002,1773682200000
600.4717,600.9799,599.93,600.65,1065794.627703,1773683100000
600.645,601.6,600.48,601.24,1431233.794602,1773684000000
601.25,601.73,601.18,601.55,1167968.743579,1773684900000
601.54,601.85,601.18,601.81,1046949.7438329998,1773685800000
601.82,601.89,601.0945,601.15,1159565.43762,1773686700000
601.15,603.86,600.78,601.31,3657569.909033,1773687600000
601.33,601.8399,600.07,600.69,2614586.5125049995,1773688500000
600.68,600.89,599.83,600.03,1587428.750968,1773689400000
600.03,600.59,599.53,600.31,3686756.622898,1773690300000
603.14,604.9599,602.28,604.665,3502847.672916,1773754200000
604.65,605.9,604.53,605.36,2720608.6578180003,1773755100000
605.37,605.47,603.7513,603.77,2598961.625345,1773756000000
603.76,605.01,603.06,604.63,2531042.243869,1773756900000
604.63,605.32,604.0,605.19,2161375.807597,1773757800000
605.19,605.31,604.72,604.95,1536229.343576,1773758700000
604.95,605.27,603.43,603.75,2038531.675649,1773759600000
603.745,604.49,603.36,603.38,1984360.731942,1773760500000
603.37,603.92,601.97,603.0,2294409.963519,1773761400000
602.99,603.475,602.77,602.89,1457292.9291520002,1773762300000
602.91,603.37,601.87,602.61,2475635.4733839994,1773763200000
602.63,603.77,602.49,603.42,1225677.124583,1773764100000
603.43,603.75,602.87,603.73,927278.33936,1773765000000
603.74,603.78,603.06,603.09,652969.452216,1773765900000
603.0847,604.045,603.055,603.545,945803.526248,1773766800000
603.53,603.7,603.23,603.57,742270.983967,1773767700000
603.53,604.0,603.32,603.42,886772.676717,1773768600000
603.45,604.18,603.05,603.97,985324.45385,1773769500000
603.97,604.53,603.71,604.0,1144332.0154839996,1773770400000
604.01,604.16,603.178,603.21,1133737.327901,1773771300000
603.2,603.4,602.92,602.975,1419362.781343,1773772200000
602.98,603.5513,602.94,603.22,1112940.9924740002,1773773100000
603.22,603.6,602.685,603.235,1217627.467095,1773774000000
603.23,603.71,603.12,603.31,1129607.654911,1773774900000
603.3,603.52,603.02,603.11,1754880.615411,1773775800000
603.11,603.76,603.03,603.4,3511887.2353369994,1773776700000
601.49,602.94,600.93,602.09,4139421.894025,1773840600000
602.09,603.16,601.54,602.4799,2017639.587008,1773841500000
602.45,602.79,600.649,600.65,2244714.767746,1773842400000
600.67,601.402,598.71,598.97,2268523.170284,1773843300000
598.96,600.14,598.84,599.2,2055899.222835,1773844200000
599.19,600.42,598.88,600.4,1625695.2344060002,1773845100000
600.41,601.55,599.9378,600.905,2415256.381129,1773846000000
600.91,601.115,599.87,600.53,1433791.1858130002,1773846900000
600.53,601.2,600.37,600.71,1725633.4900830002,1773847800000
600.69,601.2,600.25,600.78,1329745.0641750002,1773848700000
600.77,601.01,599.9901,600.856,1187404.146089,1773849600000
600.87,601.07,600.26,600.5,921230.2790240002,1773850500000
600.48,600.67,599.14,599.66,1324285.617657,1773851400000
599.65,600.21,599.41,599.48,904809.398824,1773852300000
599.45,599.55,598.3,598.53,1301688.4289100002,1773853200000
598.525,599.26,598.38,599.1501,881929.4938659999,1773854100000
599.17,600.065,598.69,599.59,1271527.1671629995,1773855000000
599.58,600.39,599.52,600.26,1052697.757118,1773855900000
600.23,601.17,599.75,600.17,1383168.0142099997,1773856800000
600.14,600.16,599.0,599.73,834773.734723,1773857700000
599.72,599.92,598.07,598.718,1786352.9839339997,1773858600000
598.71,598.86,597.0,597.05,1661163.309502,1773859500000
597.04,598.45,596.89,597.5599,1940145.638348,1773860400000
597.54,597.61,596.22,596.52,2573206.3807979994,1773861300000
596.51,597.01,595.31,595.62,2557868.8454840006,1773862200000
595.63,595.82,594.56,594.78,5176915.762608,1773863100000
589.51,590.11,587.08,589.63,5908365.716440999,1773927000000
589.61,591.76,588.6545,591.3,4037919.451681,1773927900000
591.28,592.37,590.5,591.17,3937054.272348,1773928800000
591.16,591.46,589.05,589.51,2991571.212688,1773929700000
589.53,592.21,589.425,590.5,2845653.457894,1773930600000
590.5,591.83,590.13,591.04,1645455.3404979997,1773931500000
591.03,593.13,590.83,592.56,2327096.789409,1773932400000
592.56,592.77,589.9801,590.37,2469292.904366,1773933300000
590.36,590.41,588.8,589.17,2237611.212923,1773934200000
589.16,590.68,588.83,590.68,2226237.549544,1773935100000
590.67,591.8,590.16,590.5599,2279487.3997579995,1773936000000
590.57,590.82,589.71,590.56,1274417.4979869998,1773936900000
590.57,591.33,589.82,590.8599,1362566.6654480002,1773937800000
590.89,590.99,589.45,590.21,1493372.239742,1773938700000
590.2,590.4097,588.37,588.61,2367562.552081,1773939600000
588.61,590.3966,588.4,590.05,2286812.776685,1773940500000
590.04,590.53,589.14,589.5801,1437450.533557,1773941400000
589.59,590.88,589.27,590.13,1590052.9874109998,1773942300000
590.13,591.76,589.48,591.45,1928286.817178,1773943200000
591.46,591.65,590.51,590.52,1445798.2892689998,1773944100000
590.54,590.615,589.4,589.56,1663588.2746369997,1773945000000
589.57,591.83,589.33,591.46,2268285.7184180003,1773945900000
591.46,595.8,591.41,595.0401,6528124.875168999,1773946800000
595.02,595.42,593.0,593.54,3001346.098716,1773947700000
593.53,593.953,592.29,593.33,2747738.2984510004,1773948600000
593.31,593.64,592.71,592.99,4097802.352536,1773949500000
591.06,591.17,588.58,590.37,4597265.304969999,1774013400000
590.365,590.73,586.16,586.3,4120938.969097,1774014300000
586.3,587.34,585.235,585.58,5435782.738717001,1774015200000
585.57,586.59,585.44,585.945,2780898.494009,1774016100000
585.97,587.28,585.79,586.25,3536927.586519,1774017000000
586.26,586.75,584.97,585.9,4995356.768922,1774017900000
585.8987,587.04,585.1,586.72,2394734.159198,1774018800000
586.72,587.63,585.35,585.75,3902145.535112,1774019700000
585.78,586.67,585.54,586.53,1515432.9811889995,1774020600000
586.52,587.14,585.94,586.91,1287427.2700230002,1774021500000
586.91,587.94,586.68,587.4801,2042270.990438,1774022400000
587.5,587.93,586.65,586.745,1769683.5268450002,1774023300000
586.75,586.75,585.52,585.79,2576214.507504,1774024200000
585.78,586.59,585.08,585.94,1643501.02176,1774025100000
585.94,586.42,584.83,585.49,1506591.021094,1774026000000
585.52,585.73,584.88,585.04,1230567.356605,1774026900000
585.05,585.215,583.43,583.86,2092734.663676,1774027800000
583.87,584.62,583.38,584.48,2107407.192346,1774028700000
584.48,584.71,583.605,583.845,1631792.848755,1774029600000
583.85,583.95,582.11,582.87,3121726.135057,1774030500000
582.86,583.055,581.46,581.555,2533704.972196,1774031400000
581.55,581.87,581.06,581.55,2577496.340383,1774032300000
581.57,582.15,580.85,581.36,2616813.9990600003,1774033200000
581.36,581.66,580.47,580.7,3467033.1969570005,1774034100000
580.7,581.06,578.54,580.495,6063090.568453999,1774035000000
580.48,582.11,579.685,582.11,9585811.986707,1774035900000
590.52,592.25,589.001,590.5699,6553743.7170750005,1774272600000
590.59,593.17,590.3501,592.98,3599256.6896549994,1774273500000
592.98,593.51,591.23,593.08,3667837.024508,1774274400000
593.09,595.0799,593.04,593.865,4223496.136216,1774275300000
593.86,594.31,592.86,593.02,2176064.120842,1774276200000
593.01,594.09,592.46,593.21,2646695.288081,1774277100000
593.24,595.08,593.0,594.49,2699763.5022670003,1774278000000
594.47,594.62,592.91,593.22,2463392.802961,1774278900000
593.24,593.7,591.0,591.48,2775130.268973,1774279800000
591.48,591.485,587.49,587.73,4153419.32162,1774280700000
587.73,589.8,587.67,589.4,3460607.4216940003,1774281600000
589.38,589.56,585.96,586.21,5614931.371543,1774282500000
586.21,588.27,586.06,588.05,4079986.737782999,1774283400000
588.06,588.79,586.97,587.445,2676278.205729,1774284300000
587.45,588.04,586.82,587.145,2200381.049645,1774285200000
587.14,587.51,586.07,587.15,1950858.109544,1774286100000
587.14,589.94,587.12,588.56,3092902.188983,1774287000000
588.6,589.99,587.95,589.845,1511212.4813770002,1774287900000
589.85,590.34,588.62,589.56,1964225.059115,1774288800000
589.59,589.86,589.0,589.33,1159912.157225,1774289700000
589.35,591.51,589.35,590.756,2638525.4197039995,1774290600000
590.75,591.2799,590.57,590.955,1166840.692279,1774291500000
590.97,591.03,590.43,590.4658,1255309.207111,1774292400000
590.47,590.665,589.64,589.98,1847933.17707,1774293300000
589.975,590.5167,589.82,590.5,1830250.139673,1774294200000
590.48,590.945,588.16,588.18,5011606.850724,1774295100000
584.81,586.28,582.05,582.92,4378978.383579,1774359000000
582.9267,584.18,581.93,583.88,2232514.868875,1774359900000
583.86,585.45,582.93,584.05,2821331.604049,1774360800000
584.04,584.65,583.06,583.63,2035381.668343,1774361700000
583.62,584.73,583.1,584.7,1666232.5354830003,1774362600000
584.69,586.95,583.1,584.52,4157759.207828,1774363500000
584.54,586.36,584.47,586.1699,1720699.16372,1774364400000
586.19,587.93,586.05,586.8674,1857110.052028,1774365300000
586.86,587.41,585.92,586.93,1236906.811472,1774366200000
586.89,587.74,585.55,585.77,1571903.9005250002,1774367100000
585.74,586.18,585.09,585.62,1394711.949199,1774368000000
585.61,586.99,585.56,586.64,1056607.0841829998,1774368900000
586.63,586.79,584.58,585.64,1165354.66685,1774369800000
585.64,586.27,584.86,585.47,1068976.730553,1774370700000
585.45,585.78,582.775,583.24,1898903.076671,1774371600000
583.21,583.62,582.7,583.51,1596943.7210159996,1774372500000
583.48,584.17,582.59,582.77,1767317.488704,1774373400000
582.775,584.8,582.6,584.55,2100047.167578,1774374300000
584.555,585.3,584.09,584.425,1242400.84914,1774375200000
584.44,585.3,583.73,584.9495,1440375.593515,1774376100000
584.94,587.038,584.65,585.83,2356774.993736,1774377000000
585.83,586.18,584.89,585.32,929998.548255,1774377900000
585.29,586.29,585.29,586.265,1008952.491072,1774378800000
586.27,586.36,585.05,585.09,1099278.801943,1774379700000
585.08,585.45,584.0899,584.47,1569781.098416,1774380600000
584.46,584.47,583.25,583.93,3091003.543796,1774381500000
589.14,591.37,589.0,589.5999,3797635.191155,1774445400000
589.6,589.97,587.44,587.62,3280539.7943070005,1774446300000
587.63,589.81,586.68,589.725,4248317.577069,1774447200000
589.7215,590.92,589.32,590.25,3726083.268522,1774448100000
590.26,591.06,589.7,590.54,2369582.938011,1774449000000
590.56,591.2,590.16,590.36,1382119.160251,1774449900000
590.36,590.59,588.03,588.05,2501619.391185,1774450800000
588.05,589.0443,585.69,588.99,5532026.188450999,1774451700000
589.0,589.43,587.0,587.64,2529244.492773,1774452600000
587.66,588.18,587.11,587.86,1678210.6906779998,1774453500000
587.84,588.06,586.71,587.4,1546873.873771,1774454400000
587.38,589.29,587.03,588.68,2290141.993559,1774455300000
588.65,589.57,588.24,589.24,1527409.910342,1774456200000
589.26,589.37,588.24,588.86,1126345.8950130004,1774457100000
588.86,589.38,587.85,588.71,1254464.1336840002,1774458000000
588.71,589.45,587.97,589.095,1017368.943178,1774458900000
589.1,590.57,588.59,589.97,1436357.9519910002,1774459800000
589.97,590.0,588.43,588.99,2068333.132847,1774460700000
588.98,589.3,588.52,589.07,1146641.770967,1774461600000
589.08,589.64,588.65,588.68,955295.498432,1774462500000
588.66,588.9,588.05,588.31,783800.586244,1774463400000
588.305,588.44,586.49,587.27,1793911.440116,1774464300000
587.26,587.28,586.26,587.22,2195178.7834750004,1774465200000
587.22,588.21,587.15,587.26,1606888.26096,1774466100000
587.2599,587.42,586.58,586.9603,1311392.381423,1774467000000
586.96,588.12,586.79,587.74,2757099.356243,1774467900000
582.6,582.635,580.45,582.5999,4409552.405342,1774531800000
582.6,584.41,582.19,583.99,4524586.300697001,1774532700000
584.01,584.63,582.89,583.95,4149569.378652,1774533600000
583.96,584.38,582.93,582.97,2460590.7381410003,1774534500000
582.96,584.2625,581.67,581.83,3754900.2060969993,1774535400000
581.84,582.23,579.65,581.35,4939275.969238,1774536300000
581.36,581.99,580.87,581.14,2095973.6196499995,1774537200000
581.14,581.29,580.5,580.88,1995613.799129,1774538100000
580.87,581.09,580.1,580.82,1707437.949276,1774539000000
580.83,581.91,580.61,581.07,1815027.672209,1774539900000
581.06,581.29,580.2,580.85,1493464.6368699998,1774540800000
580.84,580.84,578.9,579.04,2624986.0401470005,1774541700000
579.07,579.23,578.41,578.82,2543371.045678,1774542600000
578.82,579.04,578.17,578.82,1912991.782041,1774543500000
578.83,579.29,578.04,578.09,1395689.069051,1774544400000
578.085,578.48,577.27,577.805,1919886.378862,1774545300000
577.78,578.23,576.89,576.98,1649795.498516,1774546200000
576.99,577.13,575.31,575.531,2544855.0282789995,1774547100000
575.53,576.49,575.51,575.91,2113715.5026020003,1774548000000
575.92,576.18,575.17,575.235,1803564.5206,1774548900000
575.235,576.03,575.22,575.54,1936665.7100349995,1774549800000
575.53,576.2599,575.32,576.07,2349902.032403,1774550700000
576.08,576.16,574.66,574.9997,2630672.753765,1774551600000
575.0,575.49,574.61,575.1,2653156.582819,1774552500000
575.11,575.195,574.25,574.385,3888059.751172001,1774553400000
574.38,574.58,573.43,573.69,7112604.126798,1774554300000
570.81,571.02,567.9,569.2825,6610179.042056998,1774618200000
569.28,570.615,566.4,566.71,4204951.878022001,1774619100000
566.71,568.07,566.15,567.64,4186027.913857,1774620000000
567.63,568.47,566.49,566.53,2882135.587324,1774620900000
566.52,567.25,565.83,566.3,2446418.77811,1774621800000
566.32,567.985,565.66,567.36,2677990.104772,1774622700000
567.35,568.41,566.94,566.965,2442610.449271,1774623600000
566.97,568.69,566.09,568.45,3464103.8785840003,1774624500000
568.46,569.71,567.56,568.11,3483956.2425470003,1774625400000
568.11,568.95,568.01,568.2934,2299265.4277470005,1774626300000
568.3,568.46,566.88,567.47,2348574.1518840003,1774627200000
567.48,567.53,566.47,566.67,2186914.784494,1774628100000
566.67,566.85,565.74,566.47,1890783.224847,1774629000000
566.465,567.415,566.3,566.45,1513514.584655,1774629900000
566.45,567.76,565.79,566.265,2369139.037396,1774630800000
566.28,566.32,564.15,564.19,2177290.6703950004,1774631700000
564.17,564.915,563.78,563.91,2051957.6857470004,1774632600000
563.885,564.23,563.36,563.69,2443712.2325130003,1774633500000
563.69,563.82,562.92,563.37,2396501.971832,1774634400000
563.37,564.12,563.16,563.75,2288372.01624,1774635300000
563.73,564.56,563.35,563.83,2077075.910727,1774636200000
563.83,563.91,562.91,563.2299,2018462.107737,1774637100000
563.22,563.54,562.515,563.105,2448813.968316,1774638000000
563.11,563.725,562.86,563.02,2199941.779989,1774638900000
563.04,563.475,562.35,562.595,3254395.162561,1774639800000
562.59,563.475,561.57,562.5,6806927.724486,1774640700000
567.38,568.05,564.1,564.565,5907238.790551,1774877400000
564.56,564.87,562.11,562.37,3903868.767304,1774878300000
562.35,564.28,562.27,563.89,3021947.132219,1774879200000
563.89,564.13,562.66,562.925,1860173.6093100004,1774880100000
562.88,563.6,561.37,561.65,2464391.236833,1774881000000
561.65,564.189,561.57,564.145,2921644.7192940004,1774881900000
564.15,565.54,562.59,562.68,2483026.418909,1774882800000
562.71,563.695,561.845,563.0,2220253.979856,1774883700000
562.97,564.9099,562.6,564.73,2272535.474886,1774884600000
564.74,565.48,563.91,564.055,1953019.4714260004,1774885500000
564.05,564.18,562.5,563.1101,2037481.927167,1774886400000
563.083,563.11,561.61,561.6625,1784005.716492,1774887300000
561.67,562.6298,561.49,562.2899,1706937.9937689996,1774888200000
562.29,562.537,561.69,561.97,1338020.210775,1774889100000
561.96,562.41,560.92,561.01,2140031.633307,1774890000000
561.01,561.195,559.65,559.7699,2318742.931551,1774890900000
559.77,560.66,559.12,560.52,2167155.71999,1774891800000
560.51,561.14,559.68,560.1,2242354.716963,1774892700000
560.095,560.14,559.21,559.665,1637992.419811,1774893600000
559.65,560.08,558.71,558.74,1442232.682986,1774894500000
558.75,559.69,558.7,558.77,1520361.839057,1774895400000
558.77,559.09,557.77,557.91,2412410.887106,1774896300000
557.91,558.15,555.91,556.105,3359310.8576680003,1774897200000
556.095,556.55,555.6,555.89,1796794.000321,1774898100000
555.89,557.15,555.62,556.95,2542785.379464,1774899000000
556.95,558.98,556.8701,558.29,4966822.6816960005,1774899900000
564.29,566.35,564.23,565.1,5755187.236175001,1774963800000
565.12,568.83,565.12,568.755,3885073.511632,1774964700000
568.74,569.05,567.02,567.728,3229675.3641989995,1774965600000
567.71,568.98,567.23,568.74,3428356.021412,1774966500000
568.74,569.21,566.58,566.91,3144242.37762,1774967400000
566.9,567.2,564.21,564.97,3196757.390227,1774968300000
564.98,568.33,564.96,568.22,2850832.861877,1774969200000
568.2,568.54,566.73,566.9526,2220309.602194,1774970100000
566.94,567.62,566.15,566.75,1634372.394744,1774971000000
566.74,567.38,565.76,565.86,1555331.790132,1774971900000
565.83,567.93,565.61,567.51,1823829.779647,1774972800000
567.53,568.76,567.53,568.34,1675626.8494710005,1774973700000
568.34,575.71,567.89,573.83,6215989.427637,1774974600000
573.83,574.88,571.88,573.7399,4545458.985652,1774975500000
573.76,575.87,573.41,575.0895,3541114.467093,1774976400000
575.08,576.21,574.24,574.49,3422357.074654001,1774977300000
574.51,576.09,573.46,574.03,3672695.868272,1774978200000
574.02,574.9,573.114,573.45,1831153.298185,1774979100000
573.42,575.12,573.42,574.825,1918543.458509,1774980000000
574.82,575.55,574.26,575.04,2020891.005204,1774980900000
575.03,575.96,574.52,575.31,2765479.609149,1774981800000
575.33,576.14,575.315,575.78,3705146.936165,1774982700000
575.7701,576.53,575.24,576.38,2837086.118139,1774983600000
576.38,577.08,576.22,576.435,3438011.599907,1774984500000
576.45,577.35,576.29,577.06,4401653.2363,1774985400000
577.04,578.64,576.16,577.14,7979315.46052,1774986300000
581.48,584.026,580.42,581.66,5650411.864350001,1775050200000
581.66,582.73,580.8,582.1799,2916054.6483929995,1775051100000
582.18,583.5898,581.95,583.31,2963125.340698,1775052000000
583.31,584.36,583.02,583.83,2543581.7180079995,1775052900000
583.84,585.13,582.52,584.27,3527152.1786260004,1775053800000
584.279,585.8,583.57,585.57,3208809.3876060005,1775054700000
585.57,586.22,585.36,585.705,2753660.9007610003,1775055600000
585.72,586.16,585.295,585.31,2088280.778283,1775056500000
585.32,586.355,584.85,586.28,2402188.20647,1775057400000
586.27,587.18,586.08,586.875,2066597.90218,1775058300000
586.88,587.2,586.5,586.605,2086937.534924,1775059200000
586.5875,587.26,586.44,586.665,1508587.883379,1775060100000
586.68,587.24,586.27,587.18,1353339.468259,1775061000000
587.18,587.31,586.8782,587.0374,1017809.214576,1775061900000
587.05,587.739,586.9201,587.59,1741253.598761,1775062800000
587.5935,587.685,587.29,587.34,1289888.9785750003,1775063700000
587.34,587.55,586.68,586.83,1807317.506261,1775064600000
586.85,586.95,585.7,585.76,2111350.532219,1775065500000
585.7501,585.95,584.51,584.7899,3505953.3085500007,1775066400000
584.76,584.79,582.7,583.025,4503769.088576,1775067300000
583.03,584.27,582.3265,583.68,3827337.907373,1775068200000
583.67,583.81,582.88,583.17,1980409.128724,1775069100000
583.165,584.23,583.05,584.01,2173847.545087,1775070000000
584.03,585.3,583.765,585.03,3113601.791416,1775070900000
585.01,585.51,584.271,584.93,2897477.8018760006,1775071800000
584.92,585.25,583.7,584.26,6749836.998422001,1775072700000
573.97,575.2888,571.92,572.7,4936456.716297001,1775136600000
572.69,577.43,572.33,577.19,3741890.8342340006,1775137500000
577.2,578.77,576.23,578.03,3743877.95001,1775138400000
578.04,582.0,577.95,578.23,2767941.026443,1775139300000
578.23,586.05,577.97,584.49,5318701.3800530005,1775140200000
584.47,584.71,581.32,583.83,2601832.755135,1775141100000
583.82,584.74,582.13,583.944,1746960.082234,1775142000000
583.99,584.49,582.51,583.96,1524959.452036,1775142900000
583.99,584.7,582.93,584.1,1268940.4760899998,1775143800000
584.12,584.12,581.73,582.8703,1178792.212871,1775144700000
582.84,583.58,581.6,582.2901,942974.582683,1775145600000
582.32,582.61,580.97,581.6999,1259298.706874,1775146500000
581.67,583.85,581.27,583.1,1657140.757366,1775147400000
583.12,583.47,582.479,582.52,936401.742676,1775148300000
582.52,583.63,581.97,583.35,908894.93129,1775149200000
583.31,583.96,583.23,583.5399,923650.488873,1775150100000
583.52,583.66,582.61,582.93,868376.7532040001,1775151000000
582.93,582.98,581.14,581.81,1022042.678686,1775151900000
581.815,583.08,581.815,582.63,713644.796979,1775152800000
582.63,582.92,581.99,582.18,674527.491339,1775153700000
582.21,583.16,582.05,582.95,795616.6605479999,1775154600000
582.96,583.54,582.78,582.9642,891022.7790590001,1775155500000
582.99,583.96,582.93,583.53,897609.6771880001,1775156400000
583.53,583.6499,582.8401,583.129,995492.867805,1775157300000
583.12,583.69,582.91,583.1,1002232.286353,1775158200000
583.11,585.09,582.9701,585.0,3164363.76009,1775159100000
586.23,588.78,585.73,587.6999,3312781.712162,1775482200000
587.7,589.67,587.63,589.5501,2224895.345423,1775483100000
589.56,590.61,586.32,588.215,2724443.8163440004,1775484000000
588.26,589.15,587.94,588.52,1350891.4619620002,1775484900000
588.51,589.13,586.67,587.34,2106580.912041,1775485800000
587.32,587.6286,586.08,587.14,1528578.63846,1775486700000
587.15,587.89,586.82,587.315,1132983.9186890002,1775487600000
587.33,587.55,586.22,586.54,689654.121242,1775488500000
586.54,586.93,585.81,586.83,982583.555866,1775489400000
586.81,587.75,586.66,587.53,996575.894,1775490300000
587.555,587.66,586.59,587.0887,608948.0412989999,1775491200000
587.09,587.54,586.825,587.2745,699813.7736290001,1775492100000
587.28,588.1,587.04,587.82,800104.5297690001,1775493000000
587.83,588.0526,587.06,587.21,636288.84576,1775493900000
587.21,587.2799,584.69,585.26,1776233.9593410003,1775494800000
585.25,587.29,585.045,587.15,1089222.431818,1775495700000
587.16,587.79,586.5,586.804,968573.8338609998,1775496600000
586.78,586.8,586.08,586.1,590528.960422,1775497500000
586.12,587.61,585.7,587.09,1094200.880476,1775498400000
587.1,588.495,587.04,587.98,1320188.514249,1775499300000
587.98,588.35,587.54,587.8399,622192.2341260001,1775500200000
587.84,588.26,587.74,588.2,499954.1400660001,1775501100000
588.2,588.285,587.71,588.0501,686781.8176819999,1775502000000
588.05,588.155,587.76,587.855,493072.99128500005,1775502900000
587.85,588.16,587.64,588.04,847045.538679,1775503800000
588.01,588.83,587.81,588.52,2065229.430782,1775504700000
585.64,587.06,584.34,584.545,2382661.283665,1775568600000
584.56,584.7578,582.6501,582.71,1947015.041957,1775569500000
582.68,582.91,579.69,580.67,3027970.855137999,1775570400000
580.66,582.97,580.5601,582.4,2033536.8106800003,1775571300000
582.43,583.24,581.2203,581.58,1268084.5034629998,1775572200000
581.55,582.74,579.98,580.025,1543472.9793310002,1775573100000
580.03,580.26,578.4001,579.9,2036515.511566,1775574000000
579.95,581.88,579.75,581.39,1304312.938205,1775574900000
581.39,582.05,580.83,581.13,1072307.04077,1775575800000
581.13,582.98,581.08,582.4,734423.1097100001,1775576700000
582.455,585.54,582.36,583.63,1680047.890801,1775577600000
583.63,585.28,583.36,584.4,1296428.645682,1775578500000
584.38,584.89,584.04,584.75,680597.0066820001,1775579400000
584.78,585.62,584.62,584.69,821557.8167130001,1775580300000
584.68,585.55,584.4,584.65,840564.2965700001,1775581200000
584.66,584.92,583.9,584.32,1268382.578807,1775582100000
584.32,586.99,584.21,585.36,1345266.900841,1775583000000
585.35,585.9199,585.01,585.23,801902.9097060001,1775583900000
585.22,585.5399,584.58,584.86,682917.148167,1775584800000
584.85,585.2492,584.3,584.46,657253.7901100001,1775585700000
584.4507,584.71,583.51,583.815,782496.3009830001,1775586600000
583.8101,583.8899,581.66,582.26,1581408.327326,1775587500000
582.26,583.075,581.82,583.0099,1981793.791719,1775588400000
583.01,586.94,582.85,585.05,2913329.578687,1775589300000
584.96,586.015,584.42,585.6078,1148746.095056,1775590200000
585.59,588.98,585.1901,588.69,4339176.927077999,1775591100000
608.71,609.9,606.0,606.235,6767318.96715,1775655000000
606.23,607.72,605.41,605.78,4732410.721786,1775655900000
605.81,606.33,604.86,605.6752,3411651.5744160004,1775656800000
605.69,606.06,605.06,605.15,2091692.633253,1775657700000
605.2,605.44,604.52,604.6,2109578.047828,1775658600000
604.63,604.76,602.12,603.685,2870442.7613220005,1775659500000
603.71,604.92,603.3501,604.4,1930333.004519,1775660400000
604.4,604.79,603.5693,604.17,1155260.05252,1775661300000
604.21,605.37,604.0,605.27,1815210.775819,1775662200000
605.28,606.04,605.28,605.79,1477993.919367,1775663100000
605.78,606.7,605.75,605.86,1311523.452928,1775664000000
605.86,606.28,605.4,606.2,1323170.488845,1775664900000
606.21,607.24,606.04,607.09,992314.259719,1775665800000
607.09,607.705,607.03,607.35,1104548.644704,1775666700000
607.35,607.695,606.8,606.9,852565.630752,1775667600000
606.895,607.0499,605.6601,605.895,1560132.050083,1775668500000
605.88,606.3,605.495,606.17,1099651.58569,1775669400000
606.16,606.34,605.96,606.2039,1306883.972295,1775670300000
606.2,607.1,605.83,606.85,1670062.581261,1775671200000
606.85,607.09,604.73,605.24,2333357.204369,1775672100000
605.24,605.66,604.24,604.3299,1233173.167275,1775673000000
604.32,604.63,602.67,602.7853,1866220.7313220005,1775673900000
602.77,604.215,602.55,604.13,2125130.309186,1775674800000
604.115,604.22,602.863,602.93,1576902.691518,1775675700000
602.9,604.35,602.885,604.28,2060634.7525110005,1775676600000
604.25,606.15,604.23,605.89,4028386.930934,1775677500000
605.93,606.64,604.47,606.44,2208934.187672,1775741400000
606.46,606.67,604.12,604.685,1984497.137095,1775742300000
604.74,605.33,604.02,604.27,1364402.789778,1775743200000
604.26,604.27,603.09,603.53,1703375.8996490005,1775744100000
603.525,603.93,603.03,603.67,1176216.849878,1775745000000
603.65,605.25,603.6499,604.975,997223.902085,1775745900000
604.95,605.88,604.379,605.76,886691.653857,1775746800000
605.75,606.51,605.27,605.37,1378873.011796,1775747700000
605.38,607.69,605.1509,607.03,2042396.82256,1775748600000
607.0301,608.76,606.62,608.57,1527940.6558899998,1775749500000
608.57,610.36,608.54,609.0,2047859.158422,1775750400000
609.04,609.83,608.9,609.19,983869.268051,1775751300000
609.2,609.28,608.0498,608.38,1005682.005955,1775752200000
608.35,609.11,607.911,608.7101,839687.896428,1775753100000
608.73,609.82,608.52,609.47,791128.41827,1775754000000
609.5,610.08,609.32,609.3701,764920.88311,1775754900000
609.37,610.16,608.5601,609.6301,1341248.409861,1775755800000
609.67,609.88,609.24,609.445,604175.250443,1775756700000
609.46,609.565,607.65,608.25,1427226.778944,1775757600000
608.23,608.6399,607.5,607.9237,803864.4811019999,1775758500000
607.93,608.64,607.53,608.13,687976.977652,1775759400000
608.09,608.57,607.9219,608.3699,637316.175548,1775760300000
608.37,609.57,608.27,609.34,1001656.396536,1775761200000
609.34,609.52,608.94,609.38,958801.025347,1775762100000
609.37,610.135,609.35,609.97,1278352.9510109995,1775763000000
609.98,610.5,609.81,610.04,3017348.4957140004,1775763900000
611.84,613.11,611.24,612.01,2237333.068455,1775827800000
612.0292,612.74,611.455,611.87,1487792.853521,1775828700000
611.86,612.07,610.66,611.985,1629896.3701759998,1775829600000
611.98,612.68,611.73,612.42,1377948.1657989998,1775830500000
612.43,613.21,611.5904,611.91,1675006.670557,1775831400000
611.915,612.86,611.7,612.7,1205409.412996,1775832300000
612.67,613.15,612.12,613.1,850284.532635,1775833200000
613.11,613.67,612.5,612.5999,1059598.020005,1775834100000
612.6,612.81,611.12,611.56,1109585.123568,1775835000000
611.55,611.81,610.14,610.6,1147146.623927,1775835900000
610.61,611.49,610.22,611.29,1829466.853919,1775836800000
611.3,611.495,610.745,610.8599,944011.2007,1775837700000
610.86,611.06,609.58,609.69,694344.7515080001,1775838600000
609.705,610.75,609.66,610.62,858559.9816839999,1775839500000
610.62,610.64,609.7201,610.2,489611.8333189999,1775840400000
610.21,610.4,609.73,609.86,405230.86959700007,1775841300000
609.85,610.4,609.61,610.34,535331.772837,1775842200000
610.35,610.855,610.21,610.78,502929.114186,1775843100000
610.78,610.82,610.0,610.38,541277.756829,1775844000000
610.4,610.985,610.39,610.645,542625.6554630001,1775844900000
610.65,610.728,610.0,610.19,551988.298806,1775845800000
610.18,610.55,610.11,610.5105,365791.950698,1775846700000
610.52,611.32,610.48,611.295,1316135.711388,1775847600000
611.3,611.48,611.06,611.32,1132728.045243,1775848500000
611.31,611.31,610.46,610.89,1113777.633281,1775849400000
610.87,611.17,610.46,611.02,3812637.637257,1775850300000
609.48,609.96,608.465,608.61,2241992.3655510005,1776087000000
608.63,611.72,608.11,611.64,2458247.982717,1776087900000
611.69,612.25,610.87,611.0262,1812623.963536,1776088800000
611.0,611.42,610.16,611.37,941478.833963,1776089700000
611.375,611.92,610.94,611.87,690606.33415,1776090600000
611.88,612.88,611.32,612.71,1228161.589146,1776091500000
612.71,612.725,611.63,612.21,776299.1316989999,1776092400000
612.235,612.43,611.72,611.7999,576618.0040469998,1776093300000
611.76,612.78,611.45,611.9528,588570.7609130001,1776094200000
611.95,612.15,611.42,611.69,428701.0984840001,1776095100000
611.695,612.53,611.07,611.84,1017841.1523009998,1776096000000
611.835,613.76,611.62,613.49,852238.5115230001,1776096900000
613.5,614.43,612.57,613.4199,1313613.14927,1776097800000
613.4,614.71,613.2501,614.145,2573922.748482,1776098700000
614.17,614.42,613.82,614.2,556486.957856,1776099600000
614.215,614.83,614.1501,614.6,957174.15535,1776100500000
614.59,614.7901,614.27,614.371,601708.2089799999,1776101400000
614.38,614.39,613.86,613.995,504124.909457,1776102300000
614.0,614.49,614.0,614.2801,456346.1170449999,1776103200000
614.28,614.33,613.81,613.89,456344.665473,1776104100000
613.88,614.49,613.83,614.46,531289.775314,1776105000000
614.46,615.2,614.46,614.98,826620.0314740001,1776105900000
614.98,615.19,614.66,614.8,440877.084684,1776106800000
614.81,615.4,614.7401,615.34,635184.485121,1776107700000
615.33,615.9699,615.1591,615.5,1102037.357986,1776108600000
615.49,626.74,615.29,617.32,3896980.889447,1776109500000
620.22,622.55,620.1,622.42,4109816.556868,1776173400000
622.4,622.7599,621.66,621.7699,2433208.834582,1776174300000
621.74,623.1,621.54,623.0373,2169199.9107890003,1776175200000
623.03,623.78,622.79,623.71,1651621.6680560005,1776176100000
623.77,624.01,623.17,623.3,1559565.999682,1776177000000
623.295,624.11,623.26,623.81,1467155.856823,1776177900000
623.8,623.82,622.76,623.3,1460819.9494200002,1776178800000
623.31,624.77,623.25,624.47,2416116.729512,1776179700000
624.47,626.11,624.45,625.16,2193988.076691,1776180600000
625.15,626.02,625.12,625.44,1757323.2966980005,1776181500000
625.43,625.94,625.38,625.8393,1112263.2374969998,1776182400000
625.84,626.8094,625.83,626.7,1827018.028076,1776183300000
626.72,626.85,626.23,626.66,1479067.750571,1776184200000
626.67,626.96,626.16,626.37,1039034.0111699998,1776185100000
626.376,626.695,626.32,626.63,1177726.131577,1776186000000
626.63,627.47,626.57,627.08,1324462.2319649998,1776186900000
627.08,627.68,627.03,627.575,1156350.825299,1776187800000
627.58,627.7,627.27,627.42,1328599.714276,1776188700000
627.425,627.58,626.89,626.93,989802.21575,1776189600000
626.93,626.98,625.68,626.26,1860271.182847,1776190500000
626.26,626.87,626.14,626.23,1037052.801431,1776191400000
626.23,626.4744,626.06,626.4487,1002234.155985,1776192300000
626.44,627.7,626.3756,627.43,1312972.324203,1776193200000
627.44,628.18,627.4399,628.115,1359731.553425,1776194100000
628.1,628.31,627.46,627.76,1391957.7027459997,1776195000000
627.755,628.6,627.36,628.57,4347949.896266,1776195900000
629.08,630.0,628.2,628.32,3724845.551976,1776259800000
628.39,630.27,628.38,630.225,1846700.395118,1776260700000
630.26,630.76,629.735,630.73,1614655.882677,1776261600000
630.71,631.73,630.26,631.725,1537225.7725190003,1776262500000
631.73,632.22,631.13,632.04,1923237.958343,1776263400000
632.04,632.77,631.87,632.47,1274622.106675,1776264300000
632.5,633.07,631.8901,633.01,1376049.8815940002,1776265200000
633.0,633.4,632.85,633.175,1040269.509772,1776266100000
633.17,633.6,632.56,633.44,1524689.763137,1776267000000
633.42,633.74,633.02,633.2799,1256502.762879,1776267900000
633.27,633.9,633.04,633.795,792972.277637,1776268800000
633.795,634.5701,633.66,633.705,1541451.1253689998,1776269700000
633.72,633.8,631.95,632.0,2164551.262713,1776270600000
632.005,632.49,630.95,631.96,2800027.966353,1776271500000
631.9696,632.87,631.78,632.61,2024040.389055,1776272400000
632.6299,633.29,632.47,633.015,743298.778963,1776273300000
633.0,633.8,632.75,632.9043,1358839.5445299998,1776274200000
632.94,633.64,632.94,633.08,1265349.482927,1776275100000
633.07,634.52,632.68,634.3499,1771590.657533,1776276000000
634.33,634.69,634.04,634.4793,825038.378285,1776276900000
634.49,635.425,634.485,635.0499,1474193.4664619998,1776277800000
635.06,636.08,635.0404,635.81,1366090.8794580002,1776278700000
635.8099,636.39,635.5401,635.85,1437236.002914,1776279600000
635.86,636.66,635.84,636.63,1083040.251636,1776280500000
636.62,637.16,636.48,636.665,2155311.608299,1776281400000
636.64,637.83,636.47,637.365,4573737.338327,1776282300000
639.21,639.58,636.9716,638.15,2777290.0752120004,1776346200000
638.14,638.14,635.255,636.35,2334099.806426,1776347100000
636.33,637.9,635.6001,637.235,2087156.124235,1776348000000
637.29,637.5088,636.12,637.1,1334980.595812,1776348900000
637.1,638.07,637.04,638.0,935470.1244640003,1776349800000
638.0,638.8,637.75,638.36,1479990.438413,1776350700000
638.36,640.34,638.36,639.94,1701412.156559,1776351600000
639.93,640.75,639.65,639.65,1824354.17282,1776352500000
639.68,641.67,639.5,640.62,1457737.400917,1776353400000
640.63,641.5993,640.01,641.53,1291652.555042,1776354300000
641.51,641.94,641.3201,641.93,1127398.763316,1776355200000
641.935,642.18,641.0501,641.12,996433.3367039998,1776356100000
641.13,641.22,639.019,640.59,1497137.012765,1776357000000
640.5901,641.14,639.97,640.04,956908.662344,1776357900000
640.07,640.23,639.29,639.3147,666548.257684,1776358800000
639.32,640.43,639.05,640.13,852142.6596,1776359700000
640.14,640.85,639.86,640.76,1279760.127465,1776360600000
640.765,640.92,639.2,639.755,974837.968631,1776361500000
639.75,640.31,638.11,638.72,1317478.9334870002,1776362400000
638.71,638.92,637.2,637.6001,972305.32376,1776363300000
637.61,639.285,637.59,639.12,1833225.605217,1776364200000
639.0828,639.49,638.71,639.14,1373025.274423,1776365100000
639.15,639.84,639.09,639.31,845352.5584070001,1776366000000
639.2972,639.7,639.28,639.35,751384.9297439998,1776366900000
639.35,640.22,639.2209,639.92,1154115.960481,1776367800000
639.91,640.89,639.71,640.41,3775678.625782,1776368700000
645.59,646.27,644.07,645.89,3390733.4455680004,1776432600000
645.88,646.66,644.11,646.45,2974504.5042,1776433500000
646.46,647.53,646.29,647.35,2190898.853604,1776434400000
647.36,647.38,646.15,646.63,2303202.674479,1776435300000
646.64,648.98,646.635,648.82,2274705.117069,1776436200000
648.85,649.41,648.11,648.76,1609224.5263069998,1776437100000
648.78,649.42,648.35,648.58,1643477.018012,1776438000000
648.57,649.26,648.26,649.07,1251776.7388180003,1776438900000
649.08,649.9,648.42,648.44,1767537.470649,1776439800000
648.47,649.29,648.03,648.15,3262341.4326250004,1776440700000
648.15,649.515,647.86,649.155,2940803.008355,1776441600000
649.15,649.4199,648.58,649.35,1146623.625463,1776442500000
649.375,649.99,649.37,649.77,1543354.177211,1776443400000
649.77,650.0,649.33,649.4507,594358.4450920001,1776444300000
649.46,649.87,648.37,649.0,1070786.051536,1776445200000
649.02,649.1701,646.48,647.3799,1934316.6782010004,1776446100000
647.35,648.13,647.09,647.83,1274600.759818,1776447000000
647.8,648.75,647.8,648.21,1356841.904311,1776447900000
648.21,648.53,647.07,647.2599,1220802.7128420002,1776448800000
647.24,648.28,646.94,647.6524,1183648.770668,1776449700000
647.66,648.35,647.65,648.18,814429.704853,1776450600000
648.18,648.36,647.21,647.65,1493771.9732730004,1776451500000
647.65,647.92,647.01,647.21,898808.9405290001,1776452400000
647.2,647.93,647.16,647.52,1135271.0217950002,1776453300000
647.52,648.715,647.5199,648.605,1373440.130872,1776454200000
648.6,648.85,647.84,648.73,3323119.863723,1776455100000
648.04,648.76,646.47,646.8909,2464911.073731,1776691800000
646.89,648.21,646.08,647.655,1243988.845223,1776692700000
647.67,647.82,646.56,647.0701,1098434.6810469998,1776693600000
647.03,647.5,646.1,646.405,1177917.1834419998,1776694500000
646.39,646.6594,645.45,645.605,6156719.360861001,1776695400000
645.6,646.17,643.58,644.15,2772656.5756770005,1776696300000
644.16,644.74,642.52,643.76,2306990.852123,1776697200000
643.77,645.9,643.445,645.65,1365197.678056,1776698100000
645.67,645.67,644.42,644.61,1170213.11104,1776699000000
644.62,645.035,644.08,644.67,705815.862107,1776699900000
644.67,645.26,644.23,645.1,761479.5637040001,1776700800000
645.09,645.39,644.51,645.08,742214.186426,1776701700000
645.11,645.66,644.87,645.34,453598.546648,1776702600000
645.32,645.55,644.9389,645.17,443461.369035,1776703500000
645.19,645.69,644.75,645.59,671900.4262169999,1776704400000
645.57,646.09,645.46,645.61,688285.231815,1776705300000
645.6,646.19,645.31,645.885,582997.237838,1776706200000
645.88,646.31,645.7716,645.86,438390.054558,1776707100000
645.9,646.43,645.62,646.26,612853.564287,1776708000000
646.28,646.71,646.1001,646.49,633026.635657,1776708900000
646.5,646.61,645.935,646.29,580495.1212570001,1776709800000
646.3,646.81,646.17,646.43,1063247.641242,1776710700000
646.44,646.67,646.33,646.61,590458.09382,1776711600000
646.6,646.67,646.15,646.3298,498135.8492450001,1776712500000
646.31,646.57,646.06,646.17,766751.9623990001,1776713400000
646.15,646.95,645.92,646.8,2590768.9907059995,1776714300000
648.41,649.09,646.0,647.4348,2692040.941276,1776778200000
647.44,649.09,646.83,649.08,1668527.9046919998,1776779100000
649.1,650.02,648.66,649.5,1650159.3093540005,1776780000000
649.51,650.2,648.53,649.1682,1237668.217132,1776780900000
649.16,649.58,648.61,648.76,771740.2541159999,1776781800000
648.76,648.86,646.49,646.62,1757787.118121,1776782700000
646.63,647.46,644.88,647.21,2118487.458324,1776783600000
647.2213,647.84,645.92,646.31,1239186.599017,1776784500000
646.3,647.14,645.58,646.58,696748.2476670002,1776785400000
646.6,647.23,646.12,646.51,957265.9047909998,1776786300000
646.575,647.74,646.252,646.5401,1030367.3369840002,1776787200000
646.54,647.05,645.8,645.86,581805.728511,1776788100000
645.85,646.85,645.0552,645.31,750870.417906,1776789000000
645.31,646.1201,644.97,645.04,648345.949343,1776789900000
645.06,645.89,643.76,644.38,1441793.6492110002,1776790800000
644.43,644.66,643.365,644.1796,1398402.455375,1776791700000
644.18,647.42,644.12,646.39,1387044.9926859995,1776792600000
646.395,646.46,645.21,645.71,722910.708358,1776793500000
645.7101,646.48,645.7101,646.295,683484.42756,1776794400000
646.29,646.52,644.78,645.22,846943.02905,1776795300000
645.21,645.935,645.21,645.48,352300.922876,1776796200000
645.49,646.89,644.915,646.335,984768.215867,1776797100000
646.34,647.48,646.21,646.58,1232628.099914,1776798000000
646.63,647.69,646.21,647.63,990056.862925,1776798900000
647.66,647.83,642.21,642.75,2685534.1363040004,1776799800000
642.74,644.5,642.65,644.3,4408162.143005,1776800700000
650.15,650.46,648.5465,649.48,1755863.8690139998,1776864600000
649.47,650.12,648.52,649.7501,1487873.4128079996,1776865500000
649.75,651.19,649.47,651.14,2159055.841405,1776866400000
651.14,652.79,651.14,652.76,1815324.285968,1776867300000
652.75,653.18,651.68,652.26,2493781.45947,1776868200000
652.26,652.78,651.715,652.35,1096260.540577,1776869100000
652.34,652.655,651.61,652.41,1214750.765644,1776870000000
652.435,653.23,652.1825,652.78,684981.99869,1776870900000
652.77,653.14,652.25,652.28,676266.0788629998,1776871800000
652.2799,653.11,652.14,652.55,1065382.3464709998,1776872700000
652.56,653.12,652.26,652.98,567010.7267059999,1776873600000
652.99,653.1049,652.33,652.44,536255.617743,1776874500000
652.41,652.83,652.06,652.27,742554.526813,1776875400000
652.2699,652.67,652.03,652.25,472831.842432,1776876300000
652.23,653.9,652.23,653.4501,1137836.707223,1776877200000
653.48,654.25,653.23,653.71,820389.171367,1776878100000
653.73,654.12,653.685,654.0499,687546.2055740001,1776879000000
654.05,654.23,653.56,653.78,970793.992207,1776879900000
653.79,654.04,653.62,653.78,502478.44707800006,1776880800000
653.76,653.76,652.8895,653.05,1313747.8472910002,1776881700000
653.055,653.74,653.0,653.69,447026.6440140001,1776882600000
653.69,654.05,653.32,653.3991,535040.2320389999,1776883500000
653.4,653.94,652.53,653.83,1171021.340431,1776884400000
653.83,654.4291,653.81,654.14,1009714.661287,1776885300000
654.14,654.435,653.96,654.415,1007310.908766,1776886200000
654.42,655.33,654.34,655.08,5152509.726623001,1776887100000
653.55,654.83,652.31,654.57,1926188.219843,1776951000000
654.56,655.62,653.5499,653.58,1427184.941346,1776951900000
653.58,653.9,652.4,652.91,1180379.788575,1776952800000
652.9,653.89,652.85,653.54,1287676.8735379996,1776953700000
653.545,654.56,653.2902,654.0,867954.361033,1776954600000
654.02,655.6998,654.0101,655.41,958180.577306,1776955500000
655.42,656.33,655.42,656.05,881565.9639740001,1776956400000
656.0401,656.78,655.765,656.33,792872.5843750001,1776957300000
656.32,656.92,655.97,656.075,691617.5514219999,1776958200000
656.08,656.09,654.65,655.4075,950943.659033,1776959100000
655.42,655.579,654.12,655.1596,568647.83142,1776960000000
655.14,655.69,654.81,655.31,575181.3357540001,1776960900000
655.31,656.02,655.2,655.6,743120.3023430001,1776961800000
655.61,655.89,654.96,655.26,523202.250621,1776962700000
655.28,655.53,651.34,651.87,2373402.208674,1776963600000
651.87,651.87,649.8,650.065,2333113.7513120007,1776964500000
650.11,651.97,647.0001,647.4051,2749442.314283,1776965400000
647.39,650.6,645.52,650.28,4134442.162109,1776966300000
650.28,651.9,649.85,651.205,1804060.61694,1776967200000
651.19,651.8,650.78,651.675,673249.416175,1776968100000
651.68,652.74,651.31,651.91,991395.6936389998,1776969000000
651.915,651.915,649.38,649.85,801350.753324,1776969900000
649.8,650.86,649.34,650.825,839530.5377250001,1776970800000
650.84,651.38,650.8001,651.11,791451.073955,1776971700000
651.11,651.6199,649.69,649.98,1112012.065849,1776972600000
649.9901,651.8499,649.35,651.41,2529516.502872,1776973500000
658.51,659.695,657.72,658.5999,3532720.903962,1777037400000
658.62,659.5199,656.5301,658.0201,2043814.716816,1777038300000
658.02,659.85,657.234,659.03,1793118.44035,1777039200000
659.05,659.74,657.92,658.2,1491125.056928,1777040100000
658.24,659.6,657.46,659.46,1169643.6460349998,1777041000000
659.48,660.55,658.92,660.385,2117766.258928,1777041900000
660.4,661.04,660.31,661.03,1452929.756908,1777042800000
661.03,661.37,660.48,661.2,1442968.648896,1777043700000
661.23,663.27,660.77,662.72,1639427.0279089997,1777044600000
662.71,663.435,661.66,662.94,2126209.037061,1777045500000
662.91,663.12,662.06,662.61,1023256.607099,1777046400000
662.6,663.27,662.21,663.0,1136485.246348,1777047300000
663.0,663.7399,662.485,662.84,957993.255042,1777048200000
662.82,663.5,662.66,663.26,561087.34962,1777049100000
663.3,663.58,663.05,663.22,803155.130843,1777050000000
663.23,663.25,662.225,662.62,662851.4677110001,1777050900000
662.6,663.51,662.32,663.38,670690.4935809999,1777051800000
663.38,664.51,663.3,663.81,957511.436667,1777052700000
663.8,664.06,663.1701,663.4,630116.384232,1777053600000
663.4,663.46,662.67,662.76,967488.429794,1777054500000
662.78,663.57,662.7,663.23,915292.003731,1777055400000
663.23,663.36,662.93,663.27,1044960.879082,1777056300000
663.27,664.17,663.265,664.09,1196751.7091710002,1777057200000
664.09,664.38,663.54,663.63,1521047.259173,1777058100000
663.63,663.73,663.2,663.51,1315800.2552530004,1777059000000
663.51,664.24,663.32,663.93,5321994.302193,1777059900000
663.4,663.95,662.06,662.87,3324105.171104,1777296600000
662.85,663.51,660.69,663.2,2365863.0545350006,1777297500000
663.2,663.41,661.91,662.925,1754228.220391,1777298400000
662.88,663.0,662.04,662.17,983493.9802299998,1777299300000
662.17,663.28,661.27,662.6,2061290.273745,1777300200000
662.64,662.9,661.84,662.38,914713.722055,1777301100000
662.39,662.64,661.51,661.71,783294.840302,1777302000000
661.7,662.1999,660.94,661.805,820137.135267,1777302900000
661.83,662.73,661.595,662.475,782907.5516680001,1777303800000
662.455,662.6681,661.92,662.34,609152.9888869999,1777304700000
662.39,662.76,661.9,662.555,616717.7949930001,1777305600000
662.55,662.91,662.44,662.58,833455.1545310001,1777306500000
662.58,663.33,662.58,663.08,599203.635203,1777307400000
663.075,663.32,662.65,662.94,341497.799008,1777308300000
662.935,663.5,662.935,663.48,1045790.3674830002,1777309200000
663.49,663.66,662.65,663.47,694482.971102,1777310100000
663.44,664.09,663.44,663.9,752912.553915,1777311000000
663.91,664.1225,663.57,663.86,573537.273827,1777311900000
663.84,664.03,663.59,663.9,751065.638245,1777312800000
663.89,664.04,663.73,663.86,1933903.103394,1777313700000
663.85,664.375,663.33,663.44,1076866.489128,1777314600000
663.44,663.48,662.96,663.19,487554.599272,1777315500000
663.17,663.54,662.93,663.49,1171493.293018,1777316400000
663.5,663.84,663.47,663.6901,816780.074414,1777317300000
663.71,664.0195,663.43,663.87,1443723.4252209996,1777318200000
663.87,664.43,663.85,664.28,1810980.401973,1777319100000
657.41,659.38,655.275,658.755,3971304.4216,1777383000000
658.76,659.64,657.0,658.47,1699350.9598849998,1777383900000
658.38,659.2,657.68,658.55,1095617.10498,1777384800000
658.61,658.81,657.16,657.64,1304130.559404,1777385700000
657.66,657.93,654.56,656.01,1915531.68248,1777386600000
656.01,656.27,653.86,655.775,2008687.3598080005,1777387500000
655.76,656.42,654.34,655.89,1092043.850955,1777388400000
655.9,656.03,654.42,654.685,766033.1907079999,1777389300000
654.53,654.96,653.86,654.46,800321.4398640001,1777390200000
654.445,654.9,653.81,654.86,1036254.253038,1777391100000
654.88,655.65,654.5575,655.2793,1595041.696995,1777392000000
655.28,655.6789,654.91,655.255,558764.71897,1777392900000
655.27,655.44,654.2501,654.55,469125.616521,1777393800000
654.54,655.86,654.48,655.58,610417.3590480001,1777394700000
655.6,655.92,654.7014,655.28,580565.8982489998,1777395600000
655.29,655.79,654.7301,655.58,347538.78095700004,1777396500000
655.58,656.74,655.56,656.4493,589989.5370910001,1777397400000
656.44,657.03,656.31,656.9897,513912.426288,1777398300000
656.9701,657.12,656.46,656.97,536047.705058,1777399200000
656.97,657.96,656.38,657.81,898239.084699,1777400100000
657.81,657.93,657.2,657.89,546568.590374,1777401000000
657.8701,658.25,657.695,658.24,564907.1452200001,1777401900000
658.25,658.964,656.38,658.53,1179378.553582,1777402800000
658.54,658.54,657.71,658.03,803890.96272,1777403700000
658.0299,658.15,657.5001,657.87,738856.235948,1777404600000
657.85,658.07,657.27,657.57,3022420.218044,1777405500000
658.63,658.84,656.5899,657.965,1972056.091514,1777469400000
657.955,659.27,657.3503,658.9344,1344525.593143,1777470300000
658.92,659.145,657.9,658.78,879077.662152,1777471200000
658.784,660.28,658.5,660.0501,937765.300278,1777472100000
660.07,661.23,659.6031,660.9798,1335874.791597,1777473000000
660.98,661.11,660.4,660.91,692178.9455600001,1777473900000
660.92,661.07,658.95,659.17,1052351.737088,1777474800000
659.17,660.54,658.92,660.24,723750.556708,1777475700000
660.2499,660.68,659.97,660.33,608207.067581,1777476600000
660.3084,660.77,658.42,659.37,1430805.34026,1777477500000
659.36,660.16,659.15,659.53,714891.128816,1777478400000
659.53,659.76,658.38,658.46,745761.030982,1777479300000
658.43,658.875,657.281,658.51,886407.123009,1777480200000
658.52,658.92,658.04,658.41,838644.7289250001,1777481100000
658.455,658.81,657.69,658.53,342530.5199790001,1777482000000
658.5272,659.13,658.2,658.7068,509678.119994,1777482900000
658.79,659.13,658.54,658.88,509233.1086919999,1777483800000
658.89,659.6841,658.81,659.57,700014.103135,1777484700000
659.6,659.75,657.39,658.21,801351.642547,1777485600000
658.2,659.32,658.14,658.6291,579379.4978140001,1777486500000
658.63,659.99,657.96,658.2188,1180491.49049,1777487400000
658.2,660.81,657.74,660.69,1140229.9490700003,1777488300000
660.68,661.28,659.93,661.245,1102056.574864,1777489200000
661.24,661.72,660.73,661.055,1080616.0699549995,1777490100000
661.05,661.1297,660.01,660.23,1089688.383142,1777491000000
660.25,661.65,659.68,661.61,2593037.847763,1777491900000
665.35,665.415,660.2,662.0,3100133.0350360004,1777555800000
661.97,662.46,658.6,659.58,2931828.217649,1777556700000
659.6,660.95,658.52,659.73,1967217.655864,1777557600000
659.74,659.81,657.56,659.13,2254011.553195,1777558500000
659.07,660.24,657.77,659.55,1816498.474848,1777559400000
659.54,662.7,659.49,662.29,1361128.500061,1777560300000
662.32,663.64,662.24,663.3171,1306516.061311,1777561200000
663.34,663.6697,662.74,663.375,737581.1533580001,1777562100000
663.39,664.19,662.15,662.36,871713.191751,1777563000000
662.4,663.81,661.64,662.965,889294.358344,1777563900000
662.99,664.05,662.27,664.02,591929.747944,1777564800000
664.0,664.1,663.18,663.65,394088.743745,1777565700000
663.67,663.87,663.1,663.17,741610.9700389999,1777566600000
663.15,663.31,662.03,662.53,1443041.4366939997,1777567500000
662.57,664.57,662.55,664.43,1056614.348714,1777568400000
664.42,664.79,663.91,664.78,670509.7040980001,1777569300000
664.76,665.76,664.76,665.61,1324014.645275,1777570200000
665.62,666.82,665.61,666.68,1066859.532596,1777571100000
666.71,667.71,666.66,667.3599,1067638.007994,1777572000000
667.34,667.71,666.91,667.16,734909.3929529999,1777572900000
667.17,667.88,667.14,667.48,1020037.095434,1777573800000
667.4988,667.6326,666.82,666.8901,1216781.546423,1777574700000
666.89,668.1,666.69,668.02,1196251.1578399998,1777575600000
668.02,668.26,667.8,667.89,799670.743901,1777576500000
667.89,668.51,667.67,668.49,1229347.326668,1777577400000
668.5,668.9,667.4,667.6,3911567.263588,1777578300000
669.16,673.07,668.8,672.9,3266147.611896,1777642200000
672.895,674.96,672.05,674.96,3117068.642855,1777643100000
674.98,675.76,674.47,675.31,1998466.8373720003,1777644000000
675.31,675.73,674.6,674.87,2318032.092467,1777644900000
674.9,674.9,672.01,673.5903,2398260.274657,1777645800000
673.555,674.2799,673.04,673.53,985961.228393,1777646700000
673.57,674.0999,672.47,674.07,1422794.273829,1777647600000
674.06,674.86,673.88,674.69,1140307.721716,1777648500000
674.71,675.69,674.52,675.45,1389931.814822,1777649400000
675.44,675.97,674.1,675.36,1684880.5097840002,1777650300000
675.35,675.61,674.12,674.23,1365390.939272,1777651200000
674.22,675.05,673.63,674.0,1378163.390148,1777652100000
673.98,674.35,673.42,673.66,627080.496911,1777653000000
673.61,674.535,673.33,673.935,739546.031577,1777653900000
673.925,674.5799,673.89,674.5401,586423.536693,1777654800000
674.54,675.285,674.52,675.25,656815.296027,1777655700000
675.24,675.34,674.74,675.23,449425.324764,1777656600000
675.25,675.53,675.04,675.22,455126.920075,1777657500000
675.22,675.39,674.28,674.3499,896574.6253039999,1777658400000
674.32,674.96,674.07,674.8701,585468.0171719999,1777659300000
674.8371,674.8799,673.53,673.769,674942.669633,1777660200000
673.75,673.84,673.0901,673.76,874894.775235,1777661100000
673.7708,674.9899,673.661,674.88,958201.138901,1777662000000
674.87,675.64,674.72,675.55,1073655.5934180005,1777662900000
675.56,675.66,674.78,675.025,1055029.8036260002,1777663800000
675.02,675.18,673.84,674.16,2725228.751565,1777664700000
674.66,675.39,673.55,674.68,1991348.586339,1777901400000
674.62,675.67,674.36,675.61,1219162.9403809998,1777902300000
675.6,676.06,674.45,675.55,1349012.007718,1777903200000
675.5651,676.019,674.9601,675.03,734670.4579019998,1777904100000
675.03,676.48,674.88,676.375,1101351.969865,1777905000000
676.4,676.73,675.13,675.3,1513810.0887590002,1777905900000
675.33,676.0893,674.29,674.67,1076109.9825749998,1777906800000
674.65,674.95,671.17,672.74,2492370.427285,1777907700000
672.78,672.97,670.86,672.455,1457027.4368260002,1777908600000
672.45,672.625,670.99,671.775,1128874.528272,1777909500000
671.78,672.0396,668.9,669.91,1564226.161502,1777910400000
669.86,672.08,669.22,671.27,1488382.299092,1777911300000
671.285,672.0,670.71,671.25,703891.9634329999,1777912200000
671.245,671.49,670.67,671.14,977481.617672,1777913100000
671.09,672.36,671.07,672.03,1044028.248103,1777914000000
672.01,673.45,671.93,673.2224,965367.968643,1777914900000
673.23,673.32,672.23,672.8,516424.630929,1777915800000
672.81,673.43,672.58,673.1701,726318.639114,1777916700000
673.17,673.7899,673.04,673.04,621421.671281,1777917600000
673.06,673.1,671.72,672.6401,498469.6791640001,1777918500000
672.64,672.78,671.5866,671.61,377464.865499,1777919400000
671.61,672.5,671.39,672.39,630773.6453640001,1777920300000
672.42,673.08,671.91,672.76,1615708.6051879996,1777921200000
672.77,673.08,672.1,672.83,1000029.494858,1777922100000
672.835,673.2,672.47,672.63,972295.0336690004,1777923000000
672.63,673.11,672.07,672.88,2110472.093766,1777923900000
677.96,680.2,677.51,680.175,2893711.953939,1777987800000
680.19,680.92,679.787,680.2199,1868302.368293,1777988700000
680.23,680.8291,679.34,679.51,1523556.4051099997,1777989600000
679.51,681.46,679.01,681.12,2125839.1073040003,1777990500000
681.13,681.58,680.23,680.325,1061419.7809429998,1777991400000
680.3499,680.95,680.03,680.53,860950.729456,1777992300000
680.5499,681.48,680.34,681.425,2812190.6007860005,1777993200000
681.42,681.61,681.04,681.38,862503.9752999999,1777994100000
681.4,681.67,680.9,681.515,1151380.8634199996,1777995000000
681.52,681.81,681.16,681.31,814253.3098600002,1777995900000
681.315,681.94,681.16,681.845,608915.8316120001,1777996800000
681.86,681.89,680.42,681.025,785922.660582,1777997700000
681.03,681.37,680.48,680.84,641973.608833,1777998600000
680.85,681.52,680.73,681.2701,495278.95598,1777999500000
681.282,681.5,680.87,681.18,2129315.0018410003,1778000400000
681.19,681.76,681.19,681.745,649985.6806780001,1778001300000
681.75,681.92,681.52,681.83,1404700.4443420002,1778002200000
681.84,682.29,681.79,682.1,692699.419508,1778003100000
682.0901,682.71,682.03,682.64,601463.2140340001,1778004000000
682.6425,682.72,682.34,682.54,700263.552609,1778004900000
682.53,682.63,682.37,682.505,2285285.1542410003,1778005800000
682.4809,682.63,681.95,682.3099,530396.1815779998,1778006700000
682.302,682.7734,682.17,682.42,459841.8976610001,1778007600000
682.41,682.54,682.1243,682.275,769465.333687,1778008500000
682.26,682.3499,681.89,682.0601,675291.587976,1778009400000
682.065,682.1199,680.8683,681.53,2716235.597192,1778010300000
687.78,689.97,686.48,689.97,3197494.730649,1778074200000
689.96,690.52,688.46,689.63,2259963.1456890004,1778075100000
689.63,690.37,687.62,689.74,1883682.133366,1778076000000
689.76,690.08,688.07,688.4,1551449.4858630004,1778076900000
688.44,691.02,688.4,690.93,1446984.233105,1778077800000
690.89,691.59,690.84,691.28,1385795.335566,1778078700000
691.28,691.81,690.83,691.265,982584.7633089996,1778079600000
691.28,692.4,691.19,692.29,1155827.073816,1778080500000
692.29,692.47,691.15,691.78,1081006.379059,1778081400000
691.78,692.22,691.59,691.88,576814.4556389999,1778082300000
691.88,692.86,691.73,692.74,608038.4904110001,1778083200000
692.73,692.7599,692.01,692.19,918090.716065,1778084100000
692.225,692.47,691.71,692.07,716627.8429889998,1778085000000
692.0401,692.1299,690.74,691.33,717767.324367,1778085900000
691.37,692.44,691.1,692.33,644219.407664,1778086800000
692.335,692.6283,692.05,692.42,402340.8979600001,1778087700000
692.41,693.03,692.37,692.9699,662987.664991,1778088600000
693.005,693.05,692.5,692.81,591882.0662570001,1778089500000
692.805,693.3829,692.63,693.29,788881.231985,1778090400000
693.29,693.76,693.29,693.63,696520.925277,1778091300000
693.6338,694.39,693.42,693.98,805671.509388,1778092200000
693.97,694.17,693.605,693.77,756991.539853,1778093100000
693.743,694.74,693.7,694.65,1219598.720026,1778094000000
694.66,695.2123,694.55,695.0501,1089266.079049,1778094900000
695.06,695.06,694.42,694.4968,1342596.714475,1778095800000
694.5,695.93,694.44,695.575,4928141.588693,1778096700000
696.58,697.34,695.92,696.32,2371409.7641279995,1778160600000
696.33,697.85,695.54,697.27,1777944.7820309997,1778161500000
697.27,698.909,697.24,698.68,1836139.4485670005,1778162400000
698.66,700.17,698.32,699.52,2023165.264728,1778163300000
699.54,700.51,699.21,700.15,1167546.966076,1778164200000
700.13,701.24,699.43,700.83,1123894.542913,1778165100000
700.825,700.865,698.89,699.26,1236141.427065,1778166000000
699.22,699.77,698.35,699.08,844650.1030199999,1778166900000
699.1,700.1,698.99,699.7,855616.2130540002,1778167800000
699.7,699.8723,697.11,697.365,1070581.026278,1778168700000
697.36,697.45,695.12,695.3,1670067.530013,1778169600000
695.29,696.48,693.79,696.315,1878049.406493,1778170500000
696.305,697.16,695.46,695.91,1184291.988096,1778171400000
695.91,696.13,694.36,695.2101,1162551.960327,1778172300000
695.26,695.61,694.15,694.56,950295.489969,1778173200000
694.48,695.29,691.77,693.075,2074902.06455,1778174100000
693.09,695.06,692.649,693.98,1297625.8239889997,1778175000000
693.95,695.41,693.08,695.22,1166220.152098,1778175900000
695.23,695.78,694.18,694.72,1531159.079847,1778176800000
694.78,695.46,693.9165,694.2,824988.027637,1778177700000
694.2,695.08,692.77,693.14,929420.111329,1778178600000
693.19,694.07,692.48,693.94,1661589.982776,1778179500000
693.98,694.4,693.28,694.14,833394.7689510001,1778180400000
694.16,694.24,692.58,693.15,1513503.693948,1778181300000
693.18,694.95,693.08,694.78,1626261.7318439998,1778182200000
694.79,695.55,694.01,694.93,4448208.077713,1778183100000
699.92,702.76,699.5,702.73,2385056.332699,1778247000000
702.77,705.44,702.74,705.33,2366792.392651,1778247900000
705.32,705.84,704.63,705.2004,1867420.594953,1778248800000
705.19,706.78,704.9,705.46,1664665.797596,1778249700000
705.48,706.1,704.57,706.1,1873578.97389,1778250600000
706.1,706.95,705.79,706.68,1144134.080103,1778251500000
706.68,707.27,706.33,706.53,1198761.579203,1778252400000
706.53,707.23,705.8,707.1901,1445473.2205440002,1778253300000
707.23,708.0,706.49,707.22,2910429.6634090003,1778254200000
707.24,708.03,707.05,707.4,956316.7785950004,1778255100000
707.44,708.24,707.405,708.04,668583.4641110001,1778256000000
708.06,708.68,707.86,708.615,981503.08583,1778256900000
708.615,708.66,707.51,707.53,1672274.560072,1778257800000
707.54,708.785,707.53,708.62,1011629.921126,1778258700000
708.62,709.96,708.48,709.6501,993286.9240310004,1778259600000
709.67,710.46,709.62,710.21,1138632.45309,1778260500000
710.21,710.5,709.48,709.57,743812.214642,1778261400000
709.54,710.02,708.97,709.195,1501567.630732,1778262300000
709.21,710.15,709.1201,709.81,861567.5246850001,1778263200000
709.82,709.9499,709.36,709.7476,715680.4686280001,1778264100000
709.73,709.88,709.3,709.43,1047356.69838,1778265000000
709.45,709.61,708.546,708.59,969994.078584,1778265900000
708.585,710.1424,708.55,709.9101,1114986.302925,1778266800000
709.91,710.19,709.11,709.125,905449.2383150002,1778267700000
709.13,710.19,708.99,710.13,1202875.967982,1778268600000
710.11,711.14,710.0,711.11,6222365.02277,1778269500000
710.36,713.5,709.77,712.63,3339220.6421700004,1778506200000
712.64,712.96,710.22,710.45,2185873.0196450003,1778507100000
710.45,712.71,710.41,712.6006,1591931.293413,1778508000000
712.605,713.04,709.61,709.83,1303093.232495,1778508900000
709.86,711.98,708.91,711.8,1834776.324882,1778509800000
711.785,712.905,711.57,712.38,1253694.201424,1778510700000
712.38,712.81,711.71,711.84,761430.938336,1778511600000
711.8204,713.31,711.64,713.27,1434695.069748,1778512500000
713.28,713.6,712.77,713.1199,870655.3166359998,1778513400000
713.08,714.4,713.0,714.18,861701.1258579999,1778514300000
714.19,714.59,713.995,714.53,786738.3553619998,1778515200000
714.53,714.54,713.75,714.19,576633.540454,1778516100000
714.19,714.5,711.911,712.98,887973.018469,1778517000000
712.94,713.38,712.55,712.7575,807179.981064,1778517900000
712.7501,713.42,712.23,712.4147,834289.853005,1778518800000
712.41,713.6299,712.09,713.55,595878.8666,1778519700000
713.51,714.37,713.51,714.26,657012.8129070002,1778520600000
714.265,714.46,713.575,713.6188,761295.3881199999,1778521500000
713.59,714.43,713.59,714.17,629912.064855,1778522400000
714.17,714.42,713.79,714.3691,954050.092129,1778523300000
714.35,714.3501,713.5,713.75,873460.494639,1778524200000
713.75,713.87,712.29,712.309,1010308.030853,1778525100000
712.35,713.4511,712.02,713.01,1162283.016588,1778526000000
713.01,713.1,711.93,712.1631,1254477.498754,1778526900000
712.14,712.78,711.87,712.17,1139821.62976,1778527800000
712.16,713.39,712.03,713.38,2420303.38657,1778528700000
708.22,709.94,706.54,709.9399,2875399.3380720005,1778592600000
709.94,710.18,705.68,706.1,1997798.425904,1778593500000
706.0675,707.7287,705.163,707.63,1724966.6890070003,1778594400000
707.66,708.48,704.94,705.0401,1260324.219823,1778595300000
705.05,706.03,703.12,704.98,1929698.067429,1778596200000
704.9601,705.01,702.95,703.3,1431027.4738850002,1778597100000
703.28,703.69,702.08,702.095,1775652.887541,1778598000000
702.1,702.19,699.48,699.9336,2992367.0527640004,1778598900000
699.98,701.64,699.8,701.23,1699447.185074,1778599800000
701.26,701.5099,698.8,699.03,1369337.05196,1778600700000
699.035,700.92,698.38,700.74,1353481.795225,1778601600000
700.7001,700.81,698.82,699.055,1036279.5260799996,1778602500000
699.05,699.19,697.35,697.833,1238415.842745,1778603400000
697.86,698.21,696.64,696.8,1311315.933938,1778604300000
696.82,699.16,696.82,699.09,1410333.4757290003,1778605200000
699.1,701.29,699.06,700.23,1736311.488561,1778606100000
700.25,701.24,699.96,700.56,1211681.365165,1778607000000
700.58,701.15,699.99,701.04,594066.530658,1778607900000
701.01,701.73,700.85,701.6801,947953.597067,1778608800000
701.69,703.02,701.3189,702.75,1178510.136479,1778609700000
702.75,703.155,702.32,702.46,898297.7943580002,1778610600000
702.45,703.15,701.69,701.87,1168578.475738,1778611500000
701.89,704.19,701.89,703.93,827771.118585,1778612400000
703.94,704.5,703.31,704.07,1072760.8407859998,1778613300000
704.08,706.18,704.08,706.05,1753201.648108,1778614200000
706.06,707.56,705.7,707.21,3677999.279876,1778615100000
709.96,709.97,707.34,708.2,2835625.2159520006,1778679000000
708.16,708.4799,704.83,707.1,2386570.2193690003,1778679900000
707.15,707.68,705.78,707.21,1536697.04172,1778680800000
707.2,709.48,706.6749,708.79,1480082.506681,1778681700000
708.78,709.82,708.36,709.46,1618506.882255,1778682600000
709.475,710.85,708.81,710.7426,1180820.547828,1778683500000
710.73,711.53,710.25,710.83,1058373.010707,1778684400000
710.8396,711.297,709.85,710.57,1059988.142323,1778685300000
710.56,712.36,709.92,712.19,1343596.345983,1778686200000
712.19,712.19,710.2401,710.545,894341.4263550002,1778687100000
710.53,712.44,710.3,712.4,670348.3349639999,1778688000000
712.3999,713.77,712.074,713.6001,1085681.96801,1778688900000
713.59,713.85,713.02,713.5246,1001306.204379,1778689800000
713.51,714.195,713.09,713.8599,1128558.562278,1778690700000
713.9,714.9299,713.9,714.81,763199.31337,1778691600000
714.8,715.02,714.23,714.79,570547.735354,1778692500000
714.78,714.9,714.26,714.65,586337.141296,1778693400000
714.625,714.82,713.68,713.7225,586005.101677,1778694300000
713.75,715.69,713.675,715.64,986178.604166,1778695200000
715.65,716.65,715.65,716.28,1163019.286896,1778696100000
716.275,716.415,715.345,715.41,1107060.056428,1778697000000
715.41,715.6401,714.27,714.385,1115883.79954,1778697900000
714.39,715.76,714.38,715.7051,1321389.985953,1778698800000
715.69,716.05,715.06,715.68,736529.2557450001,1778699700000
715.69,715.94,715.36,715.87,1065273.8148499995,1778700600000
715.87,716.05,713.84,714.47,4045219.5393869993,1778701500000
714.62,718.35,714.22,718.265,2403569.748683,1778765400000
718.26,719.69,715.87,716.27,2283147.58852,1778766300000
716.24,718.06,716.04,717.245,1631307.282944,1778767200000
717.21,719.25,717.1312,718.19,1407016.571272,1778768100000
718.17,719.7,717.87,719.7,970976.703474,1778769000000
719.7,720.74,719.18,719.42,1413133.545251,1778769900000
719.46,720.93,719.23,720.86,888689.0675440001,1778770800000
720.86,721.81,720.84,721.375,1972008.428879,1778771700000
721.41,721.72,720.74,721.32,798443.0090740001,1778772600000
721.31,721.74,720.87,721.39,879488.483881,1778773500000
721.4,722.03,721.3155,721.4128,810487.4840609999,1778774400000
721.41,722.015,720.42,720.68,701280.74927,1778775300000
720.7,721.1,720.02,720.5,1089354.2538239998,1778776200000
720.47,721.0,719.91,720.755,685967.670659,1778777100000
720.77,721.36,718.91,719.105,733800.100043,1778778000000
719.105,719.36,717.56,718.8,1719511.404425,1778778900000
718.81,720.1099,718.54,720.01,714631.09808,1778779800000
720.04,721.33,720.04,720.79,915847.676402,1778780700000
720.79,720.79,718.65,719.8244,1291346.660749,1778781600000
719.8297,720.265,719.1,719.43,721060.7339310001,1778782500000
719.44,720.02,719.0,719.4,513586.469922,1778783400000
719.39,720.4899,719.03,720.2722,675871.445046,1778784300000
720.27,720.84,719.9,720.215,576329.1626990001,1778785200000
720.17,720.91,719.94,720.02,557843.26709,1778786100000
720.02,720.9,719.985,720.73,949168.034221,1778787000000
720.73,720.805,719.56,719.73,2151999.117544,1778787900000
710.14,710.42,707.07,707.445,3940108.611013999,1778851800000
707.4,710.35,705.55,706.88,2829984.8048630003,1778852700000
706.9,710.75,706.61,710.68,2092264.031383,1778853600000
710.68,712.67,709.95,710.435,2726867.3396090004,1778854500000
710.46,712.11,710.29,711.8,1584899.6002830002,1778855400000
711.8295,711.94,709.4,710.165,1160214.1670690002,1778856300000
710.19,711.24,709.24,710.31,1177144.366486,1778857200000
710.29,712.09,710.02,711.4201,1091974.126088,1778858100000
711.45,712.58,709.96,710.274,1082177.394486,1778859000000
710.3,710.66,708.54,710.16,2364284.553237,1778859900000
710.23,710.91,709.48,710.32,965417.981213,1778860800000
710.31,711.5,709.5,711.39,1982050.474814,1778861700000
711.43,711.77,711.02,711.7301,503281.21707700007,1778862600000
711.725,711.8699,710.14,711.19,1505859.532511,1778863500000
711.2,712.13,710.93,712.1,656841.638208,1778864400000
712.11,713.73,711.67,713.46,1091750.2397589998,1778865300000
713.46,714.15,713.17,713.63,967732.947289,1778866200000
713.66,714.28,713.34,714.21,1829811.304928,1778867100000
714.23,715.13,714.22,714.673,1736810.7650689995,1778868000000
714.68,714.76,712.47,712.66,1198201.491134,1778868900000
712.7,712.76,711.03,712.4412,1095794.336232,1778869800000
712.46,713.2,711.9042,712.8,978737.128416,1778870700000
712.79,712.99,710.62,711.15,1252836.760108,1778871600000
711.13,711.17,710.24,710.4,1087833.078107,1778872500000
710.38,711.58,710.31,710.48,1306905.721187,1778873400000
710.465,710.75,708.38,708.9,4063452.432251001,1778874300000
711.54,712.07,707.26,707.42,2849243.865025,1779111000000
707.42,710.82,706.67,709.29,2525081.323163,1779111900000
709.13,709.96,706.52,709.66,2581320.617103,1779112800000
709.68,710.62,706.72,707.1006,1205052.5674639998,1779113700000
707.1,707.63,702.72,705.515,3164283.489674,1779114600000
705.47,705.98,703.42,705.3,1925997.1665280005,1779115500000
705.37,706.4,703.54,704.94,1603863.0352850002,1779116400000
704.92,705.03,702.2961,702.34,1259694.3492489995,1779117300000
702.385,704.93,701.94,703.38,2450660.750429,1779118200000
703.39,704.52,702.88,703.28,1164198.2627460002,1779119100000
703.31,704.07,702.23,704.02,1206055.422944,1779120000000
703.99,705.16,700.0,700.43,1618482.9188499998,1779120900000
700.42,702.41,699.61,701.48,2274151.712041,1779121800000
701.46,704.455,701.12,703.47,1321929.712832,1779122700000
703.4,704.29,702.58,703.25,994621.559995,1779123600000
703.22,703.77,702.55,703.603,831484.6257930001,1779124500000
703.62,704.08,702.43,703.64,605874.350105,1779125400000
703.63,703.91,702.72,703.69,930349.581389,1779126300000
703.72,703.8426,701.315,701.3401,1049533.373436,1779127200000
701.32,701.38,699.34,700.76,1817071.594146,1779128100000
700.77,701.34,699.5601,700.2999,928553.920154,1779129000000
700.29,700.5,698.85,699.5601,1178236.63582,1779129900000
699.59,705.06,699.43,702.3501,2858687.102562,1779130800000
702.36,702.81,700.46,701.4674,1356075.210689,1779131700000
701.49,704.66,701.27,704.64,1300844.101115,1779132600000
704.62,706.16,704.37,705.71,3365458.115274,1779133500000
699.81,705.13,699.81,701.29,2905325.307529,1779197400000
701.282,704.075,700.29,701.87,2598103.464318,1779198300000
701.91,702.05,696.88,697.04,3041094.175192,1779199200000
696.98,697.5,695.25,696.43,3333322.6524640005,1779200100000
696.44,698.6,695.76,697.2,1957898.828184,1779201000000
697.23,698.72,695.57,698.67,1638948.701008,1779201900000
698.65,699.43,697.48,699.24,1522738.218602,1779202800000
699.32,700.02,696.83,697.9,1295403.2420820002,1779203700000
697.85,700.44,697.56,699.96,1289682.843101,1779204600000
699.96,700.13,698.11,699.0,1115211.277622,1779205500000
698.99,700.53,698.42,698.93,976627.2352640004,1779206400000
698.97,701.56,698.93,701.25,1468988.502294,1779207300000
701.21,703.18,701.06,703.16,1275683.71048,1779208200000
703.16,704.26,702.64,703.97,1488079.875028,1779209100000
703.95,705.376,703.71,705.23,1136331.964996,1779210000000
705.23,706.49,704.88,705.445,1498207.017565,1779210900000
705.44,706.33,705.39,705.5937,1108655.8344849998,1779211800000
705.62,705.67,703.655,705.15,998336.440474,1779212700000
705.18,705.93,705.01,705.21,1165015.400777,1779213600000
705.2,705.44,703.69,704.01,880876.449612,1779214500000
704.03,704.895,703.47,703.8601,802493.145529,1779215400000
703.86,703.98,702.02,702.44,1256456.5291189998,1779216300000
702.44,704.76,702.4,704.7,874466.571857,1779217200000
704.765,704.87,701.62,702.87,1255781.064453,1779218100000
702.89,703.53,701.655,701.78,1032001.55672,1779219000000
701.77,702.01,700.2,701.54,4498970.028931,1779219900000
705.29,707.5,704.11,706.95,2617446.349632,1779283800000
707.0,708.23,704.66,706.0,1870330.195676,1779284700000
705.99,706.67,703.79,705.7,1891599.843227,1779285600000
705.72,709.19,705.4001,708.61,2137326.080416,1779286500000
708.6,709.89,707.77,708.95,1298037.53769,1779287400000
708.95,710.31,707.8101,709.905,943581.173819,1779288300000
709.84,710.34,709.165,709.75,587622.3912950001,1779289200000
709.73,713.13,709.73,710.63,2168876.302428,1779290100000
710.6299,711.65,710.43,711.2928,980722.794203,1779291000000
711.31,712.22,710.96,711.5701,1196324.344293,1779291900000
711.61,711.7,710.5,710.805,496593.3408930001,1779292800000
710.785,710.81,708.61,709.27,1198751.0618170002,1779293700000
709.32,710.5616,708.95,710.54,851857.747052,1779294600000
710.57,710.73,709.0102,709.87,873717.8924730003,1779295500000
709.91,710.9,709.09,710.46,764736.5089049999,1779296400000
710.45,710.95,709.9,710.68,525667.744834,1779297300000
710.69,711.44,710.178,710.89,749830.3698339999,1779298200000
710.9,711.07,710.41,710.87,868197.582223,1779299100000
710.9,711.43,710.2603,711.02,674479.9999429999,1779300000000
710.97,711.22,710.29,710.95,897814.488226,1779300900000
710.95,711.9,710.74,710.78,709369.8884699999,1779301800000
710.74,711.2,710.56,710.83,522548.210989,1779302700000
710.86,711.74,710.8,711.72,699856.8966280001,1779303600000
711.72,712.02,711.55,711.81,907069.747844,1779304500000
711.81,712.67,711.48,712.12,1327747.6184059998,1779305400000
712.11,713.12,711.68,713.07,3593858.23192,1779306300000
708.99,710.24,707.94,708.92,2426620.556638,1779370200000
708.95,711.35,708.31,710.65,2044125.156723,1779371100000
710.63,711.89,709.78,710.17,1608512.980529,1779372000000
710.13,710.41,706.77,708.265,1683964.060436,1779372900000
708.31,709.84,707.98,709.37,1348714.5191350002,1779373800000
709.3951,709.8299,707.732,709.409,863874.1853819998,1779374700000
709.44,709.74,706.85,709.3117,1466594.8492899998,1779375600000
709.31,710.01,708.91,709.36,1133673.9297070005,1779376500000
709.45,710.34,707.99,709.95,1020237.916203,1779377400000
709.96,711.04,709.945,710.17,685420.279615,1779378300000
710.19,711.24,710.0,710.385,789566.843538,1779379200000
710.4385,710.53,708.97,709.71,862536.8042890001,1779380100000
709.74,710.34,709.38,709.9,461883.135932,1779381000000
709.91,710.3,708.77,709.99,487461.934633,1779381900000
710.0,712.97,710.0,712.0399,1142697.661274,1779382800000
712.04,715.22,711.88,713.7,2093942.2441080003,1779383700000
713.745,715.74,713.595,715.64,1274644.4805929998,1779384600000
715.655,717.12,715.06,715.695,1419469.774735,1779385500000
715.72,716.31,714.4901,714.6,1078326.186485,1779386400000
714.59,715.2599,714.12,714.8,687040.66407,1779387300000
714.83,715.06,714.28,714.79,417099.555529,1779388200000
714.7483,714.98,710.91,711.88,1939364.550651,1779389100000
711.92,713.69,711.84,713.675,1122838.9856850002,1779390000000
713.7,714.31,713.48,714.045,782581.409585,1779390900000
714.02,714.48,713.45,713.78,1013379.349345,1779391800000
713.78,714.9,713.41,714.45,2234643.939696,1779392700000
718.07,721.33,717.41,719.56,2603701.501674,1779456600000
719.57,720.18,718.2017,719.545,1557965.767224,1779457500000
719.55,719.57,716.38,717.71,1504336.3034940003,1779458400000
717.72,718.57,715.95,717.72,1305962.380563,1779459300000
717.71,719.4699,717.49,719.4299,1067149.996168,1779460200000
719.42,719.868,718.77,719.67,771413.5673800001,1779461100000
719.71,720.835,719.64,720.685,853715.8460639999,1779462000000
720.69,721.16,720.21,721.14,780507.9583410001,1779462900000
721.14,721.28,720.44,720.85,627109.313643,1779463800000
720.86,720.86,720.01,720.67,721823.8845260001,1779464700000
720.68,720.82,720.14,720.52,628579.135008,1779465600000
720.51,720.52,719.49,720.1601,541399.25609,1779466500000
720.19,720.44,719.4,719.5601,880956.2063949999,1779467400000
719.57,720.3417,719.555,720.305,503828.588525,1779468300000
720.32,721.11,720.32,720.9355,910149.622157,1779469200000
720.935,721.86,719.72,721.84,1124353.143488,1779470100000
721.87,722.12,720.62,721.055,854623.159087,1779471000000
721.057,721.2,720.07,720.47,843001.9464180002,1779471900000
720.485,720.7,719.72,720.13,792845.1585289999,1779472800000
720.16,720.36,719.8,720.09,669761.089941,1779473700000
720.06,720.385,719.195,720.205,980934.477094,1779474600000
720.22,720.34,719.6,719.79,439491.634977,1779475500000
719.78,720.04,718.32,718.59,1238134.1856429998,1779476400000
718.59,718.66,717.21,717.3854,1133594.9580110002,1779477300000
717.385,718.2727,717.0,717.62,2100926.531969,1779478200000
717.62,718.15,716.925,717.43,2621821.513971,1779479100000
725.96,726.83,724.16,726.72,3120650.983205,1779802200000
726.74,728.44,726.15,728.44,2588599.806295,1779803100000
728.45,729.04,727.69,729.0009,1705949.619688,1779804000000
729.02,730.33,728.5,729.9201,1805379.35611,1779804900000
729.91,731.17,729.78,730.8799,1394013.7303199996,1779805800000
730.85,731.05,729.61,729.63,1055404.555777,1779806700000
729.66,729.93,728.38,729.27,1625048.3545739998,1779807600000
729.26,729.26,728.15,728.31,1282430.4922390005,1779808500000
728.35,728.49,727.39,727.65,907797.135391,1779809400000
727.655,727.96,725.57,726.565,1533916.279798,1779810300000
726.56,727.83,726.39,726.84,1064378.671461,1779811200000
726.8,728.14,726.565,728.1201,462850.4595949999,1779812100000
728.14,728.6899,727.37,727.42,817041.919575,1779813000000
727.41,727.93,727.04,727.71,843633.479474,1779813900000
727.72,728.36,727.541,728.0001,290384.726763,1779814800000
728.01,728.09,727.23,727.5999,382881.712278,1779815700000
727.5921,728.363,727.3201,727.9799,777383.5041849999,1779816600000
727.98,728.63,727.96,728.26,557463.705097,1779817500000
728.235,729.07,727.9001,728.93,435583.733286,1779818400000
728.94,729.62,728.85,729.4393,764516.0677119999,1779819300000
729.435,729.77,729.03,729.06,661460.0924340001,1779820200000
729.06,729.418,728.51,728.62,443335.9422530001,1779821100000
728.65,729.69,728.45,729.56,605469.752027,1779822000000
729.55,729.805,729.37,729.58,651969.9026839999,1779822900000
729.57,730.59,729.54,730.51,1161845.2226339998,1779823800000
730.51,731.02,729.96,730.21,2813913.4365460007,1779824700000
732.96,733.32,727.51,727.88,4526823.5400640005,1779888600000
727.9,730.28,726.86,729.9,2609656.544099,1779889500000
729.84,730.83,727.99,728.76,1627384.906338,1779890400000
728.79,729.78,725.67,726.355,2043338.388087,1779891300000
726.32,728.97,725.44,728.19,1562513.082939,1779892200000
728.19,728.96,726.5,726.92,1302347.4467900002,1779893100000
726.94,727.82,726.23,727.19,955200.719685,1779894000000
727.2,727.2,725.545,727.18,852787.564777,1779894900000
727.19,727.9199,725.59,725.72,1037306.0770989998,1779895800000
725.7,726.99,725.53,726.8,763593.669548,1779896700000
726.79,728.4,726.11,728.295,866715.955126,1779897600000
728.29,728.775,727.78,728.2,954477.882172,1779898500000
728.16,729.34,727.78,729.12,1898654.889222,1779899400000
729.13,729.56,727.77,728.0996,895271.476514,1779900300000
728.1,728.31,725.855,726.45,799779.215959,1779901200000
726.46,727.81,726.27,727.3,534037.147702,1779902100000
727.35,728.15,727.0202,727.08,467270.891008,1779903000000
727.09,728.2,726.9701,727.74,440679.155549,1779903900000
727.72,728.46,727.5,728.3,841141.7505300001,1779904800000
728.29,729.67,728.19,729.67,882524.8309240001,1779905700000
729.66,729.85,728.94,729.54,590758.004177,1779906600000
729.52,729.73,729.2,729.3201,518532.354622,1779907500000
729.31,729.85,728.92,729.37,511451.154992,1779908400000
729.36,729.66,728.59,728.99,594028.3789380001,1779909300000
728.99,730.0699,728.97,729.945,985747.607257,1779910200000
729.97,729.97,729.15,729.49,2132547.631725,1779911100000
729.73,731.12,727.0405,727.3,2620947.961204,1779975000000
727.29,728.36,726.41,728.12,2044915.847912,1779975900000
728.12,732.85,727.4701,732.26,2426467.656909,1779976800000
732.21,732.53,729.8875,731.9299,1696226.291043,1779977700000
731.93,732.46,730.92,732.38,872568.8206849999,1779978600000
732.39,732.94,731.26,732.857,878628.4782999998,1779979500000
732.85,734.22,732.6914,733.6601,1577741.336322,1779980400000
733.68,734.985,733.38,734.67,1031955.704593,1779981300000
734.69,735.41,734.555,734.65,1232258.752733,1779982200000
734.645,735.1285,734.38,734.71,1081903.011352,1779983100000
734.7201,735.19,734.1001,734.97,787318.1855129999,1779984000000
734.955,736.0,734.8263,735.64,702411.1887389999,1779984900000
735.645,735.84,735.07,735.75,420095.632802,1779985800000
735.75,736.3,735.56,736.225,414973.091761,1779986700000
736.24,736.45,735.935,735.99,570195.442643,1779987600000
735.99,736.075,735.516,735.575,653180.516945,1779988500000
735.575,736.179,735.16,736.12,1026629.003932,1779989400000
736.15,736.6,735.89,736.03,735424.5116320001,1779990300000
736.07,736.48,735.58,735.66,620011.8452310001,1779991200000
735.67,736.185,735.48,735.97,566539.4517359999,1779992100000
735.95,735.95,735.2,735.58,675945.1217819998,1779993000000
735.6,735.98,735.095,735.38,1442795.935343,1779993900000
735.38,735.85,735.05,735.25,649235.660897,1779994800000
735.24,735.72,734.92,735.65,818066.9108100001,1779995700000
735.65,736.25,735.6,735.735,1002072.788264,1779996600000
735.73,736.1899,735.07,735.54,2497537.55947,1779997500000
737.84,739.78,737.43,739.78,2784434.500556,1780061400000
739.79,741.2199,739.57,741.17,1489635.2634490002,1780062300000
741.17,741.63,739.42,739.79,1934959.53192,1780063200000
739.79,739.85,737.04,738.5,2594177.895973,1780064100000
738.49,739.27,735.7,735.81,2132140.143885,1780065000000
735.81,738.28,735.25,737.45,2877927.304739,1780065900000
737.45,739.12,736.915,739.06,920168.329031,1780066800000
739.055,739.35,737.405,738.32,855835.514988,1780067700000
738.32,738.86,737.55,737.86,696937.556617,1780068600000
737.83,738.3,737.3,737.46,526661.783213,1780069500000
737.49,739.538,737.42,739.265,721484.7802510001,1780070400000
739.24,739.53,738.4186,738.49,653861.774253,1780071300000
738.495,739.54,738.06,738.93,676071.780799,1780072200000
738.94,739.0335,737.83,738.35,396684.2431720001,1780073100000
738.35,738.655,737.9,738.18,597543.646771,1780074000000
738.235,738.39,737.32,737.63,628527.5534390002,1780074900000
737.63,737.815,736.98,737.135,463090.5923479999,1780075800000
737.13,737.43,735.88,736.02,863336.4226379999,1780076700000
736.03,737.55,735.78,736.96,1369018.706083,1780077600000
737.0,738.01,736.65,737.87,559598.560662,1780078500000
737.86,738.41,737.56,738.0,602909.5460880001,1780079400000
737.9991,737.9991,736.355,736.535,896910.4275689999,1780080300000
736.52,737.59,736.31,737.49,1030167.529179,1780081200000
737.44,737.94,736.99,737.86,993337.204472,1780082100000
737.87,739.2792,737.87,739.03,1171169.372988,1780083000000
739.025,739.42,738.11,738.25,3437229.343969,1780083900000
737.04,740.015,736.29,738.83,3077379.0302909994,1780320600000
738.82,740.13,736.25,736.45,1515405.439762,1780321500000
736.31,738.16,735.99,737.41,1578426.6722760005,1780322400000
737.37,739.08,737.06,738.13,1499973.8013120005,1780323300000
738.1,739.33,737.82,739.0501,1075513.855594,1780324200000
739.11,739.73,738.74,739.47,955336.955744,1780325100000
739.5,739.95,738.93,739.69,1039260.0874289998,1780326000000
739.73,740.72,739.725,740.52,1105323.2930529998,1780326900000
740.51,742.28,740.5,741.91,1627216.4419550002,1780327800000
741.92,741.98,740.92,741.04,697046.890202,1780328700000
741.01,741.81,740.29,740.59,657725.2676230001,1780329600000
740.57,741.31,739.84,741.25,693517.1496949999,1780330500000
741.26,741.97,741.26,741.55,732613.931908,1780331400000
741.55,743.02,741.18,742.95,782718.2487989998,1780332300000
742.94,743.0395,741.87,742.2199,512653.839476,1780333200000
742.215,743.49,741.93,743.42,534089.4005149999,1780334100000
743.49,745.55,742.67,744.63,1354608.415318,1780335000000
744.65,745.65,744.64,745.11,1852016.540828,1780335900000
745.0991,745.18,744.12,744.23,690312.7375550001,1780336800000
744.24,744.74,744.06,744.54,410755.97011699993,1780337700000
744.53,744.72,744.16,744.43,498620.7917940001,1780338600000
744.43,744.4682,743.77,743.97,410458.020745,1780339500000
743.95,744.53,743.72,744.15,663681.43534,1780340400000
744.14,744.18,743.82,744.02,1866917.046442,1780341300000
744.0,744.002,743.03,743.15,947826.123235,1780342200000
743.14,743.52,742.34,742.69,2626364.260098,1780343100000
742.4,742.69,739.23,741.11,2597953.366361,1780407000000
741.13,743.6,741.02,743.52,1770258.766438,1780407900000
743.54,744.66,742.766,744.32,1597873.5543630002,1780408800000
744.35,744.41,741.99,742.5,1443272.407531,1780409700000
742.53,744.1,742.43,744.08,1088872.652228,1780410600000
744.0999,744.57,743.53,744.54,1165691.3846900002,1780411500000
744.55,745.11,743.79,745.105,875225.4263190002,1780412400000
745.11,745.38,744.79,745.1,1276445.203123,1780413300000
745.1,745.59,744.7401,745.17,667494.9020080001,1780414200000
745.16,745.89,744.93,745.71,821796.650989,1780415100000
745.69,746.23,745.18,745.92,574867.361611,1780416000000
745.96,745.96,744.7605,744.945,481700.489389,1780416900000
744.9609,745.34,744.52,744.695,572304.174706,1780417800000
744.67,745.8,744.56,745.7563,1097255.964672,1780418700000
745.73,746.02,745.39,745.83,494123.43174,1780419600000
745.83,745.83,744.3,744.55,677525.151943,1780420500000
744.56,744.7,743.735,744.38,757269.1964159999,1780421400000
744.38,744.715,744.14,744.2,530183.048238,1780422300000
744.2,745.08,743.905,744.695,462826.58805500006,1780423200000
744.68,744.68,744.26,744.48,339777.490065,1780424100000
744.48,744.85,743.5,743.98,967521.5419440002,1780425000000
743.9899,744.53,743.8799,744.4692,500198.240384,1780425900000
744.479,745.51,744.45,745.28,756736.763559,1780426800000
745.29,745.6,745.0,745.03,638421.845676,1780427700000
745.03,745.59,744.99,745.4899,972721.22763,1780428600000
745.48,746.44,745.4,746.1,3123785.630035,1780429500000
747.31,748.65,744.1,744.2,3323565.7459419994,1780493400000
744.15,744.69,741.01,742.66,3626867.460126,1780494300000
742.67,745.715,742.35,745.715,2468267.314665,1780495200000
745.72,746.595,745.1,746.55,2070645.7228140004,1780496100000
746.55,746.95,745.22,746.02,1617157.0855529995,1780497000000
746.02,746.53,744.68,745.18,1086540.447026,1780497900000
745.205,746.37,745.14,745.81,748922.7644860001,1780498800000
745.83,745.93,743.94,745.23,1009039.374288,1780499700000
745.19,745.8,743.54,743.63,820694.753153,1780500600000
743.6,744.315,742.7725,743.66,1219867.9810170005,1780501500000
743.7,744.1391,743.04,743.86,593031.725871,1780502400000
743.85,743.85,741.87,742.42,1083226.173018,1780503300000
742.38,743.047,741.27,741.8498,949580.128209,1780504200000
741.8699,743.74,741.8557,743.74,729324.2539639999,1780505100000
743.74,743.78,741.97,742.15,635915.371057,1780506000000
742.19,742.9684,741.55,742.921,510564.96418000007,1780506900000
742.92,743.915,742.22,743.9,697004.487129,1780507800000
743.92,744.71,743.71,744.6,714674.7270839999,1780508700000
744.62,744.86,743.83,744.14,1210769.956834,1780509600000
744.16,745.47,743.76,745.41,876433.214511,1780510500000
745.41,745.52,744.39,744.79,1757745.8767949997,1780511400000
744.81,745.17,744.4101,744.78,533161.864624,1780512300000
744.8,744.96,743.9,744.415,612428.641425,1780513200000
744.41,744.99,743.7705,744.34,1282671.8369210002,1780514100000
744.34,745.7,744.17,745.5083,1184733.4784170005,1780515000000
745.51,745.76,743.94,744.24,3805117.986310001,1780515900000
735.48,737.81,734.07,734.46,4320695.212434,1780579800000
734.49,736.63,733.56,735.0,2659120.096641,1780580700000
735.0,735.75,732.62,735.69,2498651.692116,1780581600000
735.6701,737.35,735.02,737.17,1191961.170198,1780582500000
737.15,737.32,736.02,736.18,1160616.897303,1780583400000
736.16,737.58,735.9888,737.54,889230.941688,1780584300000
737.56,739.9,737.5,739.83,1413951.846039,1780585200000
739.85,740.27,739.36,739.6105,1035873.321106,1780586100000
739.62,739.78,738.89,739.06,936223.339736,1780587000000
739.04,739.14,737.72,738.94,928954.782507,1780587900000
738.96,739.88,738.48,739.65,818778.3819450001,1780588800000
739.61,740.675,739.6014,740.55,542451.7233450001,1780589700000
740.58,740.8,739.5,740.63,903628.0799299998,1780590600000
740.64,740.88,740.2201,740.52,607198.2905359998,1780591500000
740.52,741.08,740.18,740.89,734264.719039,1780592400000
740.8907,741.48,740.44,741.39,592717.045844,1780593300000
741.38,742.02,741.29,741.995,793022.604869,1780594200000
742.02,742.57,741.69,742.5,553849.61419,1780595100000
742.495,743.43,742.405,743.3,974950.446944,1780596000000
743.28,743.38,742.85,743.16,864086.254061,1780596900000
743.135,743.26,742.41,742.7799,1193404.93841,1780597800000
742.771,743.255,742.22,742.4021,600416.797564,1780598700000
742.44,743.17,742.1007,742.32,961100.505561,1780599600000
742.32,743.31,741.745,743.2815,1160723.016754,1780600500000
743.275,743.4988,742.11,742.15,968146.8115950002,1780601400000
742.14,742.24,740.38,740.5,4716060.218875,1780602300000
730.06,731.69,727.45,727.5,4078854.18161,1780666200000
727.51,728.03,723.654,723.72,4625935.59666,1780667100000
723.74,726.13,723.34,726.13,3713686.287040001,1780668000000
726.14,727.84,724.4201,724.9599,2159560.106925,1780668900000
724.955,727.48,724.73,725.37,2165716.862543,1780669800000
725.4044,726.14,724.51,725.6602,1443563.97625,1780670700000
725.68,726.05,722.58,722.5801,1945997.226828,1780671600000
722.59,723.48,721.76,722.3182,2292165.684487,1780672500000
722.26,722.85,719.86,720.58,2170791.886429,1780673400000
720.555,721.47,720.1901,720.99,1571383.204302,1780674300000
720.9401,720.985,718.62,719.33,2327111.266172,1780675200000
719.28,719.3199,717.915,718.0799,2234290.520946,1780676100000
718.075,718.21,715.0,715.36,4532261.357853,1780677000000
715.36,717.219,714.16,716.81,3655265.869639,1780677900000
716.82,716.83,714.06,714.84,2335776.713497,1780678800000
714.78,715.8,713.69,715.65,2212165.328713,1780679700000
715.62,717.21,714.76,715.0899,2484607.839037,1780680600000
715.1,716.46,714.8507,716.39,1087101.414865,1780681500000
716.43,716.52,712.46,712.62,2358949.457111,1780682400000
712.61,712.66,710.31,710.81,3998678.8396239993,1780683300000
710.83,711.14,708.55,709.28,3896004.185611,1780684200000
709.32,710.2,707.3,709.66,4878642.479562,1780685100000
709.66,710.11,706.08,706.6401,4098777.667383,1780686000000
706.64,708.78,704.32,708.73,4071104.457866,1780686900000
708.73,708.85,706.22,707.39,5750706.789945001,1780687800000
707.32,709.74,705.01,705.26,10449360.655936,1780688700000
717.81,719.21,714.68,717.54,4711654.489984,1780925400000
717.63,718.52,713.35,713.54,2368713.78397,1780926300000
713.56,716.45,713.07,715.69,2147974.975134,1780927200000
715.73,717.897,714.12,717.56,1479444.2759730003,1780928100000
717.52,719.64,717.25,718.35,1774753.231182,1780929000000
718.36,721.52,718.36,721.43,1727144.863794,1780929900000
721.44,722.82,721.18,722.36,2907572.208054,1780930800000
722.38,723.03,720.13,720.252,1413070.634341,1780931700000
720.28,721.63,718.57,721.63,1776193.863981,1780932600000
721.605,722.29,719.47,719.8204,1013208.999469,1780933500000
719.89,720.83,719.11,720.45,799522.488635,1780934400000
720.495,721.82,719.16,719.28,703040.7482160002,1780935300000
719.28,720.0,718.48,719.28,919619.762676,1780936200000
719.275,720.3499,719.04,719.1,598732.942351,1780937100000
719.125,719.175,716.84,717.8901,1142969.4647739998,1780938000000
717.88,719.73,716.8,719.6799,922555.709766,1780938900000
719.61,720.14,717.4,717.4621,929582.652971,1780939800000
717.43,719.57,717.43,718.57,1034492.449865,1780940700000
718.59,719.86,718.51,718.73,816309.6787350001,1780941600000
718.75,719.54,718.61,719.38,1154754.2254249996,1780942500000
719.39,720.005,717.87,717.95,1509294.3685690002,1780943400000
717.97,718.91,717.93,718.21,700989.9705940001,1780944300000
718.21,718.3399,715.42,715.434,1321163.494992,1780945200000
715.46,716.02,714.23,715.665,2030783.756715,1780946100000
715.67,717.07,715.28,715.63,1184716.563307,1780947000000
715.63,716.53,715.21,716.02,3317534.517762,1780947900000
722.98,723.79,720.49,723.7001,2886540.648964,1781011800000
723.73,725.66,721.29,721.505,2417225.97468,1781012700000
721.47,722.4,716.94,717.11,2792358.54004,1781013600000
717.06,717.92,714.01,715.95,3711300.56663,1781014500000
715.95,716.97,711.76,712.125,2246616.808034,1781015400000
712.14,712.75,707.16,710.9401,4250122.281431001,1781016300000
710.99,712.43,708.62,711.04,2042378.516938,1781017200000
711.01,711.33,701.5,701.73,3205476.0487460005,1781018100000
701.76,703.79,700.6,702.81,4769072.964876001,1781019000000
702.81,704.405,697.4,697.71,3484864.1252580006,1781019900000
697.75,699.94,694.7701,695.925,4075305.516471,1781020800000
695.89,696.03,690.0,693.575,4933313.214049,1781021700000
693.54,694.7199,686.37,689.95,6082981.940362001,1781022600000
689.89,692.66,687.6,692.565,4267394.289134001,1781023500000
692.55,697.23,692.2,696.67,3855796.519476,1781024400000
696.645,700.0,695.6,698.955,3450170.990525,1781025300000
698.93,703.37,698.04,701.9099,2591348.124245,1781026200000
701.9164,702.35,698.23,701.02,2485754.609059,1781027100000
701.03,702.5,699.92,701.77,1712105.9242369998,1781028000000
701.76,704.615,700.81,704.485,2476077.437016,1781028900000
704.49,706.2299,703.04,703.22,2426054.56899,1781029800000
703.24,707.31,703.09,706.74,1975044.543704,1781030700000
706.7,708.6,704.03,704.18,2509238.135891,1781031600000
704.23,704.38,701.18,703.95,2615442.271267,1781032500000
703.95,704.77,701.5,703.17,2246715.29833,1781033400000
703.19,708.28,701.44,707.88,5150902.988159001,1781034300000
701.66,707.43,699.62,707.1,4521823.290189001,1781098200000
707.14,709.17,704.79,705.7,2978245.1277710004,1781099100000
705.75,709.16,704.48,707.3901,2229879.423789,1781100000000
707.47,710.77,706.307,709.35,1794928.062018,1781100900000
709.31,711.28,707.17,707.19,1593889.4204569997,1781101800000
707.15,708.22,701.69,702.79,2633923.201921,1781102700000
702.8,704.878,699.06,699.07,2677689.8291550004,1781103600000
699.05,702.18,697.095,700.1,2873987.880115,1781104500000
700.14,702.11,698.46,701.67,2192045.655334,1781105400000
701.63,702.16,696.18,701.69,3313632.799091,1781106300000
701.73,702.64,698.18,698.57,1671804.617443,1781107200000
698.55,699.68,697.96,698.84,1333816.3320049995,1781108100000
698.9,701.55,697.99,699.17,1484843.2197169997,1781109000000
699.08,699.36,697.03,698.3,1260437.751276,1781109900000
698.34,699.83,696.13,696.5971,1144271.143097,1781110800000
696.6,697.81,696.15,697.57,1214543.597996,1781111700000
697.55,697.7,695.88,695.97,1010867.151622,1781112600000
695.96,700.15,695.87,699.82,1913720.660382,1781113500000
699.88,701.07,699.13,699.86,1102724.7851649998,1781114400000
699.84,700.56,697.85,698.21,828560.5264759999,1781115300000
698.18,698.3,696.27,696.955,1284835.97126,1781116200000
696.99,697.0,694.87,695.65,1563271.7957760002,1781117100000
695.6501,697.1,694.81,695.305,1514314.923533,1781118000000
695.32,695.4,692.93,694.2,1983018.933109,1781118900000
694.16,697.0,693.68,695.935,3022770.517884,1781119800000
695.91,696.96,693.68,693.72,5569779.808136,1781120700000
699.29,700.38,696.82,698.97,3319331.908702,1781184600000
698.95,705.56,698.195,702.8,3646470.060293,1781185500000
702.83,706.42,701.1,701.43,2512414.113075,1781186400000
701.38,703.53,699.2,702.08,2310633.667748,1781187300000
702.105,703.84,700.41,700.84,1634437.590218,1781188200000
700.87,701.4499,695.73,696.7505,2142673.924982,1781189100000
696.75,700.24,695.0,699.5201,2446991.465616,1781190000000
699.55,701.8,699.095,699.35,1649460.7130639998,1781190900000
699.35,703.0,698.97,700.79,1626038.8381480002,1781191800000
700.775,702.2,699.8,701.8113,1059117.187917,1781192700000
701.78,704.44,701.0,704.04,1427392.663066,1781193600000
704.04,704.59,701.35,701.475,1412302.5966550005,1781194500000
701.45,704.39,700.92,702.44,1258356.2480799998,1781195400000
702.4,702.83,699.55,699.58,1101667.561604,1781196300000
699.63,700.55,698.26,699.0,1928357.730211,1781197200000
699.01,707.46,697.45,707.26,2290621.5283870003,1781198100000
707.26,712.54,707.26,712.0,5813118.682471999,1781199000000
712.07,712.51,708.09,710.39,3123536.438825,1781199900000
710.385,711.35,706.855,709.655,3431109.715896,1781200800000
709.63,711.6499,708.89,709.81,2028104.204605,1781201700000
709.79,711.0,709.4301,710.69,1317313.699596,1781202600000
710.65,712.74,710.46,711.75,1681343.137834,1781203500000
711.79,714.25,710.81,713.975,2375418.588885,1781204400000
714.02,716.04,713.68,715.5083,1746491.725461,1781205300000
715.57,718.3721,715.48,717.35,3384727.707473,1781206200000
717.33,717.4,715.04,716.44,6623349.320761001,1781207100000
717.61,717.76,712.01,712.44,4684400.936649,1781271000000
712.4,715.54,711.28,714.25,2710739.9491420006,1781271900000
714.27,720.15,713.92,718.83,2611815.693707,1781272800000
718.81,720.815,717.42,718.065,1661971.114528,1781273700000
718.0,720.38,715.52,715.62,1680646.597042,1781274600000
715.61,721.32,714.18,720.97,2813999.54925,1781275500000
721.0799,722.82,720.07,722.5,1501758.009645,1781276400000
722.505,724.01,721.74,723.64,1702087.686592,1781277300000
723.665,723.75,719.22,719.44,2935862.241709,1781278200000
719.44,720.73,715.58,716.275,2707408.027185,1781279100000
716.26,721.46,715.57,720.1,2695561.059565,1781280000000
720.09,721.78,718.95,720.01,1519308.559272,1781280900000
719.99,721.16,719.55,720.055,898483.386295,1781281800000
720.0401,722.12,719.89,721.92,1194188.826578,1781282700000
721.97,723.9,721.6,722.63,1284793.3247449996,1781283600000
722.65,723.65,722.34,723.065,1063030.742576,1781284500000
723.08,723.23,722.11,722.55,1502978.0250070002,1781285400000
722.53,723.16,721.29,722.14,701374.901105,1781286300000
722.17,722.75,720.78,721.33,1139056.391092,1781287200000
721.35,721.8799,720.35,721.68,1149154.323511,1781288100000
721.6801,723.02,721.64,722.8,983483.1293850004,1781289000000
722.79,722.84,721.04,721.23,1071209.920717,1781289900000
721.15,722.78,721.0505,721.71,759160.9366370001,1781290800000
721.66,722.39,721.15,721.56,754649.008911,1781291700000
721.49,722.08,719.59,720.97,1492850.54009,1781292600000
720.958,722.08,720.3601,721.27,2469097.989867,1781293500000
738.1,740.45,737.38,739.66,4029748.1904000007,1781530200000
739.68,742.0,739.5,739.6799,2868153.883776,1781531100000
739.69,741.16,739.17,740.34,1967531.035617,1781532000000
740.32,741.1099,738.94,740.992,1607043.6040939998,1781532900000
741.07,741.28,739.65,740.03,1267563.235441,1781533800000
740.03,741.95,739.835,741.446,864067.6775920001,1781534700000
741.44,742.72,741.35,742.48,1295636.829118,1781535600000
742.51,743.2899,742.07,743.12,1048109.852499,1781536500000
743.16,743.35,742.15,742.94,1519164.3076989998,1781537400000
742.95,744.16,742.9,743.97,955983.090509,1781538300000
743.98,744.52,743.65,744.2,2029805.325699,1781539200000
744.21,744.725,743.71,744.475,651648.9649489999,1781540100000
744.467,744.7599,743.5266,743.97,1341115.622526,1781541000000
743.96,743.96,743.27,743.67,1402051.10581,1781541900000
743.68,744.1042,742.77,743.33,2002469.825873,1781542800000
743.32,744.24,743.2001,744.01,1178967.203783,1781543700000
744.03,744.235,743.55,743.85,1669775.591574,1781544600000
743.84,744.07,743.3214,743.44,463174.768931,1781545500000
743.47,743.73,742.8,743.66,925306.221036,1781546400000
743.69,743.92,742.94,743.04,444996.916149,1781547300000
743.02,744.1,742.65,744.0,1338567.5821240002,1781548200000
743.98,744.28,743.35,743.53,1287107.0670619998,1781549100000
743.52,743.77,743.04,743.43,798633.1781760001,1781550000000
743.43,743.7375,742.82,742.82,1152158.9569559998,1781550900000
742.81,743.62,742.57,743.39,887318.226467,1781551800000
743.38,743.94,742.43,743.84,4085636.951698,1781552700000
742.25,743.49,740.82,742.475,2339793.010662,1781616600000
742.46,744.22,741.97,742.21,1549067.607568,1781617500000
742.26,743.42,741.9,742.41,1587309.101379,1781618400000
742.4299,742.6346,738.9,739.11,2367294.591331,1781619300000
739.11,739.98,736.94,739.23,2312832.254791,1781620200000
739.16,739.16,736.2875,737.2,1348055.009445,1781621100000
737.2,738.7296,736.952,737.7,1126312.606273,1781622000000
737.7,738.36,734.73,735.61,1540096.7285109998,1781622900000
735.71,736.58,733.93,734.18,1285458.7077209998,1781623800000
734.12,735.47,732.51,733.9501,2023805.6420460003,1781624700000
733.96,736.41,733.88,735.585,1621491.427704,1781625600000
735.61,736.54,735.115,735.68,946815.827179,1781626500000
735.67,735.78,733.43,734.72,987580.244156,1781627400000
734.74,735.29,733.56,734.6699,1045427.656382,1781628300000
734.62,734.66,733.59,734.15,748012.5321069999,1781629200000
734.165,734.4399,732.955,733.6499,714748.789225,1781630100000
733.62,733.84,732.27,733.295,922426.935439,1781631000000
733.29,735.06,732.97,734.04,1063386.8194940002,1781631900000
734.0488,734.47,733.88,733.9743,463345.737204,1781632800000
733.99,734.2199,733.29,733.86,643754.7807339999,1781633700000
733.88,734.0,732.77,733.665,1019699.8866600002,1781634600000
733.66,733.81,732.76,733.18,1632041.110336,1781635500000
733.17,734.0401,731.89,732.12,1391741.3682239996,1781636400000
732.12,733.29,730.65,733.14,1683460.482559,1781637300000
733.135,733.53,731.29,732.4,1656002.795526,1781638200000
732.38,732.53,729.64,729.76,5399909.434072999,1781639100000
735.19,735.27,732.15,735.0,1980882.290246,1781703000000
735.07,735.57,730.88,730.94,1569359.326072,1781703900000
730.93,733.349,730.28,733.235,1683394.8832739997,1781704800000
733.24,735.68,733.03,734.83,1355842.6186109998,1781705700000
734.86,734.9,731.57,733.01,1032248.144638,1781706600000
732.99,733.6982,729.56,731.23,1483237.935467,1781707500000
731.24,732.6753,730.87,732.455,795652.3411559999,1781708400000
732.44,733.58,732.06,732.62,700192.9933789999,1781709300000
732.62,733.44,732.1894,732.6,757843.688329,1781710200000
732.6091,733.6254,732.56,733.43,2263512.7798860003,1781711100000
733.46,733.94,732.8,733.26,2273232.235819,1781712000000
733.27,733.98,732.93,733.65,1307578.27081,1781712900000
733.65,733.94,732.71,732.98,369419.845451,1781713800000
733.0,733.0,732.15,732.48,383768.482063,1781714700000
732.485,732.485,730.48,731.76,682172.13859,1781715600000
731.75,732.95,731.185,732.7801,606268.9284349999,1781716500000
732.75,732.89,731.945,732.225,514302.8297290001,1781717400000
732.26,734.11,732.03,734.0675,1283605.2373869997,1781718300000
734.06,734.21,724.53,729.09,3969624.060893,1781719200000
729.05,731.085,727.16,728.6895,1706761.2213860005,1781720100000
728.68,735.38,727.79,735.0,3228885.648779,1781721000000
735.03,735.09,728.08,729.42,2159152.859073,1781721900000
729.43,731.77,727.66,731.29,2317822.990595,1781722800000
731.29,731.48,725.18,725.85,2184175.433695,1781723700000
725.83,726.68,721.12,721.8472,3196954.828685,1781724600000
721.88,724.095,720.85,722.5,4305187.781475999,1781725500000
737.2,737.65,732.51,732.7,3832435.549813,1781789400000
732.69,735.99,732.68,734.205,2211045.513977,1781790300000
734.31,737.24,733.87,735.64,1745970.7210630002,1781791200000
735.63,738.43,735.1,735.52,1854360.537202,1781792100000
735.5,737.64,734.2,736.72,1537097.098893,1781793000000
736.74,738.8,736.68,737.88,1598781.833947,1781793900000
737.9,739.14,737.011,738.04,1311858.9039830002,1781794800000
738.06,738.48,736.65,736.9799,917214.067498,1781795700000
736.94,737.72,734.98,735.8879,5039963.318723,1781796600000
735.82,738.55,734.94,738.3,920226.012542,1781797500000
738.28,739.02,737.98,738.56,908409.468739,1781798400000
738.55,739.4699,738.0,739.26,874940.8152679998,1781799300000
739.27,739.85,738.8,739.4841,742341.3597259999,1781800200000
739.48,739.601,738.54,739.335,741530.1333100001,1781801100000
739.34,740.25,738.67,740.0,843977.7150499998,1781802000000
740.0,740.57,739.59,739.9995,895773.339646,1781802900000
739.99,740.62,739.95,740.32,406207.23147,1781803800000
740.33,740.58,739.82,739.93,972396.9923050002,1781804700000
739.96,740.22,739.57,739.71,812679.948684,1781805600000
739.71,739.99,739.3037,739.59,563282.6026100001,1781806500000
739.6,739.61,738.911,739.135,685267.188558,1781807400000
739.1599,740.14,739.06,739.475,776087.0575570001,1781808300000
739.49,739.75,738.43,738.63,1413106.1672889998,1781809200000
738.63,739.71,738.48,739.48,1439738.8194719998,1781810100000
739.46,740.94,738.75,740.895,1491420.9410839996,1781811000000
740.89,741.82,739.66,739.66,6021546.792905,1781811900000
742.02,744.4399,740.43,741.17,2791826.857104,1782135000000
741.21,744.695,741.19,744.695,1313430.135445,1782135900000
744.6,745.45,743.8,744.06,1352706.465526,1782136800000
744.04,744.11,740.15,740.435,1417184.211697,1782137700000
740.56,740.56,737.03,737.33,1982606.281191,1782138600000
737.32,738.67,735.35,737.6695,1913517.021896,1782139500000
737.71,738.59,736.8,737.365,1924140.869491,1782140400000
737.5501,738.06,736.3,736.6286,1786858.705874,1782141300000
736.6301,738.47,736.17,737.93,843875.8139550001,1782142200000
737.9,738.505,735.36,735.7376,1215959.283402,1782143100000
735.74,736.43,734.39,736.2899,835159.3371099998,1782144000000
736.27,737.0886,735.58,736.44,889986.6273499998,1782144900000
736.44,736.45,734.91,735.38,940339.967133,1782145800000
735.35,736.84,734.86,736.47,766868.375495,1782146700000
736.48,736.77,735.1,735.98,692945.450614,1782147600000
735.99,737.02,735.97,736.68,377948.6295600001,1782148500000
736.66,736.89,735.765,736.31,364932.700644,1782149400000
736.3,737.96,736.14,737.12,833036.4138049999,1782150300000
737.13,737.68,736.81,737.39,430779.0765169999,1782151200000
737.4,738.28,737.145,737.43,725138.8358379999,1782152100000
737.45,737.9099,736.3,736.35,802427.3885379999,1782153000000
736.37,736.9,735.54,735.72,1046396.1635679998,1782153900000
735.74,736.66,735.1283,736.055,952819.921245,1782154800000
736.08,736.38,735.435,735.4736,693216.848019,1782155700000
735.49,736.57,735.49,735.8,1767895.586958,1782156600000
735.79,738.51,735.75,738.001,3346132.563002,1782157500000
715.74,717.81,713.28,716.69,4304668.771125,1782221400000
716.58,720.9,715.91,720.71,2818470.707241,1782222300000
720.69,722.8,720.58,722.475,2451416.8704920006,1782223200000
722.49,723.61,721.0,722.015,1730566.4180279998,1782224100000
722.05,722.36,719.3,719.6,1517471.613935,1782225000000
719.61,720.65,717.89,718.8716,1618684.356859,1782225900000
718.88,719.65,716.72,717.33,1526446.5659559995,1782226800000
717.35,717.62,715.39,715.77,1453637.715894,1782227700000
715.7,717.28,715.09,715.96,1289284.2799989998,1782228600000
716.01,718.05,715.65,717.5314,865679.8363939999,1782229500000
717.54,720.2999,717.33,720.035,1137263.862226,1782230400000
720.05,720.28,718.35,719.39,1295578.9468840002,1782231300000
719.371,720.04,718.45,719.98,980062.622844,1782232200000
719.97,720.0699,718.28,719.045,898630.7423450002,1782233100000
719.01,719.45,717.29,718.71,1259519.21414,1782234000000
718.73,719.71,718.01,719.08,537715.500105,1782234900000
719.08,719.79,718.12,718.21,533411.2173530001,1782235800000
718.21,718.58,715.85,715.87,973385.031059,1782236700000
715.93,717.08,715.34,716.205,1090566.267219,1782237600000
716.18,716.62,715.56,715.88,912263.124454,1782238500000
715.85,716.06,713.3,713.351,1231357.696261,1782239400000
713.36,714.05,712.1101,713.38,2171001.531791,1782240300000
713.36,716.35,712.975,714.41,2413309.544044,1782241200000
714.36,715.79,712.99,715.23,1852819.81314,1782242100000
715.24,716.0,714.33,714.8,1695207.879433,1782243000000
714.84,715.68,713.5,713.69,5914680.206824999,1782243900000
715.37,718.4999,712.74,714.18,3403124.323889001,1782307800000
714.2,717.22,711.78,714.75,2049370.51108,1782308700000
714.78,715.67,713.36,714.21,1553357.619567,1782309600000
714.21,715.8085,710.88,715.15,1483173.375244,1782310500000
715.19,717.21,715.12,717.09,1304134.2249840002,1782311400000
717.09,719.6,716.9601,719.55,1358502.5830959997,1782312300000
719.57,719.93,716.18,716.98,1111155.741084,1782313200000
716.96,717.8799,715.1,717.42,1146100.9654390002,1782314100000
717.41,718.05,715.29,716.0481,782852.32124,1782315000000
716.011,717.64,714.96,716.3,846213.3273999998,1782315900000
716.34,717.5,715.69,716.71,573741.564114,1782316800000
716.75,717.39,715.9501,716.23,498641.71025,1782317700000
716.265,716.29,712.88,713.575,1029283.302039,1782318600000
713.57,714.3,712.52,712.78,1144126.4688609997,1782319500000
712.79,714.06,711.13,711.31,918754.278824,1782320400000
711.33,711.9,707.87,708.03,1601705.2954510003,1782321300000
708.06,709.38,706.9662,708.1,1639424.077869,1782322200000
708.04,709.28,707.0,707.46,1276927.284075,1782323100000
707.47,709.24,707.22,708.71,1106915.577156,1782324000000
708.7101,711.6428,708.7,711.09,1236541.039728,1782324900000
711.14,711.47,708.3165,708.93,1144123.7217920003,1782325800000
708.88,708.91,705.93,706.43,1514108.1279739998,1782326700000
706.43,708.07,704.45,705.57,2010154.780389,1782327600000
705.555,707.58,704.93,707.3223,1349638.3598669998,1782328500000
707.34,708.85,706.75,707.475,1729245.504394,1782329400000
707.5,710.98,707.15,710.57,3858214.685821,1782330300000
725.9,726.83,716.07,716.55,3900992.043666,1782394200000
716.52,717.71,705.3,705.76,5882814.886491001,1782395100000
705.84,714.8699,705.61,711.36,4698873.040025,1782396000000
711.39,714.65,709.68,712.31,2331916.137072,1782396900000
712.29,715.37,711.75,712.74,1799563.7015079998,1782397800000
712.67,716.77,711.68,713.43,1596100.3947460002,1782398700000
713.46,716.07,710.48,710.94,1746366.705659,1782399600000
711.03,714.19,709.24,712.92,1741620.9994899996,1782400500000
713.0,715.04,712.77,714.915,800979.3726209999,1782401400000
714.875,716.47,713.89,714.05,933084.546828,1782402300000
714.05,718.48,713.7,718.05,1164314.7130300002,1782403200000
718.08,719.11,715.85,716.57,1116273.3340780002,1782404100000
716.565,716.64,713.55,713.85,884202.2891030001,1782405000000
713.84,715.4385,712.3,714.62,1219626.975715,1782405900000
714.6036,716.92,714.39,716.24,1152259.147051,1782406800000
716.29,717.69,714.4101,716.5868,757651.2546150001,1782407700000
716.68,717.37,715.56,715.91,851613.5319970001,1782408600000
715.92,717.5,714.62,717.3412,873812.552202,1782409500000
717.31,717.82,714.58,716.79,1369877.888539,1782410400000
716.8,719.6,716.14,719.27,1139376.31485,1782411300000
719.255,719.27,715.99,717.16,940874.543984,1782412200000
717.08,717.64,715.07,716.74,865370.4199739998,1782413100000
716.77,716.81,714.04,714.29,968005.313074,1782414000000
714.27,714.98,713.21,714.58,1265327.2029020002,1782414900000
714.55,714.699,713.1,714.35,1112502.728102,1782415800000
714.31,716.43,712.96,716.26,2805056.045579,1782416700000
707.13,707.39,702.81,706.71,3046634.901141,1782480600000
706.72,709.65,704.2,709.12,2121881.377285,1782481500000
709.14,712.94,708.62,712.59,2339576.090875,1782482400000
712.58,714.33,710.96,712.66,2119740.203089,1782483300000
712.69,713.26,709.37,710.2046,1523514.953152,1782484200000
710.265,712.3499,709.66,710.51,976665.9391390004,1782485100000
710.56,711.64,708.915,709.06,753730.545246,1782486000000
709.07,712.57,708.22,712.521,1082223.815391,1782486900000
712.5201,715.555,711.9738,715.09,1191155.6168609995,1782487800000
715.07,715.3,711.11,713.21,1314236.634237,1782488700000
713.25,713.36,710.88,711.72,694113.7032349999,1782489600000
711.71,712.409,710.27,711.85,738420.987212,1782490500000
711.9,713.7981,711.82,712.71,729003.622827,1782491400000
712.755,713.84,712.456,713.045,638356.181783,1782492300000
713.07,715.1699,712.665,713.97,760387.0247230001,1782493200000
714.0399,714.09,712.2001,713.58,655819.150819,1782494100000
713.57,714.59,711.7863,712.7218,681153.3563890001,1782495000000
712.72,713.0699,711.23,711.4,574995.929994,1782495900000
711.47,712.33,711.01,711.305,533952.565801,1782496800000
711.29,711.61,709.33,709.45,2024660.629365,1782497700000
709.48,710.64,709.29,709.8,708832.902228,1782498600000
709.71,709.71,707.71,708.37,2746107.2370840004,1782499500000
708.43,710.5,707.87,710.44,1462652.6855000004,1782500400000
710.405,710.46,708.52,709.24,2192370.870846,1782501300000
709.26,711.49,708.68,711.3,1284139.249,1782502200000
711.31,712.02,705.1,705.84,3731784.675874,1782503100000
713.99,717.5337,711.88,717.3,3036699.230091,1782739800000
717.29,718.66,712.48,713.3899,2405625.477027,1782740700000
713.46,713.73,706.4601,706.5,2872824.363901,1782741600000
706.47,711.97,705.172,711.84,3092347.863902,1782742500000
711.86,714.4,711.41,712.59,1746074.9914950002,1782743400000
712.58,715.96,710.65,715.93,1403777.5454659995,1782744300000
715.93,716.33,709.58,716.09,1235680.894265,1782745200000
716.18,717.32,714.54,717.22,1126520.249527,1782746100000
717.24,718.55,716.41,718.47,1386275.168989,1782747000000
718.46,719.06,717.45,718.949,955615.967124,1782747900000
718.92,719.85,718.78,719.15,1587450.690842,1782748800000
719.1,720.55,719.1,719.61,787503.0235649999,1782749700000
719.64,720.59,718.935,720.51,721329.1482560001,1782750600000
720.5,721.12,720.16,720.7088,594680.710903,1782751500000
720.71,722.73,720.67,722.4048,805281.0053440001,1782752400000
722.43,723.047,721.47,723.0,904736.53314,1782753300000
722.99,723.63,722.41,722.86,707988.4617649999,1782754200000
722.88,723.44,722.5201,722.8201,651843.78078,1782755100000
722.8395,723.32,722.58,723.26,636158.7710640001,1782756000000
723.23,723.33,722.43,722.53,532098.559454,1782756900000
722.6,724.1163,722.48,724.06,949359.697086,1782757800000
724.06,724.42,723.37,723.53,858470.1643160002,1782758700000
723.53,723.85,722.75,723.1505,1201489.19262,1782759600000
723.14,724.25,722.99,723.43,1442356.5573989998,1782760500000
723.45,724.01,722.98,723.38,959046.924952,1782761400000
723.35,724.58,722.24,723.95,5939534.173932999,1782762300000
724.18,729.45,723.91,728.31,2938194.099679,1782826200000
728.19,731.94,727.75,731.8701,2014197.5073470003,1782827100000
731.89,732.59,729.72,731.63,2222485.802262,1782828000000
731.61,733.31,731.16,732.9884,1299724.581647,1782828900000
733.01,733.775,732.05,733.07,1260267.679566,1782829800000
733.04,733.04,729.94,730.47,990755.907652,1782830700000
730.5,733.03,730.37,732.81,1222709.4141089998,1782831600000
732.81,733.17,732.06,733.025,697762.723246,1782832500000
733.06,733.5799,732.59,733.149,710472.0879040001,1782833400000
733.16,734.7197,733.15,734.229,911630.955554,1782834300000
734.22,735.08,734.03,734.89,675088.1614309999,1782835200000
734.9,735.39,734.76,735.035,637639.122558,1782836100000
735.04,735.47,734.64,735.43,530274.1310149999,1782837000000
735.45,736.35,735.3801,735.82,573759.233567,1782837900000
735.85,736.68,735.79,736.02,670601.501249,1782838800000
736.0399,736.48,735.77,735.91,468655.176188,1782839700000
735.919,736.27,735.5705,736.23,511044.567897,1782840600000
736.24,736.27,735.58,735.78,1589828.783529,1782841500000
735.81,736.15,735.175,735.81,492492.1758960001,1782842400000
735.78,736.36,735.67,735.98,503046.495802,1782843300000
736.0,736.57,735.76,736.51,858933.219141,1782844200000
736.51,736.99,736.23,736.49,1027051.60902,1782845100000
736.48,737.43,736.45,737.39,1660313.5139660002,1782846000000
737.39,737.62,736.8535,737.05,1382033.993259,1782846900000
737.05,737.2397,736.43,737.16,4057306.20381,1782847800000
737.16,737.62,735.76,735.76,5774518.068994001,1782848700000
729.19,729.71,725.52,726.88,4201013.051384001,1782912600000
726.83,730.24,726.2,730.17,2167495.363162,1782913500000
730.24,731.29,729.305,730.32,1490844.1501200004,1782914400000
730.35,730.94,729.445,730.28,1020889.3228590002,1782915300000
730.24,730.35,728.24,728.24,1558849.5967449998,1782916200000
728.25,729.21,726.6785,728.03,1318696.936219,1782917100000
728.05,729.93,727.89,729.72,821224.2575150001,1782918000000
729.77,731.75,729.77,731.6216,1170686.5381879995,1782918900000
731.61,731.92,730.0516,730.35,1178352.3595839995,1782919800000
730.33,730.48,728.8,729.54,1460488.177902,1782920700000
729.46,730.0,728.7,729.17,790865.083895,1782921600000
729.12,730.17,728.58,729.23,681380.8977960001,1782922500000
729.225,729.66,728.16,728.69,612672.8910030001,1782923400000
728.6837,729.12,727.53,727.9,1637442.8369489997,1782924300000
727.87,728.55,727.0,728.07,980165.820007,1782925200000
728.07,729.12,727.89,728.33,817794.7836419999,1782926100000
728.35,728.66,727.75,727.83,365525.126072,1782927000000
727.87,728.27,727.08,727.19,704232.222443,1782927900000
727.225,727.87,726.98,727.03,434224.58645,1782928800000
727.02,727.66,726.61,727.11,483521.433252,1782929700000
727.09,727.49,726.51,726.77,876568.1256969998,1782930600000
726.76,726.76,725.6525,726.46,1275689.951396,1782931500000
726.45,728.49,726.365,727.78,1047007.859363,1782932400000
727.78,728.389,727.35,727.9091,1089975.794694,1782933300000
727.905,728.93,726.56,726.74,1321599.1467000002,1782934200000
726.75,727.19,724.6,725.16,5165878.225045,1782935100000
725.58,728.23,723.871,726.74,2795077.6161880004,1782999000000
726.74,730.0,726.21,729.9,1492517.7383559998,1782999900000
729.94,730.83,726.92,728.9,1517396.712974,1783000800000
728.885,729.12,721.52,722.13,2407377.127926,1783001700000
722.18,723.83,718.3,719.02,2971224.326821,1783002600000
719.09,720.475,717.21,719.815,2173254.619844,1783003500000
719.845,720.1,714.74,716.85,2091242.790687,1783004400000
716.88,717.56,714.2827,715.79,1549758.9769250003,1783005300000
715.76,719.31,715.68,716.7,1954593.862078,1783006200000
716.725,717.59,714.91,715.87,996615.5235789998,1783007100000
715.92,716.1579,713.7,715.208,1721655.398149,1783008000000
715.2,715.3,712.7659,713.01,1391673.8006980002,1783008900000
713.02,713.12,710.54,712.62,2103254.889972,1783009800000
712.58,712.6988,710.12,710.785,1124656.448508,1783010700000
710.78,711.26,708.99,710.58,1300160.3827620002,1783011600000
710.59,711.29,709.8301,710.42,1109600.080926,1783012500000
710.39,711.08,708.32,709.46,1167025.526254,1783013400000
709.41,709.53,707.56,707.78,1397736.291696,1783014300000
707.82,711.82,707.63,710.7682,1366869.920824,1783015200000
710.77,711.45,709.59,711.43,977701.7057840002,1783016100000
711.43,712.33,710.87,711.2701,818878.341349,1783017000000
711.28,712.405,710.28,711.5,1070241.564377,1783017900000
711.5,711.84,708.88,709.6,1152926.493004,1783018800000
709.57,710.41,708.07,709.85,1324245.328645,1783019700000
709.85,711.12,709.54,710.57,1651452.963507,1783020600000
710.62,713.78,710.04,712.74,4084967.233302,1783021500000
719.93,722.29,718.45,721.8,3148492.6067390004,1783344600000
721.75,723.99,721.304,722.18,2078450.290508,1783345500000
722.27,724.48,721.5,724.34,1565267.6770409998,1783346400000
724.32,724.835,723.5365,724.1,1217989.398848,1783347300000
724.15,725.16,723.55,724.73,1118745.757099,1783348200000
724.77,725.4184,723.52,724.41,820434.0902160001,1783349100000
724.54,724.88,722.86,723.4301,583219.8191920001,1783350000000
723.42,725.32,722.44,725.28,990146.722708,1783350900000
725.28,725.69,724.6101,725.48,901097.2679300002,1783351800000
725.48,725.84,725.02,725.58,574342.281801,1783352700000
725.57,726.08,725.11,725.52,460468.290111,1783353600000
725.52,725.66,724.45,724.6,391251.416953,1783354500000
724.64,724.9,723.92,724.2595,432122.349014,1783355400000
724.225,724.745,723.41,723.58,492785.82087900006,1783356300000
723.59,724.71,723.27,724.27,528543.37716,1783357200000
724.3099,724.59,722.58,722.76,531154.896454,1783358100000
722.76,722.895,721.02,721.6,1001368.968019,1783359000000
721.58,722.33,721.08,721.36,687827.5591369999,1783359900000
721.42,723.12,721.37,722.65,900635.399832,1783360800000
722.65,723.86,722.65,723.19,490925.993505,1783361700000
723.16,723.51,722.63,723.3581,524149.926316,1783362600000
723.37,723.99,723.26,723.68,626354.123873,1783363500000
723.69,724.53,723.43,724.21,578441.495866,1783364400000
724.2,725.19,724.04,724.79,1386080.100418,1783365300000
724.81,724.84,723.86,724.53,874448.397395,1783366200000
724.52,724.83,722.21,722.63,3077184.899707,1783367100000
714.17,716.35,711.63,714.145,3590493.604595,1783431000000
714.14,714.18,709.97,711.1728,2054216.458176,1783431900000
711.12,712.025,707.86,708.0899,2110253.06808,1783432800000
708.05,708.94,706.08,707.21,2565062.325558,1783433700000
707.21,707.76,704.9,705.59,2511238.7608270003,1783434600000
705.59,707.75,705.45,707.19,1911439.235174,1783435500000
707.17,708.5,706.445,707.5557,1276434.0264599998,1783436400000
707.55,707.6,706.42,707.4494,1243816.7068880002,1783437300000
707.46,707.81,705.84,707.8096,769294.3092489999,1783438200000
707.8,709.26,707.7,709.2,1028363.916364,1783439100000
709.21,711.25,708.99,711.13,1481160.665793,1783440000000
711.125,713.0462,710.75,712.69,1263888.604328,1783440900000
712.69,713.31,711.56,712.56,1311604.559431,1783441800000
712.59,713.29,711.99,712.87,737669.2054620001,1783442700000
712.81,713.87,712.65,712.72,1195170.5424060002,1783443600000
712.72,713.68,712.2,712.74,699196.832473,1783444500000
712.75,713.6,712.75,713.45,665061.3163890002,1783445400000
713.44,713.5699,712.65,713.56,469961.991054,1783446300000
713.58,713.74,712.7,713.08,571787.524314,1783447200000
713.1,713.38,712.22,712.355,701065.5146809999,1783448100000
712.37,712.71,710.76,711.29,822998.415274,1783449000000
711.27,711.56,709.15,709.31,1140600.306879,1783449900000
709.35,709.79,707.58,707.96,1490511.463247,1783450800000
707.96,707.99,706.41,707.68,1518971.447946,1783451700000
707.64,708.88,707.24,707.39,1032051.2019680002,1783452600000
707.39,709.64,707.28,709.495,3227901.289196,1783453500000
704.95,709.42,704.94,708.52,3517078.9387610005,1783517400000
708.57,709.8,707.08,708.95,1924813.335584,1783518300000
708.97,709.47,705.99,706.68,1379615.2648959998,1783519200000
706.64,709.06,705.74,707.2,1225582.851389,1783520100000
707.16,708.19,705.15,706.2,1154765.225659,1783521000000
706.22,707.29,703.75,705.21,1556377.043673,1783521900000
705.26,705.52,703.29,703.44,1090279.672652,1783522800000
703.42,703.97,700.91,701.45,1708035.947147,1783523700000
701.48,703.77,700.95,702.83,1129513.236793,1783524600000
702.78,703.2516,701.315,702.405,767622.0231160002,1783525500000
702.51,705.44,702.34,705.2899,870344.8333789998,1783526400000
705.27,707.34,704.76,706.75,1014148.14455,1783527300000
706.75,708.5,706.03,708.0501,1323296.910352,1783528200000
708.07,709.17,707.54,709.07,864340.671443,1783529100000
709.1,709.46,708.16,708.1737,701282.4312079999,1783530000000
708.17,710.8199,708.15,710.71,952982.655287,1783530900000
710.76,711.14,709.3,709.45,731749.578564,1783531800000
709.44,709.48,707.88,708.605,779067.227814,1783532700000
708.64,710.39,708.02,709.92,580874.396668,1783533600000
709.91,710.18,709.01,709.06,983847.0563169998,1783534500000
709.02,710.15,708.5,709.77,549330.7033,1783535400000
709.74,710.33,709.28,709.9,636636.838332,1783536300000
709.93,710.6,709.23,709.7,530772.83742,1783537200000
709.72,710.73,709.35,710.43,605965.5731840001,1783538100000
710.43,710.61,709.55,710.26,563713.90205,1783539000000
710.25,712.2599,709.4,711.3,2396059.633374,1783539900000
718.33,721.3,716.5,721.02,2877358.180662,1783603800000
721.02,722.75,719.7801,722.17,2027381.656574,1783604700000
722.21,722.54,719.3,719.725,1279570.3737420002,1783605600000
719.65,719.65,715.125,718.74,2361193.292843,1783606500000
718.8,719.61,717.15,718.64,1699587.0695030005,1783607400000
718.66,720.14,717.82,719.32,982130.543239,1783608300000
719.39,721.16,719.13,720.94,1019050.155336,1783609200000
720.94,721.64,720.33,721.36,1023038.758827,1783610100000
721.38,722.01,720.95,721.5674,755471.5517060001,1783611000000
721.58,722.08,721.475,721.6644,639278.2067270001,1783611900000
721.66,722.56,721.66,722.0091,631397.4057649999,1783612800000
722.02,722.41,721.5225,721.76,860006.9268540001,1783613700000
721.78,722.38,721.12,722.23,595597.702136,1783614600000
722.18,722.2981,721.67,721.94,539539.4007209999,1783615500000
721.935,723.67,721.86,723.335,1083191.45273,1783616400000
723.33,724.16,723.324,724.11,1452868.3743669996,1783617300000
724.1499,724.23,723.5,723.78,1143966.150922,1783618200000
723.79,724.1999,723.07,723.78,592216.789462,1783619100000
723.77,724.04,723.47,723.84,600972.5462680002,1783620000000
723.87,723.94,723.04,723.43,452930.0436250001,1783620900000
723.4,723.65,722.98,723.44,428484.88376,1783621800000
723.45,723.6,722.74,722.96,568667.457756,1783622700000
722.99,723.01,722.21,722.45,761127.927994,1783623600000
722.47,723.42,722.18,722.8,563971.775617,1783624500000
722.79,723.17,722.27,723.1,805005.324731,1783625400000
723.11,723.36,721.97,723.19,2031714.176345,1783626300000
720.7,723.19,719.83,721.23,1945312.388559,1783690200000
721.27,724.09,721.19,722.81,1668157.4084549998,1783691100000
722.8,723.8994,722.49,723.25,972825.6884819998,1783692000000
723.28,723.5499,721.0,722.4541,957990.804862,1783692900000
722.42,723.66,717.0,722.0,2613004.379722001,1783693800000
721.98,722.58,720.06,720.3499,722029.435043,1783694700000
720.31,721.85,719.35,721.57,825788.0601090001,1783695600000
721.6,724.29,721.58,724.0509,940879.080699,1783696500000
724.09,724.34,720.58,721.52,1091395.532732,1783697400000
721.57,723.38,720.95,723.24,739273.769935,1783698300000
723.29,724.31,723.29,724.09,777861.8890669999,1783699200000
724.14,725.27,724.14,724.91,893154.25662,1783700100000
724.92,725.41,724.73,725.0,474937.676929,1783701000000
724.97,725.58,724.876,725.2018,455102.424599,1783701900000
725.24,725.36,724.53,724.9808,402714.342195,1783702800000
724.9485,725.79,724.84,725.77,381834.242608,1783703700000
725.7682,726.24,725.48,726.105,651652.340242,1783704600000
726.11,726.26,725.3301,725.5,927774.512931,1783705500000
725.54,726.27,725.4118,725.8,1313964.726632,1783706400000
725.79,726.16,725.15,725.7,455802.669781,1783707300000
725.71,725.96,725.35,725.56,258126.15864600005,1783708200000
725.55,725.7,725.25,725.48,241965.766387,1783709100000
725.49,726.39,725.38,725.98,511309.198623,1783710000000
725.93,725.98,725.44,725.71,395005.927964,1783710900000
725.68,726.18,725.67,725.86,546353.056282,1783711800000
725.86,726.13,725.26,725.54,2537843.9618490003,1783712700000
717.72,718.43,713.95,715.02,3324664.710002,1783949400000
715.02,716.05,713.15,715.77,3010215.956104,1783950300000
715.85,716.61,714.17,716.3,1454123.7748919998,1783951200000
716.31,717.6,712.56,717.5,3090073.804963,1783952100000
717.59,718.1,715.65,715.972,976990.271316,1783953000000
716.03,717.99,715.1401,717.91,932619.681402,1783953900000
717.93,718.74,716.77,717.07,767824.461546,1783954800000
716.965,718.17,716.55,717.66,416424.709351,1783955700000
717.65,718.03,716.24,716.37,473891.563548,1783956600000
716.3,716.41,715.0,715.36,677500.874583,1783957500000
715.3301,715.975,714.68,715.4,516442.484775,1783958400000
715.41,715.42,713.52,714.09,773923.3486670001,1783959300000
713.99,713.99,711.7,713.53,1805563.795661,1783960200000
713.54,713.99,711.7,713.26,719407.672191,1783961100000
713.25,714.55,713.03,713.6,694041.7364609999,1783962000000
713.62,713.8308,712.545,713.01,751753.303113,1783962900000
713.02,713.35,712.21,712.86,579767.7644839999,1783963800000
712.87,713.19,711.8,712.05,986062.5668070002,1783964700000
712.11,713.51,711.97,712.98,775198.935659,1783965600000
712.97,713.12,711.83,711.98,805922.2025000001,1783966500000
711.99,713.0,711.525,712.62,1030492.590346,1783967400000
712.64,713.12,712.22,712.42,622317.651358,1783968300000
712.46,713.2288,711.44,711.72,985851.602034,1783969200000
711.74,711.82,710.3,710.63,1267105.761299,1783970100000
710.66,711.54,710.08,711.4,1747888.688038,1783971000000
711.44,712.67,711.015,711.77,3129270.3988149995,1783971900000
720.22,720.286,717.12,718.86,2148062.656849,1784035800000
718.83,720.09,717.9,719.39,2053154.1761,1784036700000
719.43,720.0,716.02,716.72,1410392.9377390002,1784037600000
716.6,718.27,714.34,717.18,1258218.773532,1784038500000
717.13,720.93,716.538,718.19,1947993.498771,1784039400000
718.21,719.57,716.62,719.3,1112908.192714,1784040300000
719.37,721.5,718.86,721.11,1300941.511969,1784041200000
721.09,722.085,720.58,722.01,984850.965117,1784042100000
722.05,722.29,719.95,720.845,1143486.191631,1784043000000
720.82,721.23,719.05,719.65,551629.8886699999,1784043900000
719.73,719.8,717.89,718.535,613024.343,1784044800000
718.56,719.6299,717.72,719.52,955651.125417,1784045700000
719.535,720.57,718.84,720.215,471807.200039,1784046600000
720.23,720.7106,719.59,720.62,433675.05412,1784047500000
720.63,721.18,720.35,720.51,800597.5682160001,1784048400000
720.56,721.57,720.14,721.15,504736.253572,1784049300000
721.23,721.46,720.41,721.1,549933.344677,1784050200000
721.08,721.57,720.69,721.51,514476.512211,1784051100000
721.51,721.69,721.04,721.65,394465.9468059999,1784052000000
721.66,721.87,721.15,721.26,424536.2016169999,1784052900000
721.26,721.65,720.07,720.62,926647.669272,1784053800000
720.62,721.05,720.35,720.592,308188.977557,1784054700000
720.59,720.79,719.525,720.39,858253.2394080001,1784055600000
720.38,720.91,719.93,719.93,581046.390241,1784056500000
719.98,720.4,719.29,720.26,975039.7505759998,1784057400000
720.28,720.8395,719.46,719.65,1687720.293335,1784058300000
723.85,724.36,720.83,720.87,1557421.639286,1784122200000
720.86,721.17,718.93,720.66,2107341.752221,1784123100000
720.69,722.29,720.22,720.22,1024765.10915,1784124000000
720.21,720.7593,716.206,718.215,1768496.524083,1784124900000
718.25,718.53,713.72,715.24,1620253.6961,1784125800000
715.24,716.305,714.33,715.96,1443951.122441,1784126700000
716.0,716.6999,714.72,715.0,806025.817422,1784127600000
715.0,716.21,713.58,716.21,1050890.988839,1784128500000
716.17,716.55,714.98,715.58,705990.525932,1784129400000
715.58,715.6,714.26,714.74,551730.466951,1784130300000
714.71,715.14,712.07,712.14,1608692.384336,1784131200000
712.13,712.6699,711.07,711.845,1851258.2124789995,1784132100000
711.82,712.345,710.23,711.44,1188067.1004729995,1784133000000
711.44,713.66,711.15,713.02,1123670.182865,1784133900000
713.02,714.21,712.58,713.49,693496.2933919998,1784134800000
713.5035,715.33,713.4,715.26,1390438.942565,1784135700000
715.28,716.04,715.26,715.91,659136.5288600001,1784136600000
715.95,717.7,715.74,717.2,927139.1699270002,1784137500000
717.235,718.28,717.13,717.9799,666295.9018570001,1784138400000
717.98,718.59,717.2,718.1695,591368.355879,1784139300000
718.17,718.43,716.6,716.68,495699.77734400006,1784140200000
716.67,716.76,715.05,715.46,838261.8894670001,1784141100000
715.44,716.87,715.29,716.2601,997165.9403670002,1784142000000
716.275,716.36,714.9205,716.22,510685.622769,1784142900000
716.25,717.54,715.46,717.26,1075136.2111469996,1784143800000
717.23,717.84,716.42,717.7,1773481.307031,1784144700000
712.01,713.599,708.23,708.41,2502279.450232,1784208600000
708.41,709.47,707.0,709.175,1796703.4462489998,1784209500000
709.09,712.765,708.54,712.085,1460161.037788,1784210400000
712.13,712.9,710.41,712.48,944366.298249,1784211300000
712.475,713.07,711.12,711.995,783672.4552230001,1784212200000
712.01,712.31,709.58,711.35,984060.392828,1784213100000
711.41,711.91,708.92,709.455,837678.889268,1784214000000
709.44,711.66,708.95,710.61,899761.5662850002,1784214900000
710.585,712.02,709.73,710.35,740556.107285,1784215800000
710.29,711.28,709.35,710.22,683285.9487709999,1784216700000
710.25,710.3,707.76,707.85,2142725.9960890003,1784217600000
707.84,708.31,707.11,707.96,1346106.0978209998,1784218500000
707.96,708.93,707.64,707.8025,820104.9962880001,1784219400000
707.83,709.22,707.27,708.8671,729153.9859229999,1784220300000
708.92,708.94,707.6078,707.675,507544.441047,1784221200000
707.695,708.98,707.35,708.74,892009.3777049999,1784222100000
708.79,709.01,706.31,706.59,949922.013056,1784223000000
706.6,707.18,706.04,706.6,1029106.1398479998,1784223900000
706.58,707.4334,706.05,706.31,1459829.417447,1784224800000
706.35,708.06,706.0,707.21,619000.5877429999,1784225700000
707.1,707.1,705.5,706.45,1524425.17589,1784226600000
706.365,706.81,705.54,705.8,680369.9954670001,1784227500000
705.78,706.56,704.93,705.1,1370498.488759,1784228400000
705.09,705.17,703.59,704.29,1342528.904472,1784229300000
704.29,704.83,703.56,703.6,2393514.898923,1784230200000
703.61,706.46,702.61,706.02,4238436.110420999,1784231100000
691.65,693.54,686.76,687.07,4769129.844336001,1784295000000
687.06,693.41,686.8732,693.35,3946907.2266059993,1784295900000
693.42,697.8399,693.04,696.44,3932184.664606,1784296800000
696.35,698.42,695.8212,697.0299,1648319.788034,1784297700000
697.055,698.57,695.31,696.85,1549507.977281,1784298600000
696.76,697.66,694.35,694.47,1566938.540383,1784299500000
694.54,695.17,693.28,694.0,3204438.6255640006,1784300400000
693.97,695.28,693.13,695.045,1300897.731483,1784301300000
695.135,697.29,694.31,696.195,1124659.771255,1784302200000
696.17,699.87,695.83,699.49,1844178.8576170004,1784303100000
699.49,700.05,697.35,699.67,2671355.531537,1784304000000
699.67,700.05,697.72,699.0,1096475.237129,1784304900000
698.98,700.41,698.35,700.41,774971.633657,1784305800000
700.41,701.77,700.21,700.5,2013688.468388,1784306700000
700.53,702.3,700.33,701.005,1090739.684984,1784307600000
701.06,702.15,700.64,702.0,1248735.8405139998,1784308500000
701.99,702.15,699.75,699.9299,1033359.210862,1784309400000
699.92,700.35,698.28,698.6001,540281.071371,1784310300000
698.64,699.53,697.61,697.7501,1438625.718364,1784311200000
697.77,697.91,696.77,697.5,1322169.1438639998,1784312100000
697.5,698.42,696.12,696.4,959488.478475,1784313000000
696.4,698.25,696.14,697.7,845554.1967059999,1784313900000
697.69,697.85,695.19,695.24,762652.9712399999,1784314800000
695.2,696.31,694.22,696.09,1542285.055325,1784315700000
696.12,697.25,695.08,696.12,1431846.2658960002,1784316600000
696.1,697.5,695.17,695.3,2807862.0126370005,1784317500000
702.16,705.55,701.78,705.48,2314756.395627,1784554200000
705.49,705.8,700.66,701.09,2031369.986696,1784555100000
701.07,702.36,699.685,700.5,1656595.3265109998,1784556000000
700.5,701.93,698.91,701.89,1158706.6772919998,1784556900000
701.88,702.37,700.03,700.34,749303.999557,1784557800000
700.27,701.24,698.11,698.54,1054407.541672,1784558700000
698.51,700.89,698.08,699.79,792451.9535259999,1784559600000
699.905,701.75,699.41,701.53,636633.905371,1784560500000
701.5405,701.95,700.8,701.79,595060.542451,1784561400000
701.81,702.72,700.54,702.38,671482.84146,1784562300000
702.4099,704.02,701.8354,703.72,665016.2132420001,1784563200000
703.77,703.85,702.81,703.1874,635180.193351,1784564100000
703.26,703.54,700.31,701.3,1213054.563533,1784565000000
701.25,702.4,700.135,700.82,1109113.864118,1784565900000
700.79,701.16,699.295,699.405,442315.564864,1784566800000
699.37,700.58,699.02,700.13,555155.3371870001,1784567700000
700.16,700.5154,698.8,699.03,404165.39323200006,1784568600000
699.015,700.74,698.98,700.1499,387882.332767,1784569500000
700.16,701.22,700.15,700.9901,803878.2699950001,1784570400000
700.99,701.42,699.56,699.9347,425946.01395800005,1784571300000
699.95,699.9599,697.8,697.81,777104.4799609999,1784572200000
697.8306,698.79,697.72,698.07,681106.432652,1784573100000
698.09,698.68,696.54,696.55,1188427.127102,1784574000000
696.5748,698.02,696.26,697.68,1076361.957864,1784574900000
697.71,698.5992,697.2,697.94,1001351.316757,1784575800000
697.95,698.2582,695.51,696.0,2940074.923314,1784576700000
706.57,707.13,704.39,704.71,2297993.018428,1784640600000
704.71,705.51,703.5,704.89,1142753.555081,1784641500000
704.97,705.78,702.8,704.34,1226468.4518759998,1784642400000
704.3499,706.45,702.9,706.23,1418870.377616,1784643300000
706.22,707.0,705.2,706.66,1028469.694661,1784644200000
706.7,707.4,706.31,707.0,751554.210865,1784645100000
706.98,708.45,705.65,708.29,861481.9801680001,1784646000000
708.31,708.99,707.83,708.69,885813.8301079998,1784646900000
708.66,708.68,707.51,707.58,677858.8085169999,1784647800000
707.56,708.52,707.48,707.5203,659555.4889870001,1784648700000
707.52,709.1,707.43,708.54,732541.240862,1784649600000
708.59,709.41,708.56,708.84,922284.804913,1784650500000
708.85,709.385,708.6,709.0,998557.907358,1784651400000
709.01,709.79,708.83,709.3,659041.6576080001,1784652300000
709.3,709.88,709.28,709.36,1125829.8585149995,1784653200000
709.37,709.61,709.09,709.315,443856.85314400005,1784654100000
709.33,709.76,709.2,709.53,535613.162448,1784655000000
709.55,710.05,709.33,709.53,566951.512507,1784655900000
709.54,710.03,709.43,709.46,1112679.149487,1784656800000
709.45,709.62,709.03,709.16,540030.272981,1784657700000
709.15,709.73,708.8,709.7,683812.983376,1784658600000
709.7,709.89,708.95,709.2299,571232.779423,1784659500000
709.23,709.41,708.635,708.74,632871.3480609999,1784660400000
708.73,709.0,708.33,708.39,413046.831918,1784661300000
708.39,709.54,708.33,709.47,1340303.2811010005,1784662200000
709.48,709.87,708.64,708.94,5359847.845327,1784663100000
703.62,705.9,703.62,705.725,2263950.889795,1784727000000
705.74,708.1,705.1,708.1,1597796.0278120004,1784727900000
708.09,708.24,706.63,707.09,1098481.938793,1784728800000
707.08,707.99,706.16,706.6701,953304.673158,1784729700000
706.69,707.66,705.58,705.9,1150828.782591,1784730600000
705.87,707.29,705.62,707.19,627850.491209,1784731500000
707.2,708.97,707.2,708.794,888811.6562979999,1784732400000
708.8,709.65,708.43,709.23,802215.7347520001,1784733300000
709.24,709.47,708.0137,708.37,701913.6807970001,1784734200000
708.35,709.42,708.35,709.37,431947.541437,1784735100000
709.35,709.45,708.94,709.33,366969.430309,1784736000000
709.33,709.4877,708.65,708.9,423059.908715,1784736900000
708.9,709.32,708.25,708.4,349926.433657,1784737800000
708.4,709.16,708.07,708.87,332860.386963,1784738700000
708.88,709.35,708.68,708.86,335396.183888,1784739600000
708.85,709.0773,708.502,708.7698,371789.52999,1784740500000
708.745,709.09,708.15,708.51,223508.362658,1784741400000
708.5,708.57,707.04,707.2738,534712.402628,1784742300000
707.27,707.93,706.81,706.81,310321.32458300004,1784743200000
706.81,707.5,706.74,707.13,395528.5266430001,1784744100000
707.1201,707.17,706.39,706.9,344641.313613,1784745000000
706.91,707.6199,706.79,707.34,274297.6886180001,1784745900000
707.34,707.63,706.59,706.805,526946.448404,1784746800000
706.82,707.68,706.64,707.5004,532285.023605,1784747700000
707.5,707.53,706.06,706.5001,708852.898357,1784748600000
706.52,707.31,705.19,705.22,1990598.5963920003,1784749500000
694.67,698.66,693.21,698.0,3973889.681726999,1784813400000
698.03,698.29,694.17,694.46,1919557.322279,1784814300000
694.49,696.71,693.76,694.4,1695246.1661760004,1784815200000
694.3,696.16,693.98,695.09,1228595.493836,1784816100000
695.015,695.99,692.48,692.92,1961784.434972,1784817000000
692.9,693.5299,691.29,691.75,1506577.058573,1784817900000
691.8,691.9399,688.98,689.265,1978184.677799,1784818800000
689.25,691.09,688.155,688.63,1925031.1935900005,1784819700000
688.63,690.67,687.79,689.319,1468255.2396160003,1784820600000
689.26,691.6,688.92,691.56,1042336.067576,1784821500000
691.59,692.86,691.2,692.55,1617333.061893,1784822400000
692.56,694.59,692.07,694.41,1207458.559121,1784823300000
694.39,695.15,693.8108,693.95,896001.5232980001,1784824200000
693.905,693.905,692.02,692.77,958151.535386,1784825100000
692.78,693.29,691.48,692.8401,805740.8494899999,1784826000000
692.78,693.65,692.15,693.06,608917.8029639999,1784826900000
693.03,693.13,691.08,691.652,606708.35475,1784827800000
691.635,692.48,690.945,691.02,612230.792467,1784828700000
691.01,691.34,690.4038,690.82,1009914.873299,1784829600000
690.83,691.41,690.495,691.17,722186.319771,1784830500000
691.14,691.85,690.43,690.6,706444.0457089999,1784831400000
690.55,691.23,689.97,690.56,651092.851866,1784832300000
690.55,691.4,689.35,689.4401,728849.998326,1784833200000
689.44,691.58,689.43,691.3,961380.79775,1784834100000
691.31,691.62,689.33,689.33,939366.848802,1784835000000
689.32,692.43,688.93,691.99,3774636.0045909993,1784835900000
690.41,692.45,688.5,689.13,2754406.6911150003,1784899800000
689.18,689.72,685.025,685.22,2786257.13818,1784900700000
685.17,688.29,684.85,687.6,2315553.555117,1784901600000
687.6,687.85,684.64,686.88,1412084.803694,1784902500000
686.9064,686.98,683.74,684.36,1396230.179263,1784903400000
684.3999,688.539,683.546,688.28,1411656.830021,1784904300000
688.3,689.69,685.975,689.335,1617516.8719310004,1784905200000
689.31,690.85,688.43,689.47,1720690.598735,1784906100000
689.5,691.3,689.12,689.6,1454938.538649,1784907000000
689.64,691.49,689.26,691.2804,875208.5067380001,1784907900000
691.3,692.63,690.65,691.26,804908.6726099999,1784908800000
691.29,691.73,690.7,691.07,484305.330169,1784909700000
691.03,691.11,689.345,689.46,936590.363615,1784910600000
689.4516,690.48,688.505,689.32,829587.0808049999,1784911500000
689.38,689.4759,687.7,688.4601,868550.3029359999,1784912400000
688.44,689.99,688.0201,689.81,727551.6420300001,1784913300000
689.81,690.5063,688.59,688.605,529214.4328080001,1784914200000
688.58,689.49,688.29,688.65,536784.221701,1784915100000
688.66,689.11,687.54,687.7,530814.8515800001,1784916000000
687.69,687.76,685.44,685.49,1358840.507208,1784916900000
685.5175,685.72,683.63,684.04,2084892.5471,1784917800000
684.02,685.27,683.89,684.6799,1922625.769797,1784918700000
684.64,685.297,682.63,682.67,1568831.785302,1784919600000
682.67,683.78,682.48,683.47,1301712.823332,1784920500000
683.48,684.66,683.12,683.98,1768337.664662,1784921400000
684.0,684.51,682.76,684.22,3928604.767511,1784922300000
691.68,692.3,687.74,688.355,2637876.0027479995,1785159000000
688.395,692.28,685.6727,685.8,1667094.9404029998,1785159900000
685.83,686.37,682.97,683.48,2881050.5827589994,1785160800000
683.5,684.61,679.22,679.46,2642323.440593,1785161700000
679.45,679.91,675.945,676.4,3310072.2405040003,1785162600000
676.39,681.74,676.37,681.47,1967727.5757450005,1785163500000
681.52,682.16,680.33,680.41,1411739.1218569998,1785164400000
680.395,681.04,678.53,679.12,1336003.125661,1785165300000
679.18,679.41,676.91,678.35,1095118.317469,1785166200000
678.34,679.155,677.295,678.88,699204.78527,1785167100000
678.92,681.105,678.8,679.29,1116566.409974,1785168000000
679.32,682.34,678.46,681.12,1694540.132751,1785168900000
681.11,682.13,680.15,680.675,1110512.5930360002,1785169800000
680.63,681.159,678.05,678.54,1001295.42785,1785170700000
678.6,678.75,677.25,678.245,973503.791925,1785171600000
678.2,678.42,677.08,677.39,896152.961912,1785172500000
677.39,678.91,677.34,678.23,764811.91204,1785173400000
678.24,679.93,677.718,679.91,588733.332849,1785174300000
679.91,680.3,679.46,679.83,763935.42383,1785175200000
679.84,679.91,678.6,679.32,979755.207745,1785176100000
679.36,679.51,677.85,679.34,1038047.560562,1785177000000
679.38,682.0,679.05,681.93,995918.048082,1785177900000
681.93,683.03,681.42,682.24,1084368.297225,1785178800000
682.25,683.39,682.13,683.28,921567.95138,1785179700000
683.3499,683.6,681.58,681.68,1480543.8696469998,1785180600000
681.67,682.32,681.165,682.06,3068763.032172,1785181500000
676.23,677.32,670.82,671.35,5635237.327221,1785245400000
671.3,672.53,668.8564,669.38,3884214.1111170007,1785246300000
669.33,672.433,668.02,668.54,2556007.918234,1785247200000
668.51,670.64,667.88,670.33,2980257.8440749994,1785248100000
670.39,672.46,669.45,671.94,1779802.997193,1785249000000
671.93,674.83,671.29,672.69,2104343.5640930003,1785249900000
672.71,674.62,671.83,673.92,1820449.226184,1785250800000
673.9,677.75,673.53,676.598,2272683.9144670004,1785251700000
676.63,678.31,676.22,678.23,1283603.2709659997,1785252600000
678.23,678.99,677.73,678.61,1200960.338042,1785253500000
678.63,679.15,677.38,677.65,1743114.683595,1785254400000
677.62,678.55,677.08,677.3047,1254585.0847029998,1785255300000
677.34,678.49,676.33,678.29,1492869.2425679998,1785256200000
678.245,679.4,677.315,678.81,765170.933921,1785257100000
678.82,679.0299,676.7,677.14,908344.398642,1785258000000
677.18,678.54,676.81,677.37,644845.3234560001,1785258900000
677.375,678.47,676.235,676.35,1009422.450484,1785259800000
676.33,677.102,675.65,676.7742,641352.9714359998,1785260700000
676.84,677.4401,675.4,675.4401,810887.830589,1785261600000
675.48,676.2,675.35,675.645,1027091.934248,1785262500000
675.68,676.57,675.55,675.92,719851.6030450002,1785263400000
675.94,676.96,675.741,676.8005,560576.532796,1785264300000
676.8,678.01,676.785,677.185,916843.96923,1785265200000
677.13,678.01,676.67,677.93,871559.0035069999,1785266100000
677.95,678.06,676.1083,676.39,1721022.5199629995,1785267000000
676.38,677.17,675.27,675.5,3841627.848087,1785267900000
675.505,677.46,673.62,675.56,2518221.868043,1785331800000
675.56,676.3,669.56,671.1899,2174111.204785,1785332700000
671.19,673.4,668.82,669.115,2036613.499638,1785333600000
669.14,670.33,666.485,667.28,1800908.2495429998,1785334500000
667.27,669.2,665.76,666.45,1701703.472286,1785335400000
666.44,668.39,665.97,668.0,1163518.135832,1785336300000
667.99,669.3,667.12,667.38,903376.399736,1785337200000
667.395,668.52,666.7,666.83,712398.4144490001,1785338100000
666.88,667.81,665.96,666.3,1001463.114623,1785339000000
666.319,667.08,664.64,665.93,1409738.5045460002,1785339900000
665.93,666.47,663.56,663.58,1273399.3801119998,1785340800000
663.56,666.85,663.28,666.74,1677203.55437,1785341700000
666.7,667.5604,665.15,665.58,1256389.9501309998,1785342600000
665.55,668.0,665.24,667.96,1312543.7669740005,1785343500000
667.98,671.2,664.75,671.14,1443248.670655,1785344400000
671.2,671.51,669.11,669.11,1497522.120427,1785345300000
669.11,670.18,668.6,669.83,756035.5977210001,1785346200000
669.81,670.94,669.21,670.8,1084602.96527,1785347100000
670.43,674.9,670.43,672.72,3751180.5294320006,1785348000000
672.75,673.8,671.03,672.19,1073844.859753,1785348900000
672.17,677.33,670.6302,677.0,2446538.457736,1785349800000
677.03,679.95,676.68,679.05,2024205.164393,1785350700000
679.0648,680.05,673.84,675.46,2179699.237149,1785351600000
675.47,676.215,669.071,670.77,2310539.8682349995,1785352500000
670.77,671.568,664.69,665.03,2505983.714439,1785353400000
665.02,665.97,661.14,661.53,6445411.373231,1785354300000
674.76,677.69,673.3,677.25,4205277.584016,1785418200000
677.25,681.65,677.17,681.515,3787613.029995001,1785419100000
681.49,682.32,679.4105,680.41,2719807.975184,1785420000000
680.421,683.64,679.75,683.3,2553278.632439,1785420900000
683.26,683.73,681.67,682.03,1543008.1628820004,1785421800000
682.03,682.55,678.36,679.53,2151559.130657,1785422700000
679.56,681.16,678.13,678.45,2129137.839352,1785423600000
678.43,680.26,677.75,678.13,1210391.3161889997,1785424500000
678.16,680.48,677.9,679.99,1456604.876115,1785425400000
680.06,681.11,679.08,679.79,1979998.612231,1785426300000
679.77,682.47,679.32,682.37,2097109.937595,1785427200000
682.379,682.55,681.29,681.35,2373888.382776,1785428100000
681.355,681.49,679.25,679.55,1850303.823928,1785429000000
679.54,681.17,679.5,680.96,1480372.5721640002,1785429900000
680.97,682.33,680.95,681.74,2589851.0864720005,1785430800000
681.75,682.8911,681.69,681.98,1417154.5824169996,1785431700000
682.0,682.7,681.27,682.4233,1363914.023252,1785432600000
682.45,682.92,681.89,682.17,1070968.597366,1785433500000
682.22,682.85,681.95,682.75,572785.7024039999,1785434400000
682.76,682.82,681.83,682.33,1226895.564655,1785435300000
682.325,682.73,681.51,681.97,887043.5522220001,1785436200000
681.97,682.45,681.66,682.31,1318840.082118,1785437100000
682.31,685.06,682.29,684.59,1828798.100144,1785438000000
684.56,685.12,683.78,683.84,2240167.853858,1785438900000
683.82,684.1498,683.25,683.61,2782854.2654720005,1785439800000
683.61,684.35,682.895,683.6,7272084.096426001,1785440700000
692.11,695.77,688.17,688.225,5166866.229224999,1785504600000
688.28,691.69,685.29,686.79,4375097.934642999,1785505500000
686.76,687.6,680.52,681.46,4284169.004578999,1785506400000
681.45,684.35,680.0512,684.2,2433965.052721,1785507300000
684.22,685.27,683.24,684.67,2000523.071513,1785508200000
684.65,686.51,683.86,685.61,2641878.8937370004,1785509100000
685.63,686.43,683.33,684.6301,1213203.588935,1785510000000
684.66,686.36,681.07,681.77,1354230.4673739998,1785510900000
681.72,684.4001,680.94,683.28,1020487.432224,1785511800000
683.32,685.25,682.15,684.7863,901676.559479,1785512700000
684.75,685.6,684.02,685.39,848782.3100330001,1785513600000
685.42,686.93,684.36,686.93,886841.412634,1785514500000
686.95,687.58,685.78,685.94,1213040.407069,1785515400000
685.92,687.625,685.63,687.06,688781.1480350001,1785516300000
687.04,688.14,686.89,687.92,816541.8556440001,1785517200000
687.92,689.72,687.765,689.36,809461.6732719999,1785518100000
689.37,690.35,688.91,689.235,940710.196572,1785519000000
689.25,689.71,688.265,688.55,1390954.125131,1785519900000
688.565,689.27,687.76,687.97,661218.3648280002,1785520800000
687.91,688.98,687.835,688.38,661857.839299,1785521700000
688.47,689.015,688.27,688.66,625590.4056800001,1785522600000
688.65,689.4,688.26,688.71,662725.993688,1785523500000
688.7,689.28,688.02,688.6405,911435.241872,1785524400000
688.67,690.27,688.53,689.7,1537916.203466,1785525300000
689.68,689.88,688.71,689.725,1873271.878616,1785526200000
689.74,690.88,687.45,687.92,3021722.318786,1785527100000
688.3,691.2837,685.82,690.13,3119527.0518189995,1785763800000
690.2,693.4,688.95,693.305,1721595.402158,1785764700000
693.29,693.4,691.08,692.0,1552646.990872,1785765600000
692.01,694.75,691.752,694.62,1661755.4950730002,1785766500000
694.66,696.0,694.22,695.33,1781982.67739,1785767400000
695.36,697.7,695.16,697.585,2522491.4008750003,1785768300000
697.59,697.59,696.25,696.49,1607624.3090419995,1785769200000
696.46,697.48,695.66,695.9,1382637.051939,1785770100000
695.96,697.27,695.875,697.1,852750.4689760001,1785771000000
697.1593,697.87,696.98,697.38,991979.576811,1785771900000
697.44,698.07,697.3425,697.92,1197033.641717,1785772800000
697.89,698.7,697.865,698.49,1028715.690532,1785773700000
698.48,698.67,697.87,698.42,1345273.408035,1785774600000
698.43,698.6165,698.05,698.07,499649.0412369999,1785775500000
698.1,699.08,697.89,698.985,589593.4354310001,1785776400000
698.97,699.7598,698.92,699.67,1203025.2790189998,1785777300000
699.67,699.87,699.4,699.7,1582440.680377,1785778200000
699.69,700.56,699.67,700.46,1527270.8906070003,1785779100000
700.46,701.59,700.46,700.98,1276830.3986119998,1785780000000
701.02,701.44,699.77,699.8001,1082439.061063,1785780900000
699.8,700.365,699.61,700.345,1090586.561678,1785781800000
700.34,700.67,699.835,700.2372,805931.268685,1785782700000
700.23,701.11,699.93,700.07,1209916.9374729998,1785783600000
700.03,700.67,700.01,700.36,1413603.604932,1785784500000
700.38,700.68,700.04,700.405,1452019.5350470005,1785785400000
700.4,700.94,699.27,700.06,5260934.143326,1785786300000
708.16,713.48,707.53,712.5195,3733719.775725001,1785850200000
712.49,714.66,712.49,713.65,2313281.1800740003,1785851100000
713.64,715.67,712.98,715.6,2386077.2147000004,1785852000000
715.6,716.22,714.255,716.005,2178687.927908,1785852900000
716.05,716.4,715.07,716.0,2881638.686119,1785853800000
716.02,716.1,715.24,715.8008,1426509.7615180002,1785854700000
715.85,717.65,715.74,717.53,2250168.701952,1785855600000
717.53,718.57,717.4,717.99,2156761.49863,1785856500000
717.98,719.02,717.58,718.93,2401937.484991,1785857400000
718.94,719.4,718.71,718.8,1873748.9126,1785858300000
718.785,719.46,718.56,718.9,1373057.9250540002,1785859200000
718.91,719.97,718.88,719.65,1582932.05502,1785860100000
719.665,720.27,719.4,720.14,1745759.113505,1785861000000
720.135,720.6,720.135,720.57,2152199.958627,1785861900000
720.57,721.9,720.48,721.83,2094662.111512,1785862800000
721.84,722.5,721.44,722.35,1437071.2792310002,1785863700000
722.345,723.48,721.985,723.48,1107266.330366,1785864600000
723.49,724.28,722.71,722.73,2498611.067899,1785865500000
722.73,723.34,722.12,723.3399,1520480.7762149996,1785866400000
723.34,723.9,723.24,723.8201,1237752.550102,1785867300000
723.84,724.1552,722.87,723.18,918286.156493,1785868200000
723.2,724.2,723.2,723.85,965885.8852110002,1785869100000
723.86,725.2,723.8,724.96,1459702.817254,1785870000000
724.95,725.39,724.01,724.2944,1221405.664685,1785870900000
724.285,725.53,724.02,725.49,1334770.769609,1785871800000
725.49,725.66,723.0,723.68,5029361.960125,1785872700000
726.25,728.1824,724.63,728.05,2708188.112028,1785936600000
728.095,728.54,726.085,727.99,1787502.7252329998,1785937500000
727.9,727.93,724.81,726.71,1793951.3632279998,1785938400000
726.74,727.42,724.4,724.72,1481700.016317,1785939300000
724.67,724.7999,722.47,723.38,1708223.149167,1785940200000
723.38,724.45,721.6,723.04,2709072.9910929995,1785941100000
723.07,724.115,722.5,722.84,1306870.4726640002,1785942000000
722.84,723.065,721.01,722.085,1161694.033915,1785942900000
722.08,723.33,722.035,722.35,587120.77094,1785943800000
722.3599,722.3599,719.77,720.37,1079280.0850389998,1785944700000
720.38,721.03,719.48,720.18,1306254.366416,1785945600000
720.2,722.71,719.8905,722.665,1139400.040681,1785946500000
722.655,722.88,721.17,721.65,578955.3117829999,1785947400000
721.658,722.529,721.39,722.14,649514.591302,1785948300000
722.17,722.4,720.55,721.12,541920.9076879999,1785949200000
721.1,721.4393,720.45,720.77,415210.35704500007,1785950100000
720.8,721.37,720.41,720.86,526531.0545580001,1785951000000
720.8,721.27,720.32,720.855,320656.42768300005,1785951900000
720.86,721.6,720.77,721.0,793923.6996030002,1785952800000
720.94,721.46,720.8101,721.28,341496.85510999995,1785953700000
721.32,721.32,720.13,720.48,591555.9453899999,1785954600000
720.49,721.03,720.05,720.09,545302.948295,1785955500000
720.11,721.35,719.92,721.28,653043.1292290002,1785956400000
721.27,721.41,720.82,720.8888,759158.8040069999,1785957300000
720.89,721.03,719.66,719.8,1075057.341784,1785958200000
719.78,720.32,716.92,717.24,2396579.985773,1785959100000
710.82,714.164,708.5,713.78,3098266.4995280006,1786023000000
713.74,716.03,713.51,715.48,2083652.4643930004,1786023900000
715.5,717.72,714.52,717.455,1881484.764448,1786024800000
717.44,718.86,716.42,716.84,2073427.343272,1786025700000
716.95,718.46,715.9,716.81,1176122.275364,1786026600000
716.8174,718.625,715.61,718.592,1036621.904125,1786027500000
718.6,719.32,717.21,718.34,1015251.559578,1786028400000
718.32,718.75,716.37,717.42,947927.533135,1786029300000
717.48,717.86,715.595,715.62,764778.223153,1786030200000
715.6199,717.8,714.965,715.17,1053915.496081,1786031100000
715.17,715.81,714.29,714.49,881387.266038,1786032000000
714.51,714.91,713.53,714.1,1092233.697444,1786032900000
714.11,715.44,713.86,714.235,763462.0069859999,1786033800000
714.24,716.16,714.01,716.1499,693320.05572,1786034700000
716.14,716.58,715.22,715.34,545004.228318,1786035600000
715.355,716.002,715.07,715.41,456155.001941,1786036500000
715.39,715.77,714.6,715.0,499352.4818430001,1786037400000
715.0,715.53,714.62,715.44,471718.386246,1786038300000
715.48,715.86,714.92,715.76,662626.473236,1786039200000
715.78,716.56,714.0,716.12,944441.586626,1786040100000
716.1,716.21,714.75,715.22,596838.1157800001,1786041000000
715.23,715.6,714.88,715.09,721327.2685870001,1786041900000
715.08,716.405,715.0,715.57,988632.891776,1786042800000
715.58,715.96,714.65,714.9,772993.273071,1786043700000
714.9,715.81,714.44,714.84,799574.496704,1786044600000
714.82,715.59,714.11,714.57,2484689.691411,1786045500000
720.15,722.545,719.5,721.9739,2261158.830395,1786109400000
721.94,722.71,718.46,719.31,1575185.8824520002,1786110300000
719.32,720.09,716.51,716.975,1560819.799559,1786111200000
716.97,721.65,716.6,721.29,1750830.12886,1786112100000
721.24,721.54,718.82,719.17,1172900.8843880002,1786113000000
719.16,720.55,718.99,720.27,881415.856556,1786113900000
720.27,721.75,720.02,721.21,1134229.9803169998,1786114800000
721.19,722.86,720.895,722.81,1217380.745759,1786115700000
722.8,723.4999,722.04,722.455,1195033.4714070002,1786116600000
722.46,723.2,722.09,722.5,1088965.4496290002,1786117500000
722.53,722.91,722.06,722.195,807939.1549569999,1786118400000
722.17,722.635,719.5016,720.1,814408.477069,1786119300000
720.1,721.21,719.05,721.05,828654.134543,1786120200000
721.06,721.68,720.67,720.7,653541.354309,1786121100000
720.68,721.38,720.395,720.605,543237.240521,1786122000000
720.59,721.2996,720.38,720.92,393752.91475,1786122900000
720.9,721.28,720.4199,720.8325,505340.172184,1786123800000
720.83,721.16,720.63,720.8,318226.014779,1786124700000
720.795,721.07,720.08,720.25,475347.630898,1786125600000
720.26,720.59,719.8201,719.89,461459.305745,1786126500000
719.9,720.35,719.27,719.3,654907.5763159998,1786127400000
719.315,720.54,719.22,720.38,833851.335433,1786128300000
720.37,722.4,720.34,722.17,1226301.7720590003,1786129200000
722.17,722.72,721.98,722.42,849797.1549409999,1786130100000
722.425,722.425,721.5002,721.6699,921578.248976,1786131000000
721.65,723.63,721.62,722.98,2515021.936004,1786131900000
722.39,723.25,720.34,721.69,1894102.483556,1786368600000
721.72,723.07,721.2,722.45,1515766.169283,1786369500000
722.44,724.505,722.03,724.24,1974166.30962,1786370400000
724.235,724.67,722.64,723.67,915417.410967,1786371300000
723.69,724.52,723.41,723.88,1347975.42911,1786372200000
723.9,724.3225,721.75,721.78,1200688.390049,1786373100000
721.79,722.77,721.44,722.11,689450.5156139999,1786374000000
722.08,722.65,721.14,721.69,542320.794642,1786374900000
721.67,722.47,720.83,722.455,595728.1962839998,1786375800000
722.46,723.56,721.95,723.32,697615.203683,1786376700000
723.325,723.645,722.52,722.78,762013.44565,1786377600000
722.76,723.31,722.37,722.48,430530.7568670001,1786378500000
722.47,722.665,720.57,720.83,1062229.268392,1786379400000
720.89,721.77,720.64,721.76,1046761.622988,1786380300000
721.78,722.51,721.32,722.3,334053.753037,1786381200000
722.305,722.54,721.7037,721.94,321881.40598,1786382100000
721.94,722.18,721.19,721.25,339789.610015,1786383000000
721.275,721.4098,720.91,721.28,526607.202468,1786383900000
721.26,721.57,721.03,721.08,395345.107177,1786384800000
721.0795,721.1799,720.86,720.98,288871.85362,1786385700000
720.97,721.61,720.69,721.555,341964.67998200003,1786386600000
721.57,721.88,721.3,721.835,238670.30234400005,1786387500000
721.83,722.12,721.67,722.0,505637.300132,1786388400000
721.995,722.14,721.75,721.8,449154.261395,1786389300000
721.86,722.07,721.53,721.64,960021.247133,1786390200000
721.65,721.85,720.33,720.805,3648054.916226001,1786391100000
723.29,723.35,719.45,720.46,2013296.736043,1786455000000
720.45,720.74,718.401,720.68,1794492.228014,1786455900000
720.7,722.1556,720.37,721.45,1110505.791206,1786456800000
721.45,722.13,720.86,721.83,812744.721607,1786457700000
721.8,721.965,720.615,720.94,774809.880939,1786458600000
720.94,722.44,720.9,721.78,917927.258898,1786459500000
721.8,722.14,720.035,720.23,1139178.450077,1786460400000
720.22,720.8,719.89,719.99,539189.1510620001,1786461300000
720.04,720.37,719.1,719.77,678220.1734919999,1786462200000
719.775,719.775,718.9716,719.0699,419244.092137,1786463100000
719.06,719.46,718.67,718.75,646219.962401,1786464000000
718.77,719.18,718.035,718.63,691740.220871,1786464900000
718.61,719.07,718.267,718.385,1071474.648966,1786465800000
718.3995,718.53,717.93,718.14,803712.9042589999,1786466700000
718.14,718.3272,716.95,716.96,971388.061846,1786467600000
716.96,717.925,716.86,717.66,739932.536956,1786468500000
717.668,718.42,717.48,718.33,840218.9315210001,1786469400000
718.335,718.47,718.06,718.19,477823.735171,1786470300000
718.2009,718.36,717.55,717.6801,669186.162995,1786471200000
717.69,717.84,715.5,716.18,979885.246833,1786472100000
716.19,716.94,716.1,716.28,1446011.7721019995,1786473000000
716.28,717.49,716.28,717.09,731698.749135,1786473900000
717.09,717.84,716.82,717.685,1111921.936296,1786474800000
717.68,718.1364,717.56,718.065,713075.682693,1786475700000
718.09,718.94,717.99,718.44,1237696.438359,1786476600000
718.44,718.6899,717.65,718.33,2745345.609689,1786477500000
727.08,727.25,723.73,724.83,3036294.428726001,1786541400000
724.81,726.6,723.89,725.04,1939249.809032,1786542300000
725.04,725.718,723.61,724.69,1446017.824909,1786543200000
724.67,725.93,724.02,725.23,947497.393636,1786544100000
725.23,725.535,723.23,725.45,2759672.4561180007,1786545000000
725.46,725.6,723.63,724.08,784278.959214,1786545900000
724.09,724.64,723.39,724.425,864452.3016409999,1786546800000
724.365,724.5699,723.52,724.23,892864.582418,1786547700000
724.25,724.31,722.92,723.135,772480.955745,1786548600000
723.15,723.74,722.92,723.24,534596.7704529999,1786549500000
723.24,724.3,723.16,724.2,629839.8607559999,1786550400000
724.22,724.55,723.8707,724.2,503746.236512,1786551300000
724.2295,724.72,723.67,724.48,524819.100783,1786552200000
724.49,725.25,724.36,724.99,701553.2715019999,1786553100000
724.98,725.43,724.805,725.11,520866.83821399993,1786554000000
725.1199,725.32,724.59,725.08,437758.862164,1786554900000
725.07,725.38,724.91,725.215,578809.1686269998,1786555800000
725.23,725.415,724.9037,725.115,484719.237731,1786556700000
725.115,725.3231,724.66,725.051,425589.724224,1786557600000
725.045,725.22,724.66,724.74,722614.692416,1786558500000
724.74,725.56,724.74,725.32,389717.8494440001,1786559400000
725.325,725.415,724.51,724.63,337080.33248800004,1786560300000
724.63,724.96,724.375,724.49,456264.621229,1786561200000
724.485,724.82,723.82,724.1,634298.793883,1786562100000
724.09,724.11,723.22,723.65,1319030.9235990003,1786563000000
723.64,724.09,723.035,723.66,2855161.274009,1786563900000
725.15,728.62,724.03,727.62,2634819.114351,1786627800000
727.64,731.69,727.47,731.57,3687882.1443,1786628700000
731.56,732.48,731.1,732.26,1970395.1895900003,1786629600000
732.27,733.04,731.78,732.96,1237648.950514,1786630500000
732.95,733.755,732.8248,733.015,1855055.938603,1786631400000
733.0,733.1299,732.12,732.15,1562410.551445,1786632300000
732.14,732.9,732.0444,732.5809,1059393.333342,1786633200000
732.6,733.1,731.7,731.91,869865.5616199999,1786634100000
731.92,732.125,730.47,731.1404,954042.130591,1786635000000
731.13,731.13,729.86,730.14,728540.1891389999,1786635900000
730.15,731.51,730.11,730.69,1075771.736156,1786636800000
730.74,731.88,730.57,731.83,636555.5569999999,1786637700000
731.84,732.16,731.4001,731.76,575590.327638,1786638600000
731.75,732.24,731.62,731.975,334569.440496,1786639500000
732.0,732.95,732.0,732.79,604129.514303,1786640400000
732.795,733.35,732.77,733.0484,421371.99617,1786641300000
733.05,733.2263,732.53,732.53,569977.6898680001,1786642200000
732.525,732.84,732.28,732.28,692436.923949,1786643100000
732.3,732.55,731.93,732.23,406226.270681,1786644000000
732.24,732.389,731.765,732.0,683950.9928550001,1786644900000
732.01,733.09,732.01,732.91,634581.709161,1786645800000
732.905,733.31,732.89,733.29,660728.675344,1786646700000
733.29,733.96,732.95,733.124,717556.154324,1786647600000
733.13,733.32,732.57,732.77,603446.2633110001,1786648500000
732.74,732.864,732.23,732.275,776134.968807,1786649400000
732.27,732.32,731.55,732.06,2189110.203619,1786650300000
733.41,734.09,731.7201,733.9,1562292.2940280002,1786714200000
733.87,734.39,732.7,733.05,1034742.5383970002,1786715100000
733.03,734.16,732.64,732.975,757983.288143,1786716000000
732.97,733.115,730.84,731.4601,1239705.928229,1786716900000
731.4721,731.85,730.75,731.39,819525.2460009999,1786717800000
731.39,731.64,730.6,730.6,489083.110783,1786718700000
730.6,731.05,729.7599,729.805,661135.817537,1786719600000
729.805,730.295,728.41,729.3201,1099876.622126,1786720500000
729.37,729.39,728.32,728.75,775594.14368,1786721400000
728.79,729.38,728.33,729.225,712939.4277899998,1786722300000
729.22,729.67,728.86,729.585,748031.7191889999,1786723200000
729.58,730.215,729.46,730.07,653337.5883299999,1786724100000
730.075,730.105,729.18,729.235,543691.340083,1786725000000
729.23,729.46,728.94,729.02,421049.486641,1786725900000
729.04,729.54,728.886,729.27,412520.714745,1786726800000
729.265,729.45,728.75,729.0131,565361.6499509999,1786727700000
729.03,729.33,728.83,729.02,392148.188389,1786728600000
729.0063,729.61,728.78,729.545,422085.642111,1786729500000
729.53,729.81,729.37,729.47,593057.384949,1786730400000
729.48,729.8,729.16,729.18,409011.991387,1786731300000
729.23,729.745,729.09,729.67,483664.839144,1786732200000
729.675,730.08,729.451,729.69,519723.13751,1786733100000
729.7,729.82,729.41,729.55,877794.586663,1786734000000
729.55,730.04,729.4,729.86,752117.929886,1786734900000
729.86,730.33,729.76,730.16,1154594.8169099998,1786735800000
730.15,731.125,730.0,731.03,2159367.38455,1786736700000
732.95,734.08,731.64,732.36,1722562.9299060004,1786973400000
732.38,733.8,731.86,733.3,1243776.098872,1786974300000
733.3395,733.5,731.58,733.105,1024667.090703,1786975200000
733.105,733.12,731.51,732.44,1013412.512432,1786976100000
732.45,732.89,732.19,732.5825,622365.8437420002,1786977000000
732.6,733.62,732.51,733.56,954294.3491760002,1786977900000
733.57,734.58,733.33,733.91,1274047.8059240002,1786978800000
733.9095,734.41,733.86,734.18,870901.3035210001,1786979700000
734.2,734.28,732.73,733.21,943437.039512,1786980600000
733.19,733.71,732.89,733.4999,570799.8716390001,1786981500000
733.47,733.55,732.5598,732.6362,739196.844829,1786982400000
732.64,732.98,732.37,732.7,724953.0321780001,1786983300000
732.7,732.835,732.1001,732.139,531909.053921,1786984200000
732.13,732.349,731.9513,732.135,565748.485271,1786985100000
732.13,732.22,730.82,730.82,794325.4837720001,1786986000000
730.81,731.14,729.94,730.035,1932803.794266,1786986900000
730.02,730.775,729.8,730.669,754617.858957,1786987800000
730.67,730.77,730.06,730.17,549531.8829480001,1786988700000
730.18,730.44,729.63,730.12,834457.0038330002,1786989600000
730.11,730.44,729.865,730.19,480652.569116,1786990500000
730.19,730.585,729.9301,730.53,416388.8563679999,1786991400000
730.53,731.0,730.49,730.66,457873.3898160001,1786992300000
730.66,730.72,729.74,729.76,717250.341519,1786993200000
729.74,730.45,729.7,729.95,926182.025217,1786994100000
729.95,730.37,729.82,730.14,799464.59156,1786995000000
730.16,730.62,729.27,729.85,2437657.906247,1786995900000
720.21,722.13,718.79,720.14,3209059.0410010004,1787059800000
720.12,720.44,718.11,719.125,2888550.182896,1787060700000
719.14,720.56,717.24,717.67,1893184.830915,1787061600000
717.67,720.02,717.47,719.7317,1873690.786568,1787062500000
719.63,720.2,718.275,718.3,1517605.1011479998,1787063400000
718.3,718.56,716.46,716.72,2668445.086552,1787064300000
716.73,717.31,715.92,716.69,1927742.173961,1787065200000
716.6975,717.975,716.35,717.7626,2124454.653342,1787066100000
717.7,718.2,717.15,717.92,1836234.766923,1787067000000
717.935,718.97,717.935,718.87,1657607.183996,1787067900000
718.88,719.49,718.5901,719.09,2367619.5890740003,1787068800000
719.11,719.34,718.19,718.2,1494893.9436299996,1787069700000
718.2,719.155,718.0501,718.675,1231171.7606380002,1787070600000
718.69,719.67,718.42,719.18,1380456.593318,1787071500000
719.16,719.44,718.41,718.8,1032095.331205,1787072400000
718.8,718.82,717.8,718.34,872669.5104480002,1787073300000
718.34,718.47,717.75,718.055,1796268.805853,1787074200000
718.045,718.31,717.12,717.125,1096359.048479,1787075100000
717.121,717.44,716.69,717.34,1263272.409247,1787076000000
717.355,718.3,717.24,718.02,1459432.9411890002,1787076900000
718.01,718.265,717.58,717.62,762621.235443,1787077800000
717.63,717.88,717.12,717.24,798653.697608,1787078700000
717.24,717.59,717.08,717.27,778329.4020979998,1787079600000
717.27,718.08,717.1,717.92,866312.228096,1787080500000
717.93,718.07,717.55,717.95,1300607.4193759998,1787081400000
717.96,718.17,716.92,717.62,4213615.820802,1787082300000
720.39,721.4999,717.12,718.26,2870761.4090660005,1787146200000
718.28,718.86,713.37,715.5,3448302.9230080005,1787147100000
715.52,715.93,712.675,712.74,2456636.8925480004,1787148000000
712.75,715.19,712.61,715.17,1861311.080746,1787148900000
715.14,717.405,714.82,717.1201,1560204.5141910005,1787149800000
717.14,718.6,716.24,718.59,1162856.4756969998,1787150700000
718.57,718.73,717.58,718.41,763886.6922990001,1787151600000
718.4162,718.737,717.77,718.33,447682.0842019999,1787152500000
718.32,718.4,716.8,717.93,805036.8920860001,1787153400000
717.93,718.39,717.29,718.17,658949.8874610001,1787154300000
718.18,719.33,717.71,718.9301,965263.280042,1787155200000
718.93,719.7,718.11,718.25,603234.1224509999,1787156100000
718.26,718.52,717.9,718.28,462283.35143300006,1787157000000
718.27,718.28,716.86,717.04,568513.23511,1787157900000
717.02,717.345,716.58,716.75,627265.6580119999,1787158800000
716.77,716.93,715.82,716.54,931560.847432,1787159700000
716.54,716.63,715.94,716.47,726618.9660560001,1787160600000
716.46,717.0491,716.41,716.63,835144.0542080001,1787161500000
716.65,717.79,715.5726,716.05,879230.9057439999,1787162400000
716.04,716.54,715.38,716.51,784542.765907,1787163300000
716.5001,717.47,716.48,717.0,877649.182244,1787164200000
717.01,717.02,716.24,716.4,384476.6114279999,1787165100000
716.4175,716.99,716.295,716.72,721478.020513,1787166000000
716.725,717.51,716.65,716.9305,665729.5771689999,1787166900000
716.96,717.76,716.24,716.31,1626384.079738,1787167800000
716.325,716.36,715.24,716.13,3289270.562969,1787168700000
712.09,714.94,711.7632,714.29,2002438.31105,1787232600000
714.275,714.72,711.07,712.19,1681313.3583110005,1787233500000
712.1595,713.6,711.26,712.5,1477275.902894,1787234400000
712.51,713.58,711.049,712.09,1621269.5443220004,1787235300000
712.06,714.0,711.59,713.78,957519.303769,1787236200000
713.82,714.08,712.05,713.1095,722499.208607,1787237100000
713.09,714.66,711.47,712.44,1704003.1163160002,1787238000000
712.45,712.52,710.89,711.9536,1363308.0240329998,1787238900000
711.93,712.08,710.31,710.335,1698838.87382,1787239800000
710.34,711.63,710.1337,711.565,685131.6440030001,1787240700000
711.59,711.94,710.9237,711.09,592144.7255529999,1787241600000
711.05,712.2,711.0,711.84,910035.449032,1787242500000
711.85,712.73,711.13,712.73,561620.604326,1787243400000
712.73,713.0,712.2201,712.7847,686661.7109670001,1787244300000
712.81,712.82,711.7,711.75,438559.334112,1787245200000
711.77,711.7799,710.73,710.79,565354.936109,1787246100000
710.755,710.98,710.46,710.64,667433.7530850002,1787247000000
710.63,711.5,710.57,710.72,606984.459692,1787247900000
710.715,710.72,708.8169,709.2,1174503.5935959998,1787248800000
709.1801,709.62,708.52,709.21,601778.7654569999,1787249700000
709.2,709.32,708.711,709.2401,834030.985718,1787250600000
709.25,709.84,709.08,709.48,486879.9797910001,1787251500000
709.47,710.6631,709.44,710.38,1021324.863692,1787252400000
710.37,710.99,710.08,710.93,801658.8420460001,1787253300000
710.931,711.65,710.61,711.07,1541372.7061839998,1787254200000
711.07,711.545,710.47,710.95,3190894.4464990003,1787255100000
715.23,715.39,711.4,711.6,2288023.749408,1787319000000
711.67,712.55,710.1,711.27,1559785.082032,1787319900000
711.2195,711.97,709.88,709.99,1255197.071784,1787320800000
709.97,711.37,709.2,710.59,1605015.2120830002,1787321700000
710.6,711.35,710.1635,711.025,680060.5413479999,1787322600000
710.995,711.91,710.85,711.9,899080.6118700001,1787323500000
711.9,712.785,711.78,712.41,1618381.5760370002,1787324400000
712.41,712.85,711.915,712.75,747093.305643,1787325300000
712.78,715.27,712.68,714.795,2265661.76851,1787326200000
714.8,715.6738,714.1525,714.6,1123586.329856,1787327100000
714.6,714.69,713.3001,713.45,1163054.3600829998,1787328000000
713.43,714.83,713.26,713.77,1280822.3384500002,1787328900000
713.7795,714.11,713.39,713.9695,978632.925728,1787329800000
713.95,713.95,713.05,713.83,683850.551183,1787330700000
713.81,714.1,713.53,713.73,682403.2185409999,1787331600000
713.74,713.77,712.97,713.415,520068.934009,1787332500000
713.425,713.63,713.12,713.615,383884.770663,1787333400000
713.645,713.78,713.09,713.12,390922.399882,1787334300000
713.1299,713.64,712.885,712.885,839470.7123199999,1787335200000
712.9127,713.32,712.655,712.655,678222.770912,1787336100000
712.655,712.87,712.43,712.7499,454068.632109,1787337000000
712.74,713.61,712.67,713.565,1016433.813871,1787337900000
713.5495,713.89,713.2,713.275,1295097.8052830002,1787338800000
713.27,713.675,713.09,713.42,586340.743184,1787339700000
713.42,713.83,713.41,713.8,738079.315436,1787340600000
713.8,714.31,712.91,713.41,2907709.558328,1787341500000
709.66,709.79,703.38,703.45,2811706.0940129994,1787578200000
703.43,704.82,702.7,704.48,2042839.8151990003,1787579100000
704.465,704.8106,702.83,703.77,1603532.323006,1787580000000
703.78,704.71,703.16,704.21,1212603.978968,1787580900000
704.16,706.545,703.95,706.03,1706584.4627979998,1787581800000
705.97,706.54,705.77,705.93,906187.192315,1787582700000
705.93,706.2,704.915,705.05,1092756.875087,1787583600000
705.06,707.19,704.82,706.83,1463282.946434,1787584500000
706.82,708.28,706.51,708.14,1293838.5523819998,1787585400000
708.15,708.8439,707.55,707.99,1257507.7774840002,1787586300000
707.9801,708.49,707.71,708.2887,734068.9882549999,1787587200000
708.285,709.3359,708.24,708.85,854827.2354750001,1787588100000
708.8495,709.03,708.13,708.385,859277.7049789999,1787589000000
708.39,708.565,708.02,708.025,759738.4229449999,1787589900000
708.03,708.98,707.64,708.595,1027208.636486,1787590800000
708.5989,708.6,707.09,707.24,841920.0062620001,1787591700000
707.26,707.33,706.7705,706.78,790961.3944760001,1787592600000
706.7895,707.36,706.73,706.9,701106.692868,1787593500000
706.91,708.455,706.886,708.4146,859543.579558,1787594400000
708.42,709.29,708.09,709.16,1112939.508971,1787595300000
709.16,709.53,708.26,708.4799,962830.176793,1787596200000
708.47,708.58,707.61,707.62,851842.587674,1787597100000
707.62,707.81,706.7093,707.655,654152.9280330001,1787598000000
707.655,707.91,707.33,707.71,863783.4970470001,1787598900000
707.74,708.06,706.9,707.03,1728425.825022,1787599800000
707.05,707.31,706.19,706.28,4512542.874481,1787600700000
711.22,713.13,710.76,712.5,1871527.7470770003,1787664600000
712.53,714.04,711.1,711.62,1767031.954617,1787665500000
711.67,711.68,709.915,710.02,1267029.080231,1787666400000
710.03,710.6,709.14,709.3,1442237.950488,1787667300000
709.24,710.55,707.45,709.36,1608982.2742619996,1787668200000
709.35,710.385,709.08,709.7,882415.515902,1787669100000
709.69,709.79,708.88,709.5,696444.767501,1787670000000
709.5095,710.86,709.4,710.77,606996.6043889999,1787670900000
710.76,711.57,710.26,710.53,1022733.285574,1787671800000
710.52,710.675,709.47,710.435,534164.172657,1787672700000
710.47,711.06,710.41,710.8001,627178.3151779999,1787673600000
710.81,711.27,710.721,711.16,438749.0760720001,1787674500000
711.1795,711.29,710.34,710.49,420313.4412400001,1787675400000
710.5,710.91,710.19,710.705,438452.7138060001,1787676300000
710.7116,710.8,709.4801,709.9208,512799.43673700007,1787677200000
709.91,710.2999,709.27,709.48,501750.306915,1787678100000
709.49,709.71,709.31,709.4399,424905.576379,1787679000000
709.44,709.65,709.305,709.544,282817.757964,1787679900000
709.53,709.53,708.96,709.03,393906.057179,1787680800000
709.03,709.55,708.97,709.335,349642.874791,1787681700000
709.35,710.33,709.35,710.285,527886.225141,1787682600000
710.285,710.67,710.18,710.26,587917.0277549999,1787683500000
710.255,710.48,709.65,709.74,525118.6011029999,1787684400000
709.72,709.8,709.2,709.51,485364.3909020001,1787685300000
709.53,710.29,709.18,709.825,561310.9654270001,1787686200000
709.82,711.1,709.59,710.63,2102940.428243,1787687100000
708.41,711.69,708.37,711.16,1568900.900686,1787751000000
711.16,712.2,710.28,712.16,793149.1807759999,1787751900000
712.16,712.18,709.8801,710.145,735451.14678,1787752800000
710.13,710.54,707.97,708.525,948258.309213,1787753700000
708.49,709.9301,708.47,709.54,639088.7303030001,1787754600000
709.5625,710.68,709.2,710.3,559136.2522360001,1787755500000
710.32,711.04,710.17,710.44,571662.3220030001,1787756400000
710.43,710.66,709.58,710.4,403410.696317,1787757300000
710.38,711.1799,709.5501,711.02,428941.2307500001,1787758200000
710.99,711.2196,709.405,709.44,544656.8223690001,1787759100000
709.43,709.62,708.7767,709.07,556291.650892,1787760000000
709.07,709.39,708.88,709.2,300871.10145400005,1787760900000
709.205,709.5,708.29,708.3901,376180.49601,1787761800000
708.39,709.55,708.33,709.3999,365870.752357,1787762700000
709.39,710.0,709.26,709.9,467503.49693400005,1787763600000
709.91,710.68,709.91,710.605,413414.7893939999,1787764500000
710.6,711.16,710.5101,710.93,465743.167956,1787765400000
710.93,711.24,710.605,711.01,413054.091881,1787766300000
711.02,711.2926,710.5838,710.68,481881.2197090001,1787767200000
710.68,711.2,710.56,710.9,404982.625088,1787768100000
710.9,711.45,710.81,711.26,500866.837408,1787769000000
711.27,712.08,711.27,711.89,417179.9756099999,1787769900000
711.875,713.02,711.81,712.345,769162.9646139999,1787770800000
712.35,712.75,712.17,712.31,657683.9820109999,1787771700000
712.3,712.45,711.56,711.612,625143.790239,1787772600000
711.6,712.36,710.885,711.29,1550017.933263,1787773500000
716.93,718.47,715.0,718.14,2341115.972159,1787837400000
718.15,718.83,714.525,715.93,2021177.67416,1787838300000
715.96,718.47,715.84,717.75,1198947.089023,1787839200000
717.77,719.29,717.76,718.935,891935.228514,1787840100000
718.9,718.99,717.29,717.76,904477.864597,1787841000000
717.75,718.9,717.14,718.8,666940.0094720001,1787841900000
718.81,719.43,718.52,719.3872,762318.1861999999,1787842800000
719.388,719.59,718.145,718.28,681765.9856009998,1787843700000
718.25,718.71,717.08,717.21,1098968.552992,1787844600000
717.23,719.0,716.67,718.69,714228.0745530002,1787845500000
718.695,719.32,718.33,718.535,606526.720306,1787846400000
718.55,718.99,718.08,718.89,369436.330709,1787847300000
718.8863,719.985,718.79,719.87,565102.5868340001,1787848200000
719.87,720.18,719.67,720.03,571807.421598,1787849100000
720.03,720.59,719.94,720.455,477290.5676579999,1787850000000
720.44,720.63,719.69,719.765,889945.89658,1787850900000
719.76,720.17,719.25,719.5,500982.2854660001,1787851800000
719.5,719.57,718.99,719.09,533696.720973,1787852700000
719.11,719.34,717.88,718.25,1701413.9329439998,1787853600000
718.25,718.53,717.04,717.33,650271.208579,1787854500000
717.31,718.35,717.29,718.13,728301.353015,1787855400000
718.12,718.36,717.48,718.1,303567.52035,1787856300000
718.105,718.94,718.03,718.61,583586.787306,1787857200000
718.64,719.12,718.17,718.865,770274.2770809999,1787858100000
718.88,719.6,718.71,719.6,960996.711822,1787859000000
719.59,721.35,719.48,721.06,3221216.064507,1787859900000
719.74,721.52,718.1762,721.1863,1567726.5929229998,1787923800000
721.18,721.5499,719.71,719.91,1738257.9819810002,1787924700000
719.93,721.63,716.78,717.55,1927891.312321,1787925600000
717.5699,720.9,717.43,720.3,2233775.6308270004,1787926500000
720.35,722.505,719.83,722.2901,1592950.605068,1787927400000
722.32,723.83,722.07,723.8,1354828.8237009998,1787928300000
723.77,724.125,722.28,722.6105,1122565.315889,1787929200000
722.61,723.65,722.39,723.46,721862.4326629998,1787930100000
723.455,723.49,720.57,720.78,1155024.0135750002,1787931000000
720.74,721.015,717.7,717.87,1579031.356882,1787931900000
717.93,718.82,716.84,718.0,1356549.3220100002,1787932800000
718.02,718.3,715.69,716.31,1233312.4969179998,1787933700000
716.32,717.305,715.97,716.195,695520.018515,1787934600000
716.18,717.79,716.17,716.65,605788.3880490001,1787935500000
716.65,716.6666,715.085,716.23,988123.6829709996,1787936400000
716.22,716.47,715.45,715.89,479156.415205,1787937300000
715.84,716.72,715.67,716.21,511323.890486,1787938200000
716.19,717.29,716.075,716.986,578079.652579,1787939100000
717.0,717.11,716.32,716.33,333976.31717,1787940000000
716.33,716.705,715.9,716.205,385508.046659,1787940900000
716.205,716.75,716.01,716.39,472212.78336100007,1787941800000
716.3794,716.42,715.14,715.51,746627.4126569999,1787942700000
715.515,716.38,715.24,716.08,1253073.094585,1787943600000
716.09,716.63,715.72,716.53,839672.557135,1787944500000
716.535,716.88,716.17,716.6401,1004428.736856,1787945400000
716.64,717.08,715.935,716.44,3476853.826912,1787946300000
715.17,717.001,714.01,714.425,1801409.3820590002,1788183000000
714.43,716.1284,713.97,715.23,1171604.928532,1788183900000
715.2,715.42,713.53,714.09,851090.6937630001,1788184800000
714.07,714.96,713.16,713.62,974786.975662,1788185700000
713.58,715.08,713.37,714.85,594427.555995,1788186600000
714.85,715.27,713.8601,714.6,548123.3964569999,1788187500000
714.61,715.28,714.14,714.635,371024.213197,1788188400000
714.638,715.31,714.19,714.73,436605.594155,1788189300000
714.7,714.8,713.85,714.4538,3788403.633508001,1788190200000
714.45,715.0,713.88,713.955,858114.4740930002,1788191100000
713.97,714.52,713.36,714.38,581482.476143,1788192000000
714.4,714.86,713.82,714.84,2618530.38096,1788192900000
714.85,714.975,714.1204,714.57,494143.852806,1788193800000
714.555,715.28,714.4519,715.21,360330.417945,1788194700000
715.2,715.2,714.63,714.83,1027096.527093,1788195600000
714.83,715.07,714.12,714.21,321996.98814900004,1788196500000
714.2,715.2,713.99,715.2,950924.103871,1788197400000
715.205,715.62,715.01,715.235,372460.141227,1788198300000
715.15,715.66,714.782,715.4,420838.880249,1788199200000
715.39,715.75,715.15,715.175,682840.056693,1788200100000
715.17,715.2773,713.82,714.23,475093.6192439999,1788201000000
714.24,714.74,714.0101,714.35,859970.3234879998,1788201900000
714.357,714.925,714.31,714.85,563217.77414,1788202800000
714.85,715.52,714.645,715.38,534286.438136,1788203700000
715.39,716.2,714.96,716.0601,1663512.7113090002,1788204600000
716.06,717.58,715.62,716.82,4016903.759331,1788205500000
707.39,708.04,705.62,706.69,3361297.351482,1788269400000
706.62,708.45,706.5101,707.225,1328701.1595800002,1788270300000
707.27,708.55,706.7714,707.8771,1131597.072388,1788271200000
707.86,708.97,707.835,708.61,1067040.130783,1788272100000
708.6,710.285,708.57,710.285,868644.008875,1788273000000
710.28,711.1,709.67,710.18,1055122.11481,1788273900000
710.18,710.48,709.0,709.0805,1337914.027134,1788274800000
709.0887,710.24,708.9997,710.24,743508.165803,1788275700000
710.25,711.65,710.06,711.6,756742.072412,1788276600000
711.59,712.3,711.56,711.81,738880.611199,1788277500000
711.85,711.89,710.29,710.29,605825.755375,1788278400000
710.3,710.385,708.61,708.99,1734690.8313219997,1788279300000
708.97,709.135,707.87,707.98,1418180.151623,1788280200000
707.98,709.44,707.87,709.3,770928.2950019999,1788281100000
709.3,709.3,708.01,708.38,447960.064315,1788282000000
708.4,708.5996,707.0,708.07,534795.957313,1788282900000
708.08,708.52,707.975,708.29,459223.041569,1788283800000
708.29,708.31,707.48,708.02,481178.722209,1788284700000
708.0,708.27,707.06,707.1,480731.2289639999,1788285600000
707.1,707.45,706.69,706.88,645891.461311,1788286500000
706.87,706.96,704.975,704.99,1119858.5896619998,1788287400000
704.99,706.57,704.66,706.4232,1175959.8631590002,1788288300000
706.445,707.54,706.31,707.49,982108.710621,1788289200000
707.51,707.73,707.1,707.65,1128408.041882,1788290100000
707.66,707.7,706.85,707.45,789428.4518850001,1788291000000
707.45,708.55,706.67,707.67,3758065.102781,1788291900000
707.1,707.54,705.58,706.87,1858749.965348,1788355800000
706.89,707.4,705.1,706.18,1304533.0411619998,1788356700000
706.19,707.77,705.49,707.76,1549012.0309400002,1788357600000
707.76,709.34,707.58,709.2,1161812.683592,1788358500000
709.16,709.7988,708.77,709.57,995522.255725,1788359400000
709.59,709.6,707.42,707.6,994763.053372,1788360300000
707.59,708.77,707.2975,708.51,639247.814447,1788361200000
708.54,709.72,708.37,709.64,696525.550098,1788362100000
709.67,709.7399,708.86,709.1438,531724.616877,1788363000000
709.12,709.3116,708.0,709.195,362239.513034,1788363900000
709.2,709.48,708.91,709.2,549232.6681289999,1788364800000
709.16,709.19,708.17,708.385,283385.714338,1788365700000
708.3895,708.93,708.04,708.06,345541.994942,1788366600000
708.05,708.73,707.98,708.42,458518.98961799993,1788367500000
708.45,709.09,707.7401,708.2,563494.315587,1788368400000
708.2,708.61,707.47,708.32,376189.669288,1788369300000
708.34,708.5,707.76,708.49,389656.5519629999,1788370200000
708.5,708.88,708.14,708.54,546918.073864,1788371100000
708.54,708.68,707.97,708.19,461725.815663,1788372000000
708.23,709.5,708.16,708.53,1199305.861606,1788372900000
708.53,708.9,707.885,707.99,298119.12983900006,1788373800000
708.0,708.42,707.85,708.21,383295.852352,1788374700000
708.225,708.825,708.07,708.71,436512.803799,1788375600000
708.7,708.8,708.33,708.75,1418600.546283,1788376500000
708.73,708.94,708.4329,708.91,874289.7843160001,1788377400000
708.9,709.44,708.79,709.25,1683429.579565,1788378300000
710.85,713.49,709.69,713.15,2238615.335721,1788442200000
713.15,713.85,711.98,712.88,1476492.6515209998,1788443100000
712.84,712.8401,710.67,712.055,1726877.770325,1788444000000
712.04,713.56,711.95,713.08,1270045.2279799995,1788444900000
713.06,713.47,711.42,711.61,722715.650592,1788445800000
711.655,713.645,710.75,713.55,970737.247968,1788446700000
713.56,716.05,713.55,716.0,1879257.39208,1788447600000
716.005,717.82,715.757,717.73,1562697.074363,1788448500000
717.77,717.87,716.94,717.01,1028862.382044,1788449400000
717.03,717.82,716.9576,717.82,472597.180042,1788450300000
717.805,717.82,716.9332,717.33,1374669.987221,1788451200000
717.34,717.55,716.6,716.78,480553.586388,1788452100000
716.794,717.6999,716.44,717.55,501439.564057,1788453000000
717.57,717.93,717.295,717.545,291084.235659,1788453900000
717.57,717.7,716.58,716.6501,350171.43396,1788454800000
716.67,717.08,716.34,716.97,404326.29214,1788455700000
716.96,717.63,716.958,717.58,352010.081453,1788456600000
717.555,718.15,717.38,717.93,758240.2420910001,1788457500000
717.92,718.805,717.92,718.65,930911.966632,1788458400000
718.6576,718.915,718.443,718.585,828282.907927,1788459300000
718.6,718.8,718.335,718.34,564609.0238509999,1788460200000
718.335,718.84,718.335,718.53,679674.3692569999,1788461100000
718.525,718.57,717.7,717.83,450189.79044700006,1788462000000
717.82,717.96,717.5437,717.73,815171.544425,1788462900000
717.725,717.91,717.46,717.51,822697.139807,1788463800000
717.51,717.77,717.14,717.61,2810717.514163,1788464700000
719.345,720.71,718.525,720.04,2142167.720648,1788528600000
720.02,721.86,719.11,721.81,1231551.2221950002,1788529500000
721.82,721.84,719.53,720.85,1439778.2722959998,1788530400000
720.86,720.89,718.845,719.6,1800982.805052,1788531300000
719.6,719.64,718.0377,718.0716,1319821.709769,1788532200000
718.07,718.33,717.26,717.78,1546916.2201900005,1788533100000
717.75,718.28,717.24,718.26,1419630.862705,1788534000000
718.2595,718.32,716.93,717.44,1336300.27243,1788534900000
717.45,717.87,716.78,717.77,826806.20708,1788535800000
717.77,717.8099,717.0,717.65,455814.824165,1788536700000
717.64,718.559,717.43,718.455,639675.838232,1788537600000
718.45,718.86,718.185,718.61,847944.3863860001,1788538500000
718.6095,719.08,718.49,718.935,1282884.9672750002,1788539400000
718.94,719.61,718.865,719.16,801535.999359,1788540300000
719.155,719.26,718.06,718.13,841543.9243000001,1788541200000
718.14,718.35,717.42,717.505,1037447.930712,1788542100000
717.505,717.51,716.7,716.805,1136212.408524,1788543000000
716.795,717.266,716.56,717.12,773312.7180300001,1788543900000
717.11,717.2635,716.64,717.03,889084.6204,1788544800000
717.04,717.67,716.96,717.5629,1062156.901832,1788545700000
717.57,717.88,717.43,717.82,662392.668655,1788546600000
717.815,718.32,717.8,718.23,477444.488118,1788547500000
718.235,718.36,717.48,717.57,613257.2029429999,1788548400000
717.59,718.0699,717.575,717.95,372069.942192,1788549300000
717.95,718.46,717.79,718.31,773179.169058,1788550200000
718.299,719.445,718.28,719.06,3554848.8058690005,1788551100000
720.909,721.886,716.56,716.72,2269973.033672,1788874200000
716.74,718.29,716.28,717.47,1323259.5937770002,1788875100000
717.47,717.695,715.57,716.505,1190724.751904,1788876000000
716.5,717.94,716.39,717.76,811801.140166,1788876900000
717.79,718.33,717.15,718.15,611969.1444689999,1788877800000
718.16,718.94,717.7,718.94,850223.4656350001,1788878700000
718.95,720.08,718.555,719.915,917148.955279,1788879600000
719.92,720.74,719.4,720.085,1376048.977034,1788880500000
720.075,720.93,719.76,720.85,827155.0869440001,1788881400000
720.89,720.91,719.865,719.97,1111337.260999,1788882300000
719.99,720.4,719.32,719.6,681857.9771880001,1788883200000
719.59,719.96,718.97,719.075,714927.838799,1788884100000
719.1,719.49,718.95,719.27,845192.7721959997,1788885000000
719.28,720.08,718.67,719.23,800955.7821640001,1788885900000
719.24,720.855,719.22,720.56,700308.9417959999,1788886800000
720.56,720.68,720.04,720.26,601580.1638709999,1788887700000
720.28,720.67,719.84,719.88,416242.314637,1788888600000
719.89,720.19,719.64,719.66,577959.710601,1788889500000
719.67,720.2,719.57,720.01,496110.775325,1788890400000
720.03,720.24,719.62,719.81,311592.29197300004,1788891300000
719.84,719.95,719.36,719.93,925516.242032,1788892200000
719.93,720.13,717.91,719.29,974663.869586,1788893100000
719.315,719.55,718.91,719.23,517866.369726,1788894000000
719.22,719.33,718.51,718.965,403750.9366080001,1788894900000
718.965,719.01,718.44,718.57,579209.366233,1788895800000
718.58,718.69,717.25,718.3806,3082437.537365,1788896700000
716.4,717.55,715.48,716.96,1652071.028349,1788960600000
716.99,719.06,716.404,718.86,1714651.99934,1788961500000
718.86,719.7,718.2,718.94,1253419.2635430002,1788962400000
718.92,718.92,716.49,718.29,1478964.8230929996,1788963300000
718.28,718.5196,717.33,718.4,686692.0846109999,1788964200000
718.35,718.46,717.52,718.17,809996.0294209999,1788965100000
718.19,718.97,714.73,715.015,1367059.60645,1788966000000
715.01,716.36,714.02,714.8,1294135.741576,1788966900000
714.81,716.98,714.75,715.95,1089068.3310709998,1788967800000
715.95,716.63,715.65,716.19,833451.9727580001,1788968700000
716.1911,716.51,715.3,715.38,624360.613902,1788969600000
715.38,715.4199,714.71,714.96,609609.1086629999,1788970500000
715.01,716.34,714.98,716.33,579825.2131630001,1788971400000
716.36,716.88,716.02,716.42,525117.9910249999,1788972300000
716.4,716.97,716.16,716.87,589826.981718,1788973200000
716.89,717.05,716.24,716.24,346997.38656699995,1788974100000
716.26,716.52,715.7,716.36,417870.984631,1788975000000
716.36,717.04,716.36,716.7,417020.7975280001,1788975900000
716.69,716.77,716.0439,716.0439,460565.72282,1788976800000
716.01,716.5202,715.93,716.3,365168.3440350001,1788977700000
716.3122,716.69,716.14,716.63,563313.491763,1788978600000
716.6225,716.8,716.14,716.15,333719.188803,1788979500000
716.16,716.34,715.755,716.2,1098936.9706489998,1788980400000
716.23,716.745,716.211,716.2761,623271.407753,1788981300000
716.28,716.39,715.91,716.12,1216581.1855209998,1788982200000
716.12,716.39,715.53,716.28,1869993.247272,1788983100000
707.55,710.27,706.855,708.77,3240771.385763,1789047000000
708.78,710.36,707.58,707.82,1632412.397249,1789047900000
707.76,709.72,707.76,708.79,1239663.838713,1789048800000
708.79,711.8,708.11,710.41,1684355.39408,1789049700000
710.4,712.06,710.385,711.14,1161680.745036,1789050600000
711.1,711.805,710.49,711.79,706606.62121,1789051500000
711.79,711.83,710.61,711.36,1251467.7890939994,1789052400000
711.33,711.6,710.21,711.13,881064.9646939998,1789053300000
711.15,711.98,710.68,711.51,700891.4661830001,1789054200000
711.54,711.63,709.92,710.38,942936.45502,1789055100000
710.38,711.0,709.43,709.79,977401.4005049998,1789056000000
709.81,710.28,709.3325,709.67,672108.1688839999,1789056900000
709.635,710.57,708.63,710.42,736567.9681569998,1789057800000
710.4231,711.25,710.365,711.03,707140.393738,1789058700000
711.0079,711.83,710.55,710.83,650819.3058189999,1789059600000
710.84,711.01,710.24,710.49,321157.045646,1789060500000
710.468,710.59,709.66,710.27,532418.348279,1789061400000
710.3,710.35,709.8,709.8995,931363.319898,1789062300000
709.88,710.23,708.97,709.235,533575.604585,1789063200000
709.245,709.71,708.98,709.2099,565949.9250929999,1789064100000
709.18,709.62,708.9213,709.55,504890.528412,1789065000000
709.54,710.18,709.0101,709.575,991208.519084,1789065900000
709.57,709.61,708.79,709.1386,719262.873029,1789066800000
709.135,709.325,708.67,709.18,600594.6030969999,1789067700000
709.17,709.43,708.83,709.135,1014002.396029,1789068600000
709.135,709.41,708.28,708.63,2279500.932618,1789069500000
715.68,716.18,713.93,716.0,2455072.2218269994,1789133400000
715.99,717.05,714.75,716.865,1397083.735684,1789134300000
716.93,716.93,714.4,715.1,1209818.476204,1789135200000
715.11,716.83,714.57,716.46,1077577.868153,1789136100000
716.5,716.55,714.11,714.56,1316632.363917,1789137000000
714.56,715.45,713.63,714.49,1198609.219206,1789137900000
714.4493,715.98,714.24,715.08,816519.249059,1789138800000
715.08,717.45,715.08,717.26,931805.8364319998,1789139700000
717.24,717.63,716.74,717.11,510830.2375300001,1789140600000
717.1,717.11,716.22,716.46,481915.500612,1789141500000
716.46,717.26,716.32,716.375,327170.509634,1789142400000
716.35,716.46,715.18,715.25,695484.6140149999,1789143300000
715.2763,716.22,715.04,716.0,470908.774972,1789144200000
715.99,716.13,715.555,716.085,312705.520672,1789145100000
716.12,716.79,716.08,716.1101,417807.6173060001,1789146000000
716.14,717.14,716.14,716.765,547273.68136,1789146900000
716.77,717.09,716.6401,716.76,353398.885591,1789147800000
716.76,716.89,716.43,716.51,565923.606367,1789148700000
716.53,716.71,716.17,716.2401,567908.608684,1789149600000
716.27,716.37,715.65,716.285,813918.1003569998,1789150500000
716.28,716.68,716.04,716.18,367257.616771,1789151400000
716.19,716.34,715.88,715.9401,443064.425816,1789152300000
715.98,716.06,715.3923,715.59,409553.412206,1789153200000
715.6,715.88,715.54,715.605,313422.970269,1789154100000
715.62,715.89,715.54,715.8,724283.46587,1789155000000
715.79,715.905,714.73,714.85,3277110.511709,1789155900000
703.325,704.53,702.74,704.485,3519120.1324620005,1789392600000
704.49,706.74,704.46,705.785,2540007.786795,1789393500000
705.7401,707.7699,705.7,707.42,1477100.9391199998,1789394400000
707.43,707.62,705.08,705.78,1509389.9965490005,1789395300000
705.7924,706.1,704.5901,705.44,940883.069229,1789396200000
705.45,706.12,704.93,705.91,658835.896595,1789397100000
705.9,707.59,705.27,706.18,1151256.645275,1789398000000
706.15,707.76,706.05,707.55,769328.7187160001,1789398900000
707.53,710.6466,707.38,710.45,1823363.804438,1789399800000
710.46,710.5,709.56,709.82,1039944.636338,1789400700000
709.79,709.8849,708.83,709.51,834447.619114,1789401600000
709.48,711.15,709.48,710.29,686310.855864,1789402500000
710.19,710.9,710.04,710.9,593861.639004,1789403400000
710.94,712.31,710.5901,711.87,1075882.480181,1789404300000
711.86,712.2862,711.39,711.755,335561.464059,1789405200000
711.755,712.35,711.36,712.348,625426.011648,1789406100000
712.35,712.5,712.07,712.381,691117.737833,1789407000000
712.4,712.95,712.39,712.413,397550.657902,1789407900000
712.455,712.94,712.1022,712.47,403520.495292,1789408800000
712.47,712.62,711.812,711.91,472912.172655,1789409700000
711.93,712.42,711.85,712.13,464748.95214,1789410600000
712.14,712.42,711.74,711.825,407208.395248,1789411500000
711.83,711.87,711.1,711.23,606142.403332,1789412400000
711.24,711.24,710.85,711.035,700577.0107829999,1789413300000
711.03,711.18,710.665,710.771,1100437.192583,1789414200000
710.77,711.01,709.09,709.16,5487372.941186,1789415100000
708.8,709.23,707.56,709.145,1991215.119483,1789479000000
709.12,709.5299,708.43,708.95,999136.303471,1789479900000
708.94,709.01,706.82,706.925,1154111.33788,1789480800000
706.93,707.43,705.95,706.555,913296.0726049998,1789481700000
706.55,706.75,705.29,705.59,1048259.494907,1789482600000
705.595,705.92,703.906,704.48,1319900.839205,1789483500000
704.475,705.66,704.475,705.275,977602.440222,1789484400000
705.27,705.81,705.1,705.6595,548415.370716,1789485300000
705.66,705.8048,704.96,705.59,616437.724412,1789486200000
705.58,706.02,704.98,705.32,625714.5205700002,1789487100000
705.35,705.61,704.48,704.53,474430.44369200006,1789488000000
704.535,705.92,704.46,705.51,609991.1299619998,1789488900000
705.49,705.75,705.1104,705.38,347889.62690000003,1789489800000
705.39,706.0,705.1205,705.44,364714.477669,1789490700000
705.44,705.52,704.62,704.825,635909.456365,1789491600000
704.84,705.12,704.54,704.8,362186.358192,1789492500000
704.81,705.13,704.53,704.83,534551.012621,1789493400000
704.83,705.1985,704.6,705.01,707114.771975,1789494300000
705.01,705.57,704.81,705.39,979273.5062719998,1789495200000
705.39,705.46,704.98,705.395,495884.755731,1789496100000
705.3987,705.3987,704.65,704.68,634611.568615,1789497000000
704.69,704.755,704.1906,704.7304,642075.306016,1789497900000
704.74,704.88,704.4,704.44,737639.658135,1789498800000
704.45,704.53,704.23,704.36,875651.502405,1789499700000
704.36,704.4278,703.8,704.085,1034368.480877,1789500600000
704.08,704.65,703.635,704.59,3148291.035501,1789501500000
708.0,708.81,707.64,708.39,1970983.7978920003,1789565400000
708.4,710.25,708.34,710.21,1379081.098747,1789566300000
710.22,710.3,708.75,709.52,751563.8535949999,1789567200000
709.49,710.14,709.37,709.5801,485367.49187299993,1789568100000
709.565,709.89,708.95,709.89,631043.8416190001,1789569000000
709.8896,710.73,709.52,710.6579,731366.662693,1789569900000
710.68,711.55,710.35,711.28,1039294.535981,1789570800000
711.29,711.311,710.61,710.88,468843.8665590001,1789571700000
710.9,710.96,710.3,710.6,500122.43593400007,1789572600000
710.59,711.88,710.4404,710.6301,639937.3370140002,1789573500000
710.66,710.73,710.01,710.315,355861.46781600005,1789574400000
710.33,710.5995,709.93,710.34,300373.855781,1789575300000
710.34,710.41,709.87,710.0,399676.806043,1789576200000
710.01,710.52,709.91,709.965,242433.998524,1789577100000
709.98,709.98,709.28,709.75,336442.780231,1789578000000
709.755,709.86,709.38,709.69,230365.939876,1789578900000
709.7,709.83,708.772,708.879,552595.6875679999,1789579800000
708.88,710.21,708.88,710.19,668739.4652420001,1789580700000
710.21,711.65,708.6,709.89,2155408.3399230004,1789581600000
709.84,710.29,708.45,709.65,944442.130065,1789582500000
709.62,710.62,705.88,709.31,2220633.606465,1789583400000
709.29,710.08,704.02,704.3,2183634.8711940004,1789584300000
704.31,706.02,701.35,701.87,3046252.553335,1789585200000
701.855,702.67,700.0,701.89,2551913.9441810003,1789586100000
701.87,703.68,701.655,702.8601,2876995.654602,1789587000000
702.88,705.03,702.86,704.75,3078302.365067,1789587900000
715.95,716.37,713.32,714.21,2942753.1249390007,1789651800000
714.23,715.495,713.8,715.37,1568147.6501600002,1789652700000
715.39,716.02,714.16,715.85,1108213.031119,1789653600000
715.85,716.615,715.4605,715.96,1131258.228631,1789654500000
715.98,716.8,715.9,716.04,1186587.060183,1789655400000
716.05,716.12,714.92,715.175,1422883.06939,1789656300000
715.23,715.48,714.58,715.29,1191874.24674,1789657200000
715.3,716.03,715.02,715.86,608921.536448,1789658100000
715.86,716.65,715.69,716.53,551779.300505,1789659000000
716.52,716.74,716.27,716.7,646948.796927,1789659900000
716.71,716.76,716.075,716.63,371466.388144,1789660800000
716.645,716.94,716.4,716.815,720458.3960450001,1789661700000
716.815,716.89,716.1,716.7901,695631.8776649999,1789662600000
716.7951,716.86,715.79,716.6974,678452.69891,1789663500000
716.68,717.16,716.43,716.45,696467.526186,1789664400000
716.47,716.72,716.22,716.33,355045.409903,1789665300000
716.34,716.61,716.112,716.58,593412.805288,1789666200000
716.575,716.76,716.35,716.7,444909.403837,1789667100000
716.695,716.825,716.275,716.415,1013293.0818020002,1789668000000
716.41,716.65,716.195,716.33,2101218.639792,1789668900000
716.34,716.5,715.85,716.11,1423021.784931,1789669800000
716.13,716.37,716.08,716.24,579524.7997749998,1789670700000
716.25,716.95,716.225,716.7,1342776.280939,1789671600000
716.71,716.87,716.44,716.53,1359912.29334,1789672500000
716.525,717.38,716.505,717.29,1574820.036464,1789673400000
717.29,718.0401,716.59,716.89,4849920.382195,1789674300000
718.83,719.54,718.44,718.87,2889925.5240909997,1789738200000
718.875,719.35,717.64,717.9299,1639478.4535419997,1789739100000
717.88,718.08,716.4,716.4801,1941482.535906,1789740000000
716.49,717.16,715.88,716.71,1439463.37097,1789740900000
716.705,717.2535,716.12,716.375,806944.291615,1789741800000
716.38,717.65,716.22,717.43,1632771.886921,1789742700000
717.43,717.73,716.64,716.74,983221.432318,1789743600000
716.75,717.36,716.555,717.265,3860855.269878,1789744500000
717.25,717.38,716.33,716.61,839242.1740439999,1789745400000
716.61,716.8,716.15,716.28,828055.28728,1789746300000
716.28,716.63,716.05,716.295,1438300.7971050004,1789747200000
716.29,716.605,715.08,716.07,1191882.4142869995,1789748100000
716.07,716.6,715.87,716.455,755574.53588,1789749000000
716.46,716.88,716.12,716.74,430934.395606,1789749900000
716.745,717.08,716.54,717.03,1207703.626545,1789750800000
717.04,717.29,716.99,717.07,739427.278063,1789751700000
717.06,717.56,716.85,717.55,530669.1458790001,1789752600000
717.55,717.67,717.43,717.59,501540.2910700001,1789753500000
717.59,717.71,717.211,717.3498,867114.6516900001,1789754400000
717.34,718.16,717.33,717.95,1018283.199734,1789755300000
717.9799,718.211,717.8,718.2,428699.664881,1789756200000
718.2,719.6,718.195,719.16,1753566.119556,1789757100000
719.19,719.65,719.1199,719.25,1652317.9700930002,1789758000000
719.235,719.49,719.07,719.12,1683322.538689,1789758900000
719.12,719.6,718.93,719.59,1201759.948184,1789759800000
719.59,721.73,719.555,721.34,6360135.395888001,1789760700000
727.89,730.785,727.81,730.78,4245939.826593,1789997400000
730.78,732.68,730.77,732.57,2139492.977499,1789998300000
732.56,733.19,732.085,733.01,1790368.3265429998,1789999200000
733.05,735.0,733.05,734.97,1644626.571147,1790000100000
734.98,735.8611,734.56,734.935,3126051.108902,1790001000000
734.93,735.91,734.62,735.72,1237864.122672,1790001900000
735.73,736.43,735.69,736.32,1086361.5391559997,1790002800000
736.33,736.6,736.2,736.57,780703.517876,1790003700000
736.58,737.2699,736.43,737.23,894069.865069,1790004600000
737.27,737.89,736.94,737.15,1274630.862416,1790005500000
737.146,738.36,736.94,738.16,1070026.80779,1790006400000
738.23,739.0,738.04,738.75,1163262.813146,1790007300000
738.766,739.39,738.48,738.6,1262177.1402189997,1790008200000
738.62,738.8895,738.5,738.835,488679.007221,1790009100000
738.84,739.15,738.72,739.03,754843.9341750002,1790010000000
739.035,739.1,738.43,738.98,588229.469558,1790010900000
738.98,739.67,738.5995,739.62,1094410.370576,1790011800000
739.62,739.8599,739.46,739.5607,1592665.360524,1790012700000
739.58,740.13,739.565,740.0,868127.981199,1790013600000
740.0,740.69,739.9887,740.555,855309.270173,1790014500000
740.56,740.8899,740.16,740.8287,947357.841353,1790015400000
740.83,741.58,740.75,741.34,1556883.729611,1790016300000
741.35,741.71,741.0,741.71,1276714.05415,1790017200000
741.7,741.98,741.55,741.75,1604974.744696,1790018100000
741.76,743.22,741.69,742.56,1874079.146491,1790019000000
742.54,742.63,741.25,741.39,4279907.843504,1790019900000
740.98,744.94,740.93,744.36,2254423.007282,1790083800000
744.42,745.37,743.93,745.035,1609311.144949,1790084700000
745.03,746.3,744.511,745.75,1316432.710497,1790085600000
745.75,746.13,745.12,745.74,902121.96034,1790086500000
745.7799,746.6,744.2309,744.63,1459261.47971,1790087400000
744.64,745.61,744.05,744.94,1943660.029159,1790088300000
744.95,745.285,744.41,745.175,1952246.135674,1790089200000
745.1701,745.437,744.78,745.0,607444.436573,1790090100000
744.96,745.1,743.99,744.3,1036162.73979,1790091000000
744.3037,744.74,744.01,744.5433,619927.062792,1790091900000
744.5674,745.15,744.17,744.89,1737379.9697189997,1790092800000
744.87,744.93,744.04,744.065,635292.5050440001,1790093700000
744.09,744.74,744.075,744.6523,423051.54543,1790094600000
744.64,745.43,744.56,745.285,644184.9126040002,1790095500000
745.29,745.6,745.18,745.32,492089.8264700001,1790096400000
745.32,745.67,745.02,745.59,432276.58131200005,1790097300000
745.59,745.59,744.83,745.38,364875.882453,1790098200000
745.39,746.5,745.18,746.1701,1297392.9956139997,1790099100000
746.188,746.37,745.545,746.28,768264.473157,1790100000000
746.28,746.94,746.28,746.58,1023299.302923,1790100900000
746.58,746.69,745.94,746.45,969089.895212,1790101800000
746.45,746.53,746.0432,746.15,682696.7484890001,1790102700000
746.16,746.85,746.14,746.8,976103.179768,1790103600000
746.81,747.33,746.705,747.205,1365757.701503,1790104500000
747.2,747.91,747.15,747.54,1754447.7334730003,1790105400000
747.55,748.349,747.09,747.465,3022989.657784,1790106300000
746.97,747.13,744.45,744.76,1547792.986662,1790170200000
744.64,744.96,742.81,743.12,2071991.021636,1790171100000
743.11,743.69,739.67,740.04,2291341.911872,1790172000000
740.025,740.55,738.191,739.09,2102906.756661,1790172900000
739.08,740.49,738.58,740.05,1295345.2101289998,1790173800000
740.03,742.6,739.89,742.515,1678417.7938819998,1790174700000
742.535,742.635,741.59,741.715,843474.6730779998,1790175600000
741.719,742.4005,740.96,741.35,919096.329204,1790176500000
741.331,741.57,740.91,741.51,856786.0906559998,1790177400000
741.52,741.635,740.12,740.71,597145.9679519999,1790178300000
740.68,740.8,740.2501,740.655,415951.515412,1790179200000
740.65,740.91,739.9401,740.16,496373.1139880001,1790180100000
740.13,740.81,739.46,739.4896,565653.2255299999,1790181000000
739.46,740.05,738.8,739.26,948920.59344,1790181900000
739.25,739.74,738.26,738.8,1277058.423486,1790182800000
738.76,740.11,738.68,739.05,936575.769348,1790183700000
739.05,740.85,738.865,740.7,751474.904596,1790184600000
740.66,741.34,740.41,741.28,1176949.665082,1790185500000
741.27,741.285,740.1962,740.69,1703487.9077010003,1790186400000
740.69,741.26,740.58,740.9365,711953.6386869999,1790187300000
740.935,740.97,740.22,740.71,424890.290836,1790188200000
740.72,741.18,740.55,741.02,431943.36370900006,1790189100000
741.045,741.54,740.555,741.025,609268.741219,1790190000000
741.03,741.1,740.525,740.79,703313.535872,1790190900000
740.81,741.33,740.22,740.64,1311550.5407210002,1790191800000
740.64,741.42,739.77,741.17,2652766.834339,1790192700000
735.289,737.38,734.62,736.835,1967612.434928,1790256600000
736.84,737.77,735.56,736.728,1108111.4288569998,1790257500000
736.7072,737.59,736.415,736.91,677460.2733469999,1790258400000
736.885,738.1,736.35,737.9,589189.036661,1790259300000
737.87,738.16,736.602,736.755,600010.2108489999,1790260200000
736.75,737.51,735.64,735.85,715788.7095759999,1790261100000
735.85,736.58,734.94,735.09,913635.326628,1790262000000
735.07,736.22,734.96,735.14,566533.9595169999,1790262900000
735.16,735.85,734.9,735.72,949744.57537,1790263800000
735.72,736.44,734.98,736.09,550394.1239809999,1790264700000
736.1,736.34,735.0,736.23,452440.9591639999,1790265600000
736.29,740.77,736.18,739.53,2373170.993762,1790266500000
739.54,742.3662,738.71,740.73,1122910.90495,1790267400000
740.75,742.41,740.17,741.86,853613.3461760001,1790268300000
741.86,742.66,741.01,741.77,982017.999499,1790269200000
741.77,741.84,739.62,740.46,735465.517636,1790270100000
740.42,741.08,738.95,738.97,467911.622599,1790271000000
738.96,739.8,738.812,739.53,450154.5568460001,1790271900000
739.569,739.7,737.76,739.47,684778.5307069999,1790272800000
739.47,740.85,739.36,740.565,498249.90078299993,1790273700000
740.585,741.6,739.7,740.48,724866.6190829999,1790274600000
740.48,741.82,740.47,741.525,407070.292128,1790275500000
741.5,741.6023,740.22,740.28,559032.813042,1790276400000
740.2601,741.38,740.2601,740.84,402070.900686,1790277300000
740.87,741.32,740.7801,740.94,1494352.960507,1790278200000
740.93,741.86,740.8198,741.06,2957837.172098,1790279100000
742.83,744.58,741.66,744.265,2220967.190301,1790343000000
744.27,745.42,743.565,744.73,1296721.36417,1790343900000
744.77,744.89,740.811,740.99,1760836.5209319997,1790344800000
741.0,741.9,739.64,740.77,1460837.068451,1790345700000
740.78,742.5,740.49,741.5,1403705.2723630003,1790346600000
741.58,743.1,740.9061,742.9614,820835.3417730001,1790347500000
742.93,744.0581,742.53,742.885,1291470.016402,1790348400000
742.92,743.48,742.42,742.69,1069710.114759,1790349300000
742.711,743.82,741.14,741.24,790274.62243,1790350200000
741.23,743.791,740.72,743.73,814662.4920699999,1790351100000
743.735,745.901,743.485,745.3301,1969385.9342020005,1790352000000
745.34,745.915,743.26,745.31,903767.491314,1790352900000
745.34,745.49,743.85,744.87,732189.6870279999,1790353800000
744.855,744.88,743.8,744.2399,513963.168088,1790354700000
744.28,745.27,744.135,745.25,537288.1709289999,1790355600000
745.25,745.39,744.9,745.1928,314638.0114009999,1790356500000
745.2,745.3,744.4236,744.89,446799.0525679999,1790357400000
744.82,745.2,744.5201,745.018,237623.304475,1790358300000
745.02,745.43,744.675,745.4005,289144.977082,1790359200000
745.43,745.45,744.06,744.52,588583.8507010001,1790360100000
744.54,745.13,743.98,744.72,477204.4708020001,1790361000000
744.73,744.77,743.94,743.95,480558.31527400005,1790361900000
743.98,744.71,743.85,744.67,527984.7419360001,1790362800000
744.67,744.7899,743.72,743.87,502289.166061,1790363700000
743.87,744.64,743.351,744.445,1433815.939865,1790364600000
744.46,745.52,744.27,744.45,3295350.270997,1790365500000
740.455,741.42,737.65,737.9199,1835525.132368,1790602200000
737.89,739.24,737.22,738.85,1045052.062395,1790603100000
738.83,738.97,735.29,735.6599,1391230.641774,1790604000000
735.66,737.54,735.655,736.29,1271727.1461609998,1790604900000
736.28,736.65,733.3,733.37,1854208.926364,1790605800000
733.38,733.49,731.63,732.8905,2501059.872473,1790606700000
732.92,735.13,732.85,734.66,1531420.1168159998,1790607600000
734.65,735.1101,733.85,734.94,2333332.122152,1790608500000
734.93,735.81,734.05,734.45,985917.34239,1790609400000
734.44,735.731,734.21,735.63,682020.192166,1790610300000
735.61,735.97,735.0492,735.465,679443.1029970002,1790611200000
735.46,740.38,735.37,739.4338,3047984.749748,1790612100000
739.39,739.55,737.19,737.49,1234760.585931,1790613000000
737.5,738.11,737.18,737.53,730925.7420440001,1790613900000
737.55,739.71,736.64,739.67,1969504.034813,1790614800000
739.66,739.66,735.5,737.81,861985.5337959998,1790615700000
737.8,738.51,737.79,738.07,488320.726291,1790616600000
738.07,738.43,737.71,738.08,561967.402181,1790617500000
738.085,738.55,737.51,738.38,1071800.935843,1790618400000
738.41,738.54,737.59,737.93,317004.0917520001,1790619300000
737.93,738.22,736.94,738.02,786591.637347,1790620200000
738.0302,738.62,737.68,738.345,944369.6536710002,1790621100000
738.37,738.41,736.78,736.855,894492.4639050001,1790622000000
736.85,737.5401,736.68,737.32,1054128.926713,1790622900000
737.31,737.37,735.98,736.43,2486854.94419,1790623800000
736.43,736.79,735.81,736.53,4118099.167107,1790624700000
740.145,740.5799,736.26,736.755,1420842.95206,1790688600000
736.78,738.89,736.6,737.7875,1192860.10597,1790689500000
737.79,738.92,737.33,738.2404,680327.3589490001,1790690400000
738.25,739.92,737.56,739.29,1298302.5780429998,1790691300000
739.26,740.13,738.97,739.22,928336.734274,1790692200000
739.23,740.08,738.602,739.129,568106.042949,1790693100000
739.115,739.15,737.46,738.5,939766.332619,1790694000000
738.49,738.74,736.0,736.51,1030658.328061,1790694900000
736.53,737.91,736.29,737.03,593174.108372,1790695800000
737.0699,737.88,736.49,737.31,496691.692478,1790696700000
737.305,737.44,736.46,736.61,370614.03645700007,1790697600000
736.6,737.38,736.42,737.24,424183.766798,1790698500000
737.232,737.24,735.67,735.67,462821.562161,1790699400000
735.65,736.8194,735.34,736.131,527986.818704,1790700300000
736.1,736.35,735.545,736.19,544630.8146970001,1790701200000
736.21,737.15,735.72,736.839,399500.118148,1790702100000
736.82,737.22,736.14,736.62,359329.95433300006,1790703000000
736.63,736.86,735.42,735.74,352580.67364,1790703900000
735.745,737.5,735.745,737.33,1418005.6817859998,1790704800000
737.33,738.06,737.25,737.63,522599.5541820001,1790705700000
737.65,739.01,737.15,738.5,712108.7644250001,1790706600000
738.5294,738.8791,738.16,738.671,550622.035097,1790707500000
738.715,738.9,737.98,738.08,439823.836862,1790708400000
738.095,738.59,737.97,738.16,517668.1368029999,1790709300000
738.155,738.48,737.527,737.56,507803.41407000006,1790710200000
737.57,738.67,737.27,737.98,4441817.782293,1790711100000
740.19,742.7493,739.76,741.755,1625489.292707,1790775000000
741.78,743.5299,740.55,743.47,1232486.4374749998,1790775900000
743.46,744.73,742.652,743.27,1537724.65596,1790776800000
743.26,744.13,742.65,743.225,897882.6759329999,1790777700000
743.23,743.63,742.07,742.51,724470.412644,1790778600000
742.49,744.5,742.42,743.58,533890.694428,1790779500000
743.6,743.81,742.89,743.21,456013.975416,1790780400000
743.22,743.93,742.73,743.86,732866.0169689999,1790781300000
743.9,744.39,743.19,743.38,810353.7531880002,1790782200000
743.34,745.1,743.21,744.46,690474.0825649999,1790783100000
744.43,744.86,744.16,744.739,492621.519244,1790784000000
744.74,744.7857,743.68,743.6823,300748.391873,1790784900000
743.71,744.16,743.06,744.0528,486507.293292,1790785800000
744.02,744.1,743.39,744.06,243357.250531,1790786700000
744.04,744.27,743.34,743.4479,515686.381799,1790787600000
743.42,743.42,741.69,742.33,580597.949667,1790788500000
742.33,743.48,742.33,743.24,417580.7211410001,1790789400000
743.235,744.13,743.0,743.94,621934.609621,1790790300000
743.925,744.06,743.03,743.915,799685.1629090001,1790791200000
743.93,743.97,742.765,743.36,435476.821493,1790792100000
743.34,743.45,742.1924,743.17,907514.889559,1790793000000
743.18,743.21,742.33,742.83,529367.1890550001,1790793900000
742.87,743.86,742.81,743.7,799914.490704,1790794800000
743.705,743.71,743.14,743.34,792267.120353,1790795700000
743.33,743.92,742.86,743.16,1088099.5009700002,1790796600000
743.17,743.52,739.46,739.84,5004866.900603,1790797500000
742.51,743.925,741.04,741.665,3135283.0816590004,1790861400000
741.705,742.64,740.34,741.36,1704325.976177,1790862300000
741.3301,741.51,737.61,739.2023,1893930.792819,1790863200000
739.19,739.49,736.91,738.36,1382637.121295,1790864100000
738.23,740.86,737.93,739.74,1105533.0778760002,1790865000000
739.76,740.55,738.105,738.7205,1058959.284112,1790865900000
738.755,738.8,736.25,738.31,1555614.1016890004,1790866800000
738.31,739.78,737.95,738.67,836114.4154279999,1790867700000
738.71,738.78,736.58,737.14,931886.457373,1790868600000
737.14,738.71,736.585,738.13,1305025.8608410002,1790869500000
738.2,738.87,737.44,737.845,900997.703671,1790870400000
737.85,738.94,737.77,738.15,840940.5095510001,1790871300000
738.16,739.65,738.05,738.87,548003.947091,1790872200000
738.85,739.34,736.9,737.84,876145.1694280002,1790873100000
737.83,739.88,737.71,739.43,659151.276298,1790874000000
739.44,742.8,739.34,742.63,1411817.5536260002,1790874900000
742.63,744.27,742.63,743.87,1572773.2583680004,1790875800000
743.87,744.67,742.115,742.57,1693670.294898,1790876700000
742.57,742.7962,740.44,741.26,1479010.2486849998,1790877600000
741.28,742.91,741.08,742.7,782163.9010439998,1790878500000
742.72,743.66,742.21,742.84,752054.590178,1790879400000
742.85,743.68,742.75,743.66,815995.4856,1790880300000
743.65,743.9,742.58,742.7,488293.967478,1790881200000
742.7,742.9998,742.41,742.84,430732.532931,1790882100000
742.82,743.36,742.46,742.95,937864.852494,1790883000000
742.95,744.0796,741.4714,742.04,2897420.415859,1790883900000
