open,high,low,close,volume,open_time
567.71,567.76,565.27,565.34,2380785.0,1727875800000
565.33,567.55,565.28,567.08,2367820.0,1727876700000
567.07,568.28,566.89,567.89,2564288.0,1727877600000
567.86,568.88,567.34,568.36,1648019.0,1727878500000
568.33,569.01,567.98,568.72,2583645.0,1727879400000
568.67,569.71,568.16,568.3,1148651.0,1727880300000
568.31,569.2,568.11,568.94,793177.0,1727881200000
568.94,569.83,568.8912,569.52,948800.0,1727882100000
569.54,569.89,569.33,569.86,641468.0,1727883000000
569.86,569.9,569.165,569.51,1172274.0,1727883900000
569.52,569.79,569.395,569.5799,585312.0,1727884800000
569.57,569.755,568.82,569.49,684875.0,1727885700000
569.48,569.48,568.78,568.85,689401.0,1727886600000
568.84,568.9594,567.84,567.8609,692853.0,1727887500000
567.865,568.25,567.7,568.0201,771836.0,1727888400000
568.01,568.7,567.9,568.43,781550.0,1727889300000
568.35,568.49,567.57,568.1474,758715.0,1727890200000
568.1335,569.15,568.09,569.06,626453.0,1727891100000
569.06,569.37,569.02,569.07,593822.0,1727892000000
569.07,569.24,567.74,568.4694,953115.0,1727892900000
568.47,568.92,568.21,568.92,972803.0,1727893800000
568.92,569.06,568.7212,568.89,556300.0,1727894700000
568.89,569.28,568.7604,569.21,906693.0,1727895600000
569.2,569.34,569.02,569.21,555800.0,1727896500000
569.22,569.27,568.81,569.15,1477966.0,1727897400000
569.15,569.46,568.7,568.85,3551690.0,1727898300000
567.36,568.19,567.04,567.25,1921869.0,1727962200000
567.27,568.29,566.82,567.84,1345800.0,1727963100000
567.81,569.8025,567.24,568.11,3227183.0,1727964000000
568.15,569.395,566.77,567.1699,1818477.0,1727964900000
567.15,568.47,566.24,566.86,1557585.0,1727965800000
566.88,568.49,566.59,566.68,1158890.0,1727966700000
566.67,567.42,566.24,567.1341,1098594.0,1727967600000
567.1535,567.97,566.97,567.4749,702022.0,1727968500000
567.44,568.79,567.44,568.54,632659.0,1727969400000
568.52,568.9799,568.31,568.44,524216.0,1727970300000
568.46,568.89,568.33,568.805,447447.0,1727971200000
568.79,569.16,568.59,568.7,616975.0,1727972100000
568.7081,568.71,567.05,567.34,817455.0,1727973000000
567.3,567.38,565.86,566.4,2320889.0,1727973900000
566.4,566.4,565.49,566.0,1571017.0,1727974800000
565.99,567.45,565.81,566.47,1452096.0,1727975700000
566.46,567.3,566.0501,566.77,846038.0,1727976600000
566.77,567.12,566.53,567.0889,491135.0,1727977500000
567.0609,567.3899,566.77,567.13,2615972.0,1727978400000
567.135,567.42,566.47,567.01,746093.0,1727979300000
566.99,567.2,566.7,567.06,531550.0,1727980200000
567.04,567.25,566.75,566.76,646147.0,1727981100000
566.77,566.77,566.05,566.42,1301104.0,1727982000000
566.4,566.85,566.27,566.53,1171006.0,1727982900000
566.55,566.98,566.44,566.56,1690825.0,1727983800000
566.54,568.27,566.54,567.78,4714132.0,1727984700000
572.35,572.71,571.28,571.87,3509201.0,1728048600000
571.89,572.3,569.89,570.11,2108397.0,1728049500000
570.14,571.16,568.7205,569.85,2094871.0,1728050400000
569.84,571.055,568.35,568.83,1542078.0,1728051300000
568.84,569.41,568.1,569.35,1899643.0,1728052200000
569.33,570.11,568.74,570.05,1039321.0,1728053100000
570.035,570.73,569.58,569.58,1085998.0,1728054000000
569.59,570.11,568.32,568.78,1073469.0,1728054900000
568.78,569.74,568.28,569.32,1052688.0,1728055800000
569.3,570.47,568.8201,570.47,697842.0,1728056700000
570.47,570.78,569.62,569.8721,998017.0,1728057600000
569.87,570.28,569.43,569.805,468790.0,1728058500000
569.8,571.48,569.54,571.36,1188212.0,1728059400000
571.35,571.51,570.6699,571.0499,1049594.0,1728060300000
571.015,571.24,570.7,571.2194,479303.0,1728061200000
571.22,571.57,571.01,571.05,625924.0,1728062100000
571.05,571.55,569.58,571.48,1463714.0,1728063000000
571.47,571.5,570.1125,570.2387,786847.0,1728063900000
570.22,570.49,569.89,570.08,927609.0,1728064800000
570.098,570.86,569.7,570.785,881776.0,1728065700000
570.78,571.05,570.57,570.84,726593.0,1728066600000
570.85,571.56,570.79,571.5,792494.0,1728067500000
571.49,571.56,571.15,571.39,858111.0,1728068400000
571.4,572.19,571.22,572.04,1268529.0,1728069300000
572.04,572.8,571.8958,572.8,1955692.0,1728070200000
572.785,573.36,572.15,572.91,4795268.0,1728071100000
571.3,571.65,570.75,571.05,2223437.0,1728307800000
571.05,571.56,570.53,570.72,1743980.0,1728308700000
570.72,571.7,570.66,571.52,2424278.0,1728309600000
571.53,571.9599,571.25,571.5,1053133.0,1728310500000
571.51,571.62,570.945,571.035,1469134.0,1728311400000
571.03,571.57,570.9,571.29,1696928.0,1728312300000
571.25,571.5673,570.62,571.52,987440.0,1728313200000
571.49,571.7799,571.33,571.65,796496.0,1728314100000
571.65,571.74,571.23,571.2897,795106.0,1728315000000
571.3,571.46,571.05,571.13,582892.0,1728315900000
571.13,571.155,570.12,570.79,1020893.0,1728316800000
570.79,571.18,570.75,570.9609,668008.0,1728317700000
570.97,571.0008,570.43,570.495,546936.0,1728318600000
570.495,570.6887,570.2689,570.61,549114.0,1728319500000
570.62,570.98,570.56,570.8211,683603.0,1728320400000
570.84,570.98,570.37,570.37,456621.0,1728321300000
570.35,570.55,570.13,570.2701,606882.0,1728322200000
570.26,570.4499,569.8253,570.43,1282440.0,1728323100000
570.4201,570.47,569.5,569.87,817063.0,1728324000000
569.8701,569.95,569.51,569.55,805997.0,1728324900000
569.54,569.54,567.865,568.21,2271238.0,1728325800000
568.1901,568.27,566.63,566.8499,2300049.0,1728326700000
566.83,568.0999,566.67,567.66,1544775.0,1728327600000
567.66,568.295,567.65,567.88,1459873.0,1728328500000
567.88,568.05,566.77,567.205,4175483.0,1728329400000
567.2,568.6799,566.89,567.81,6805200.0,1728330300000
570.42,570.5,569.54,569.96,2625006.0,1728394200000
569.97,570.86,569.5299,570.7403,1413780.0,1728395100000
570.75,571.35,570.5,570.629,2612015.0,1728396000000
570.625,570.98,570.39,570.86,942102.0,1728396900000
570.85,572.48,570.745,571.93,1782287.0,1728397800000
571.93,572.55,571.62,571.81,2645179.0,1728398700000
571.8,572.12,571.45,571.52,767071.0,1728399600000
571.53,571.9794,571.25,571.84,1175570.0,1728400500000
571.85,572.08,571.71,571.91,519172.0,1728401400000
571.92,572.33,571.82,572.275,1465264.0,1728402300000
572.27,572.3299,571.4,571.71,707089.0,1728403200000
571.71,572.1,571.53,572.03,371253.0,1728404100000
572.02,572.24,571.895,572.04,572937.0,1728405000000
572.05,572.17,571.6,571.87,576667.0,1728405900000
571.87,571.97,570.55,571.27,1234426.0,1728406800000
571.27,571.415,570.75,571.22,618229.0,1728407700000
571.22,571.52,571.105,571.44,392268.0,1728408600000
571.45,571.77,571.24,571.7457,379792.0,1728409500000
571.75,571.99,571.7,571.9142,532943.0,1728410400000
571.92,572.04,571.76,571.9501,390575.0,1728411300000
571.95,572.79,571.75,572.3636,811480.0,1728412200000
572.3601,572.9,572.275,572.72,763835.0,1728413100000
572.71,572.73,572.31,572.56,943513.0,1728414000000
572.54,573.04,572.51,572.86,1171292.0,1728414900000
572.86,573.69,572.74,573.41,2330353.0,1728415800000
573.4,573.78,572.94,573.13,5006810.0,1728416700000
573.16,573.79,572.55,573.16,1806068.0,1728480600000
573.165,573.69,573.11,573.532,1192284.0,1728481500000
573.53,574.15,573.449,573.83,1067062.0,1728482400000
573.79,574.44,573.51,574.11,1131517.0,1728483300000
574.1,574.42,573.95,574.2097,812919.0,1728484200000
574.21,574.98,574.13,574.896,1019156.0,1728485100000
574.9,575.61,574.9,575.43,1305598.0,1728486000000
575.42,575.94,575.26,575.71,1436826.0,1728486900000
575.7201,576.5912,575.7001,576.51,1125439.0,1728487800000
576.5,577.06,576.4501,576.89,1312074.0,1728488700000
576.9,576.91,576.23,576.355,1233803.0,1728489600000
576.35,576.46,575.81,576.257,954867.0,1728490500000
576.26,576.445,576.1008,576.33,401948.0,1728491400000
576.3499,576.505,575.56,575.9,821286.0,1728492300000
575.89,576.19,575.63,576.16,706991.0,1728493200000
576.16,576.6099,576.11,576.4801,780748.0,1728494100000
576.47,576.85,576.2502,576.32,703118.0,1728495000000
576.32,576.4,575.0,575.736,774790.0,1728495900000
575.77,576.25,575.61,575.95,918327.0,1728496800000
575.93,576.55,575.46,576.4,770723.0,1728497700000
576.38,576.44,575.97,576.2999,707159.0,1728498600000
576.3,576.45,576.05,576.22,548724.0,1728499500000
576.22,576.31,575.72,576.07,1069591.0,1728500400000
576.08,576.81,576.06,576.7133,1531924.0,1728501300000
576.71,577.54,576.69,576.88,2229782.0,1728502200000
576.89,577.71,576.861,577.1,6379775.0,1728503100000
575.77,575.95,574.9301,575.31,2132801.0,1728567000000
575.31,576.3199,574.56,575.39,2613016.0,1728567900000
575.41,576.6495,575.32,576.19,2517843.0,1728568800000
576.19,576.42,575.7,575.95,651583.0,1728569700000
575.95,576.24,575.51,576.0,649986.0,1728570600000
575.9707,576.11,575.13,575.44,670009.0,1728571500000
575.44,576.37,575.14,576.3499,2098526.0,1728572400000
576.36,576.56,576.07,576.294,946915.0,1728573300000
576.29,576.49,575.8821,576.43,1372323.0,1728574200000
576.43,577.0,576.31,576.96,948189.0,1728575100000
576.952,577.49,576.86,577.38,1009915.0,1728576000000
577.38,577.58,576.89,577.1694,863710.0,1728576900000
577.17,577.205,575.975,576.28,832175.0,1728577800000
576.29,576.51,575.79,576.22,2591747.0,1728578700000
576.2105,576.4,575.26,575.63,1340698.0,1728579600000
575.63,576.6,575.52,576.37,790956.0,1728580500000
576.38,576.675,576.2,576.37,655922.0,1728581400000
576.385,576.44,574.77,576.22,1481024.0,1728582300000
576.23,577.2631,575.53,575.62,748244.0,1728583200000
575.61,575.67,575.31,575.38,989624.0,1728584100000
575.37,575.48,574.49,575.02,1288662.0,1728585000000
575.01,575.44,574.96,575.3,882205.0,1728585900000
575.3,575.39,574.84,575.06,877994.0,1728586800000
575.06,575.51,574.9,575.395,745405.0,1728587700000
575.38,575.65,575.3,575.64,986747.0,1728588600000
575.63,576.54,575.59,576.1,3981181.0,1728589500000
576.05,577.19,575.91,576.825,1960124.0,1728653400000
576.83,577.52,576.73,577.39,1134061.0,1728654300000
577.39,579.24,577.01,579.04,1816725.0,1728655200000
579.04,580.095,579.01,579.78,3361408.0,1728656100000
579.76,580.0,579.34,579.35,1343966.0,1728657000000
579.36,579.57,578.7,579.08,1900571.0,1728657900000
579.07,579.77,579.0,579.49,965321.0,1728658800000
579.4907,579.6,579.01,579.18,1291169.0,1728659700000
579.19,579.65,579.12,579.49,538490.0,1728660600000
579.49,579.6499,579.16,579.64,713400.0,1728661500000
579.64,579.64,578.95,578.99,863518.0,1728662400000
579.01,579.11,578.43,578.75,878470.0,1728663300000
578.74,578.9266,578.45,578.5,491484.0,1728664200000
578.49,578.87,578.07,578.86,1190679.0,1728665100000
578.87,579.08,578.5,578.58,568361.0,1728666000000
578.59,578.9,578.385,578.8699,665775.0,1728666900000
578.86,579.23,578.6537,579.21,496116.0,1728667800000
579.2,579.37,578.88,579.14,585640.0,1728668700000
579.13,579.62,579.0001,579.58,683970.0,1728669600000
579.59,579.9,579.4,579.46,673571.0,1728670500000
579.47,579.605,578.79,579.36,762148.0,1728671400000
579.355,579.725,579.355,579.7,662774.0,1728672300000
579.705,580.3,579.57,580.17,1679179.0,1728673200000
580.17,580.33,579.9301,580.0595,1101828.0,1728674100000
580.055,580.32,579.845,579.9107,1543397.0,1728675000000
579.91,580.15,579.46,579.55,5057798.0,1728675900000
581.22,582.19,580.73,582.07,2466980.0,1728912600000
582.11,583.3,582.04,583.3,1899450.0,1728913500000
583.3,583.47,582.76,583.03,1056558.0,1728914400000
583.03,583.6099,582.61,583.43,1005108.0,1728915300000
583.43,583.78,583.42,583.6,941815.0,1728916200000
583.605,583.72,582.68,582.8305,1051644.0,1728917100000
582.83,583.29,582.3,583.265,1081578.0,1728918000000
583.275,583.38,582.62,582.7848,661013.0,1728918900000
582.8,583.16,582.54,582.91,541300.0,1728919800000
582.93,583.46,582.93,583.45,448387.0,1728920700000
583.45,583.695,583.4,583.6106,609781.0,1728921600000
583.62,583.9,583.4,583.7299,565110.0,1728922500000
583.72,583.96,583.71,583.8605,525750.0,1728923400000
583.88,583.96,583.71,583.8001,502314.0,1728924300000
583.8,584.14,583.6,583.7599,644812.0,1728925200000
583.76,583.81,583.62,583.7799,282819.0,1728926100000
583.77,583.78,583.52,583.74,321999.0,1728927000000
583.75,583.785,583.6,583.6,304818.0,1728927900000
583.6,584.12,583.31,583.9201,675677.0,1728928800000
583.92,584.19,583.88,584.04,613218.0,1728929700000
584.04,584.64,584.025,584.48,1677126.0,1728930600000
584.48,584.63,584.235,584.26,936317.0,1728931500000
584.26,584.42,584.0,584.34,730536.0,1728932400000
584.33,584.545,584.32,584.54,1193425.0,1728933300000
584.53,584.89,584.35,584.78,1507168.0,1728934200000
584.775,585.27,584.07,584.28,7917149.0,1728935100000
584.59,584.9,584.35,584.36,2001617.0,1728999000000
584.36,584.83,584.11,584.215,1313559.0,1728999900000
584.21,584.63,583.75,583.88,2242108.0,1729000800000
583.87,584.18,583.19,583.2576,1371837.0,1729001700000
583.24,583.31,581.29,581.9099,4704143.0,1729002600000
581.89,582.82,581.7,581.95,1634697.0,1729003500000
581.97,582.49,581.8201,582.31,1840262.0,1729004400000
582.31,582.8,582.2215,582.32,526653.0,1729005300000
582.32,582.66,581.9701,582.1071,1222341.0,1729006200000
582.09,582.09,581.25,581.3994,1390367.0,1729007100000
581.405,582.23,581.34,581.9699,1120051.0,1729008000000
581.96,582.31,581.75,582.12,511983.0,1729008900000
582.14,582.55,581.77,581.92,779746.0,1729009800000
581.93,582.02,581.64,581.8,583774.0,1729010700000
581.79,581.96,581.1,581.39,1026152.0,1729011600000
581.41,581.63,580.82,581.08,659766.0,1729012500000
581.07,581.75,580.85,581.6099,963346.0,1729013400000
581.58,581.74,580.87,580.98,670230.0,1729014300000
581.0,581.42,580.63,580.699,1250069.0,1729015200000
580.69,581.01,580.36,580.54,1061524.0,1729016100000
580.54,580.78,580.25,580.52,678759.0,1729017000000
580.5102,580.57,580.0,580.11,1624567.0,1729017900000
580.12,580.19,578.88,579.1,2100933.0,1729018800000
579.12,579.88,579.01,579.31,1523367.0,1729019700000
579.34,579.69,578.545,579.22,2808381.0,1729020600000
579.21,580.195,579.0541,579.79,8140513.0,1729021500000
579.78,579.96,579.02,579.062,1887666.0,1729085400000
579.09,579.45,578.96,579.15,1020494.0,1729086300000
579.1401,580.4,579.07,580.28,1395917.0,1729087200000
580.28,581.1501,580.11,580.81,1241675.0,1729088100000
580.82,581.0299,579.47,579.6317,1090330.0,1729089000000
579.64,580.3992,579.57,580.0999,551507.0,1729089900000
580.12,580.5999,579.78,580.41,708176.0,1729090800000
580.405,580.73,580.19,580.6,895578.0,1729091700000
580.5967,580.9,580.3574,580.72,701020.0,1729092600000
580.71,580.71,580.04,580.24,1259286.0,1729093500000
580.235,580.825,580.2,580.6316,412535.0,1729094400000
580.65,580.96,580.41,580.8299,336656.0,1729095300000
580.85,581.09,580.695,580.96,591440.0,1729096200000
580.95,581.4,580.795,581.39,531348.0,1729097100000
581.4,581.62,581.19,581.35,759827.0,1729098000000
581.36,581.49,580.935,581.17,496775.0,1729098900000
581.18,581.49,581.14,581.46,660403.0,1729099800000
581.47,581.69,581.35,581.635,373791.0,1729100700000
581.63,581.92,581.48,581.835,727369.0,1729101600000
581.83,582.755,581.785,582.6192,880825.0,1729102500000
582.61,582.83,582.24,582.465,684219.0,1729103400000
582.48,582.61,582.31,582.4,941979.0,1729104300000
582.42,582.65,582.11,582.47,947386.0,1729105200000
582.475,582.647,582.1925,582.36,882988.0,1729106100000
582.36,582.53,582.1825,582.45,1751402.0,1729107000000
582.45,582.495,582.1,582.24,4621088.0,1729107900000
585.91,586.12,583.2,584.26,3827852.0,1729171800000
584.26,584.93,583.73,584.06,1102070.0,1729172700000
584.1,584.3,582.845,583.56,1275345.0,1729173600000
583.56,584.4285,583.12,583.87,1157138.0,1729174500000
583.86,584.03,582.95,583.25,998531.0,1729175400000
583.25,583.4921,582.95,583.0975,1193315.0,1729176300000
583.1,583.5899,582.37,583.5501,798598.0,1729177200000
583.56,584.059,583.36,584.02,617617.0,1729178100000
584.03,584.39,583.88,584.16,613395.0,1729179000000
584.15,584.75,584.0,584.72,486700.0,1729179900000
584.705,585.0,584.18,584.301,792877.0,1729180800000
584.31,584.49,584.16,584.29,388555.0,1729181700000
584.27,584.52,583.73,584.52,601412.0,1729182600000
584.51,584.625,584.11,584.3703,338716.0,1729183500000
584.39,584.72,584.26,584.5601,487885.0,1729184400000
584.56,584.59,584.08,584.215,461453.0,1729185300000
584.21,584.63,584.11,584.61,709532.0,1729186200000
584.62,584.7,584.29,584.35,395047.0,1729187100000
584.37,584.42,582.55,583.1714,1117823.0,1729188000000
583.15,583.1899,582.48,582.6404,887678.0,1729188900000
582.633,582.93,582.42,582.7899,951379.0,1729189800000
582.78,583.3444,582.65,583.32,925613.0,1729190700000
583.32,583.4,582.79,583.27,814565.0,1729191600000
583.26,583.35,582.57,582.58,629063.0,1729192500000
582.58,582.74,582.28,582.63,1251634.0,1729193400000
582.64,582.67,582.16,582.28,5472039.0,1729194300000
584.07,584.22,582.58,583.88,2450775.0,1729258200000
583.8637,583.925,582.98,583.28,968237.0,1729259100000
583.27,584.03,583.12,583.3056,1051543.0,1729260000000
583.31,583.6,583.11,583.4712,780116.0,1729260900000
583.4911,583.76,583.06,583.7407,1120203.0,1729261800000
583.74,583.89,583.3145,583.43,553728.0,1729262700000
583.4199,584.03,583.3701,583.96,8573156.0,1729263600000
583.95,584.5695,583.86,584.2501,974076.0,1729264500000
584.26,584.47,583.91,584.1,809825.0,1729265400000
584.0989,584.169,583.72,583.885,1045522.0,1729266300000
583.89,584.01,583.6901,583.78,312338.0,1729267200000
583.76,584.295,583.73,584.15,386372.0,1729268100000
584.17,584.69,584.11,584.66,528865.0,1729269000000
584.66,585.25,584.52,584.675,959181.0,1729269900000
584.69,585.1199,584.63,584.9899,645186.0,1729270800000
584.98,585.02,584.53,584.62,632381.0,1729271700000
584.63,584.96,584.5,584.89,867134.0,1729272600000
584.895,584.9699,584.4808,584.58,360988.0,1729273500000
584.565,585.015,583.84,585.005,944655.0,1729274400000
585.0025,585.39,584.99,585.1799,1098080.0,1729275300000
585.18,585.25,584.84,585.0278,691834.0,1729276200000
585.01,585.04,584.74,584.8515,455459.0,1729277100000
584.85,584.85,584.22,584.6909,860537.0,1729278000000
584.7,584.72,584.2699,584.46,766111.0,1729278900000
584.46,584.5193,584.06,584.21,1349562.0,1729279800000
584.22,584.78,584.1,584.57,2952078.0,1729280700000
583.85,584.27,583.74,584.05,1601678.0,1729517400000
584.03,584.47,583.95,584.0399,1017078.0,1729518300000
584.05,584.64,584.02,584.64,1432025.0,1729519200000
584.6,584.85,583.81,583.92,983305.0,1729520100000
583.93,583.97,582.77,583.12,1766665.0,1729521000000
583.1191,583.1191,582.0653,582.6,1602880.0,1729521900000
582.595,582.65,580.73,581.46,1767306.0,1729522800000
581.46,581.49,580.67,580.83,1888372.0,1729523700000
580.84,581.71,580.6001,581.6224,1668442.0,1729524600000
581.63,582.63,581.6016,582.3549,1204940.0,1729525500000
582.33,582.47,581.8,582.0495,709349.0,1729526400000
582.05,582.4,581.915,582.1701,487352.0,1729527300000
582.2,582.43,581.9,582.1601,339740.0,1729528200000
582.17,582.8813,582.08,582.82,452736.0,1729529100000
582.83,583.155,582.74,583.1499,575103.0,1729530000000
583.15,583.2,582.6,582.91,580333.0,1729530900000
582.92,583.1299,582.885,583.015,337592.0,1729531800000
583.01,583.38,582.99,583.25,405963.0,1729532700000
583.28,583.29,582.84,582.85,552933.0,1729533600000
582.85,583.1199,582.35,582.6423,1211360.0,1729534500000
582.65,582.83,582.31,582.3601,578422.0,1729535400000
582.36,582.61,582.26,582.3888,672982.0,1729536300000
582.385,583.14,582.1701,583.03,799556.0,1729537200000
583.02,583.2,582.86,582.93,740854.0,1729538100000
582.9,582.9,582.29,582.49,1354864.0,1729539000000
582.495,583.73,582.43,583.67,4101734.0,1729539900000
581.05,581.31,580.38,580.92,2238312.0,1729603800000
580.95,581.5,580.8003,581.32,1032719.0,1729604700000
581.33,582.24,581.03,582.08,1309520.0,1729605600000
582.06,582.17,581.18,581.41,885015.0,1729606500000
581.43,581.65,581.17,581.17,670679.0,1729607400000
581.17,582.18,581.02,581.99,823019.0,1729608300000
581.985,582.27,581.84,582.03,611841.0,1729609200000
582.04,582.5,581.54,582.078,1430364.0,1729610100000
582.06,582.35,582.04,582.23,754528.0,1729611000000
582.2205,582.3,582.01,582.02,361448.0,1729611900000
582.01,582.096,581.64,581.9696,561258.0,1729612800000
581.9601,582.19,581.57,581.76,526193.0,1729613700000
581.76,582.21,581.7,581.8297,541312.0,1729614600000
581.78,582.6592,581.78,582.5601,567239.0,1729615500000
582.57,582.71,582.28,582.5005,370474.0,1729616400000
582.509,582.705,582.06,582.66,354408.0,1729617300000
582.67,583.69,582.6301,583.45,2498692.0,1729618200000
583.45,583.98,583.4,583.98,1161079.0,1729619100000
583.96,584.5,583.49,583.49,1296151.0,1729620000000
583.5,583.8799,583.48,583.68,442534.0,1729620900000
583.69,583.71,583.29,583.37,607707.0,1729621800000
583.39,583.5299,582.85,583.0201,743824.0,1729622700000
583.01,583.47,582.89,583.4499,784157.0,1729623600000
583.425,583.7,583.38,583.64,865343.0,1729624500000
583.65,584.06,583.5701,583.8,1115687.0,1729625400000
583.7925,584.26,583.23,583.32,3376128.0,1729626300000
581.26,581.7086,580.96,581.1899,1587229.0,1729690200000
581.18,581.55,581.1,581.31,816593.0,1729691100000
581.29,581.39,580.22,580.76,1588817.0,1729692000000
580.77,581.15,580.1,580.9921,1128619.0,1729692900000
580.99,581.46,580.76,581.33,785889.0,1729693800000
581.35,581.64,580.42,580.49,870610.0,1729694700000
580.51,580.76,578.9401,579.33,1603035.0,1729695600000
579.26,579.78,578.83,578.8999,1548352.0,1729696500000
578.88,579.6,578.78,579.585,1248426.0,1729697400000
579.58,579.8981,579.29,579.835,864559.0,1729698300000
579.83,579.83,578.7,578.78,845756.0,1729699200000
578.78,578.99,578.09,578.1986,935090.0,1729700100000
578.18,578.5788,577.6301,578.37,1508180.0,1729701000000
578.38,578.835,577.87,578.15,800223.0,1729701900000
578.15,578.15,576.61,576.65,1309249.0,1729702800000
576.66,577.02,576.46,577.0,1830729.0,1729703700000
576.9701,576.98,576.13,576.35,1005307.0,1729704600000
576.35,576.72,575.86,575.95,1305751.0,1729705500000
575.96,575.97,574.94,574.9899,1934174.0,1729706400000
574.97,575.7,574.415,575.51,2207480.0,1729707300000
575.51,577.07,575.4,576.84,2665694.0,1729708200000
576.845,577.23,576.77,577.17,1243078.0,1729709100000
577.15,577.24,576.66,576.86,1847335.0,1729710000000
576.85,577.55,576.8201,577.28,1724867.0,1729710900000
577.29,578.02,577.08,577.98,2021193.0,1729711800000
577.9899,578.13,577.62,577.93,5693821.0,1729712700000
579.98,580.06,578.8915,579.08,2562969.0,1729776600000
579.095,579.52,578.62,579.39,1484194.0,1729777500000
579.39,579.93,579.05,579.14,1115584.0,1729778400000
579.16,579.595,578.835,578.93,888065.0,1729779300000
578.925,579.83,578.915,579.56,809506.0,1729780200000
579.55,579.56,578.54,578.8004,788919.0,1729781100000
578.82,579.1799,578.25,579.145,717096.0,1729782000000
579.14,579.36,578.5401,578.65,704203.0,1729782900000
578.61,578.71,578.0,578.06,678817.0,1729783800000
578.08,578.1999,577.04,578.06,1196607.0,1729784700000
578.06,578.17,576.57,576.83,1218035.0,1729785600000
576.85,578.06,576.61,578.01,766080.0,1729786500000
578.02,578.76,578.015,578.39,1030000.0,1729787400000
578.39,578.99,578.36,578.88,555927.0,1729788300000
578.86,579.509,578.76,579.19,639967.0,1729789200000
579.2,579.25,578.73,579.05,593632.0,1729790100000
579.05,579.55,578.8658,579.51,423472.0,1729791000000
579.51,579.5601,578.42,578.49,638610.0,1729791900000
578.5322,579.1499,578.0701,579.1065,766185.0,1729792800000
579.1,579.36,578.7,578.88,681997.0,1729793700000
578.89,578.9201,578.3,578.6501,582930.0,1729794600000
578.66,578.87,578.47,578.82,545638.0,1729795500000
578.81,579.5,578.25,579.21,1301372.0,1729796400000
579.21,579.5372,579.01,579.44,959257.0,1729797300000
579.44,579.885,579.07,579.35,1340579.0,1729798200000
579.35,579.66,579.0001,579.18,4351762.0,1729799100000
581.51,582.63,581.47,582.555,2722739.0,1729863000000
582.555,583.49,582.555,583.3,1672481.0,1729863900000
583.3,584.19,583.3,583.79,2055237.0,1729864800000
583.79,584.46,583.46,584.175,1543157.0,1729865700000
584.21,584.32,583.49,583.7069,1160812.0,1729866600000
583.71,583.93,582.99,583.46,1230672.0,1729867500000
583.48,583.8404,583.2501,583.325,942540.0,1729868400000
583.325,583.36,582.32,582.5,1187754.0,1729869300000
582.48,582.76,581.7032,582.0599,1266789.0,1729870200000
582.06,582.6,581.7777,582.17,1477696.0,1729871100000
582.17,582.37,581.8,582.1,851846.0,1729872000000
582.1,582.72,581.99,582.7,442450.0,1729872900000
582.71,582.8,582.1201,582.5012,500024.0,1729873800000
582.52,582.53,582.0,582.03,513897.0,1729874700000
582.03,582.05,581.11,581.3,769811.0,1729875600000
581.3,581.3,580.01,580.45,2144925.0,1729876500000
580.44,580.57,578.53,578.59,2069007.0,1729877400000
578.58,580.35,578.57,579.1899,1765000.0,1729878300000
579.25,579.53,578.08,578.76,1635069.0,1729879200000
578.74,580.05,578.64,579.83,1123657.0,1729880100000
579.84,580.07,579.32,579.8,778500.0,1729881000000
579.79,580.52,579.79,580.2,705880.0,1729881900000
580.2,580.2599,579.01,579.2599,851566.0,1729882800000
579.22,579.81,579.03,579.51,1440819.0,1729883700000
579.5,579.7,579.1301,579.29,1085312.0,1729884600000
579.3,579.595,578.54,579.015,5491135.0,1729885500000
582.58,582.71,581.5617,581.65,2865106.0,1730122200000
581.65,582.0,581.35,581.49,1067793.0,1730123100000
581.515,582.0,581.24,581.85,958999.0,1730124000000
581.86,582.49,581.63,582.41,1251360.0,1730124900000
582.4,582.5,581.77,582.235,661733.0,1730125800000
582.25,582.425,581.88,581.9201,676885.0,1730126700000
581.96,582.05,581.23,581.93,862300.0,1730127600000
581.92,581.985,581.47,581.59,526738.0,1730128500000
581.58,581.63,580.68,580.93,687577.0,1730129400000
580.91,581.44,580.78,580.92,574000.0,1730130300000
580.9,581.3,580.57,581.16,530145.0,1730131200000
581.16,581.72,581.15,581.535,430054.0,1730132100000
581.54,581.6399,580.72,581.62,719736.0,1730133000000
581.6299,581.6317,581.02,581.02,682706.0,1730133900000
581.01,581.4,580.6,580.72,448547.0,1730134800000
580.72,581.61,580.71,581.33,1101619.0,1730135700000
581.36,581.73,581.28,581.59,473343.0,1730136600000
581.59,581.87,581.42,581.68,483817.0,1730137500000
581.69,581.84,581.25,581.48,720228.0,1730138400000
581.47,581.67,581.245,581.32,807873.0,1730139300000
581.33,581.49,581.05,581.115,682566.0,1730140200000
581.1,581.78,580.8601,581.14,725296.0,1730141100000
581.11,581.55,580.79,581.23,726594.0,1730142000000
581.24,581.555,581.01,581.4525,649139.0,1730142900000
581.48,581.7099,581.28,581.4,1308341.0,1730143800000
581.42,581.5,580.52,580.77,4979300.0,1730144700000
579.85,579.96,578.43,579.35,1917393.0,1730208600000
579.3301,580.06,578.94,579.97,1755856.0,1730209500000
579.98,580.82,579.52,580.26,1907152.0,1730210400000
580.26,581.85,580.26,580.465,1260917.0,1730211300000
580.47,581.52,580.4201,581.31,718720.0,1730212200000
581.33,581.52,580.85,581.42,2929819.0,1730213100000
581.42,581.61,580.55,581.21,1053950.0,1730214000000
581.18,581.46,580.76,581.0,3890123.0,1730214900000
581.04,581.52,580.74,581.32,602982.0,1730215800000
581.33,581.55,580.77,581.39,500428.0,1730216700000
581.4,581.88,581.36,581.75,477122.0,1730217600000
581.77,582.0,581.31,581.39,513154.0,1730218500000
581.38,581.51,580.83,581.41,967768.0,1730219400000
581.43,582.0699,581.32,581.99,652955.0,1730220300000
581.9962,582.77,581.96,582.54,843888.0,1730221200000
582.56,582.61,581.885,582.0099,640427.0,1730222100000
582.01,582.17,581.51,581.6561,542777.0,1730223000000
581.66,582.14,581.63,581.97,626724.0,1730223900000
581.97,582.17,581.7801,581.84,496596.0,1730224800000
581.84,582.36,581.6801,582.36,624489.0,1730225700000
582.35,582.88,580.5173,582.6,1544804.0,1730226600000
582.6,582.66,582.3451,582.41,740053.0,1730227500000
582.41,582.675,582.33,582.515,651125.0,1730228400000
582.51,582.907,582.3501,582.84,811510.0,1730229300000
582.815,582.895,582.35,582.5,1146454.0,1730230200000
582.5,582.6,581.34,581.7,6276556.0,1730231100000
581.29,581.63,579.29,579.77,2568930.0,1730295000000
579.765,581.91,579.46,581.85,1880984.0,1730295900000
581.84,582.67,581.7401,582.52,1329036.0,1730296800000
582.54,582.9,582.4301,582.7089,862323.0,1730297700000
582.71,582.96,582.5,582.69,791818.0,1730298600000
582.68,582.8,581.9,582.3799,854569.0,1730299500000
582.3799,582.49,581.685,581.71,739233.0,1730300400000
581.73,582.87,581.59,582.85,1173547.0,1730301300000
582.8501,583.24,582.43,583.125,594393.0,1730302200000
583.13,583.32,582.96,583.105,644929.0,1730303100000
583.1,583.21,582.64,582.7,465555.0,1730304000000
582.71,582.84,582.39,582.49,579696.0,1730304900000
582.46,582.6,582.19,582.3499,416967.0,1730305800000
582.36,582.49,581.99,582.0,509244.0,1730306700000
581.99,582.255,581.83,582.06,1038264.0,1730307600000
582.05,582.305,581.46,581.52,1165280.0,1730308500000
581.515,581.59,580.29,580.85,1389395.0,1730309400000
580.84,581.36,580.59,580.64,503110.0,1730310300000
580.624,581.81,580.624,581.5101,985339.0,1730311200000
581.55,581.74,581.12,581.13,568115.0,1730312100000
581.11,581.434,581.0501,581.21,1413642.0,1730313000000
581.225,581.41,581.12,581.18,562051.0,1730313900000
581.17,581.17,580.14,580.97,1169710.0,1730314800000
580.96,581.0,580.34,580.5701,927157.0,1730315700000
580.57,580.75,579.95,580.3501,1557261.0,1730316600000
580.37,580.6,579.38,579.97,7398860.0,1730317500000
575.56,575.63,574.29,575.0382,3210557.0,1730381400000
575.02,575.02,573.14,573.76,2412669.0,1730382300000
573.74,573.79,572.2603,572.51,1665582.0,1730383200000
572.49,573.515,571.77,571.99,2215878.0,1730384100000
571.97,572.54,571.711,571.82,1678117.0,1730385000000
571.83,571.99,570.95,571.1,1953177.0,1730385900000
571.1,571.4,570.275,570.5,1712647.0,1730386800000
570.5,571.7,570.43,571.08,1580990.0,1730387700000
571.085,571.3799,570.51,570.925,1046600.0,1730388600000
570.91,570.96,570.08,570.94,1686228.0,1730389500000
570.9225,571.56,570.53,571.49,1045158.0,1730390400000
571.48,571.91,570.94,571.5,1079602.0,1730391300000
571.48,571.6299,571.04,571.61,775032.0,1730392200000
571.6,571.7,571.23,571.33,527382.0,1730393100000
571.32,571.99,571.28,571.54,537302.0,1730394000000
571.52,571.815,571.14,571.1765,609153.0,1730394900000
571.1873,571.2545,570.44,570.51,872081.0,1730395800000
570.52,570.84,570.11,570.36,844855.0,1730396700000
570.38,570.5611,569.92,570.3,1266252.0,1730397600000
570.3,570.54,570.05,570.4901,749467.0,1730398500000
570.5,570.68,569.71,570.38,1753070.0,1730399400000
570.38,570.84,570.01,570.66,1270010.0,1730400300000
570.67,571.37,570.65,571.1899,1342860.0,1730401200000
571.22,571.74,570.92,571.175,2865788.0,1730402100000
571.18,571.37,570.41,570.86,2710962.0,1730403000000
570.88,572.0,568.44,568.55,7734352.0,1730403900000
571.32,573.04,570.68,572.7601,3143161.0,1730467800000
572.8,573.3599,572.51,573.12,1478886.0,1730468700000
573.13,574.53,572.64,574.35,1954180.0,1730469600000
574.37,575.5003,574.29,575.46,1578486.0,1730470500000
575.5,575.55,573.32,573.73,1872146.0,1730471400000
573.7399,574.435,572.86,574.435,1373875.0,1730472300000
574.42,574.95,574.0,574.94,1347410.0,1730473200000
574.94,575.3,574.2,575.2,1694023.0,1730474100000
575.2,575.27,574.2601,574.41,727529.0,1730475000000
574.42,574.6,573.36,573.65,1038538.0,1730475900000
573.63,574.3099,573.57,573.92,576120.0,1730476800000
573.94,574.04,573.3,573.39,515049.0,1730477700000
573.39,574.24,572.87,572.99,619205.0,1730478600000
572.99,573.38,572.66,573.0,624854.0,1730479500000
573.03,573.1499,572.15,572.9501,724140.0,1730480400000
572.94,573.8669,572.92,573.7,663260.0,1730481300000
573.68,573.75,571.72,571.78,1040315.0,1730482200000
571.77,572.49,571.6,571.6499,1014201.0,1730483100000
571.64,572.2,571.23,571.49,910026.0,1730484000000
571.48,572.24,571.14,571.9201,751405.0,1730484900000
571.92,572.18,571.6201,572.155,507339.0,1730485800000
572.1,572.46,571.88,572.17,1204716.0,1730486700000
572.15,572.94,571.9,572.835,716912.0,1730487600000
572.83,572.86,571.7,571.7495,1392097.0,1730488500000
571.74,572.24,571.36,571.6899,1980275.0,1730489400000
571.66,571.83,570.62,571.02,5803939.0,1730490300000
571.18,571.53,569.27,571.03,2210899.0,1730730600000
571.03,571.54,570.5101,571.52,965331.0,1730731500000
571.4701,571.93,571.21,571.36,968855.0,1730732400000
571.36,572.5,571.3299,572.1099,859271.0,1730733300000
572.09,572.22,571.46,571.92,1023891.0,1730734200000
571.94,572.19,571.3,571.63,945765.0,1730735100000
571.64,572.19,571.48,571.925,588076.0,1730736000000
571.92,571.9998,571.0204,571.11,644307.0,1730736900000
571.11,571.18,569.17,569.45,1264447.0,1730737800000
569.44,569.4699,568.27,568.85,1381579.0,1730738700000
568.8701,569.077,567.89,568.61,1267115.0,1730739600000
568.61,570.105,568.6,570.01,820672.0,1730740500000
569.98,570.45,569.79,570.26,508005.0,1730741400000
570.27,570.86,570.23,570.46,502405.0,1730742300000
570.45,570.77,569.2325,570.5674,2042755.0,1730743200000
570.54,571.09,570.3899,570.55,432422.0,1730744100000
570.52,571.03,570.32,570.97,472005.0,1730745000000
570.97,571.27,570.62,570.6627,529554.0,1730745900000
570.67,571.21,570.67,571.065,1385308.0,1730746800000
571.07,571.135,570.2601,570.3302,535440.0,1730747700000
570.32,571.07,570.1,570.72,693580.0,1730748600000
570.725,570.87,570.46,570.5103,723431.0,1730749500000
570.51,570.6101,570.13,570.15,822856.0,1730750400000
570.13,570.68,569.94,570.24,842318.0,1730751300000
570.23,570.27,569.17,569.7301,1937560.0,1730752200000
569.75,569.97,569.23,569.77,5736255.0,1730753100000
570.74,572.67,570.52,572.23,1661262.0,1730817000000
572.22,574.02,572.05,573.98,1569029.0,1730817900000
574.01,574.5,573.51,573.94,2148225.0,1730818800000
573.96,574.78,573.61,574.01,2010993.0,1730819700000
574.05,574.97,573.92,574.9,1278981.0,1730820600000
574.91,575.21,573.75,574.005,1166170.0,1730821500000
573.98,574.89,573.5455,574.73,1108660.0,1730822400000
574.76,575.09,574.49,574.71,1870160.0,1730823300000
574.71,575.46,574.71,574.875,776335.0,1730824200000
574.88,575.6,574.8401,575.45,1033664.0,1730825100000
575.46,575.96,575.15,575.8723,657560.0,1730826000000
575.8701,576.21,575.59,575.67,783414.0,1730826900000
575.664,576.19,575.664,576.0001,1050251.0,1730827800000
576.02,576.43,575.9,576.03,745473.0,1730828700000
576.04,576.4,575.46,575.58,1081671.0,1730829600000
575.59,576.14,575.3301,575.38,892345.0,1730830500000
575.4,575.64,574.6,575.27,830962.0,1730831400000
575.285,575.52,574.88,575.2348,2320960.0,1730832300000
575.23,575.8195,575.22,575.53,751556.0,1730833200000
575.53,575.87,575.1263,575.43,555175.0,1730834100000
575.44,575.87,575.28,575.73,864596.0,1730835000000
575.73,575.78,574.7,575.0,1236596.0,1730835900000
575.0,575.7475,574.7437,575.605,1304811.0,1730836800000
575.6,575.76,575.24,575.6899,810679.0,1730837700000
575.67,576.22,575.3001,575.43,1709018.0,1730838600000
575.43,576.71,575.26,576.68,4518363.0,1730839500000
589.2,589.43,587.69,587.94,6688506.0,1730903400000
587.91,588.04,585.39,586.11,4048224.0,1730904300000
586.12,587.64,586.12,587.39,2901192.0,1730905200000
587.395,589.08,587.19,588.82,2517735.0,1730906100000
588.82,589.04,587.15,587.4,2626056.0,1730907000000
587.4,587.7199,586.39,587.02,1635795.0,1730907900000
586.99,587.95,586.31,587.89,1788539.0,1730908800000
587.88,588.33,587.09,588.15,1155447.0,1730909700000
588.16,588.86,588.16,588.59,1365754.0,1730910600000
588.59,588.83,588.37,588.78,1583748.0,1730911500000
588.77,589.09,588.3101,589.0499,1194266.0,1730912400000
589.055,589.055,588.32,588.76,1468934.0,1730913300000
588.75,589.01,588.51,588.91,641752.0,1730914200000
588.905,589.48,588.905,589.265,1203815.0,1730915100000
589.26,590.0,589.12,589.895,1036378.0,1730916000000
589.9,590.27,589.58,590.19,1177811.0,1730916900000
590.2,590.53,590.07,590.31,1715984.0,1730917800000
590.31,590.71,590.06,590.27,1126117.0,1730918700000
590.28,590.5842,589.79,590.389,1219437.0,1730919600000
590.39,590.6199,590.2211,590.55,1074703.0,1730920500000
590.53,590.85,590.17,590.3,1161766.0,1730921400000
590.3,590.65,590.12,590.54,831417.0,1730922300000
590.54,591.51,590.45,591.47,1988560.0,1730923200000
591.47,591.66,590.8,591.115,1613460.0,1730924100000
591.11,591.4799,590.77,591.41,3162085.0,1730925000000
591.4,591.93,590.67,591.04,8113177.0,1730925900000
593.08,593.8,592.9999,593.19,2631590.0,1730989800000
593.19,594.05,593.05,594.0,1357337.0,1730990700000
593.97,594.3099,593.78,594.17,1844221.0,1730991600000
594.17,594.405,593.79,594.27,1245232.0,1730992500000
594.27,594.59,594.06,594.58,1254344.0,1730993400000
594.57,594.965,594.54,594.8165,1154124.0,1730994300000
594.83,595.0,594.1,594.4295,1568675.0,1730995200000
594.41,594.7899,594.26,594.61,1109110.0,1730996100000
594.59,594.87,594.58,594.79,620477.0,1730997000000
594.79,595.28,594.68,595.135,892768.0,1730997900000
595.14,595.3,594.76,595.25,995909.0,1730998800000
595.25,595.26,594.9601,595.235,600871.0,1730999700000
595.21,595.44,594.99,595.3001,1856018.0,1731000600000
595.3,595.56,595.2701,595.3913,495827.0,1731001500000
595.4,595.44,594.6,594.91,727878.0,1731002400000
594.9,595.0,594.55,594.85,1414427.0,1731003300000
594.85,594.85,594.21,594.35,873284.0,1731004200000
594.35,595.13,594.25,594.8062,1173554.0,1731005100000
594.78,595.4,594.2,594.82,1444998.0,1731006000000
594.835,595.14,594.4,594.74,650652.0,1731006900000
594.7199,595.44,593.92,594.69,1307758.0,1731007800000
594.71,596.03,594.36,596.02,1399097.0,1731008700000
596.025,596.34,595.53,596.26,1559365.0,1731009600000
596.25,596.65,595.9601,596.15,1371182.0,1731010500000
596.13,596.36,595.7,595.985,2291597.0,1731011400000
595.99,596.4,595.18,595.55,6842224.0,1731012300000
596.17,596.84,596.165,596.43,2047107.0,1731076200000
596.46,597.24,596.2801,597.16,1352325.0,1731077100000
597.2,597.5,596.575,596.7,1461403.0,1731078000000
596.6992,597.5799,596.5708,597.335,948227.0,1731078900000
597.33,597.68,597.22,597.52,1196537.0,1731079800000
597.53,597.985,597.48,597.78,1391640.0,1731080700000
597.785,597.98,597.34,597.9099,952454.0,1731081600000
597.9,598.08,597.83,597.9899,750399.0,1731082500000
597.98,598.14,597.65,597.7,1191561.0,1731083400000
597.69,598.22,597.63,597.91,975456.0,1731084300000
597.9399,598.0154,597.44,597.5,1107698.0,1731085200000
597.51,597.9,597.44,597.64,875002.0,1731086100000
597.64,598.35,597.61,598.0105,730357.0,1731087000000
598.02,598.33,598.005,598.09,539513.0,1731087900000
598.09,598.24,597.99,598.2,451558.0,1731088800000
598.21,598.28,597.96,598.175,869261.0,1731089700000
598.16,598.94,598.14,598.9,1440673.0,1731090600000
598.91,599.21,598.592,599.01,933649.0,1731091500000
599.015,599.1699,598.67,599.05,1179686.0,1731092400000
599.06,599.25,598.95,599.23,593982.0,1731093300000
599.21,599.64,599.11,599.5199,1372443.0,1731094200000
599.5181,599.54,598.91,598.91,1222261.0,1731095100000
598.92,598.98,598.35,598.61,1592398.0,1731096000000
598.61,598.81,598.24,598.25,1535139.0,1731096900000
598.28,598.3123,597.66,597.74,2315542.0,1731097800000
597.74,598.26,597.62,598.24,8233314.0,1731098700000
599.81,600.17,599.32,599.3846,2552169.0,1731335400000
599.39,599.47,598.8901,599.1619,1661172.0,1731336300000
599.17,599.25,598.6701,598.96,1268406.0,1731337200000
598.96,599.19,598.53,598.87,1100401.0,1731338100000
598.88,599.95,598.88,599.165,1192367.0,1731339000000
599.1661,599.87,599.075,599.68,852932.0,1731339900000
599.69,599.9599,599.3,599.405,1005824.0,1731340800000
599.41,599.5,599.015,599.09,572430.0,1731341700000
599.1,599.53,598.93,599.345,656391.0,1731342600000
599.33,599.52,599.1801,599.445,368976.0,1731343500000
599.41,599.56,599.05,599.19,441603.0,1731344400000
599.19,599.22,598.685,598.8091,510138.0,1731345300000
598.8,599.03,598.52,598.6399,896194.0,1731346200000
598.63,598.78,598.2106,598.23,1599448.0,1731347100000
598.21,598.215,597.35,597.69,1338754.0,1731348000000
597.7,597.8599,597.0,597.85,777681.0,1731348900000
597.85,598.2,597.5701,598.09,646448.0,1731349800000
598.0932,598.64,598.0,598.23,598700.0,1731350700000
598.24,598.3499,598.0042,598.07,591759.0,1731351600000
598.07,598.31,598.0,598.1437,407645.0,1731352500000
598.16,598.41,598.01,598.23,598339.0,1731353400000
598.24,598.35,598.0401,598.2885,758937.0,1731354300000
598.29,598.5888,598.04,598.35,851052.0,1731355200000
598.36,598.435,598.11,598.2799,786764.0,1731356100000
598.27,598.56,598.0,598.2728,1689930.0,1731357000000
598.28,598.84,597.98,598.72,5593232.0,1731357900000
598.68,599.29,598.37,599.0425,1944880.0,1731421800000
599.04,599.09,598.71,598.95,1159389.0,1731422700000
598.95,599.015,597.79,598.305,1841466.0,1731423600000
598.32,598.38,597.9,597.9534,879616.0,1731424500000
597.965,598.3799,597.57,597.57,780338.0,1731425400000
597.56,597.85,597.2,597.23,844567.0,1731426300000
597.2299,597.5286,597.0399,597.15,761138.0,1731427200000
597.14,597.578,596.98,597.18,734437.0,1731428100000
597.1799,597.3499,596.44,596.59,971993.0,1731429000000
596.58,597.31,596.324,596.445,757591.0,1731429900000
596.435,596.7175,596.24,596.3999,712971.0,1731430800000
596.38,596.6499,596.04,596.4925,616547.0,1731431700000
596.49,596.67,596.04,596.105,501030.0,1731432600000
596.1,596.1896,594.57,594.67,1411140.0,1731433500000
594.67,595.36,594.37,595.32,1872309.0,1731434400000
595.3106,595.9,595.27,595.8234,1356832.0,1731435300000
595.81,596.8,595.8,596.735,906303.0,1731436200000
596.75,597.78,596.64,597.425,941611.0,1731437100000
597.41,597.89,597.3315,597.65,1087653.0,1731438000000
597.64,598.28,597.63,597.98,986140.0,1731438900000
597.98,598.4,597.9001,598.17,1895590.0,1731439800000
598.19,598.23,597.84,598.01,890917.0,1731440700000
598.015,598.2,597.69,597.7,1051509.0,1731441600000
597.69,597.81,597.18,597.39,1178428.0,1731442500000
597.39,597.57,596.95,597.435,1947780.0,1731443400000
597.44,597.45,596.51,596.87,4737420.0,1731444300000
597.37,597.72,597.0,597.72,1779141.0,1731508200000
597.705,597.705,596.3404,597.1,1268049.0,1731509100000
597.1399,597.1399,594.96,596.1,1930835.0,1731510000000
596.125,596.5,595.89,596.32,766355.0,1731510900000
596.35,597.2,596.05,596.92,1052106.0,1731511800000
596.94,597.38,596.67,597.15,1149892.0,1731512700000
597.17,597.53,596.66,597.395,620068.0,1731513600000
597.36,598.14,597.25,597.98,662339.0,1731514500000
597.97,598.23,597.22,597.34,993777.0,1731515400000
597.34,598.33,597.3299,598.07,847604.0,1731516300000
598.07,598.91,597.93,598.76,866214.0,1731517200000
598.75,599.06,598.0502,598.46,776870.0,1731518100000
598.45,598.84,598.29,598.33,461200.0,1731519000000
598.35,599.18,598.35,599.13,1671881.0,1731519900000
599.13,599.23,598.39,598.59,759219.0,1731520800000
598.61,598.85,598.3443,598.76,578186.0,1731521700000
598.755,598.97,598.53,598.83,654683.0,1731522600000
598.84,599.15,598.7219,598.91,599371.0,1731523500000
598.9,598.934,598.4534,598.63,751653.0,1731524400000
598.62,598.735,597.8,597.9425,925975.0,1731525300000
597.92,598.01,597.02,597.07,1751672.0,1731526200000
597.06,597.49,597.05,597.21,925357.0,1731527100000
597.21,597.79,596.685,597.731,1592832.0,1731528000000
597.74,598.14,597.47,597.59,1642581.0,1731528900000
597.57,598.54,597.23,598.22,3438573.0,1731529800000
598.21,598.35,596.48,597.17,10047596.0,1731530700000
597.32,597.81,595.86,595.92,1855416.0,1731594600000
595.91,596.9711,595.7901,596.41,1541011.0,1731595500000
596.415,596.5601,595.87,596.22,1101184.0,1731596400000
596.24,596.48,595.1248,596.42,1247149.0,1731597300000
596.41,596.93,596.03,596.9,826108.0,1731598200000
596.9,596.94,596.0,596.1401,752778.0,1731599100000
596.165,596.45,595.86,596.2233,594846.0,1731600000000
596.22,596.72,596.0482,596.46,556425.0,1731600900000
596.49,596.93,596.29,596.51,386817.0,1731601800000
596.495,596.61,595.5001,595.6601,602776.0,1731602700000
595.67,595.86,595.08,595.22,804151.0,1731603600000
595.11,595.2,594.7,594.8299,1321711.0,1731604500000
594.82,595.37,593.9,595.1599,1279429.0,1731605400000
595.13,595.22,593.75,595.0548,1045488.0,1731606300000
595.03,595.65,594.76,595.575,649443.0,1731607200000
595.585,595.7201,595.1011,595.1399,495360.0,1731608100000
595.12,595.21,594.68,595.04,596653.0,1731609000000
595.0343,595.0362,593.77,593.9,1097517.0,1731609900000
593.88,595.31,593.8699,594.67,764118.0,1731610800000
594.67,595.15,594.55,595.15,478791.0,1731611700000
595.13,595.575,595.03,595.29,559381.0,1731612600000
595.31,595.79,594.9,595.295,898424.0,1731613500000
595.28,595.31,593.02,593.4451,2478414.0,1731614400000
593.47,594.5,593.46,594.14,1128120.0,1731615300000
594.15,594.37,593.025,593.13,2157807.0,1731616200000
593.155,593.73,592.65,593.37,6505976.0,1731617100000
589.72,590.2,588.97,589.28,3509900.0,1731681000000
589.3,590.1,588.46,588.66,2811514.0,1731681900000
588.66,588.74,587.14,587.5086,2552133.0,1731682800000
587.47,587.9,586.67,586.815,1727365.0,1731683700000
586.82,587.0899,586.29,586.74,1609975.0,1731684600000
586.72,587.6,586.04,586.43,1658807.0,1731685500000
586.4,587.14,586.16,586.5645,1326862.0,1731686400000
586.55,589.4159,586.51,587.24,8969034.0,1731687300000
587.23,587.38,585.73,586.11,1855502.0,1731688200000
586.0901,586.72,585.47,585.7787,2840897.0,1731689100000
585.7793,585.95,585.2168,585.67,1765376.0,1731690000000
585.6508,585.94,585.29,585.4671,940815.0,1731690900000
585.47,585.65,584.97,585.5801,1364132.0,1731691800000
585.6,585.81,584.64,585.46,1503668.0,1731692700000
585.465,585.62,585.03,585.205,1129853.0,1731693600000
585.2,585.67,585.01,585.43,1446086.0,1731694500000
585.38,585.38,584.71,584.85,1363030.0,1731695400000
584.87,584.97,583.86,584.5,1464200.0,1731696300000
584.5,585.04,584.26,584.62,2226612.0,1731697200000
584.61,584.8,584.04,584.09,2369509.0,1731698100000
584.11,585.3,584.03,585.25,1517839.0,1731699000000
585.25,585.7799,584.4398,584.97,1771647.0,1731699900000
584.96,585.79,584.89,585.5,1475705.0,1731700800000
585.49,586.2299,585.285,585.31,1812061.0,1731701700000
585.31,585.71,584.73,584.8299,3220853.0,1731702600000
584.85,586.19,584.8,585.7,6059802.0,1731703500000
586.22,586.39,585.34,586.11,1769645.0,1731940200000
586.1,586.2,585.3603,585.72,1143792.0,1731941100000
585.75,586.83,585.59,586.766,918625.0,1731942000000
586.78,587.39,586.56,587.36,1090849.0,1731942900000
587.37,588.16,587.3038,588.07,1483859.0,1731943800000
588.08,588.35,587.98,588.21,1069701.0,1731944700000
588.23,588.51,588.0999,588.4141,563748.0,1731945600000
588.42,589.14,588.2876,588.65,962264.0,1731946500000
588.65,589.49,588.6399,589.44,736768.0,1731947400000
589.43,589.44,587.9301,588.2805,1373463.0,1731948300000
588.29,588.52,587.9001,588.3,782246.0,1731949200000
588.3,588.51,587.83,588.37,478285.0,1731950100000
588.34,588.65,588.0151,588.04,1212142.0,1731951000000
588.06,588.68,587.75,588.65,704542.0,1731951900000
588.65,588.65,588.35,588.35,400683.0,1731952800000
588.3599,588.63,588.11,588.14,407972.0,1731953700000
588.14,588.33,587.2851,587.3204,687560.0,1731954600000
587.36,588.446,587.02,588.36,773241.0,1731955500000
588.35,588.39,587.53,587.57,547729.0,1731956400000
587.5561,587.72,587.08,587.28,849445.0,1731957300000
587.28,587.85,587.11,587.7122,558044.0,1731958200000
587.72,588.34,587.7026,588.095,716698.0,1731959100000
588.08,588.39,587.96,588.17,544066.0,1731960000000
588.1601,588.41,587.96,588.395,898825.0,1731960900000
588.38,588.39,587.88,588.05,1492443.0,1731961800000
588.05,588.24,587.5143,588.14,7367682.0,1731962700000
584.71,585.7996,584.55,585.67,2294308.0,1732026600000
585.68,585.78,584.03,585.2501,1862395.0,1732027500000
585.25,585.72,584.645,585.32,1500784.0,1732028400000
585.32,586.48,584.71,586.46,1130138.0,1732029300000
586.45,587.62,586.09,587.53,1474577.0,1732030200000
587.53,588.09,587.33,587.73,1144598.0,1732031100000
587.73,588.3,587.65,588.04,854309.0,1732032000000
588.0413,589.01,588.0413,588.8999,939194.0,1732032900000
588.89,589.24,588.6827,589.01,876994.0,1732033800000
589.0,589.12,588.46,588.829,917640.0,1732034700000
588.83,588.87,588.45,588.73,565505.0,1732035600000
588.745,589.07,588.03,588.98,683368.0,1732036500000
588.97,589.5399,588.8601,589.13,698185.0,1732037400000
589.125,589.32,588.83,589.17,830618.0,1732038300000
589.18,589.5999,588.76,589.599,665949.0,1732039200000
589.59,589.63,589.26,589.5507,1730182.0,1732040100000
589.56,590.19,589.4,590.15,1011381.0,1732041000000
590.15,591.045,590.14,590.9,1460457.0,1732041900000
590.9,590.98,590.54,590.815,1066850.0,1732042800000
590.8199,590.92,589.5,590.13,1912380.0,1732043700000
590.14,590.36,589.09,589.44,1718000.0,1732044600000
589.45,589.9399,589.09,589.63,1158531.0,1732045500000
589.63,589.81,589.365,589.71,2106020.0,1732046400000
589.73,589.95,589.5706,589.88,1329687.0,1732047300000
589.88,590.095,589.68,589.9516,1520912.0,1732048200000
589.94,590.6,589.79,590.29,4568669.0,1732049100000
590.38,590.53,587.88,588.31,2888679.0,1732113000000
588.27,588.69,587.4,587.43,1449034.0,1732113900000
587.4,588.1566,585.31,585.66,2215000.0,1732114800000
585.66,586.2199,584.63,585.7139,1905152.0,1732115700000
585.72,587.215,585.62,586.85,1675335.0,1732116600000
586.84,587.6,586.8,587.41,3812896.0,1732117500000
587.4,587.686,586.0744,586.51,1527452.0,1732118400000
586.5,586.88,585.87,585.87,649720.0,1732119300000
585.9,587.36,585.54,587.36,1112795.0,1732120200000
587.37,588.8,587.21,588.36,1126709.0,1732121100000
588.34,588.69,587.08,587.22,1027659.0,1732122000000
587.2199,587.405,586.1401,587.205,986137.0,1732122900000
587.2,588.0,587.065,587.55,533652.0,1732123800000
587.59,588.29,586.8543,587.07,626045.0,1732124700000
587.06,587.56,587.06,587.28,749215.0,1732125600000
587.265,587.72,586.54,587.6,1042835.0,1732126500000
587.6022,587.6022,586.34,586.485,625065.0,1732127400000
586.47,586.86,586.15,586.8,433063.0,1732128300000
586.77,586.87,586.29,586.42,826351.0,1732129200000
586.43,586.72,586.25,586.6199,796517.0,1732130100000
586.61,587.7,586.52,587.6699,2009354.0,1732131000000
587.67,587.9,587.37,587.52,826312.0,1732131900000
587.48,587.82,587.23,587.64,931709.0,1732132800000
587.64,588.52,587.605,588.48,1028301.0,1732133700000
588.48,590.26,588.48,589.7,3512542.0,1732134600000
589.7,590.79,589.55,590.51,5820758.0,1732135500000
593.4,593.57,588.56,589.87,3407628.0,1732199400000
589.875,591.71,589.35,589.78,2429164.0,1732200300000
589.74,590.77,588.41,590.7,1730681.0,1732201200000
590.69,591.2,587.54,587.7392,1621687.0,1732202100000
587.69,589.32,587.45,589.01,1798345.0,1732203000000
589.03,591.85,588.95,591.68,1431241.0,1732203900000
591.72,592.16,591.04,591.99,1216967.0,1732204800000
591.94,592.75,591.29,592.725,971773.0,1732205700000
592.75,593.15,591.7001,592.3879,1129002.0,1732206600000
592.4,592.4,591.1601,591.89,905047.0,1732207500000
591.89,591.91,591.08,591.7,950440.0,1732208400000
591.69,593.28,591.69,593.0,974179.0,1732209300000
593.01,593.9,592.8801,593.7422,1055611.0,1732210200000
593.76,594.17,593.51,593.71,960634.0,1732211100000
593.72,594.68,593.6368,594.24,808843.0,1732212000000
594.26,594.47,593.78,594.43,705363.0,1732212900000
594.45,594.8,593.9401,594.34,1247633.0,1732213800000
594.36,594.66,593.91,594.43,990093.0,1732214700000
594.41,594.67,593.62,594.05,941549.0,1732215600000
594.055,594.53,593.52,594.42,1103774.0,1732216500000
594.43,594.68,593.95,594.48,1371629.0,1732217400000
594.48,594.63,593.86,594.59,1204635.0,1732218300000
594.58,595.12,594.45,594.85,1735259.0,1732219200000
594.85,595.0,594.73,594.9,1048973.0,1732220100000
594.9,595.0,593.9,594.3,2467300.0,1732221000000
594.3,594.45,593.56,593.61,4813069.0,1732221900000
593.66,595.78,593.57,595.58,3194193.0,1732285800000
595.61,596.131,594.69,595.97,2009743.0,1732286700000
595.94,596.01,593.92,594.46,1426438.0,1732287600000
594.46,594.9,593.1525,593.67,1066736.0,1732288500000
593.78,595.52,593.5901,595.52,869226.0,1732289400000
595.48,595.82,595.01,595.76,1514155.0,1732290300000
595.79,595.8965,594.6001,594.75,680727.0,1732291200000
594.7697,594.89,593.71,594.59,1270050.0,1732292100000
594.57,594.92,593.96,594.0349,842523.0,1732293000000
594.115,595.1699,593.92,595.04,565768.0,1732293900000
595.05,595.72,594.71,595.56,627592.0,1732294800000
595.59,595.88,595.33,595.61,658915.0,1732295700000
595.61,595.65,594.66,595.24,545710.0,1732296600000
595.25,595.85,595.14,595.7299,426475.0,1732297500000
595.69,596.15,595.465,595.9,876623.0,1732298400000
595.92,596.06,595.41,595.52,482486.0,1732299300000
595.52,595.97,595.13,595.285,505701.0,1732300200000
595.285,595.58,594.9001,595.43,1121184.0,1732301100000
595.44,595.44,594.8,594.91,820324.0,1732302000000
594.91,595.185,594.15,594.99,1191434.0,1732302900000
594.99,595.42,594.89,595.14,871146.0,1732303800000
595.165,595.63,595.1623,595.3999,529221.0,1732304700000
595.39,595.39,594.17,594.25,998453.0,1732305600000
594.255,594.9,594.17,594.77,1156268.0,1732306500000
594.7583,595.24,594.67,594.82,1146461.0,1732307400000
594.83,596.1,594.77,595.48,3679492.0,1732308300000
599.52,600.86,598.8,600.48,4112905.0,1732545000000
600.49,600.75,598.67,599.26,2514858.0,1732545900000
599.25,599.295,597.55,598.045,2804104.0,1732546800000
598.0,599.145,597.94,599.11,1364630.0,1732547700000
599.09,599.26,597.81,598.9,1823781.0,1732548600000
598.9,598.9,597.84,597.98,840905.0,1732549500000
597.96,598.25,597.6,598.06,811323.0,1732550400000
598.08,598.43,597.9318,597.99,864157.0,1732551300000
597.97,598.38,597.29,597.3599,1087205.0,1732552200000
597.35,597.62,597.14,597.27,752873.0,1732553100000
597.255,597.6,596.57,596.6001,1251996.0,1732554000000
596.61,596.7499,595.75,596.04,1144561.0,1732554900000
596.04,596.58,595.2401,595.5292,850911.0,1732555800000
595.51,596.63,595.2,596.4565,855959.0,1732556700000
596.4601,597.4,596.421,597.37,770573.0,1732557600000
597.36,597.44,596.91,597.1503,992667.0,1732558500000
597.18,597.59,596.94,597.2001,509643.0,1732559400000
597.22,597.61,597.06,597.32,563807.0,1732560300000
597.31,597.43,596.9601,597.37,562749.0,1732561200000
597.3701,597.435,596.49,596.99,634066.0,1732562100000
596.98,597.2,596.66,597.17,416414.0,1732563000000
597.1633,597.45,597.0079,597.09,679612.0,1732563900000
597.085,597.09,596.67,596.835,833951.0,1732564800000
596.84,597.1691,596.8001,597.14,688827.0,1732565700000
597.13,597.37,597.045,597.11,1282340.0,1732566600000
597.12,597.745,596.85,597.45,5300021.0,1732567500000
598.8,599.48,598.5,598.75,2859446.0,1732631400000
598.77,599.61,598.73,599.02,1170174.0,1732632300000
598.96,599.43,598.21,598.7353,1243836.0,1732633200000
598.74,598.92,598.07,598.815,1346989.0,1732634100000
598.8,599.33,598.22,599.3167,806713.0,1732635000000
599.29,599.41,598.77,599.05,859134.0,1732635900000
599.11,599.55,598.885,599.03,772345.0,1732636800000
599.03,599.6,598.87,599.56,630366.0,1732637700000
599.565,599.83,599.38,599.52,801956.0,1732638600000
599.52,599.87,599.35,599.75,652812.0,1732639500000
599.74,599.77,599.16,599.24,546402.0,1732640400000
599.24,599.35,599.07,599.335,820114.0,1732641300000
599.35,599.87,599.3,599.8,686597.0,1732642200000
599.8151,600.1299,599.7,600.075,568448.0,1732643100000
600.07,600.1399,599.6601,599.9,427582.0,1732644000000
599.91,600.05,599.602,599.8701,459204.0,1732644900000
599.86,600.15,599.69,600.09,370760.0,1732645800000
600.1,600.19,599.955,600.149,378146.0,1732646700000
600.11,600.41,599.72,599.855,967185.0,1732647600000
599.86,599.88,599.22,599.6801,1271143.0,1732648500000
599.69,600.215,599.5,599.975,1203434.0,1732649400000
599.98,600.17,599.85,600.03,992733.0,1732650300000
600.02,600.44,599.93,600.32,1200139.0,1732651200000
600.315,600.45,600.16,600.3715,1227979.0,1732652100000
600.37,600.75,600.26,600.68,2261089.0,1732653000000
600.67,601.33,600.67,600.74,8507581.0,1732653900000
600.46,600.85,599.94,600.57,1840333.0,1732717800000
600.58,600.8494,600.07,600.44,958459.0,1732718700000
600.42,600.42,599.77,599.825,1189754.0,1732719600000
599.82,599.98,599.23,599.35,1464807.0,1732720500000
599.37,599.59,598.55,599.55,1254900.0,1732721400000
599.55,599.59,598.71,598.86,1237073.0,1732722300000
598.86,598.9,598.25,598.57,1082911.0,1732723200000
598.56,598.7297,598.32,598.4599,732889.0,1732724100000
598.43,599.15,598.27,598.445,787728.0,1732725000000
598.435,598.6,598.01,598.15,781965.0,1732725900000
598.14,598.2,597.28,597.97,3013845.0,1732726800000
597.9451,598.29,597.75,598.22,864698.0,1732727700000
598.22,598.27,597.77,597.99,539103.0,1732728600000
597.98,598.46,597.845,598.375,580819.0,1732729500000
598.375,598.73,598.18,598.72,562428.0,1732730400000
598.76,598.86,598.367,598.4778,602995.0,1732731300000
598.46,599.04,598.36,598.849,1096517.0,1732732200000
598.8401,599.12,598.63,598.9294,462330.0,1732733100000
598.94,599.1,598.82,599.08,479353.0,1732734000000
599.08,599.1099,598.655,598.71,854760.0,1732734900000
598.71,599.04,598.42,598.94,563681.0,1732735800000
598.95,599.1,598.7,598.7099,578581.0,1732736700000
598.71,598.99,598.6,598.69,1491173.0,1732737600000
598.68,598.83,598.31,598.55,989758.0,1732738500000
598.545,598.605,597.94,598.4,1133091.0,1732739400000
598.39,598.98,598.35,598.79,3252326.0,1732740300000
599.66,600.34,599.3805,600.31,1524833.0,1732890600000
600.31,600.7199,600.07,600.71,1161047.0,1732891500000
600.71,601.6499,600.695,601.585,1325449.0,1732892400000
601.5899,601.74,601.21,601.4175,807615.0,1732893300000
601.42,601.89,601.42,601.63,865101.0,1732894200000
601.64,601.84,601.41,601.81,738288.0,1732895100000
601.81,602.22,601.8,602.2001,703965.0,1732896000000
602.215,602.3897,602.09,602.33,932233.0,1732896900000
602.325,602.44,602.06,602.4399,627837.0,1732897800000
602.435,602.89,602.43,602.69,1073114.0,1732898700000
602.7,603.1895,602.59,602.97,1066825.0,1732899600000
602.97,603.26,602.75,602.83,2075117.0,1732900500000
602.83,603.35,602.82,603.16,1985720.0,1732901400000
603.16,603.33,602.3,602.45,5903071.0,1732902300000
602.46,602.55,602.45,602.55,1626616.0,1732903200000
602.97,603.6799,602.7,602.885,2820120.0,1733149800000
602.895,603.27,602.47,602.8699,1386558.0,1733150700000
602.88,603.19,602.7,603.03,958124.0,1733151600000
603.03,603.25,602.72,603.225,848438.0,1733152500000
603.22,603.57,603.07,603.34,785609.0,1733153400000
603.34,603.46,602.47,602.7,971067.0,1733154300000
602.71,603.33,602.51,603.2099,616588.0,1733155200000
603.21,603.36,602.99,603.28,369081.0,1733156100000
603.265,603.74,603.1903,603.59,571994.0,1733157000000
603.58,603.86,603.395,603.655,713920.0,1733157900000
603.6597,603.96,603.64,603.88,728859.0,1733158800000
603.88,603.96,603.46,603.47,598758.0,1733159700000
603.49,603.7584,603.4,603.72,463076.0,1733160600000
603.72,603.82,603.53,603.57,296277.0,1733161500000
603.53,603.68,603.4,603.59,858983.0,1733162400000
603.59,603.8799,603.4,603.67,679503.0,1733163300000
603.6758,603.8,603.39,603.64,712439.0,1733164200000
603.625,603.83,603.6121,603.79,494851.0,1733165100000
603.79,603.79,603.12,603.19,973514.0,1733166000000
603.18,603.48,603.05,603.4,675533.0,1733166900000
603.4101,603.745,603.39,603.71,1217103.0,1733167800000
603.7,603.985,603.58,603.935,895590.0,1733168700000
603.93,604.08,603.6999,603.94,622537.0,1733169600000
603.94,604.32,603.89,604.26,1080283.0,1733170500000
604.28,604.28,603.51,603.71,1359723.0,1733171400000
603.69,603.96,603.45,603.65,3788000.0,1733172300000
603.39,603.72,602.77,602.8712,1623747.0,1733236200000
602.88,603.37,602.81,603.35,681357.0,1733237100000
603.35,603.62,603.15,603.2599,766971.0,1733238000000
603.26,603.4,602.44,602.46,691880.0,1733238900000
602.48,602.99,602.45,602.645,724361.0,1733239800000
602.66,602.916,602.341,602.8845,902150.0,1733240700000
602.89,603.26,602.82,602.95,729967.0,1733241600000
602.94,603.4599,602.82,603.42,520097.0,1733242500000
603.4,603.5,602.37,602.42,796334.0,1733243400000
602.42,602.84,602.38,602.5571,603500.0,1733244300000
602.56,602.83,602.53,602.8201,397371.0,1733245200000
602.83,603.055,602.77,603.005,441641.0,1733246100000
602.995,603.29,602.94,603.27,549458.0,1733247000000
603.275,603.7299,603.25,603.71,798653.0,1733247900000
603.71,603.8,603.51,603.615,388092.0,1733248800000
603.6299,603.85,603.505,603.57,671956.0,1733249700000
603.55,603.76,603.3312,603.38,512876.0,1733250600000
603.37,603.64,603.29,603.44,421811.0,1733251500000
603.43,603.653,603.17,603.45,2431864.0,1733252400000
603.425,603.63,603.31,603.6199,448738.0,1733253300000
603.6,603.87,603.6,603.79,625457.0,1733254200000
603.78,604.16,603.74,604.03,740138.0,1733255100000
604.0201,604.11,603.8781,603.95,748783.0,1733256000000
603.945,604.02,603.79,603.945,1095753.0,1733256900000
603.94,604.04,603.49,603.63,962720.0,1733257800000
603.6206,604.14,603.56,603.85,3023068.0,1733258700000
605.63,606.05,605.51,605.69,1937387.0,1733322600000
605.7,606.21,605.57,605.89,874190.0,1733323500000
605.88,606.02,605.4,605.44,1558091.0,1733324400000
605.45,605.7407,604.95,605.63,1658519.0,1733325300000
605.66,606.3,605.54,606.13,1236111.0,1733326200000
606.12,606.24,605.68,606.23,1128556.0,1733327100000
606.22,606.43,606.22,606.36,1489531.0,1733328000000
606.36,606.5,606.28,606.33,623314.0,1733328900000
606.3207,606.47,606.06,606.105,397098.0,1733329800000
606.11,606.465,606.1,606.35,427897.0,1733330700000
606.345,606.39,606.21,606.36,452822.0,1733331600000
606.355,606.49,606.02,606.35,797776.0,1733332500000
606.35,606.35,605.91,606.13,472527.0,1733333400000
606.13,606.54,606.06,606.4,473689.0,1733334300000
606.4,606.45,606.24,606.27,272383.0,1733335200000
606.29,606.39,605.84,605.8699,493129.0,1733336100000
605.86,605.86,605.2,605.74,927068.0,1733337000000
605.73,606.53,605.73,605.9801,830787.0,1733337900000
605.98,606.41,605.77,606.35,504857.0,1733338800000
606.36,606.86,606.34,606.7801,866260.0,1733339700000
606.78,607.13,606.67,606.94,1532677.0,1733340600000
606.94,606.98,606.69,606.9158,741362.0,1733341500000
606.9,607.52,606.83,607.3,1466005.0,1733342400000
607.3,607.425,607.269,607.31,1085626.0,1733343300000
607.31,607.69,607.18,607.625,2881308.0,1733344200000
607.625,607.91,607.39,607.61,6972842.0,1733345100000
607.66,607.85,607.37,607.635,1398520.0,1733409000000
607.65,607.8,607.44,607.79,638955.0,1733409900000
607.805,608.2,607.52,607.54,865032.0,1733410800000
607.53,607.78,607.11,607.11,699049.0,1733411700000
607.1039,607.2099,606.8,607.19,786178.0,1733412600000
607.19,607.27,606.875,606.95,655649.0,1733413500000
606.95,607.135,606.8301,607.0,363322.0,1733414400000
606.99,607.71,606.9501,607.63,788985.0,1733415300000
607.64,607.64,607.33,607.4201,570412.0,1733416200000
607.43,607.7677,607.34,607.74,399601.0,1733417100000
607.75,608.17,607.64,608.122,560934.0,1733418000000
608.13,608.17,607.85,608.05,706592.0,1733418900000
608.045,608.14,607.95,608.055,321931.0,1733419800000
608.055,608.48,608.0401,608.4099,564339.0,1733420700000
608.41,608.4152,608.16,608.195,410604.0,1733421600000
608.195,608.25,606.86,607.29,958652.0,1733422500000
607.32,607.89,607.04,607.76,864150.0,1733423400000
607.72,607.79,607.07,607.36,681015.0,1733424300000
607.37,607.57,606.91,607.35,1069296.0,1733425200000
607.35,607.6599,607.1,607.1,691025.0,1733426100000
607.0999,607.5,607.06,607.27,562461.0,1733427000000
607.24,607.43,607.02,607.185,620638.0,1733427900000
607.18,607.41,606.92,607.0576,746234.0,1733428800000
607.05,607.22,606.62,606.745,824629.0,1733429700000
606.75,607.6161,606.63,607.2799,3125140.0,1733430600000
607.27,607.385,606.305,606.61,4777688.0,1733431500000
607.44,608.3,607.34,608.2,1691710.0,1733495400000
608.2,609.04,608.15,608.98,1117376.0,1733496300000
608.975,609.07,608.43,608.625,850957.0,1733497200000
608.625,609.0,608.54,608.88,533383.0,1733498100000
608.88,608.977,608.6001,608.6099,1508636.0,1733499000000
608.605,608.75,608.235,608.7,587433.0,1733499900000
608.71,608.7499,607.56,607.88,854339.0,1733500800000
607.8525,608.18,607.58,608.0,1128813.0,1733501700000
607.99,608.29,607.93,608.1599,487956.0,1733502600000
608.16,608.16,607.74,607.815,716564.0,1733503500000
607.82,607.86,607.32,607.515,686949.0,1733504400000
607.52,607.8,607.42,607.6999,762188.0,1733505300000
607.7,607.74,607.06,607.25,401520.0,1733506200000
607.25,607.64,607.16,607.36,407960.0,1733507100000
607.355,608.2501,607.3,608.16,502984.0,1733508000000
608.17,608.39,608.0615,608.065,440454.0,1733508900000
608.065,608.0663,607.57,607.65,493957.0,1733509800000
607.69,608.06,607.64,608.04,288745.0,1733510700000
608.03,608.06,607.03,607.303,886514.0,1733511600000
607.3,607.38,607.05,607.125,1144779.0,1733512500000
607.13,607.44,607.02,607.39,869653.0,1733513400000
607.4,607.65,607.3,607.34,679897.0,1733514300000
607.32,607.66,607.14,607.5925,513447.0,1733515200000
607.6,607.7499,607.4024,607.615,1514320.0,1733516100000
607.62,607.72,607.45,607.6,1020487.0,1733517000000
607.62,608.12,607.52,607.88,3641726.0,1733517900000
607.69,607.86,607.2,607.32,1505525.0,1733754600000
607.33,607.57,607.3,607.46,864940.0,1733755500000
607.48,607.58,607.095,607.2201,748330.0,1733756400000
607.225,607.235,606.18,606.3775,1374326.0,1733757300000
606.3699,606.64,605.84,605.98,1434705.0,1733758200000
605.96,606.09,605.26,605.38,1103636.0,1733759100000
605.38,605.61,604.61,605.105,1570744.0,1733760000000
605.11,605.9,605.025,605.785,900803.0,1733760900000
605.78,605.975,605.47,605.56,683601.0,1733761800000
605.57,606.125,605.57,606.01,598553.0,1733762700000
606.01,606.06,605.43,605.7,390023.0,1733763600000
605.7,605.74,605.2732,605.61,413403.0,1733764500000
605.58,605.92,605.3499,605.815,352677.0,1733765400000
605.815,606.07,605.325,605.3499,351000.0,1733766300000
605.335,605.55,605.04,605.4801,441349.0,1733767200000
605.485,605.795,605.41,605.725,374393.0,1733768100000
605.72,606.15,605.625,606.11,484000.0,1733769000000
606.1,606.43,605.94,606.01,558529.0,1733769900000
606.01,606.01,605.34,605.5335,603832.0,1733770800000
605.53,605.6,605.24,605.37,596180.0,1733771700000
605.37,605.44,604.66,604.93,606794.0,1733772600000
604.92,605.09,604.51,604.99,962343.0,1733773500000
605.0,605.07,604.39,604.575,1246506.0,1733774400000
604.58,604.775,604.32,604.46,1649364.0,1733775300000
604.46,604.79,604.3,604.34,1755065.0,1733776200000
604.345,604.79,604.08,604.66,7512212.0,1733777100000
605.37,605.4,604.2737,604.9,1586976.0,1733841000000
604.91,605.27,604.38,605.09,1020700.0,1733841900000
605.075,605.33,604.88,605.2,750199.0,1733842800000
605.19,605.51,605.07,605.1199,873313.0,1733843700000
605.1199,605.62,604.97,605.56,723284.0,1733844600000
605.555,605.8,604.96,605.0083,651722.0,1733845500000
605.0,605.27,604.585,604.85,1038570.0,1733846400000
604.84,604.91,604.58,604.66,506408.0,1733847300000
604.65,604.695,604.325,604.415,643503.0,1733848200000
604.42,604.71,604.31,604.57,514894.0,1733849100000
604.56,604.78,604.3,604.3,538646.0,1733850000000
604.3,604.69,604.18,604.52,749376.0,1733850900000
604.5,605.02,604.5,604.79,509073.0,1733851800000
604.8,604.94,604.26,604.3101,470565.0,1733852700000
604.32,604.38,604.08,604.1,662566.0,1733853600000
604.1,604.45,604.1,604.35,712651.0,1733854500000
604.37,604.62,604.26,604.31,344724.0,1733855400000
604.31,604.3792,604.04,604.05,556359.0,1733856300000
604.04,604.11,603.59,603.77,887835.0,1733857200000
603.76,604.06,603.58,604.02,1270260.0,1733858100000
604.02,604.04,603.6221,603.86,1896839.0,1733859000000
603.8517,603.93,603.53,603.655,1328537.0,1733859900000
603.65,603.66,602.94,603.02,1715858.0,1733860800000
603.03,603.16,602.66,602.7319,1433771.0,1733861700000
602.74,603.79,602.13,602.7,2907252.0,1733862600000
602.71,602.92,602.3,602.87,5324327.0,1733863500000
605.78,606.13,605.5,606.02,1875518.0,1733927400000
606.01,606.655,605.96,606.61,1608781.0,1733928300000
606.6,607.25,606.3201,607.18,1333669.0,1733929200000
607.18,607.18,606.45,606.535,950182.0,1733930100000
606.56,606.96,606.5,606.87,690340.0,1733931000000
606.859,607.06,606.4816,606.7783,610325.0,1733931900000
606.79,607.01,606.51,607.0,525015.0,1733932800000
607.0,607.52,606.84,607.48,688129.0,1733933700000
607.48,607.87,607.36,607.82,774892.0,1733934600000
607.82,607.87,607.5,607.74,597125.0,1733935500000
607.75,608.19,607.72,607.98,641728.0,1733936400000
607.98,608.07,607.6799,607.72,653139.0,1733937300000
607.75,608.05,607.61,608.05,466476.0,1733938200000
608.047,608.12,607.88,608.12,416175.0,1733939100000
608.125,608.435,607.98,608.085,499036.0,1733940000000
608.09,608.33,607.992,608.32,571649.0,1733940900000
608.31,608.4,608.03,608.115,551595.0,1733941800000
608.12,608.21,607.73,607.81,479451.0,1733942700000
607.815,607.98,607.56,607.77,667229.0,1733943600000
607.775,607.94,607.7,607.93,417920.0,1733944500000
607.92,608.2168,607.83,607.9814,687630.0,1733945400000
607.985,608.048,607.71,607.94,583622.0,1733946300000
607.95,608.09,607.87,608.0201,805428.0,1733947200000
608.02,608.09,607.86,608.07,641305.0,1733948100000
608.065,608.065,607.77,607.77,1105010.0,1733949000000
607.78,607.88,607.31,607.5,2700494.0,1733949900000
606.58,606.64,605.88,606.39,1766279.0,1734013800000
606.39,606.3909,605.72,606.1999,862174.0,1734014700000
606.19,606.25,605.13,605.47,1071742.0,1734015600000
605.45,606.66,605.27,606.5626,1195180.0,1734016500000
606.56,606.97,606.32,606.43,836062.0,1734017400000
606.42,606.84,606.3469,606.799,509122.0,1734018300000
606.79,607.16,606.62,606.84,494079.0,1734019200000
606.86,607.14,606.6958,606.865,344001.0,1734020100000
606.88,606.91,606.32,606.45,465018.0,1734021000000
606.45,606.45,605.77,605.79,662915.0,1734021900000
605.77,606.7,605.77,606.64,544476.0,1734022800000
606.65,606.89,606.3401,606.4979,567497.0,1734023700000
606.49,606.545,605.87,606.13,640156.0,1734024600000
606.125,606.83,606.1,606.8,339952.0,1734025500000
606.78,606.89,606.44,606.79,382737.0,1734026400000
606.79,606.95,606.47,606.5167,381136.0,1734027300000
606.51,606.55,605.92,606.01,570155.0,1734028200000
605.98,606.18,605.72,605.76,403777.0,1734029100000
605.75,606.12,605.48,605.64,708267.0,1734030000000
605.645,605.71,604.83,604.93,1247150.0,1734030900000
604.94,605.4399,604.92,605.28,746431.0,1734031800000
605.29,605.44,604.93,605.12,561232.0,1734032700000
605.1,605.23,604.75,605.0,718899.0,1734033600000
604.87,605.12,604.76,604.88,990101.0,1734034500000
604.9,605.3,604.88,605.065,1431269.0,1734035400000
605.07,605.35,604.34,604.35,5129307.0,1734036300000
606.4,606.94,606.01,606.8298,1793632.0,1734100200000
606.83,607.13,606.06,606.15,1324360.0,1734101100000
606.17,606.2,605.07,605.48,1378692.0,1734102000000
605.49,605.63,604.92,605.01,1087017.0,1734102900000
605.01,605.2674,603.6,603.8307,1331552.0,1734103800000
603.8,604.33,603.43,603.47,1090386.0,1734104700000
603.47,603.79,603.03,603.1547,1162425.0,1734105600000
603.2299,604.03,603.165,603.6799,700511.0,1734106500000
603.6625,604.66,603.6586,603.88,1832583.0,1734107400000
603.87,603.98,603.32,603.81,685319.0,1734108300000
603.785,603.99,603.46,603.48,544029.0,1734109200000
603.48,603.7765,603.12,603.2368,484143.0,1734110100000
603.24,603.32,602.88,602.98,840745.0,1734111000000
602.97,603.53,602.83,602.91,588290.0,1734111900000
602.9,603.4499,602.81,603.36,641386.0,1734112800000
603.35,604.07,603.26,603.9788,781396.0,1734113700000
603.97,604.178,603.68,604.085,694241.0,1734114600000
604.08,604.42,603.9301,604.1,623019.0,1734115500000
604.11,604.5286,603.9201,604.16,1181663.0,1734116400000
604.145,604.4299,604.1201,604.38,1210026.0,1734117300000
604.4,604.63,604.3,604.45,656909.0,1734118200000
604.47,604.57,604.15,604.3001,803348.0,1734119100000
604.29,604.52,604.2,604.27,717716.0,1734120000000
604.27,604.32,603.77,604.27,1035875.0,1734120900000
604.26,604.7,604.1799,604.33,1101901.0,1734121800000
604.34,604.7,604.1,604.26,3158329.0,1734122700000
606.0,606.4,605.63,605.72,1913352.0,1734359400000
605.75,606.37,605.5801,606.27,1232578.0,1734360300000
606.3,606.6772,605.98,606.04,1230256.0,1734361200000
606.06,606.47,605.21,606.46,1047519.0,1734362100000
606.45,607.045,606.36,606.87,897866.0,1734363000000
606.87,607.11,606.62,606.71,900163.0,1734363900000
606.71,606.98,606.58,606.85,695773.0,1734364800000
606.84,606.93,606.535,606.72,805111.0,1734365700000
606.73,606.79,606.41,606.49,523382.0,1734366600000
606.49,606.96,606.4,606.95,667919.0,1734367500000
606.96,607.03,606.56,606.89,419614.0,1734368400000
606.91,606.99,606.84,606.95,561338.0,1734369300000
606.95,607.34,606.9167,607.21,917304.0,1734370200000
607.2001,607.29,606.86,607.255,560595.0,1734371100000
607.26,607.42,607.16,607.32,838229.0,1734372000000
607.31,607.72,607.295,607.72,928262.0,1734372900000
607.71,607.7795,607.42,607.61,689748.0,1734373800000
607.65,607.6951,607.51,607.62,406033.0,1734374700000
607.61,607.61,607.38,607.56,793203.0,1734375600000
607.56,607.66,607.32,607.35,866703.0,1734376500000
607.34,607.59,607.29,607.45,612448.0,1734377400000
607.44,607.66,607.36,607.5,1718492.0,1734378300000
607.51,607.775,607.41,607.695,893017.0,1734379200000
607.685,607.76,607.46,607.59,1074632.0,1734380100000
607.58,607.581,606.98,606.985,2573674.0,1734381000000
606.98,606.98,606.055,606.775,7859993.0,1734381900000
604.19,604.61,603.6004,604.52,2542276.0,1734445800000
604.5,604.86,604.27,604.4,1600485.0,1734446700000
604.38,604.41,603.34,603.4,1256108.0,1734447600000
603.4,603.75,603.16,603.22,1645275.0,1734448500000
603.2,603.72,603.165,603.64,1289382.0,1734449400000
603.63,603.99,603.59,603.935,1003358.0,1734450300000
603.935,605.11,603.85,604.99,1503009.0,1734451200000
605.015,605.02,604.16,604.39,809227.0,1734452100000
604.36,605.1095,604.27,605.05,1012365.0,1734453000000
605.04,605.17,604.67,604.94,728368.0,1734453900000
604.94,604.965,604.3601,604.475,625920.0,1734454800000
604.46,604.66,604.26,604.54,668939.0,1734455700000
604.55,604.97,604.33,604.94,1355482.0,1734456600000
604.93,604.97,604.64,604.82,559285.0,1734457500000
604.79,604.79,604.44,604.53,665029.0,1734458400000
604.54,604.6,604.02,604.215,2069235.0,1734459300000
604.22,604.41,604.065,604.365,922358.0,1734460200000
604.365,604.44,604.09,604.25,868515.0,1734461100000
604.24,604.3,603.9,603.975,919538.0,1734462000000
603.9702,604.02,603.61,603.675,1134887.0,1734462900000
603.6799,603.73,603.29,603.6702,1532320.0,1734463800000
603.67,603.71,603.25,603.41,1244166.0,1734464700000
603.4,603.5,603.15,603.3,1939535.0,1734465600000
603.3,603.48,602.885,603.09,1368055.0,1734466500000
603.09,604.06,602.96,604.0321,2293785.0,1734467400000
604.03,604.74,603.74,604.24,5418219.0,1734468300000
603.98,604.15,603.47,603.825,1696938.0,1734532200000
603.83,604.66,603.7,604.6099,1476124.0,1734533100000
604.61,605.06,604.49,605.0,1094451.0,1734534000000
605.01,605.4199,604.85,605.4,1183382.0,1734534900000
605.38,606.11,605.33,606.08,1182906.0,1734535800000
606.09,606.405,605.96,605.96,1035372.0,1734536700000
605.9603,606.255,605.36,605.3999,1394703.0,1734537600000
605.39,605.65,604.63,605.63,2037698.0,1734538500000
605.62,605.845,605.41,605.8051,879447.0,1734539400000
605.81,606.11,605.69,605.76,1167657.0,1734540300000
605.765,605.819,605.5,605.59,1811062.0,1734541200000
605.6,606.31,605.57,605.68,1058044.0,1734542100000
605.68,605.94,605.22,605.3615,900862.0,1734543000000
605.35,605.63,605.305,605.57,641018.0,1734543900000
605.5136,605.59,605.2,605.322,974319.0,1734544800000
605.335,605.6001,605.2,605.2125,455282.0,1734545700000
605.21,605.659,605.1311,605.3,776616.0,1734546600000
605.28,605.67,605.21,605.47,1778240.0,1734547500000
605.54,605.54,600.67,600.95,6163439.0,1734548400000
600.942,601.7,600.03,600.08,3367953.0,1734549300000
600.1,601.25,599.28,599.63,2925862.0,1734550200000
599.6,599.68,596.09,596.44,3862144.0,1734551100000
596.455,596.91,594.67,595.1,4810052.0,1734552000000
595.11,595.89,592.92,593.14,5883806.0,1734552900000
593.13,593.9,586.62,586.85,10397355.0,1734553800000
586.86,590.67,585.89,586.3,18672081.0,1734554700000
591.36,593.0,590.6,591.14,4500084.0,1734618600000
591.16,592.06,589.81,590.53,2369884.0,1734619500000
590.515,590.92,588.7001,590.72,2633836.0,1734620400000
590.68,590.78,588.65,588.7,3411928.0,1734621300000
588.67,589.86,587.79,589.595,4049196.0,1734622200000
589.6,590.3598,588.6475,589.72,1732117.0,1734623100000
589.72,589.72,587.823,588.067,2959496.0,1734624000000
588.07,590.96,586.6072,590.79,2673051.0,1734624900000
590.77,591.4,589.92,590.565,3223151.0,1734625800000
590.54,590.96,589.55,589.8797,1074755.0,1734626700000
589.86,590.1487,589.37,589.46,1622734.0,1734627600000
589.46,589.64,587.85,588.01,1580549.0,1734628500000
588.01,588.81,587.4605,588.065,1787021.0,1734629400000
588.11,589.14,587.49,589.06,1486490.0,1734630300000
589.02,589.08,587.28,589.01,1532253.0,1734631200000
589.005,589.73,588.37,589.63,1612508.0,1734632100000
589.5839,590.28,589.23,589.85,1230882.0,1734633000000
589.84,591.26,589.62,591.25,1352252.0,1734633900000
591.22,591.26,589.3,589.36,1903881.0,1734634800000
589.34,589.7,588.81,589.23,2019646.0,1734635700000
589.25,589.32,588.37,588.67,1590577.0,1734636600000
588.66,589.17,588.05,588.06,1948129.0,1734637500000
588.09,588.4,587.41,588.19,1648846.0,1734638400000
588.2,589.43,588.16,588.61,4054660.0,1734639300000
588.63,589.22,586.62,588.49,3453687.0,1734640200000
588.44,588.54,585.85,586.12,10642759.0,1734641100000
581.77,584.18,581.15,582.84,7296876.0,1734705000000
582.87,583.24,580.91,582.06,2660964.0,1734705900000
582.09,584.495,582.08,584.41,2400114.0,1734706800000
584.362,587.09,584.08,586.975,2890351.0,1734707700000
586.97,588.86,586.92,588.51,3936697.0,1734708600000
588.49,589.28,587.95,588.26,1973279.0,1734709500000
588.29,591.065,581.5183,591.05,10511865.0,1734710400000
591.04,592.34,590.79,592.3387,2798506.0,1734711300000
592.34,594.9,592.25,594.83,3496940.0,1734712200000
594.83,594.83,593.18,594.42,2629962.0,1734713100000
594.41,594.98,593.81,594.83,1771557.0,1734714000000
594.815,595.75,594.55,595.61,1589942.0,1734714900000
595.62,595.63,593.86,594.64,1917866.0,1734715800000
594.635,595.36,594.26,594.55,2988917.0,1734716700000
594.56,594.6195,593.55,593.66,2248253.0,1734717600000
593.66,593.76,592.15,592.1687,3273581.0,1734718500000
592.17,592.92,592.095,592.385,2219359.0,1734719400000
592.4,593.4,591.85,592.0699,2385648.0,1734720300000
592.02,592.39,591.62,592.11,2819541.0,1734721200000
592.13,593.33,591.96,593.28,1550181.0,1734722100000
593.22,593.94,593.08,593.23,2164226.0,1734723000000
593.23,593.3,592.21,592.4999,1373737.0,1734723900000
592.5,592.89,592.25,592.3,1531614.0,1734724800000
592.28,592.42,591.56,591.77,2377080.0,1734725700000
591.79,592.21,589.97,591.5,4602425.0,1734726600000
591.49,592.38,589.47,590.87,18479366.0,1734727500000
590.89,591.77,590.5,590.57,2597889.0,1734964200000
590.57,590.825,589.18,590.45,1853085.0,1734965100000
590.42,590.6099,587.661,588.8397,2046801.0,1734966000000
588.76,590.0,588.68,589.3,1073025.0,1734966900000
589.3,590.15,589.0101,589.17,966133.0,1734967800000
589.2,589.81,588.71,589.08,841922.0,1734968700000
589.06,590.28,588.96,590.015,823247.0,1734969600000
590.04,590.84,589.93,590.6569,807434.0,1734970500000
590.67,591.75,590.18,591.66,1548722.0,1734971400000
591.67,592.5699,591.43,592.51,1205018.0,1734972300000
592.51,593.12,592.03,592.07,852409.0,1734973200000
592.07,592.44,591.3401,592.13,749881.0,1734974100000
592.13,592.52,591.7001,592.52,830691.0,1734975000000
592.52,592.94,592.5,592.5995,658466.0,1734975900000
592.595,593.4,592.41,593.14,848430.0,1734976800000
593.17,593.4,592.72,593.2997,989620.0,1734977700000
593.27,593.93,593.25,593.62,1520938.0,1734978600000
593.62,593.905,593.3,593.67,656595.0,1734979500000
593.67,594.04,593.61,594.015,676851.0,1734980400000
594.015,594.31,593.66,593.86,829174.0,1734981300000
593.89,594.03,593.16,593.45,1211571.0,1734982200000
593.455,593.64,592.92,592.98,1115492.0,1734983100000
592.93,593.18,592.25,593.07,1254291.0,1734984000000
593.06,593.4099,592.26,593.305,1751715.0,1734984900000
593.315,594.69,593.2694,594.34,3539071.0,1734985800000
594.35,595.3,594.16,594.78,7396576.0,1734986700000
596.06,596.99,595.47,596.795,1664730.0,1735050600000
596.8,597.28,596.57,597.2,1155033.0,1735051500000
597.2,598.13,597.2,598.12,1247765.0,1735052400000
598.13,598.34,597.83,598.2,1429313.0,1735053300000
598.23,599.3,598.16,599.25,1268463.0,1735054200000
599.24,599.3701,598.67,599.18,1582499.0,1735055100000
599.17,599.37,598.8,599.03,738283.0,1735056000000
599.0201,599.36,599.0,599.25,1069052.0,1735056900000
599.24,599.79,599.0722,599.75,709583.0,1735057800000
599.76,599.81,598.84,599.0117,1287142.0,1735058700000
599.04,599.89,598.9,599.88,860296.0,1735059600000
599.88,600.33,599.71,600.1601,1405620.0,1735060500000
600.17,600.32,599.15,599.92,2092711.0,1735061400000
599.91,601.34,599.575,601.26,5761124.0,1735062300000
601.23,601.3,601.23,601.3,958485.0,1735063200000
599.5,600.27,599.41,599.8659,1807852.0,1735223400000
599.87,600.22,598.0825,599.9,1284267.0,1735224300000
599.92,600.4,599.47,599.77,1158081.0,1735225200000
599.77,600.32,599.41,600.29,995939.0,1735226100000
600.285,600.47,599.79,599.97,819612.0,1735227000000
599.95,600.91,599.85,600.88,789503.0,1735227900000
600.89,601.19,600.61,601.12,570280.0,1735228800000
601.13,601.2785,600.53,600.83,894292.0,1735229700000
600.84,601.84,600.8,601.75,737461.0,1735230600000
601.7604,601.91,601.51,601.81,748775.0,1735231500000
601.84,602.11,601.74,602.06,465302.0,1735232400000
602.07,602.48,601.4825,601.51,823517.0,1735233300000
601.51,602.05,601.42,601.59,612613.0,1735234200000
601.625,601.68,600.35,600.99,1298331.0,1735235100000
600.9596,601.62,600.89,601.1599,485265.0,1735236000000
601.15,601.82,601.1,601.67,409674.0,1735236900000
601.68,601.77,600.75,600.96,589915.0,1735237800000
600.98,601.6,600.9232,601.32,602621.0,1735238700000
601.265,601.27,600.68,600.86,718092.0,1735239600000
600.815,601.13,600.66,600.9,879284.0,1735240500000
600.97,601.54,600.8403,601.41,515980.0,1735241400000
601.42,601.81,601.41,601.745,1401744.0,1735242300000
601.74,602.1,601.4301,601.4616,800117.0,1735243200000
601.47,601.97,601.42,601.79,741924.0,1735244100000
601.79,601.93,601.49,601.72,1396878.0,1735245000000
601.75,602.025,601.06,601.25,3040407.0,1735245900000
597.54,597.7761,596.49,596.52,2683987.0,1735309800000
596.51,597.63,596.43,596.82,1440015.0,1735310700000
596.82,597.01,593.715,594.03,3067220.0,1735311600000
594.04,594.55,592.79,593.21,2513290.0,1735312500000
593.17,594.13,592.25,593.89,1738776.0,1735313400000
593.83,594.57,593.37,593.98,1814477.0,1735314300000
593.96,593.9713,592.46,592.52,1252949.0,1735315200000
592.54,594.55,592.53,594.519,2137752.0,1735316100000
594.4901,594.6799,593.1003,593.12,1822440.0,1735317000000
593.12,593.46,591.5801,592.0301,1963590.0,1735317900000
592.03,592.34,591.08,591.41,1597160.0,1735318800000
591.4,591.84,590.8,591.53,1293877.0,1735319700000
591.5301,592.46,590.7647,591.52,1465807.0,1735320600000
591.52,592.24,591.01,592.1,870217.0,1735321500000
592.08,592.915,591.8701,592.5,4320144.0,1735322400000
592.5,592.95,592.25,592.54,908929.0,1735323300000
592.5266,593.46,592.33,593.35,1146514.0,1735324200000
593.36,594.12,592.91,594.01,879208.0,1735325100000
593.97,594.41,593.6221,594.145,847444.0,1735326000000
594.14,594.64,593.81,593.97,1140538.0,1735326900000
593.97,594.98,593.75,594.88,926936.0,1735327800000
594.89,595.53,594.73,595.26,1015569.0,1735328700000
595.26,595.26,593.36,593.5599,1561306.0,1735329600000
593.55,593.88,593.1801,593.65,1157062.0,1735330500000
593.66,593.75,592.54,592.71,2051265.0,1735331400000
592.71,595.4,592.71,594.99,10046856.0,1735332300000
587.89,588.01,585.67,586.15,3329073.0,1735569000000
586.17,586.61,585.19,585.22,2205403.0,1735569900000
585.21,586.21,584.6301,586.03,3251026.0,1735570800000
586.03,586.03,584.41,584.77,1756784.0,1735571700000
584.76,586.88,584.75,586.658,1466386.0,1735572600000
586.64,587.4,585.25,587.11,1446035.0,1735573500000
587.08,587.72,586.41,587.385,4508342.0,1735574400000
587.37,588.465,587.31,587.99,1631558.0,1735575300000
587.97,589.63,587.9301,589.43,950739.0,1735576200000
589.42,589.52,588.22,589.295,1018218.0,1735577100000
589.28,590.09,589.1501,589.67,1075760.0,1735578000000
589.6401,590.5499,589.58,590.44,932291.0,1735578900000
590.45,590.74,590.07,590.6849,764196.0,1735579800000
590.65,591.47,589.65,591.09,1186649.0,1735580700000
591.0499,591.61,590.135,591.44,577899.0,1735581600000
591.41,591.74,589.97,590.59,594293.0,1735582500000
590.51,591.36,590.35,591.16,549938.0,1735583400000
591.165,591.53,590.85,591.1,3288023.0,1735584300000
591.12,591.27,589.79,590.15,813267.0,1735585200000
590.17,590.55,589.42,590.34,995125.0,1735586100000
590.32,590.91,590.18,590.46,739788.0,1735587000000
590.48,591.14,590.45,590.92,944301.0,1735587900000
590.9,591.02,590.14,590.82,1587623.0,1735588800000
590.82,591.21,589.56,589.59,1257116.0,1735589700000
589.59,590.13,589.2921,589.8,1935988.0,1735590600000
589.79,590.64,588.07,588.23,4667223.0,1735591500000
589.905,590.58,588.5559,589.125,2081535.0,1735655400000
589.15,590.15,588.785,590.015,1594194.0,1735656300000
590.01,590.6399,588.1701,589.13,1066628.0,1735657200000
589.12,590.54,588.84,589.61,1454786.0,1735658100000
589.61,590.06,588.6,588.85,848413.0,1735659000000
588.89,589.42,588.57,588.66,770416.0,1735659900000
588.69,588.8,587.36,587.95,1114719.0,1735660800000
587.9,588.07,586.82,586.95,838444.0,1735661700000
586.9499,587.48,586.54,587.3471,1006634.0,1735662600000
587.32,587.84,586.8,587.045,861420.0,1735663500000
587.06,587.4,586.32,586.85,956584.0,1735664400000
586.8405,587.28,585.74,585.8887,931325.0,1735665300000
585.86,586.0,584.9,585.27,1641800.0,1735666200000
585.28,587.31,585.09,587.22,1587299.0,1735667100000
587.225,587.68,586.35,586.45,1217171.0,1735668000000
586.45,586.82,584.79,585.01,1162082.0,1735668900000
585.015,586.0299,584.92,585.88,968417.0,1735669800000
585.88,586.51,585.33,585.34,792135.0,1735670700000
585.36,586.5599,584.58,586.41,1775389.0,1735671600000
586.425,586.5,584.79,584.94,1435581.0,1735672500000
584.92,585.47,584.42,585.1,1730129.0,1735673400000
585.08,586.34,584.87,586.33,1399535.0,1735674300000
586.31,586.83,585.17,585.39,1728789.0,1735675200000
585.39,587.3,585.19,587.2301,1869350.0,1735676100000
587.23,587.4999,586.0301,586.27,2116298.0,1735677000000
586.24,587.13,584.97,586.01,10457705.0,1735677900000
589.39,589.65,586.14,587.14,3528230.0,1735828200000
587.15,590.52,587.0,590.17,2170081.0,1735829100000
590.18,591.13,589.8,590.6,1879138.0,1735830000000
590.6,590.86,587.3121,587.83,1947386.0,1735830900000
587.81,588.19,586.34,587.0517,1258679.0,1735831800000
587.025,588.78,586.4,587.61,1094139.0,1735832700000
587.59,587.8,585.2,586.45,1792229.0,1735833600000
586.46,587.7,586.01,587.5301,960657.0,1735834500000
587.47,588.54,587.12,587.93,741249.0,1735835400000
587.91,588.77,587.35,587.88,759036.0,1735836300000
587.875,588.67,587.27,588.31,542501.0,1735837200000
588.28,588.34,584.21,584.49,1263123.0,1735838100000
584.47,584.4733,581.43,582.17,2976252.0,1735839000000
582.2735,583.25,580.94,582.86,2397948.0,1735839900000
582.86,583.09,581.2501,581.69,1876225.0,1735840800000
581.71,582.58,581.09,582.36,1321431.0,1735841700000
582.325,582.38,580.75,582.32,2331730.0,1735842600000
582.2695,583.4505,580.5,581.9,1560368.0,1735843500000
581.9,583.09,581.41,582.0899,1344359.0,1735844400000
582.07,583.505,581.9,583.28,987114.0,1735845300000
583.265,583.28,582.1,582.82,879321.0,1735846200000
582.83,583.99,582.02,582.1305,1283237.0,1735847100000
582.16,584.69,582.14,584.36,1274442.0,1735848000000
584.34,584.81,583.8599,584.47,1218432.0,1735848900000
584.48,585.37,583.5502,584.1605,1796856.0,1735849800000
584.16,585.06,583.81,584.58,4020389.0,1735850700000
587.53,589.545,586.91,589.29,3062300.0,1735914600000
589.2808,589.46,586.79,588.01,2218980.0,1735915500000
588.02,589.46,587.441,588.16,1600663.0,1735916400000
588.17,588.6,586.43,588.22,1569305.0,1735917300000
588.24,589.4595,587.55,588.98,1113531.0,1735918200000
588.97,589.34,588.405,589.15,705309.0,1735919100000
589.18,589.85,588.12,588.5399,995500.0,1735920000000
588.55,589.65,588.325,589.63,726613.0,1735920900000
589.6,590.8,589.555,590.67,976869.0,1735921800000
590.65,590.99,590.3024,590.3861,802357.0,1735922700000
590.39,591.01,590.26,590.31,663941.0,1735923600000
590.295,590.8899,590.04,590.145,750419.0,1735924500000
590.15,590.5,589.9,590.28,483729.0,1735925400000
590.305,590.76,590.09,590.69,834688.0,1735926300000
590.69,590.77,590.2,590.69,772546.0,1735927200000
590.69,591.5,590.6101,591.495,1121002.0,1735928100000
591.5,591.8401,591.16,591.64,921268.0,1735929000000
591.64,591.81,591.05,591.29,649797.0,1735929900000
591.31,591.98,591.11,591.89,776780.0,1735930800000
591.91,592.2,591.765,592.1,814048.0,1735931700000
592.08,592.6,592.0,592.38,931088.0,1735932600000
592.36,592.52,591.88,592.07,951482.0,1735933500000
592.04,592.04,591.43,591.9199,1020190.0,1735934400000
591.91,592.0,591.67,591.93,872755.0,1735935300000
591.93,591.97,591.375,591.56,1506033.0,1735936200000
591.56,592.21,591.05,591.87,5594331.0,1735937100000
596.27,597.78,595.9,597.19,3857006.0,1736173800000
597.19,598.27,597.18,597.88,1876592.0,1736174700000
597.9,598.84,597.68,598.73,1581951.0,1736175600000
598.7299,599.0,598.08,598.89,1245740.0,1736176500000
598.91,598.9499,598.07,598.45,1893232.0,1736177400000
598.43,599.22,598.43,598.87,1156724.0,1736178300000
598.88,599.19,598.48,599.07,789698.0,1736179200000
599.07,599.51,598.9,599.509,1174947.0,1736180100000
599.492,599.7,599.35,599.48,1106747.0,1736181000000
599.485,599.5695,599.17,599.46,588414.0,1736181900000
599.46,599.465,598.8,598.925,529440.0,1736182800000
598.93,599.12,598.37,598.57,917592.0,1736183700000
598.53,598.74,597.7,597.985,1224178.0,1736184600000
597.985,598.1303,597.4,597.75,1036887.0,1736185500000
597.75,597.79,596.58,597.29,1027040.0,1736186400000
597.31,597.56,596.8101,597.39,840882.0,1736187300000
597.37,597.4299,596.31,596.46,812405.0,1736188200000
596.49,598.6987,595.59,595.67,1011765.0,1736189100000
595.63,595.81,594.88,595.54,1512784.0,1736190000000
595.535,595.85,595.31,595.35,1130561.0,1736190900000
595.37,595.58,594.83,595.305,1236661.0,1736191800000
595.28,595.58,594.2603,594.35,1416408.0,1736192700000
594.32,594.87,594.04,594.5199,1846749.0,1736193600000
594.51,595.26,594.26,595.055,1216860.0,1736194500000
595.055,595.46,594.48,594.58,2049993.0,1736195400000
594.61,595.5,593.6,595.4,5959300.0,1736196300000
597.42,597.75,596.1,596.915,1678877.0,1736260200000
596.91,597.3049,596.23,596.34,1089975.0,1736261100000
596.34,596.34,592.69,593.09,3323706.0,1736262000000
593.0687,594.5601,592.03,593.6,2480512.0,1736262900000
593.61,593.75,590.74,591.28,2590746.0,1736263800000
591.18,593.49,590.27,593.44,2109797.0,1736264700000
593.45,593.72,592.12,592.48,1545522.0,1736265600000
592.44,593.45,592.05,593.11,1113154.0,1736266500000
593.02,593.26,591.41,592.25,1278809.0,1736267400000
592.25,592.72,590.51,590.7,870920.0,1736268300000
590.715,591.41,590.47,591.385,1062497.0,1736269200000
591.37,591.73,590.2125,590.62,1007525.0,1736270100000
590.65,591.58,590.3,590.41,648402.0,1736271000000
590.395,590.99,589.64,590.905,990411.0,1736271900000
590.91,591.9513,590.84,591.83,963912.0,1736272800000
591.85,592.409,591.52,592.28,754063.0,1736273700000
592.28,595.2308,590.73,590.955,1388522.0,1736274600000
590.98,591.31,590.828,591.0,509719.0,1736275500000
591.0,591.57,590.88,591.13,601609.0,1736276400000
591.13,591.16,590.55,591.07,1095098.0,1736277300000
591.06,591.1,589.83,590.65,1303921.0,1736278200000
590.64,590.85,589.92,590.02,682360.0,1736279100000
590.02,590.13,588.68,588.88,1602393.0,1736280000000
588.905,589.11,587.69,587.83,2281663.0,1736280900000
587.82,588.55,586.78,587.7,5417737.0,1736281800000
587.74,588.8502,587.48,588.72,6255118.0,1736282700000
588.7,588.77,587.15,587.79,2521791.0,1736346600000
587.76,588.52,586.5001,587.38,1824806.0,1736347500000
587.3,588.73,586.35,586.43,1677919.0,1736348400000
586.45,587.37,586.0,586.475,1982777.0,1736349300000
586.47,588.19,586.38,587.2,1273198.0,1736350200000
587.24,588.49,586.81,588.42,1133611.0,1736351100000
588.42,588.5,587.205,588.095,849814.0,1736352000000
588.08,588.72,587.72,588.11,656963.0,1736352900000
588.12,589.94,588.12,589.7465,1095181.0,1736353800000
589.76,589.76,588.9805,589.43,539794.0,1736354700000
589.4254,589.4595,587.167,587.31,718386.0,1736355600000
587.28,587.59,585.38,585.63,1550202.0,1736356500000
585.64,586.52,585.195,586.5,1787074.0,1736357400000
586.48,587.26,585.98,586.9432,1223034.0,1736358300000
586.94,588.48,586.88,588.23,1024478.0,1736359200000
588.24,589.57,588.09,589.11,1073616.0,1736360100000
589.12,589.41,588.69,589.19,614450.0,1736361000000
589.16,589.16,586.96,587.77,1003449.0,1736361900000
587.8,589.52,587.09,588.095,1956634.0,1736362800000
588.15,590.5799,588.1,590.2716,1976873.0,1736363700000
590.28,590.28,588.2,588.48,1058259.0,1736364600000
588.46,588.93,588.17,588.53,878098.0,1736365500000
588.54,588.99,587.88,587.905,1115236.0,1736366400000
587.92,589.29,587.92,589.09,873453.0,1736367300000
589.105,589.27,588.23,588.87,1211395.0,1736368200000
588.87,589.79,588.67,589.42,6671962.0,1736369100000
585.88,585.95,583.34,584.48,3677164.0,1736519400000
584.52,584.91,582.28,582.98,2968996.0,1736520300000
582.39,582.95,579.15,579.55,5831440.0,1736521200000
579.55,581.96,579.525,581.89,3250244.0,1736522100000
581.9,582.73,581.47,581.98,2585907.0,1736523000000
581.97,583.2288,580.92,581.1,2209196.0,1736523900000
581.1,581.37,579.95,580.08,1941010.0,1736524800000
580.08,580.6499,579.59,579.86,1502508.0,1736525700000
579.87,580.61,578.78,580.54,1870019.0,1736526600000
580.53,580.81,579.01,579.095,1776137.0,1736527500000
579.12,579.34,578.55,579.03,1296007.0,1736528400000
579.03,580.09,578.86,580.0,1362283.0,1736529300000
579.98,581.15,579.9,580.98,1346645.0,1736530200000
580.95,581.71,580.58,581.56,1672213.0,1736531100000
581.55,582.39,580.98,582.14,1320745.0,1736532000000
582.16,583.75,581.775,583.24,1494276.0,1736532900000
583.24,583.83,582.62,583.35,1214349.0,1736533800000
583.38,584.5,583.06,584.42,1110193.0,1736534700000
584.435,584.46,581.62,582.06,2328376.0,1736535600000
582.07,582.98,581.58,582.6,1400850.0,1736536500000
582.61,582.62,581.58,581.9,1270836.0,1736537400000
581.91,582.5,581.23,582.1,1297521.0,1736538300000
582.09,582.37,580.61,580.74,1715935.0,1736539200000
580.71,581.025,579.97,580.33,2769174.0,1736540100000
580.3318,581.12,579.7,580.43,3344535.0,1736541000000
580.43,581.04,579.78,580.51,5653552.0,1736541900000
575.77,576.9,575.35,576.87,3555343.0,1736778600000
576.85,578.32,576.105,577.87,2092289.0,1736779500000
577.88,578.62,576.86,576.88,1488848.0,1736780400000
576.91,577.94,575.94,576.02,1779217.0,1736781300000
576.073,578.8771,576.03,578.655,1398311.0,1736782200000
578.67,579.18,577.72,577.9,1152840.0,1736783100000
577.9,578.14,576.86,577.125,1092142.0,1736784000000
577.12,577.65,576.77,576.99,1205111.0,1736784900000
576.97,578.21,576.66,577.99,1450614.0,1736785800000
577.99,578.04,575.88,576.0,757720.0,1736786700000
576.02,577.68,575.68,577.61,1120255.0,1736787600000
577.6,578.53,577.47,578.23,930736.0,1736788500000
578.2,578.44,577.6,577.81,947447.0,1736789400000
577.8,579.55,577.75,579.46,712562.0,1736790300000
579.46,579.75,578.9701,579.52,917559.0,1736791200000
579.56,579.72,578.88,579.72,942579.0,1736792100000
579.69,580.15,579.37,579.46,1042490.0,1736793000000
579.455,580.285,579.37,580.01,1447886.0,1736793900000
580.01,580.2,579.2595,579.3858,870839.0,1736794800000
579.41,580.36,578.97,580.31,961976.0,1736795700000
580.29,581.0,579.7,580.7122,1230361.0,1736796600000
580.72,580.73,579.57,580.4816,1174828.0,1736797500000
580.47,580.67,579.93,580.33,946749.0,1736798400000
580.31,580.97,579.89,580.1,1595335.0,1736799300000
580.1,580.52,579.87,580.11,1496251.0,1736800200000
580.09,581.75,579.93,581.54,4676307.0,1736801100000
584.36,585.0,583.3,584.8051,2915741.0,1736865000000
584.79,584.939,581.97,582.3,1979626.0,1736865900000
582.3,584.56,582.16,584.05,1852392.0,1736866800000
584.0593,584.64,582.87,583.15,1292165.0,1736867700000
583.1752,583.61,582.1229,583.52,1054607.0,1736868600000
583.47,583.559,581.79,581.79,1472141.0,1736869500000
581.81,581.9407,580.18,580.85,1478000.0,1736870400000
580.85,581.9599,580.5,580.86,1090891.0,1736871300000
580.83,581.4,579.44,579.5,1580515.0,1736872200000
579.53,579.7681,578.77,578.77,1566304.0,1736873100000
578.75,579.93,578.57,579.5501,1279239.0,1736874000000
579.56,580.13,579.04,579.72,712493.0,1736874900000
579.71,580.31,578.35,580.12,1218125.0,1736875800000
580.12,580.56,579.7,580.22,735526.0,1736876700000
580.21,581.01,580.1,580.81,1557869.0,1736877600000
580.78,582.237,580.59,582.02,712635.0,1736878500000
582.02,583.16,581.79,583.03,1448277.0,1736879400000
583.02,583.755,580.356,583.49,1338681.0,1736880300000
583.47,583.6,582.85,583.26,1550296.0,1736881200000
583.24,583.81,583.01,583.04,799294.0,1736882100000
583.04,583.74,582.91,583.11,748359.0,1736883000000
583.1025,583.16,580.39,580.56,1514437.0,1736883900000
580.55,580.87,578.9,579.52,2191718.0,1736884800000
579.53,580.62,579.53,580.49,1361007.0,1736885700000
580.47,580.84,579.58,580.26,1866455.0,1736886600000
580.28,582.29,580.2,582.19,5671167.0,1736887500000
590.325,591.24,589.195,591.16,4536082.0,1736951400000
591.16,592.14,591.02,591.93,2390099.0,1736952300000
591.95,592.67,591.56,592.29,1960621.0,1736953200000
592.3,592.97,592.09,592.33,1838044.0,1736954100000
592.34,592.53,591.27,591.71,1475867.0,1736955000000
591.69,591.9785,591.09,591.17,1149842.0,1736955900000
591.17,592.0,590.98,591.56,1003327.0,1736956800000
591.54,591.81,590.71,591.0201,1050993.0,1736957700000
591.02,591.02,589.65,589.8,1603351.0,1736958600000
589.85,590.19,589.5,590.0268,895653.0,1736959500000
590.03,591.16,589.92,590.95,768007.0,1736960400000
590.96,591.38,590.5,591.12,734198.0,1736961300000
591.12,591.91,591.1,591.85,793371.0,1736962200000
591.85,591.95,590.89,591.0,701024.0,1736963100000
591.0,591.86,591.0,591.6399,420723.0,1736964000000
591.635,592.27,591.61,592.27,737344.0,1736964900000
592.255,592.5,591.98,592.385,726322.0,1736965800000
592.4,592.66,592.28,592.53,435736.0,1736966700000
592.53,592.85,592.4601,592.78,933597.0,1736967600000
592.77,593.14,592.44,593.1,1009959.0,1736968500000
593.12,593.72,593.06,593.1168,1614142.0,1736969400000
593.14,593.5299,593.02,593.4,899881.0,1736970300000
593.4,593.82,593.29,593.705,2034251.0,1736971200000
593.7,593.94,593.5,593.69,1817261.0,1736972100000
593.68,593.84,593.08,593.405,2147821.0,1736973000000
593.4,593.69,592.68,592.78,8464824.0,1736973900000
594.175,594.3,592.96,593.15,2359471.0,1737037800000
593.15,593.19,592.065,592.185,1592663.0,1737038700000
592.18,593.21,591.32,591.98,1648203.0,1737039600000
591.98,592.95,591.87,592.2828,868306.0,1737040500000
592.27,593.0786,591.78,592.4426,824233.0,1737041400000
592.43,593.46,591.92,593.46,675239.0,1737042300000
593.44,594.35,593.3,593.44,1603193.0,1737043200000
593.475,593.69,592.54,593.3601,1074790.0,1737044100000
593.34,593.54,591.82,592.35,1045214.0,1737045000000
592.39,593.57,592.3,593.5055,640635.0,1737045900000
593.495,593.685,593.282,593.53,541313.0,1737046800000
593.55,593.81,592.785,593.78,609015.0,1737047700000
593.78,593.8,593.0025,593.12,473619.0,1737048600000
593.12,593.38,592.8101,592.9799,407502.0,1737049500000
592.97,593.54,592.91,593.055,506554.0,1737050400000
593.0501,593.11,592.11,592.26,573105.0,1737051300000
592.26,592.4,591.5801,591.78,1348372.0,1737052200000
591.81,591.8978,590.93,591.4,1592766.0,1737053100000
591.38,592.38,591.075,592.15,772359.0,1737054000000
592.15,592.6126,591.56,592.465,689659.0,1737054900000
592.47,592.83,592.185,592.5495,582311.0,1737055800000
592.54,593.08,592.22,592.93,902183.0,1737056700000
592.93,593.33,592.74,592.75,1397369.0,1737057600000
592.73,592.94,591.94,592.29,1631673.0,1737058500000
592.29,593.139,592.26,593.03,1403046.0,1737059400000
593.04,593.2,591.48,591.7,5197129.0,1737060300000
596.96,597.3,595.61,596.12,4129354.0,1737124200000
596.13,597.245,595.9,596.29,1781417.0,1737125100000
596.32,597.54,596.27,597.16,2369277.0,1737126000000
597.11,597.34,596.05,596.97,1728182.0,1737126900000
596.99,597.72,596.78,597.41,7005696.0,1737127800000
597.43,598.18,597.21,598.16,1740509.0,1737128700000
598.14,598.33,597.7139,598.19,1103759.0,1737129600000
598.2,599.1,598.07,598.77,1398124.0,1737130500000
598.77,598.94,598.1,598.68,905162.0,1737131400000
598.68,598.78,598.12,598.295,724921.0,1737132300000
598.28,598.63,597.82,598.59,1022979.0,1737133200000
598.6,599.04,598.515,598.9812,856726.0,1737134100000
599.0,599.1,598.63,598.92,675905.0,1737135000000
598.935,599.07,598.53,598.87,620310.0,1737135900000
598.89,599.3,598.5651,599.17,967774.0,1737136800000
599.175,599.36,599.0036,599.03,853398.0,1737137700000
599.03,599.11,598.52,598.625,1378968.0,1737138600000
598.64,598.95,598.1701,598.59,1168480.0,1737139500000
598.5513,598.72,598.16,598.52,1961465.0,1737140400000
598.52,598.76,598.08,598.447,1197862.0,1737141300000
598.48,598.71,598.31,598.48,1275514.0,1737142200000
598.5,598.62,598.02,598.24,1071150.0,1737143100000
598.22,598.35,597.53,598.04,1329260.0,1737144000000
598.04,598.4699,597.97,598.1,1483390.0,1737144900000
598.095,598.59,598.06,598.29,1969435.0,1737145800000
598.3,598.56,597.35,597.57,5995638.0,1737146700000
600.67,601.13,599.6002,600.18,2734325.0,1737469800000
600.17,601.47,599.53,600.52,1628057.0,1737470700000
600.5476,600.55,598.67,598.93,1432734.0,1737471600000
598.96,600.4006,598.76,600.355,1178763.0,1737472500000
600.33,600.62,599.71,600.38,852144.0,1737473400000
600.37,600.57,599.43,600.3701,963181.0,1737474300000
600.36,600.86,599.83,600.82,677467.0,1737475200000
600.815,600.94,600.53,600.78,643605.0,1737476100000
600.77,601.0591,600.26,600.315,998780.0,1737477000000
600.33,601.47,600.315,601.38,781787.0,1737477900000
601.35,601.51,601.03,601.2799,518533.0,1737478800000
601.28,601.78,600.93,601.58,632096.0,1737479700000
601.58,602.13,601.5415,601.96,866163.0,1737480600000
601.95,602.49,601.91,602.445,1096589.0,1737481500000
602.44,602.58,602.0725,602.5,939736.0,1737482400000
602.5,602.88,602.4451,602.59,622375.0,1737483300000
602.6,602.78,602.2102,602.45,801495.0,1737484200000
602.46,602.68,601.2617,602.62,417767.0,1737485100000
602.615,602.82,602.42,602.56,865718.0,1737486000000
602.555,602.57,601.9,602.37,1283644.0,1737486900000
602.38,602.39,601.69,601.89,1017396.0,1737487800000
601.89,602.19,601.67,602.16,1190172.0,1737488700000
602.18,602.29,601.995,602.225,944970.0,1737489600000
602.23,602.78,602.17,602.71,1598425.0,1737490500000
602.72,602.8,602.15,602.565,2338301.0,1737491400000
602.565,602.98,602.35,602.92,5331178.0,1737492300000
605.92,606.0798,605.36,605.76,2744904.0,1737556200000
605.79,606.57,605.63,606.4906,1320899.0,1737557100000
606.5,606.91,606.0,606.74,2106330.0,1737558000000
606.73,607.04,606.57,606.7,1405336.0,1737558900000
606.72,607.08,606.58,606.98,1159407.0,1737559800000
607.01,607.01,606.48,606.5513,2035294.0,1737560700000
606.55,606.81,606.26,606.41,1852018.0,1737561600000
606.44,607.24,606.42,607.2375,840364.0,1737562500000
607.232,607.7,607.195,607.46,970210.0,1737563400000
607.46,607.78,607.27,607.65,715323.0,1737564300000
607.65,607.82,607.3,607.3,746701.0,1737565200000
607.31,607.68,607.3,607.55,914667.0,1737566100000
607.56,607.7,607.33,607.38,515171.0,1737567000000
607.3995,607.58,607.3,607.31,506956.0,1737567900000
607.3,607.42,607.14,607.245,551786.0,1737568800000
607.25,607.42,606.9412,607.0663,1261189.0,1737569700000
607.08,607.5,607.01,607.49,396868.0,1737570600000
607.4915,607.6267,607.02,607.04,423466.0,1737571500000
607.04,607.19,606.83,607.08,691555.0,1737572400000
607.09,607.35,606.87,606.905,812284.0,1737573300000
606.91,607.2709,606.7801,607.21,746078.0,1737574200000
607.22,607.62,607.14,607.6,570088.0,1737575100000
607.59,607.62,607.255,607.42,604405.0,1737576000000
607.41,607.4374,607.08,607.12,1139385.0,1737576900000
607.12,607.35,606.79,606.885,3165640.0,1737577800000
606.87,607.04,606.23,606.34,5552824.0,1737578700000
605.8,606.28,605.52,606.175,1540031.0,1737642600000
606.18,606.3,605.95,606.2259,761710.0,1737643500000
606.24,606.25,605.62,606.045,824885.0,1737644400000
606.05,606.12,605.675,605.73,874051.0,1737645300000
605.72,606.54,605.65,606.52,739558.0,1737646200000
606.535,606.91,606.48,606.89,816152.0,1737647100000
606.9,607.31,606.38,607.1403,1605891.0,1737648000000
607.16,607.55,606.89,607.51,910144.0,1737648900000
607.5,607.61,607.08,607.51,1443069.0,1737649800000
607.52,607.87,607.145,607.25,2000354.0,1737650700000
607.25,607.4,606.94,607.385,1087095.0,1737651600000
607.38,607.42,607.1,607.17,1217657.0,1737652500000
607.17,607.2298,606.9,607.2,806924.0,1737653400000
607.195,607.69,607.15,607.68,561525.0,1737654300000
607.68,608.08,607.5999,608.0225,679131.0,1737655200000
608.025,608.3,607.9,607.985,936583.0,1737656100000
608.0,608.25,607.79,607.92,409206.0,1737657000000
607.93,608.0,607.67,607.75,524918.0,1737657900000
607.73,607.82,607.31,607.38,621258.0,1737658800000
607.3976,607.81,607.31,607.66,675114.0,1737659700000
607.67,607.9695,607.67,607.81,648438.0,1737660600000
607.8,608.01,607.68,607.825,552740.0,1737661500000
607.79,608.08,607.6,608.04,1196556.0,1737662400000
608.04,608.27,607.92,608.095,807609.0,1737663300000
608.09,608.095,607.69,607.78,1437541.0,1737664200000
607.78,609.74,607.76,609.71,5271481.0,1737665100000
609.81,610.37,609.65,610.215,1844454.0,1737729000000
610.26,610.78,610.02,610.33,1538877.0,1737729900000
610.35,610.54,609.42,609.54,1131631.0,1737730800000
609.545,609.9,609.25,609.35,670051.0,1737731700000
609.35,609.65,609.06,609.28,566476.0,1737732600000
609.275,609.62,609.1801,609.1801,466550.0,1737733500000
609.18,609.72,609.08,609.55,643776.0,1737734400000
609.545,609.8898,609.41,609.8898,1611079.0,1737735300000
609.88,610.14,609.76,610.115,505055.0,1737736200000
610.11,610.325,609.39,609.53,703586.0,1737737100000
609.53,609.82,609.3,609.46,527889.0,1737738000000
609.455,610.05,609.32,609.43,721681.0,1737738900000
609.425,609.62,609.32,609.38,474202.0,1737739800000
609.38,609.52,608.52,608.7,1103307.0,1737740700000
608.6797,608.91,608.08,608.51,882939.0,1737741600000
608.535,608.71,608.37,608.43,666208.0,1737742500000
608.45,608.74,608.12,608.14,482851.0,1737743400000
608.16,608.38,607.2,607.421,835250.0,1737744300000
607.42,607.855,606.93,607.14,1090752.0,1737745200000
607.16,607.8,607.02,607.43,936718.0,1737746100000
607.4,607.62,607.32,607.46,535150.0,1737747000000
607.46,607.92,607.36,607.38,1067209.0,1737747900000
607.375,607.84,607.26,607.6075,1413783.0,1737748800000
607.605,607.635,606.94,607.07,1109342.0,1737749700000
607.08,607.42,606.8,607.115,2237589.0,1737750600000
607.115,608.15,607.01,607.95,4200095.0,1737751500000
594.81,598.45,594.64,597.57,7378115.0,1737988200000
597.61,598.665,597.46,598.62,2533309.0,1737989100000
598.59,598.7,597.37,597.73,2455729.0,1737990000000
597.71,599.21,596.67,599.0,2603071.0,1737990900000
598.99,599.69,598.72,599.465,1766309.0,1737991800000
599.45,599.56,598.04,598.08,2182817.0,1737992700000
598.09,598.25,597.02,597.45,2039011.0,1737993600000
597.45,597.93,596.29,596.51,1659127.0,1737994500000
596.5,597.13,596.24,596.705,1558713.0,1737995400000
596.68,597.79,596.35,596.81,1106411.0,1737996300000
596.85,597.81,596.2,597.11,1828606.0,1737997200000
597.17,598.04,596.39,597.65,1003958.0,1737998100000
597.6418,598.21,597.33,597.71,760318.0,1737999000000
597.71,597.71,596.15,596.2,928065.0,1737999900000
596.19,596.78,596.13,596.4,1409134.0,1738000800000
596.41,596.66,596.03,596.125,887846.0,1738001700000
596.11,597.43,596.07,597.21,1770110.0,1738002600000
597.19,597.26,596.37,596.58,758910.0,1738003500000
596.61,597.37,596.6,597.01,883614.0,1738004400000
597.05,599.12,596.96,599.01,1426013.0,1738005300000
598.985,598.99,597.56,597.64,1350390.0,1738006200000
597.64,597.67,596.27,596.94,2696874.0,1738007100000
596.94,597.6099,596.33,596.96,1663216.0,1738008000000
596.93,598.13,596.74,597.44,1990423.0,1738008900000
597.46,598.33,597.15,598.33,2287012.0,1738009800000
598.28,599.57,597.4,599.41,8033327.0,1738010700000
600.62,600.78,598.26,598.39,2947303.0,1738074600000
598.41,598.99,597.25,598.9351,1619909.0,1738075500000
598.9,600.91,598.842,600.83,1879280.0,1738076400000
600.82,602.79,600.64,602.46,1527116.0,1738077300000
602.49,602.56,601.73,602.42,1465958.0,1738078200000
602.36,603.09,601.78,603.06,1070004.0,1738079100000
603.06,603.57,602.56,602.98,960820.0,1738080000000
603.02,603.24,601.03,601.42,3239399.0,1738080900000
601.34,601.96,600.95,601.58,1381914.0,1738081800000
601.635,602.59,601.07,602.57,775287.0,1738082700000
602.565,603.69,602.4,603.54,1031650.0,1738083600000
603.55,603.92,603.505,603.7201,883419.0,1738084500000
603.73,603.88,603.3,603.55,666033.0,1738085400000
603.56,604.08,603.29,603.8308,502762.0,1738086300000
603.85,604.55,603.7532,604.5398,1125421.0,1738087200000
604.53,604.79,604.02,604.1799,964934.0,1738088100000
604.18,604.46,603.56,603.8745,563523.0,1738089000000
603.87,604.19,603.62,603.8002,935255.0,1738089900000
603.79,603.9,603.23,603.42,698239.0,1738090800000
603.42,604.145,603.364,604.04,1080508.0,1738091700000
604.06,604.905,604.06,604.79,762174.0,1738092600000
604.8,605.26,604.8,605.14,778487.0,1738093500000
605.14,605.1475,604.68,604.95,1266726.0,1738094400000
604.95,605.37,604.86,605.09,1047380.0,1738095300000
605.07,605.22,604.75,605.21,1716935.0,1738096200000
605.22,605.23,604.36,604.49,5356750.0,1738097100000
603.72,603.99,602.4451,602.69,1489349.0,1738161000000
602.67,603.5813,602.51,603.27,880445.0,1738161900000
603.31,604.13,602.82,603.35,1073989.0,1738162800000
603.36,603.8386,602.75,602.98,652447.0,1738163700000
603.01,603.5,602.5011,602.76,601314.0,1738164600000
602.76,603.27,602.48,602.78,517182.0,1738165500000
602.82,603.176,602.28,602.6701,630173.0,1738166400000
602.66,602.76,602.21,602.46,660112.0,1738167300000
602.44,602.96,601.93,602.55,514268.0,1738168200000
602.58,602.97,602.0399,602.29,494849.0,1738169100000
602.2947,603.23,602.21,602.86,486075.0,1738170000000
602.87,603.46,602.82,603.055,378776.0,1738170900000
603.06,603.32,602.7301,602.81,300124.0,1738171800000
602.8,602.8,601.95,602.08,623156.0,1738172700000
602.1,602.35,599.66,601.6,1796840.0,1738173600000
601.6162,602.36,601.19,602.31,453455.0,1738174500000
602.33,602.63,601.35,601.55,722037.0,1738175400000
601.55,602.22,601.43,601.49,521152.0,1738176300000
601.49,601.49,599.6,600.0399,2372907.0,1738177200000
600.05,600.3,599.22,599.4,1100450.0,1738178100000
599.39,603.14,599.25,602.56,2797587.0,1738179000000
602.56,603.28,601.717,602.32,1911760.0,1738179900000
602.29,602.63,601.0001,601.7699,1322586.0,1738180800000
601.7874,603.6801,600.55,603.35,1597759.0,1738181700000
603.36,603.66,601.63,601.98,1642504.0,1738182600000
602.01,602.4,600.74,601.8,3343404.0,1738183500000
603.96,604.7,603.3711,604.43,1865459.0,1738247400000
604.44,605.98,604.32,604.94,1596621.0,1738248300000
604.94,604.96,603.09,603.7,1496089.0,1738249200000
603.7,603.98,602.41,602.63,958934.0,1738250100000
602.64,603.88,602.06,603.25,1104735.0,1738251000000
603.25,603.64,601.43,601.4999,1050899.0,1738251900000
601.445,601.87,600.715,600.77,1105840.0,1738252800000
600.8,602.96,600.8,602.96,884837.0,1738253700000
602.94,603.19,602.28,603.12,736076.0,1738254600000
603.13,604.34,603.03,604.0401,818806.0,1738255500000
604.04,604.04,602.95,602.98,662872.0,1738256400000
603.0387,603.1552,602.08,602.37,708176.0,1738257300000
602.39,603.2,602.16,602.5577,553668.0,1738258200000
602.56,603.36,602.48,603.3303,578000.0,1738259100000
603.34,603.96,603.19,603.76,462825.0,1738260000000
603.77,604.31,603.7,604.0,439636.0,1738260900000
603.985,605.07,603.94,604.7,583212.0,1738261800000
604.71,605.07,604.65,604.95,568859.0,1738262700000
604.9403,605.22,604.55,605.13,858476.0,1738263600000
605.115,605.1898,604.81,604.9567,501395.0,1738264500000
604.95,604.99,604.59,604.8798,1092582.0,1738265400000
604.88,605.71,604.81,605.6801,594802.0,1738266300000
605.67,606.2,605.0,606.0805,1014753.0,1738267200000
606.08,606.6,606.01,606.31,980571.0,1738268100000
606.29,606.32,601.9,602.2445,5149565.0,1738269000000
602.2,605.6,601.82,604.98,5957859.0,1738269900000
607.5,607.98,607.06,607.775,2326183.0,1738333800000
607.76,608.16,607.3599,608.11,963448.0,1738334700000
608.12,608.99,608.04,608.7901,1551324.0,1738335600000
608.8,609.02,608.31,608.9599,1139505.0,1738336500000
608.96,609.54,608.95,609.02,1299744.0,1738337400000
609.0099,609.63,608.85,609.45,882584.0,1738338300000
609.46,609.96,609.46,609.8,1179317.0,1738339200000
609.81,609.84,609.06,609.09,678149.0,1738340100000
609.09,609.39,608.66,608.9119,853854.0,1738341000000
608.89,608.99,608.53,608.89,676447.0,1738341900000
608.89,609.04,608.01,608.88,1492960.0,1738342800000
608.9,609.55,608.46,609.55,741050.0,1738343700000
609.545,609.73,609.17,609.245,748535.0,1738344600000
609.245,609.51,608.93,609.09,712806.0,1738345500000
609.1,609.345,608.92,609.065,372177.0,1738346400000
609.0695,609.1896,606.69,606.8483,2632278.0,1738347300000
606.82,607.03,604.81,605.97,3770753.0,1738348200000
605.97,606.49,604.91,605.385,1785181.0,1738349100000
605.39,605.9,603.3,604.84,2958744.0,1738350000000
604.83,605.3,603.66,604.53,1638109.0,1738350900000
604.52,605.13,602.67,602.8382,1961662.0,1738351800000
602.75,604.04,601.94,603.63,2847035.0,1738352700000
603.6,603.6,601.45,601.79,2924809.0,1738353600000
601.81,602.47,601.37,601.6689,3252189.0,1738354500000
601.67,602.22,601.05,601.23,4072373.0,1738355400000
601.22,603.27,601.22,601.8,7799567.0,1738356300000
592.67,594.37,591.905,593.39,5020611.0,1738593000000
593.38,593.59,591.6,592.0361,3132629.0,1738593900000
591.97,592.34,590.99,591.07,3495019.0,1738594800000
591.0726,596.6,590.49,596.38,5212663.0,1738595700000
596.36,598.65,595.7,598.13,3662877.0,1738596600000
598.18,598.3699,592.44,597.88,1832782.0,1738597500000
597.86,598.7,595.76,598.19,2381574.0,1738598400000
598.17,599.25,597.555,597.87,1489106.0,1738599300000
597.87,598.9,597.26,598.76,1098715.0,1738600200000
598.77,599.01,596.91,597.3399,2094569.0,1738601100000
597.32,597.71,596.69,597.24,1380856.0,1738602000000
597.21,598.7,596.9251,597.4,833966.0,1738602900000
597.39,597.61,596.38,596.51,859462.0,1738603800000
596.53,598.08,595.97,597.38,2637203.0,1738604700000
597.3435,597.91,596.08,597.56,1466346.0,1738605600000
597.61,598.26,597.19,597.795,847070.0,1738606500000
597.87,598.59,597.4201,597.835,1129330.0,1738607400000
597.86,599.0,597.86,598.835,1031026.0,1738608300000
598.81,599.72,598.5,599.639,1195185.0,1738609200000
599.64,600.0,599.45,599.48,1203206.0,1738610100000
599.485,600.0,599.245,599.91,901831.0,1738611000000
599.9,600.29,599.415,599.68,794569.0,1738611900000
599.7,600.0258,598.9301,599.01,1117170.0,1738612800000
598.99,599.62,598.4,598.55,1148694.0,1738613700000
598.56,599.05,598.1,598.27,1456680.0,1738614600000
598.28,598.83,597.39,597.65,7031141.0,1738615500000
597.83,598.55,597.28,598.22,2446068.0,1738679400000
598.215,599.2,597.95,598.995,1355074.0,1738680300000
598.9943,600.93,598.96,600.45,1631255.0,1738681200000
600.51,601.14,600.41,600.52,1001530.0,1738682100000
600.55,601.26,600.11,600.9888,1160038.0,1738683000000
600.98,601.01,600.1504,600.33,699848.0,1738683900000
600.375,601.43,600.375,601.32,771477.0,1738684800000
601.32,602.01,601.194,601.98,822737.0,1738685700000
601.96,602.09,601.36,601.55,835702.0,1738686600000
601.52,601.59,600.79,601.37,749437.0,1738687500000
601.38,601.64,601.2407,601.5096,349625.0,1738688400000
601.5,601.6,599.67,599.76,1406025.0,1738689300000
599.82,600.51,599.4054,600.43,856186.0,1738690200000
600.41,601.03,600.1149,600.99,483071.0,1738691100000
600.98,601.04,600.11,600.675,483442.0,1738692000000
600.68,601.25,600.66,601.13,396357.0,1738692900000
601.12,601.259,600.835,600.97,347634.0,1738693800000
600.97,601.21,600.71,600.725,288076.0,1738694700000
600.7,601.78,600.57,601.6701,569681.0,1738695600000
601.68,602.14,601.63,601.86,593980.0,1738696500000
601.88,602.3,601.81,602.01,654917.0,1738697400000
602.01,602.09,600.84,601.48,1174588.0,1738698300000
601.47,601.92,601.19,601.8425,874092.0,1738699200000
601.82,601.89,601.03,601.085,1323125.0,1738700100000
601.085,601.9,600.97,601.6,1226986.0,1738701000000
601.62,602.27,601.23,601.76,4555159.0,1738701900000
600.64,601.09,600.2,600.89,1764576.0,1738765800000
600.86,601.0737,599.47,600.12,1000536.0,1738766700000
600.12,601.1,598.58,599.95,2089250.0,1738767600000
599.94,600.66,599.24,600.63,912125.0,1738768500000
600.62,600.99,599.77,600.77,908892.0,1738769400000
600.79,600.9199,600.23,600.585,638704.0,1738770300000
600.57,601.4,600.34,600.9699,661575.0,1738771200000
600.985,601.28,600.135,601.27,559961.0,1738772100000
601.24,601.85,600.4235,601.84,1389923.0,1738773000000
601.85,602.88,601.68,602.65,1441469.0,1738773900000
602.64,603.17,602.6,602.9,901662.0,1738774800000
602.91,602.91,602.33,602.49,500354.0,1738775700000
602.5,602.745,602.37,602.57,409096.0,1738776600000
602.56,602.85,602.32,602.67,288514.0,1738777500000
602.675,602.9,602.42,602.71,326346.0,1738778400000
602.73,602.895,602.21,602.566,398663.0,1738779300000
602.56,603.4,602.39,603.1,611417.0,1738780200000
603.1,603.15,602.67,602.93,344986.0,1738781100000
602.92,603.635,602.91,603.47,525107.0,1738782000000
603.45,603.5,603.23,603.27,439732.0,1738782900000
603.29,603.41,603.0925,603.165,638484.0,1738783800000
603.16,603.2198,602.88,603.0699,598264.0,1738784700000
603.07,603.42,603.03,603.4,728538.0,1738785600000
603.4,603.97,603.4,603.73,1242663.0,1738786500000
603.72,603.83,602.9251,603.025,1402360.0,1738787400000
603.02,604.37,602.91,604.17,3654426.0,1738788300000
605.99,606.05,605.1,605.63,2218033.0,1738852200000
605.64,606.1,604.94,605.2699,1026184.0,1738853100000
605.22,605.8,604.96,605.73,678170.0,1738854000000
605.74,605.945,604.83,604.94,689320.0,1738854900000
604.94,605.75,604.38,604.7,1079080.0,1738855800000
604.75,604.9384,604.16,604.62,696964.0,1738856700000
604.63,605.62,604.54,605.5899,552483.0,1738857600000
605.5943,605.6999,605.3701,605.53,530692.0,1738858500000
605.55,605.56,604.95,605.02,461856.0,1738859400000
605.0182,605.5048,604.765,605.12,578489.0,1738860300000
605.13,605.17,604.77,604.81,456180.0,1738861200000
604.82,605.63,604.75,605.14,505572.0,1738862100000
605.14,605.345,604.86,605.29,289474.0,1738863000000
605.29,605.78,605.2238,605.61,430355.0,1738863900000
605.61,605.99,605.3,605.47,724329.0,1738864800000
605.48,605.82,605.33,605.58,492469.0,1738865700000
605.59,605.79,605.13,605.4,440145.0,1738866600000
605.39,605.45,605.0401,605.16,621611.0,1738867500000
605.15,605.49,605.0,605.2,993823.0,1738868400000
605.21,605.42,604.36,604.56,783732.0,1738869300000
604.58,604.58,602.63,603.37,1957765.0,1738870200000
603.37,604.3,603.25,603.73,1044529.0,1738871100000
603.72,604.21,603.53,604.2,820538.0,1738872000000
604.19,604.82,604.19,604.765,1445607.0,1738872900000
604.77,605.05,604.58,605.02,1267303.0,1738873800000
605.02,606.4525,604.97,606.34,5353534.0,1738874700000
606.89,607.77,606.56,607.53,2073397.0,1738938600000
607.51,608.13,607.51,607.8103,1061292.0,1738939500000
607.77,607.81,603.77,604.25,3656024.0,1738940400000
604.3,605.41,603.81,604.583,1446439.0,1738941300000
604.5,605.54,604.26,604.47,728980.0,1738942200000
604.5102,605.39,601.18,603.41,3789339.0,1738943100000
603.45,603.64,601.54,602.44,1757386.0,1738944000000
602.5,604.5395,601.93,602.0004,3977389.0,1738944900000
602.05,602.91,601.74,602.07,919389.0,1738945800000
602.06,602.62,601.29,601.5988,4152408.0,1738946700000
601.57,602.67,600.73,602.53,1649399.0,1738947600000
602.52,602.83,600.64,601.7,1722250.0,1738948500000
601.61,602.46,601.3,602.2,615861.0,1738949400000
602.2,602.85,602.01,602.16,583391.0,1738950300000
602.17,603.63,602.04,603.5001,647244.0,1738951200000
603.49,603.75,603.07,603.3143,626467.0,1738952100000
603.33,603.65,602.08,602.34,660162.0,1738953000000
602.39,602.4,601.13,601.235,809227.0,1738953900000
601.226,601.59,600.68,600.94,1182101.0,1738954800000
600.95,601.24,600.42,600.5893,848161.0,1738955700000
600.6091,601.5499,600.34,601.43,1013271.0,1738956600000
601.46,601.6,600.99,601.12,661862.0,1738957500000
601.11,601.11,600.28,600.39,1023393.0,1738958400000
600.375,600.82,600.05,600.4,837991.0,1738959300000
600.39,601.15,600.37,600.69,2197796.0,1738960200000
600.71,601.26,600.5,600.78,5122528.0,1738961100000
604.03,604.1,602.74,603.1046,2028226.0,1739197800000
603.09,603.52,602.811,603.49,1371886.0,1739198700000
603.51,604.78,603.33,604.39,1708143.0,1739199600000
604.39,604.79,604.1,604.73,788463.0,1739200500000
604.74,604.97,604.56,604.81,956849.0,1739201400000
604.83,605.33,604.8101,604.8688,933152.0,1739202300000
604.85,605.13,604.53,604.66,625023.0,1739203200000
604.65,604.6699,604.05,604.31,825449.0,1739204100000
604.3199,604.36,603.84,604.22,590285.0,1739205000000
604.2134,604.49,603.94,604.425,500390.0,1739205900000
604.41,604.46,603.2108,603.49,695777.0,1739206800000
603.47,603.95,603.24,603.6286,478976.0,1739207700000
603.65,604.4,603.64,604.1813,363214.0,1739208600000
604.18,604.64,603.98,604.59,306893.0,1739209500000
604.58,604.88,604.52,604.88,474619.0,1739210400000
604.88,604.99,604.635,604.68,440022.0,1739211300000
604.6801,604.86,604.56,604.81,390115.0,1739212200000
604.8,605.24,604.77,605.052,474416.0,1739213100000
605.05,605.31,604.63,605.26,524343.0,1739214000000
605.25,605.4999,605.01,605.19,558332.0,1739214900000
605.18,605.37,604.895,604.99,510835.0,1739215800000
604.97,605.199,604.72,604.93,926739.0,1739216700000
604.95,605.19,604.7516,605.1799,582923.0,1739217600000
605.18,605.19,604.81,604.89,701865.0,1739218500000
604.88,605.03,604.5,604.91,1382861.0,1739219400000
604.92,605.0,604.2446,604.79,3239215.0,1739220300000
602.55,603.5899,602.43,603.44,1466103.0,1739284200000
603.41,603.59,603.13,603.33,644678.0,1739285100000
603.31,603.97,602.7,603.3,1036966.0,1739286000000
603.3,604.26,603.14,604.15,842990.0,1739286900000
604.16,604.48,604.0,604.48,606443.0,1739287800000
604.47,605.22,604.47,604.7062,1186047.0,1739288700000
604.7,604.9,604.5201,604.78,549377.0,1739289600000
604.79,605.05,604.5,604.58,703032.0,1739290500000
604.62,604.89,604.44,604.83,586490.0,1739291400000
604.845,604.88,604.03,604.21,853104.0,1739292300000
604.18,604.21,603.1,603.345,1637550.0,1739293200000
603.34,604.42,603.23,604.32,939089.0,1739294100000
604.34,604.43,603.83,603.94,411815.0,1739295000000
603.94,604.0499,603.6,603.7599,455455.0,1739295900000
603.75,604.0399,603.5,603.82,500466.0,1739296800000
603.835,604.19,603.78,603.9692,416110.0,1739297700000
603.98,605.29,603.95,605.0725,718939.0,1739298600000
605.07,605.3,604.55,604.59,473731.0,1739299500000
604.56,604.85,604.39,604.46,1167383.0,1739300400000
604.47,604.8,604.42,604.7216,432385.0,1739301300000
604.72,605.86,604.71,605.64,935971.0,1739302200000
605.64,605.65,605.365,605.41,628996.0,1739303100000
605.41,605.65,605.3,605.51,975047.0,1739304000000
605.525,605.525,605.04,605.27,1280603.0,1739304900000
605.28,605.58,604.66,604.94,1415890.0,1739305800000
604.94,605.335,604.61,605.21,3790852.0,1739306700000
599.2,600.7586,598.51,600.57,8735349.0,1739370600000
600.58,601.68,600.47,601.355,1757567.0,1739371500000
601.36,601.44,599.58,599.795,2544006.0,1739372400000
599.8,602.36,599.75,601.444,1908981.0,1739373300000
601.44,603.32,601.41,602.4701,1487179.0,1739374200000
602.51,602.59,601.76,602.43,553500.0,1739375100000
602.45,602.48,600.72,600.995,976936.0,1739376000000
600.98,601.14,600.17,600.6599,930551.0,1739376900000
600.63,602.2,600.6,602.12,847760.0,1739377800000
602.09,603.54,601.81,603.39,1079505.0,1739378700000
603.41,603.96,602.84,603.68,1747147.0,1739379600000
603.66,603.99,603.55,603.79,595796.0,1739380500000
603.78,603.89,603.09,603.22,543399.0,1739381400000
603.23,604.53,603.205,604.39,911807.0,1739382300000
604.4,604.55,603.7,604.04,610459.0,1739383200000
604.03,604.11,603.12,603.57,493031.0,1739384100000
603.5899,603.7599,602.92,602.98,583323.0,1739385000000
602.97,603.52,602.95,603.21,510645.0,1739385900000
603.22,603.26,602.53,602.7,883076.0,1739386800000
602.7,603.31,602.585,603.08,805988.0,1739387700000
603.06,603.62,603.06,603.55,502869.0,1739388600000
603.545,604.23,603.5,603.9,1379247.0,1739389500000
603.9,604.05,603.65,603.73,967565.0,1739390400000
603.73,603.8,603.31,603.32,1297254.0,1739391300000
603.325,603.59,602.68,602.7699,1308742.0,1739392200000
602.77,603.57,602.57,603.36,3276963.0,1739393100000
604.48,605.0543,603.2,604.44,1843653.0,1739457000000
604.45,605.06,603.88,604.83,1298109.0,1739457900000
604.82,605.77,604.21,605.29,1826626.0,1739458800000
605.285,606.4199,605.28,606.08,1427159.0,1739459700000
606.0849,607.49,606.0,607.25,1511749.0,1739460600000
607.245,607.32,606.6601,607.09,825499.0,1739461500000
607.09,607.48,606.94,607.38,621285.0,1739462400000
607.37,607.3899,606.61,606.69,605160.0,1739463300000
606.7,606.96,606.38,606.66,647155.0,1739464200000
606.65,606.8799,605.75,606.1,741589.0,1739465100000
606.1,606.695,605.72,606.227,562174.0,1739466000000
606.21,606.64,606.1209,606.54,364311.0,1739466900000
606.54,606.63,606.25,606.51,300162.0,1739467800000
606.5,606.97,605.795,606.1829,608114.0,1739468700000
606.17,606.33,605.8,606.23,473688.0,1739469600000
606.23,606.44,604.99,606.2,832408.0,1739470500000
606.2,606.87,605.31,606.34,1323938.0,1739471400000
606.28,607.25,605.82,607.19,1066160.0,1739472300000
607.19,608.19,607.03,608.03,2151152.0,1739473200000
608.02,608.41,607.9699,608.28,1252423.0,1739474100000
608.28,608.91,608.1422,608.535,1364251.0,1739475000000
608.549,609.29,608.41,608.9,1444892.0,1739475900000
608.895,609.37,608.82,609.29,1255403.0,1739476800000
609.29,609.71,609.16,609.5799,1856569.0,1739477700000
609.57,609.58,609.11,609.12,2279735.0,1739478600000
609.13,609.94,609.09,609.69,5895236.0,1739479500000
609.94,610.49,609.76,610.35,1696441.0,1739543400000
610.38,610.64,610.29,610.465,1205595.0,1739544300000
610.48,610.99,610.02,610.68,1019546.0,1739545200000
610.66,610.78,610.1425,610.24,718957.0,1739546100000
610.24,610.4,609.73,610.05,773560.0,1739547000000
610.08,610.665,610.07,610.51,573708.0,1739547900000
610.53,610.85,610.26,610.445,741117.0,1739548800000
610.45,610.49,609.4,609.99,1822048.0,1739549700000
610.01,610.12,609.61,610.08,677100.0,1739550600000
610.05,610.295,609.5,610.23,809227.0,1739551500000
610.22,610.245,609.3,609.61,826987.0,1739552400000
609.605,609.76,609.27,609.3201,451170.0,1739553300000
609.35,609.58,609.07,609.25,436339.0,1739554200000
609.28,610.04,609.2,609.92,398830.0,1739555100000
609.92,610.09,609.76,609.91,411738.0,1739556000000
609.91,610.06,609.7,609.9299,196316.0,1739556900000
609.93,610.545,609.88,610.465,517258.0,1739557800000
610.47,610.7507,610.47,610.48,382400.0,1739558700000
610.4899,610.72,610.37,610.7054,679353.0,1739559600000
610.702,610.72,610.06,610.13,480668.0,1739560500000
610.15,610.3,609.89,610.19,482071.0,1739561400000
610.195,610.3024,609.83,610.22,712968.0,1739562300000
610.21,610.21,609.79,610.06,565129.0,1739563200000
610.08,610.2448,609.59,609.67,670334.0,1739564100000
609.66,610.15,609.55,609.7275,1577432.0,1739565000000
609.735,610.29,609.545,609.7,3951152.0,1739565900000
610.88,611.0,610.1,610.1801,1692556.0,1739889000000
610.185,610.63,609.95,610.11,1125375.0,1739889900000
610.1538,610.3099,609.33,610.14,1062155.0,1739890800000
610.15,610.2,609.42,609.63,938574.0,1739891700000
609.64,610.23,609.4,610.18,982912.0,1739892600000
610.17,610.62,609.69,610.61,687872.0,1739893500000
610.605,610.74,610.32,610.4,470418.0,1739894400000
610.4028,610.52,609.76,610.41,545911.0,1739895300000
610.4,610.43,610.06,610.25,387012.0,1739896200000
610.24,610.855,610.18,610.25,586561.0,1739897100000
610.24,610.32,609.78,610.2,430033.0,1739898000000
610.19,610.19,609.78,610.035,344491.0,1739898900000
610.0402,610.39,610.0402,610.2,311376.0,1739899800000
610.19,610.545,610.11,610.35,567416.0,1739900700000
610.34,610.6587,609.97,610.12,444842.0,1739901600000
610.13,610.16,609.52,609.89,854702.0,1739902500000
609.88,609.88,609.4519,609.53,474804.0,1739903400000
609.52,609.93,609.47,609.66,751720.0,1739904300000
609.655,609.83,608.41,608.83,1449099.0,1739905200000
608.83,609.61,608.38,609.219,882819.0,1739906100000
609.22,609.57,609.11,609.39,501312.0,1739907000000
609.39,610.04,609.355,609.85,1030918.0,1739907900000
609.87,609.92,609.64,609.875,797601.0,1739908800000
609.87,609.96,609.63,609.78,749685.0,1739909700000
609.77,610.06,609.64,609.7798,1354979.0,1739910600000
609.76,611.38,609.63,611.35,3761008.0,1739911500000
610.08,610.27,609.75,610.04,1460594.0,1739975400000
610.04,610.23,609.6845,609.92,730439.0,1739976300000
609.92,610.235,609.56,609.69,1997146.0,1739977200000
609.665,610.175,609.6002,610.06,644690.0,1739978100000
610.06,610.89,610.02,610.53,1229253.0,1739979000000
610.55,610.65,609.82,610.14,586579.0,1739979900000
610.14,611.25,610.14,611.2328,1978468.0,1739980800000
611.1901,611.26,610.96,611.18,777388.0,1739981700000
611.17,611.6751,610.98,611.6751,529283.0,1739982600000
611.69,611.77,611.46,611.7,489813.0,1739983500000
611.66,611.96,611.4225,611.59,486899.0,1739984400000
611.58,611.6,611.01,611.05,822822.0,1739985300000
611.06,611.34,610.86,611.28,572175.0,1739986200000
611.27,611.82,611.19,611.56,540141.0,1739987100000
611.56,611.59,610.65,610.95,610959.0,1739988000000
610.93,611.7,610.93,611.66,403843.0,1739988900000
611.67,612.04,611.67,611.86,789641.0,1739989800000
611.87,611.92,611.48,611.49,418078.0,1739990700000
611.52,612.588,611.4,612.58,1023279.0,1739991600000
612.59,613.08,612.55,612.8201,1108901.0,1739992500000
612.82,613.01,612.6203,612.835,648252.0,1739993400000
612.83,613.23,612.6616,613.11,626321.0,1739994300000
613.08,613.1,612.4493,612.63,981278.0,1739995200000
612.6458,612.97,611.8,612.0999,1064196.0,1739996100000
612.11,612.79,612.08,612.33,1799616.0,1739997000000
612.34,613.06,612.18,612.9,3558020.0,1739997900000
611.54,611.684,610.53,610.545,1331175.0,1740061800000
610.545,610.65,608.31,608.3825,2462216.0,1740062700000
608.4,608.83,607.02,608.43,2763029.0,1740063600000
608.43,609.36,608.43,609.11,1245378.0,1740064500000
609.1,609.52,608.34,608.51,813553.0,1740065400000
608.5,608.6,607.08,607.35,1076555.0,1740066300000
607.35,608.45,607.23,608.1706,1182431.0,1740067200000
608.18,608.33,607.51,608.26,717194.0,1740068100000
608.255,608.42,607.1,607.99,1015680.0,1740069000000
607.99,608.04,607.44,607.46,1101368.0,1740069900000
607.45,608.65,607.28,608.615,916208.0,1740070800000
608.61,608.9399,608.49,608.79,793245.0,1740071700000
608.78,609.0999,608.61,609.05,538498.0,1740072600000
608.99,609.03,608.025,608.03,423931.0,1740073500000
608.03,608.48,607.77,608.46,763470.0,1740074400000
608.455,608.49,607.64,607.96,1411800.0,1740075300000
607.94,608.6,607.82,608.6,455499.0,1740076200000
608.59,608.76,608.15,608.6,1502634.0,1740077100000
608.6,609.43,608.5,609.25,726070.0,1740078000000
609.25,609.49,609.07,609.17,921136.0,1740078900000
609.16,609.24,608.72,609.16,653682.0,1740079800000
609.1,610.1,609.09,609.86,1496697.0,1740080700000
609.865,609.96,609.44,609.61,883361.0,1740081600000
609.6199,610.0987,609.26,609.84,1023220.0,1740082500000
609.84,609.99,609.4625,609.9201,1103959.0,1740083400000
609.92,610.7,609.72,610.39,4249347.0,1740084300000
610.16,610.3,608.88,609.23,1853099.0,1740148200000
609.25,609.59,608.24,608.4701,1684286.0,1740149100000
608.5,608.65,607.43,607.9733,3657417.0,1740150000000
607.97,608.2962,606.52,606.76,2099572.0,1740150900000
606.75,607.06,605.7697,605.804,1923151.0,1740151800000
605.78,606.8399,605.766,606.8399,1234480.0,1740152700000
606.84,607.2,606.18,607.14,4407521.0,1740153600000
607.15,607.48,606.71,606.94,1026806.0,1740154500000
606.95,607.5,606.705,606.8893,713919.0,1740155400000
606.87,607.27,606.31,606.805,1170484.0,1740156300000
606.8,607.1292,606.26,606.405,1852955.0,1740157200000
606.4,606.44,605.16,605.7199,1748519.0,1740158100000
605.755,605.79,604.54,605.07,1937316.0,1740159000000
605.07,605.08,603.62,603.82,2675998.0,1740159900000
603.83,603.8493,602.21,602.95,2687652.0,1740160800000
602.93,603.5398,602.1001,602.16,1709522.0,1740161700000
602.145,603.225,601.59,601.8399,2613731.0,1740162600000
601.83,602.23,601.57,601.7535,1664235.0,1740163500000
601.76,602.33,601.23,602.14,1954481.0,1740164400000
602.145,602.145,599.65,599.91,2169549.0,1740165300000
599.9099,600.645,599.47,600.09,1892081.0,1740166200000
600.07,600.66,599.7,600.035,2573520.0,1740167100000
600.03,600.48,599.66,600.15,1853650.0,1740168000000
600.14,600.64,599.8685,600.56,3039321.0,1740168900000
600.58,600.91,600.035,600.04,3170554.0,1740169800000
600.06,600.54,599.5,600.0,7452015.0,1740170700000
602.02,603.03,600.65,601.06,2832932.0,1740407400000
601.08,601.32,598.6313,598.76,2291321.0,1740408300000
598.76,599.17,596.49,598.99,3797931.0,1740409200000
598.95,599.445,597.81,597.95,1969147.0,1740410100000
597.93,598.45,597.46,597.64,1401967.0,1740411000000
597.67,598.25,596.75,597.7,1298733.0,1740411900000
597.72,598.65,597.47,598.45,1087652.0,1740412800000
598.48,600.38,598.39,600.0962,1562150.0,1740413700000
600.13,600.8,599.4019,600.3,1137442.0,1740414600000
600.33,600.78,599.83,599.97,780420.0,1740415500000
599.98,600.85,599.8201,600.4,718618.0,1740416400000
600.44,601.58,600.44,601.04,846385.0,1740417300000
601.08,601.6,600.6243,601.53,596141.0,1740418200000
601.55,601.85,600.55,600.635,681485.0,1740419100000
600.644,601.19,600.53,600.952,574200.0,1740420000000
600.96,601.71,600.915,601.41,609535.0,1740420900000
601.39,601.6133,601.07,601.42,396293.0,1740421800000
601.45,601.59,600.36,600.64,639429.0,1740422700000
600.62,601.43,600.38,600.66,895165.0,1740423600000
600.66,600.77,599.84,600.07,864743.0,1740424500000
600.06,600.66,599.82,599.96,944228.0,1740425400000
600.02,600.2,599.39,599.78,943111.0,1740426300000
599.81,599.87,599.05,599.655,1131100.0,1740427200000
599.655,600.03,598.9,599.1,2207467.0,1740428100000
599.11,599.72,598.63,598.84,2467554.0,1740429000000
598.84,599.34,596.64,597.2,8003806.0,1740429900000
597.15,597.89,596.39,596.4,2719641.0,1740493800000
596.4,596.87,594.25,595.23,2983651.0,1740494700000
595.25,595.28,592.495,592.62,3254887.0,1740495600000
592.6,593.19,590.67,590.85,4043884.0,1740496500000
590.86,592.78,590.5033,592.26,3516291.0,1740497400000
592.19,593.44,591.54,592.33,1735459.0,1740498300000
592.34,592.42,590.97,591.93,1807344.0,1740499200000
591.93,592.21,590.73,590.87,1291875.0,1740500100000
590.85,591.34,589.56,591.09,2070167.0,1740501000000
591.095,593.8084,590.94,593.2,1575825.0,1740501900000
593.13,593.36,592.53,592.7562,923194.0,1740502800000
592.7,593.69,592.12,593.68,955739.0,1740503700000
593.67,594.51,593.46,594.1225,1421923.0,1740504600000
594.14,594.8,593.86,594.79,863574.0,1740505500000
594.78,596.18,594.78,594.96,1843734.0,1740506400000
594.95,595.21,593.64,593.7,828607.0,1740507300000
593.705,595.87,593.61,595.6,1334857.0,1740508200000
595.59,595.83,594.61,594.71,937126.0,1740509100000
594.65,594.88,593.54,593.57,875716.0,1740510000000
593.55,593.89,593.01,593.07,1130737.0,1740510900000
593.04,595.58,593.02,595.31,1881914.0,1740511800000
595.3298,595.46,594.38,595.24,1033944.0,1740512700000
595.23,595.85,594.74,595.19,2024840.0,1740513600000
595.18,596.64,594.955,595.89,1469743.0,1740514500000
595.9,596.02,593.87,594.15,1881014.0,1740515400000
594.12,594.87,593.57,594.21,5313182.0,1740516300000
595.93,596.5,595.1,595.92,2950525.0,1740580200000
595.93,597.8,595.66,597.71,1745093.0,1740581100000
597.71,598.729,597.2411,598.62,1548258.0,1740582000000
598.6,599.28,597.68,597.94,1537391.0,1740582900000
597.975,599.04,597.95,598.71,1032040.0,1740583800000
598.73,599.21,598.3,598.85,689380.0,1740584700000
598.87,599.58,598.87,599.45,1068827.0,1740585600000
599.45,599.52,598.65,598.65,861071.0,1740586500000
598.68,599.43,598.09,598.8636,1023173.0,1740587400000
598.87,599.3,597.82,598.01,729843.0,1740588300000
598.06,599.1,597.68,599.055,693224.0,1740589200000
599.05,599.3791,598.03,598.6,992902.0,1740590100000
598.65,599.01,596.78,597.28,1430739.0,1740591000000
597.32,597.5,595.1,595.605,1093384.0,1740591900000
595.59,595.86,594.85,595.455,1257651.0,1740592800000
595.41,595.63,593.85,593.925,1332832.0,1740593700000
593.865,594.59,593.17,593.64,1145772.0,1740594600000
593.64,593.89,592.12,592.58,1741050.0,1740595500000
592.55,593.3,591.8556,592.5064,1794969.0,1740596400000
592.54,593.8897,591.97,593.389,1310460.0,1740597300000
593.35,594.64,593.24,594.18,1296687.0,1740598200000
594.18,594.5,592.63,592.76,936842.0,1740599100000
592.8,593.73,592.46,593.27,1158121.0,1740600000000
593.23,593.98,592.94,593.59,1157760.0,1740600900000
593.59,594.9575,593.14,594.81,1976413.0,1740601800000
594.78,595.29,593.695,594.43,4352336.0,1740602700000
596.85,598.02,595.06,595.4699,2829284.0,1740666600000
595.48,596.44,592.14,592.435,3061507.0,1740667500000
592.43,594.39,590.52,594.08,3974280.0,1740668400000
594.04,596.52,593.85,595.45,2457297.0,1740669300000
595.45,595.72,593.59,595.05,1449310.0,1740670200000
595.04,595.64,593.29,593.432,1274987.0,1740671100000
593.44,595.35,593.22,595.3,1453612.0,1740672000000
595.31,596.24,593.86,594.1213,1016549.0,1740672900000
594.13,594.9589,593.63,593.89,989946.0,1740673800000
593.78,594.14,592.28,592.45,1322270.0,1740674700000
592.49,593.02,592.131,592.39,1104555.0,1740675600000
592.45,593.99,591.4,593.95,1358372.0,1740676500000
593.96,594.475,592.39,592.8199,1011719.0,1740677400000
592.815,593.55,592.37,593.42,819017.0,1740678300000
593.44,594.91,593.305,594.63,1009124.0,1740679200000
594.6498,595.16,594.2,594.59,1229925.0,1740680100000
594.63,594.95,594.16,594.36,545633.0,1740681000000
594.36,594.7,593.641,593.71,708887.0,1740681900000
593.76,593.84,592.43,592.55,963940.0,1740682800000
592.54,592.72,590.68,590.7697,1628774.0,1740683700000
590.782,590.8,588.34,589.14,2992044.0,1740684600000
589.13,589.94,588.77,589.28,2042119.0,1740685500000
589.3,589.35,586.73,587.31,3309576.0,1740686400000
587.295,588.01,586.24,586.31,3256431.0,1740687300000
586.363,587.57,585.97,586.28,3601413.0,1740688200000
586.25,586.98,584.65,585.04,11618066.0,1740689100000
585.56,586.33,583.27,585.95,6157067.0,1740753000000
585.92,586.12,584.73,586.03,2372211.0,1740753900000
586.01,587.5199,585.225,587.49,2286795.0,1740754800000
587.48,588.38,585.79,588.36,2882813.0,1740755700000
588.36,588.7,587.09,587.43,2078529.0,1740756600000
587.45,588.8998,587.25,588.86,1263392.0,1740757500000
588.87,589.03,587.39,587.58,1356661.0,1740758400000
587.62,587.835,586.01,586.06,1522391.0,1740759300000
586.07,588.2,585.83,587.89,1105408.0,1740760200000
587.835,588.34,587.11,587.34,1006662.0,1740761100000
587.3647,587.71,586.51,587.62,798170.0,1740762000000
587.57,588.3,586.48,587.025,946336.0,1740762900000
587.075,587.18,584.9,585.33,1588938.0,1740763800000
585.32,585.64,583.6,583.6866,3053674.0,1740764700000
583.69,584.79,583.45,584.12,1599131.0,1740765600000
584.12,584.77,582.44,584.72,4678667.0,1740766500000
584.69,586.52,584.29,585.9038,2172207.0,1740767400000
585.93,586.33,583.58,583.6025,1484576.0,1740768300000
583.6,585.11,583.531,584.46,1625539.0,1740769200000
584.435,585.83,584.425,585.67,1242555.0,1740770100000
585.6699,587.69,585.25,587.42,1884788.0,1740771000000
587.42,588.25,587.19,588.1,1846907.0,1740771900000
588.09,589.3,587.82,588.71,2648236.0,1740772800000
588.7,589.68,587.7,589.615,2299210.0,1740773700000
589.63,590.16,587.93,589.87,3433262.0,1740774600000
589.86,594.72,589.61,594.07,16986099.0,1740775500000
596.18,597.34,594.65,594.86,3294593.0,1741012200000
594.84,595.65,592.44,593.05,2827785.0,1741013100000
592.67,593.44,590.71,591.94,3481256.0,1741014000000
591.88,594.115,591.46,594.115,1585039.0,1741014900000
594.09,595.125,592.671,595.1099,1581870.0,1741015800000
595.06,595.06,592.22,592.4159,1274120.0,1741016700000
592.41,593.58,592.28,593.255,1502268.0,1741017600000
593.27,594.5499,592.39,592.4,1499584.0,1741018500000
592.43,592.82,591.17,591.34,1523105.0,1741019400000
591.31,593.4236,591.25,593.055,952082.0,1741020300000
593.04,593.815,592.7,593.58,640550.0,1741021200000
593.6635,594.15,593.27,593.81,806191.0,1741022100000
593.8,594.22,593.13,593.63,533607.0,1741023000000
593.64,593.64,591.42,592.015,838357.0,1741023900000
592.015,592.13,589.11,589.33,1857219.0,1741024800000
589.34,590.25,587.87,588.0903,1748465.0,1741025700000
588.115,588.75,587.48,588.43,1772809.0,1741026600000
588.43,594.2194,587.855,589.17,2722217.0,1741027500000
589.12,590.23,588.98,589.31,1322755.0,1741028400000
589.37,589.53,588.2401,588.495,1050401.0,1741029300000
588.49,590.65,588.41,590.285,1283658.0,1741030200000
590.28,590.28,585.97,586.05,3362892.0,1741031100000
586.03,586.08,582.07,582.88,5734019.0,1741032000000
582.85,583.83,580.83,581.21,5479888.0,1741032900000
581.19,582.52,579.9,580.58,4413624.0,1741033800000
580.61,584.11,580.45,583.97,9659956.0,1741034700000
579.71,580.21,577.59,578.48,6896193.0,1741098600000
578.44,579.61,575.59,575.7,3994763.0,1741099500000
575.71,576.21,573.97,574.71,4502393.0,1741100400000
574.65,575.05,572.25,574.51,4968546.0,1741101300000
574.52,576.1,574.1,575.37,3404374.0,1741102200000
575.34,575.75,573.4,574.09,2497046.0,1741103100000
574.1,574.76,572.45,574.64,3783521.0,1741104000000
574.61,575.09,572.3,572.9601,2795081.0,1741104900000
572.99,575.42,572.92,575.19,2591218.0,1741105800000
575.185,576.57,574.63,575.985,2423523.0,1741106700000
576.02,576.73,575.33,576.23,1564666.0,1741107600000
576.23,578.57,576.03,577.86,2664168.0,1741108500000
577.85,578.08,575.9,577.29,2247100.0,1741109400000
577.3,578.17,575.93,576.494,1818890.0,1741110300000
576.51,580.0696,576.03,579.75,2419783.0,1741111200000
579.7,579.81,577.25,577.54,1356132.0,1741112100000
577.48,579.54,576.97,579.1,1451326.0,1741113000000
579.11,580.83,574.1723,580.285,1374132.0,1741113900000
580.26,582.505,580.18,581.545,4583015.0,1741114800000
581.57,582.929,581.25,581.4,1688750.0,1741115700000
581.42,582.42,580.8,582.1801,2027461.0,1741116600000
582.21,583.13,581.9118,582.89,2106635.0,1741117500000
582.82,583.78,582.2,583.48,2451655.0,1741118400000
583.47,585.39,582.94,583.84,3279865.0,1741119300000
583.86,584.03,578.89,580.01,5971740.0,1741120200000
580.02,580.67,574.69,576.87,14104739.0,1741121100000
576.69,579.12,576.26,578.525,3873838.0,1741185000000
578.5,578.71,575.0,575.81,2589338.0,1741185900000
576.51,579.64,575.85,578.331,3520319.0,1741186800000
578.28,578.5,575.4,575.8915,2923356.0,1741187700000
575.92,578.35,575.5004,577.35,1586066.0,1741188600000
577.31,578.03,575.87,576.92,1387004.0,1741189500000
576.9,576.91,573.8,574.87,2044245.0,1741190400000
574.87,575.1,573.89,574.85,1336394.0,1741191300000
574.84,574.85,573.18,573.46,1679376.0,1741192200000
573.48,576.8,573.0795,575.89,3115106.0,1741193100000
575.86,577.65,575.77,576.48,2186335.0,1741194000000
576.56,578.79,576.47,578.7,1213345.0,1741194900000
578.69,579.46,578.5001,579.18,1347380.0,1741195800000
579.19,580.91,577.91,580.7463,1889735.0,1741196700000
580.75,581.16,577.74,579.39,3270979.0,1741197600000
579.37,579.9964,578.84,579.23,1099873.0,1741198500000
579.27,579.67,577.91,578.5315,1639139.0,1741199400000
578.55,581.57,578.55,581.465,1764452.0,1741200300000
581.46,584.23,580.83,583.92,3454327.0,1741201200000
583.93,584.34,582.395,582.8,2976529.0,1741202100000
582.8,583.61,581.98,582.9301,1268899.0,1741203000000
582.94,584.2,582.67,583.09,1600649.0,1741203900000
583.025,584.88,582.94,584.5801,1789784.0,1741204800000
584.6295,584.785,582.25,584.13,2368065.0,1741205700000
584.1,584.16,582.66,583.74,2760274.0,1741206600000
583.75,583.93,581.39,583.05,6548362.0,1741207500000
575.48,575.75,573.45,573.63,3350765.0,1741271400000
573.65,575.99,573.58,574.423,2461985.0,1741272300000
574.41,577.78,574.085,577.445,3660735.0,1741273200000
577.43,578.71,576.97,578.461,2823101.0,1741274100000
578.46,580.06,577.77,579.77,1501080.0,1741275000000
579.73,580.03,577.49,578.71,1550953.0,1741275900000
578.71,580.1736,578.705,579.4,1091057.0,1741276800000
579.35,579.63,577.11,578.49,2010106.0,1741277700000
578.47,580.07,576.37,576.8,2461145.0,1741278600000
576.79,577.15,574.42,574.5,1869521.0,1741279500000
574.48,574.99,572.53,572.93,2428441.0,1741280400000
572.95,574.5,572.0,572.55,2672975.0,1741281300000
572.56,573.75,572.09,572.62,1998759.0,1741282200000
572.53,573.58,571.04,573.0699,3226508.0,1741283100000
572.985,573.25,571.95,572.93,1423493.0,1741284000000
572.92,574.16,572.32,572.53,1529279.0,1741284900000
572.5303,573.15,570.42,571.16,1905974.0,1741285800000
571.17,572.79,570.94,572.179,1490584.0,1741286700000
572.08,572.36,570.84,571.56,1933179.0,1741287600000
571.56,572.0,570.12,570.6388,2246148.0,1741288500000
570.6,572.25,570.12,571.749,2234790.0,1741289400000
571.71,574.93,570.85,570.98,4295886.0,1741290300000
571.03,573.26,570.46,573.18,2586961.0,1741291200000
573.13,573.61,571.25,573.0131,2611783.0,1741292100000
573.03,574.27,571.62,571.78,3120290.0,1741293000000
571.78,573.57,571.57,572.8,6830991.0,1741293900000
570.9,574.79,570.8,573.825,3693356.0,1741357800000
573.825,576.0679,573.7678,573.95,2667432.0,1741358700000
573.95,575.069,572.75,573.2,1998090.0,1741359600000
573.17,573.63,571.77,572.36,2185189.0,1741360500000
572.35,572.35,568.4281,569.64,4433082.0,1741361400000
569.63,573.0,569.3201,570.91,4194243.0,1741362300000
570.92,571.26,569.86,570.3,1573972.0,1741363200000
570.37,570.5,567.37,567.63,2501657.0,1741364100000
567.67,568.035,566.32,567.11,3419581.0,1741365000000
567.06,567.35,565.63,567.1,3035464.0,1741365900000
567.12,568.6695,565.86,566.9775,2789268.0,1741366800000
566.98,568.1,565.8,568.08,1852553.0,1741367700000
568.06,571.31,567.44,571.21,3399763.0,1741368600000
571.21,573.08,569.64,570.185,3276758.0,1741369500000
570.19,574.12,570.13,573.45,2525949.0,1741370400000
573.4825,574.29,572.15,572.6269,1702228.0,1741371300000
572.66,574.93,572.29,574.17,2449541.0,1741372200000
574.16,575.3,568.1599,575.24,1824288.0,1741373100000
575.27,576.19,574.13,575.085,2439032.0,1741374000000
575.09,577.31,574.97,576.575,2408159.0,1741374900000
576.66,577.14,575.46,575.76,2000143.0,1741375800000
575.78,575.79,574.66,575.1735,1548308.0,1741376700000
575.16,576.72,574.62,575.85,1622665.0,1741377600000
575.81,576.66,574.67,575.9796,1979731.0,1741378500000
575.94,576.32,572.81,574.58,3142752.0,1741379400000
574.55,577.39,574.39,575.85,5946044.0,1741380300000
567.59,569.54,566.36,569.17,4161034.0,1741613400000
569.17,569.46,566.67,567.36,2569367.0,1741614300000
567.32,567.32,565.51,566.36,3433121.0,1741615200000
566.35,566.9996,565.1731,565.515,2168996.0,1741616100000
565.53,566.05,564.31,564.57,3220833.0,1741617000000
564.56,565.31,563.06,563.94,4044874.0,1741617900000
563.95,565.4,563.93,565.23,3732373.0,1741618800000
565.2,565.35,563.94,565.125,1770681.0,1741619700000
565.14,566.62,563.65,564.0,2487539.0,1741620600000
564.0,565.24,563.64,563.84,1488778.0,1741621500000
563.8,564.55,563.365,564.47,1410733.0,1741622400000
564.47,564.53,562.45,563.77,2153888.0,1741623300000
563.78,565.11,562.71,562.975,2082177.0,1741624200000
562.955,563.8,562.93,563.0,1377770.0,1741625100000
562.99,563.17,561.1,562.02,2228899.0,1741626000000
562.015,563.03,561.68,561.84,1687912.0,1741626900000
561.88,561.97,560.34,560.76,2110625.0,1741627800000
560.75,561.43,560.1,560.42,2217431.0,1741628700000
560.41,561.53,559.42,560.36,3324260.0,1741629600000
560.4,561.06,559.43,559.82,2224778.0,1741630500000
559.82,560.48,558.67,559.31,1908268.0,1741631400000
559.3,559.54,557.07,557.3,3257557.0,1741632300000
557.3,557.78,555.59,557.61,4659624.0,1741633200000
557.63,561.29,557.43,559.67,5129398.0,1741634100000
559.72,562.4697,559.1025,559.15,5694301.0,1741635000000
559.095,561.665,559.06,560.75,9458940.0,1741635900000
559.4,560.97,558.3,560.7,3966258.0,1741699800000
560.68,561.74,559.36,559.79,2675074.0,1741700700000
559.75,562.12,556.32,557.93,5246560.0,1741701600000
557.95,558.86,555.65,555.9858,2986540.0,1741702500000
555.95,557.24,554.05,555.265,2983370.0,1741703400000
555.22,557.04,554.52,554.77,2871919.0,1741704300000
554.74,558.86,554.17,557.9,2828925.0,1741705200000
557.9106,558.77,556.97,557.17,2358024.0,1741706100000
557.1,559.98,556.86,559.37,1697795.0,1741707000000
559.34,559.59,556.94,557.17,1667903.0,1741707900000
557.15,557.65,554.75,554.97,1852804.0,1741708800000
554.97,556.58,554.83,555.81,1258542.0,1741709700000
555.85,556.93,554.84,555.2681,1513229.0,1741710600000
555.3,555.89,553.57,554.32,2063479.0,1741711500000
554.3199,554.355,553.22,553.38,3190028.0,1741712400000
553.42,554.27,552.04,552.2,1893977.0,1741713300000
552.16,553.86,552.02,553.86,2507620.0,1741714200000
553.8,555.39,553.23,554.28,1946026.0,1741715100000
554.26,557.87,554.14,557.79,2758776.0,1741716000000
557.81,559.32,556.93,558.44,2165209.0,1741716900000
558.41,560.97,557.34,560.72,2662067.0,1741717800000
560.71,562.87,560.3,561.546,4445657.0,1741718700000
561.55,564.02,559.71,560.2891,3613444.0,1741719600000
560.27,560.92,558.61,559.57,2873321.0,1741720500000
559.5815,560.32,558.19,559.51,2295943.0,1741721400000
559.48,560.0,556.01,556.12,8415167.0,1741722300000
562.17,563.11,560.06,560.62,9495909.0,1741786200000
560.66,561.8,558.34,559.48,3536694.0,1741787100000
559.46,560.5805,557.98,559.39,2331452.0,1741788000000
559.4,559.72,558.03,559.01,1669314.0,1741788900000
559.07,559.27,556.27,556.58,2150950.0,1741789800000
556.55,557.54,555.5,555.6001,2184562.0,1741790700000
555.62,555.86,553.69,554.9,2208433.0,1741791600000
554.905,557.2,554.37,556.9,2564392.0,1741792500000
556.94,558.21,556.575,557.8601,1347433.0,1741793400000
557.88,559.23,557.52,559.12,1599174.0,1741794300000
559.1,560.68,558.24,560.42,1596504.0,1741795200000
560.46,560.86,559.76,560.27,1572760.0,1741796100000
560.31,561.26,558.69,558.9,1804701.0,1741797000000
558.97,560.96,558.73,559.07,1557705.0,1741797900000
559.1,560.55,558.66,560.53,870981.0,1741798800000
560.46,561.46,559.82,561.42,1050442.0,1741799700000
561.4,561.78,560.67,560.6949,1036812.0,1741800600000
560.7,561.29,557.94,558.01,1442234.0,1741801500000
558.04,559.58,557.81,559.42,1448422.0,1741802400000
559.405,560.24,559.11,560.2,788376.0,1741803300000
560.21,561.27,559.89,561.1864,961680.0,1741804200000
561.18,561.9,560.399,561.2247,1388081.0,1741805100000
561.2,561.2,559.901,560.23,1483946.0,1741806000000
560.2,560.55,558.87,559.64,1492018.0,1741806900000
559.64,560.29,558.43,559.3,2333468.0,1741807800000
559.292,559.94,558.17,558.91,6391362.0,1741808700000
558.49,558.718,557.07,557.075,2168656.0,1741872600000
557.13,557.53,554.47,555.03,2430070.0,1741873500000
555.02,557.81,554.45,557.6402,2489036.0,1741874400000
557.695,559.105,556.98,557.115,1785131.0,1741875300000
557.13,558.37,555.78,556.38,1592312.0,1741876200000
556.32,557.37,555.56,555.98,1230669.0,1741877100000
556.0,556.97,554.69,555.02,1264917.0,1741878000000
555.06,555.3999,554.14,554.2837,1251427.0,1741878900000
554.25,555.16,552.53,554.28,2622800.0,1741879800000
554.28,554.55,552.37,552.4898,2364205.0,1741880700000
552.47,554.07,552.27,552.97,1865838.0,1741881600000
552.96,553.3198,552.3236,552.57,1093188.0,1741882500000
552.59,554.5762,552.2,553.17,1857506.0,1741883400000
553.16,553.38,551.36,552.595,2244520.0,1741884300000
552.58,553.34,551.28,551.55,1501235.0,1741885200000
551.57,551.62,550.36,551.16,1765429.0,1741886100000
551.11,551.24,550.0,550.07,1818419.0,1741887000000
550.06,550.91,549.68,550.09,1810521.0,1741887900000
550.07,553.25,549.975,552.845,1979743.0,1741888800000
552.85,553.06,551.83,553.06,1698892.0,1741889700000
553.07,554.175,552.5342,554.06,2310448.0,1741890600000
554.04,554.32,552.81,553.94,2206201.0,1741891500000
553.8041,554.62,552.2,552.86,2487282.0,1741892400000
552.91,553.3,550.9,551.47,2080658.0,1741893300000
551.48,552.06,550.37,551.12,3198710.0,1741894200000
551.13,551.62,550.16,551.51,7967228.0,1741895100000
556.11,558.2792,555.8,558.215,3699834.0,1741959000000
558.21,559.69,558.15,558.44,2308067.0,1741959900000
557.68,558.91,555.5,556.75,4027020.0,1741960800000
556.66,557.625,555.9,557.005,1593767.0,1741961700000
556.995,558.85,556.88,558.655,1426727.0,1741962600000
558.69,560.2798,558.6,560.2798,1356214.0,1741963500000
560.27,560.8801,559.92,560.339,1636910.0,1741964400000
560.34,561.51,560.33,561.05,1315645.0,1741965300000
561.06,562.3,561.05,562.2901,1261069.0,1741966200000
562.255,562.43,561.24,562.14,1981325.0,1741967100000
562.14,562.2,560.59,560.7901,1096690.0,1741968000000
560.76,561.25,560.0201,560.22,1489182.0,1741968900000
560.2397,561.78,560.05,561.634,1670385.0,1741969800000
561.66,562.43,561.311,562.09,1977437.0,1741970700000
562.07,562.8,561.711,561.89,1568403.0,1741971600000
561.875,562.38,561.21,561.45,1490049.0,1741972500000
561.45,561.95,551.4917,560.8,1156195.0,1741973400000
560.76,561.42,560.49,560.63,1371167.0,1741974300000
560.64,561.7499,560.63,560.76,1975014.0,1741975200000
560.73,560.98,560.23,560.69,1296059.0,1741976100000
560.69,562.26,560.6832,562.04,1346656.0,1741977000000
562.025,562.48,561.25,561.76,1282662.0,1741977900000
561.77,562.75,561.47,562.7,1532212.0,1741978800000
562.7,562.72,561.72,561.8,1893051.0,1741979700000
561.81,562.33,561.37,561.96,2108457.0,1741980600000
561.95,563.83,561.75,562.79,9786209.0,1741981500000
562.79,566.16,562.35,565.88,3397006.0,1742218200000
565.8996,566.36,564.3767,565.65,2208632.0,1742219100000
565.7,566.28,564.3224,566.18,1656237.0,1742220000000
566.26,566.2863,564.54,564.64,1342365.0,1742220900000
564.63,565.69,563.9336,565.53,1598105.0,1742221800000
565.51,565.56,563.67,563.98,909523.0,1742222700000
564.02,564.61,563.5,564.5018,1180890.0,1742223600000
564.55,565.23,564.06,564.15,954571.0,1742224500000
564.13,564.47,562.8,563.3,1548243.0,1742225400000
563.32,564.36,563.15,563.8142,641837.0,1742226300000
563.83,565.27,563.29,564.94,786258.0,1742227200000
565.04,565.05,563.71,563.8499,729495.0,1742228100000
563.84,564.71,563.6,563.8101,735264.0,1742229000000
563.865,564.95,563.4503,564.6,752610.0,1742229900000
564.595,565.13,563.9616,565.13,785108.0,1742230800000
565.1153,566.0,564.75,565.81,801942.0,1742231700000
565.82,567.12,565.61,566.92,1136057.0,1742232600000
566.95,567.37,566.47,567.115,1451594.0,1742233500000
567.1,568.51,567.085,568.37,2115800.0,1742234400000
568.4,568.909,568.08,568.6524,1416044.0,1742235300000
568.655,569.15,568.495,568.9588,1539515.0,1742236200000
568.95,569.71,568.86,569.2,1288077.0,1742237100000
569.17,569.31,568.43,568.69,1772198.0,1742238000000
568.7,569.1099,568.38,569.045,1595648.0,1742238900000
569.03,569.3,568.51,568.9,1672483.0,1742239800000
568.88,568.99,566.82,567.02,6683604.0,1742240700000
564.8,565.02,561.6728,561.75,3380217.0,1742304600000
561.72,562.28,560.635,560.77,2569384.0,1742305500000
560.78,561.6617,560.24,560.52,2673018.0,1742306400000
560.54,561.48,560.15,561.306,1653084.0,1742307300000
561.29,562.07,560.85,561.11,1633513.0,1742308200000
561.16,561.625,560.33,560.79,1230257.0,1742309100000
560.79,560.93,559.34,560.32,1986795.0,1742310000000
560.19,560.63,559.66,559.97,1004273.0,1742310900000
559.94,560.82,559.7353,560.25,836410.0,1742311800000
560.25,560.565,559.06,559.61,1224336.0,1742312700000
559.61,561.1,559.41,561.03,1139352.0,1742313600000
561.04,561.68,560.33,561.678,1375554.0,1742314500000
561.66,561.81,560.06,560.15,1607594.0,1742315400000
560.12,561.22,559.33,560.8509,1210346.0,1742316300000
560.86,561.16,559.81,561.041,829753.0,1742317200000
561.0463,561.24,559.22,560.56,1773343.0,1742318100000
560.57,561.49,560.03,560.885,1060516.0,1742319000000
560.89,561.5587,560.46,560.82,783893.0,1742319900000
560.82,560.93,559.73,559.8237,920825.0,1742320800000
559.82,561.35,559.77,560.48,1148533.0,1742321700000
560.49,561.36,560.41,560.79,747954.0,1742322600000
560.8,562.215,560.78,561.3991,1454822.0,1742323500000
561.37,561.44,560.58,561.11,1248096.0,1742324400000
561.105,561.7113,560.61,561.11,2604265.0,1742325300000
561.12,561.45,560.46,560.67,2275586.0,1742326200000
560.68,561.28,559.84,561.05,5706014.0,1742327100000
562.83,563.235,561.63,561.905,1623684.0,1742391000000
561.92,564.45,561.8601,563.92,1862068.0,1742391900000
563.94,565.38,563.94,564.88,1471418.0,1742392800000
564.91,565.21,564.41,564.48,1254135.0,1742393700000
564.5,564.8699,563.74,563.99,982753.0,1742394600000
563.9897,564.22,563.3009,563.52,991904.0,1742395500000
563.4997,564.77,563.35,564.59,686621.0,1742396400000
564.6,564.78,563.59,564.57,2532454.0,1742397300000
564.57,565.25,564.34,565.13,891459.0,1742398200000
565.13,566.29,565.0,565.78,1150030.0,1742399100000
565.77,566.21,565.19,565.29,1623706.0,1742400000000
565.35,565.65,565.04,565.5598,618137.0,1742400900000
565.54,565.65,564.86,565.08,579576.0,1742401800000
565.09,565.4,564.67,564.955,753778.0,1742402700000
564.95,565.166,563.56,563.67,890242.0,1742403600000
563.67,563.96,563.28,563.35,999815.0,1742404500000
563.38,564.25,562.9,563.61,773636.0,1742405400000
563.5955,563.75,562.72,563.18,836137.0,1742406300000
563.18,565.625,562.0,565.19,3011301.0,1742407200000
565.15,565.88,564.36,564.61,1526967.0,1742408100000
564.57,567.23,564.57,566.95,2434092.0,1742409000000
566.95,568.53,566.41,568.25,2544777.0,1742409900000
568.24,570.95,568.18,570.05,4405562.0,1742410800000
570.06,570.37,566.5749,567.2301,3964201.0,1742411700000
567.2,569.36,566.94,569.22,4021549.0,1742412600000
569.25,569.38,566.68,567.01,6875847.0,1742413500000
563.33,565.49,562.6012,565.17,2803000.0,1742477400000
565.21,566.77,565.1,566.61,1913700.0,1742478300000
566.65,568.7192,566.46,568.24,2828097.0,1742479200000
568.26,570.05,567.65,569.48,2100032.0,1742480100000
569.48,570.49,568.86,570.2835,1681873.0,1742481000000
570.3,570.57,569.2,569.4,1384583.0,1742481900000
569.43,569.88,568.81,569.66,1298288.0,1742482800000
569.62,569.73,568.7,568.94,1245686.0,1742483700000
568.94,569.21,567.69,569.05,1671136.0,1742484600000
569.04,569.58,568.05,568.1698,1382495.0,1742485500000
568.15,569.42,567.25,568.0,1519297.0,1742486400000
568.015,568.015,565.93,566.24,1515372.0,1742487300000
566.23,567.05,565.88,566.11,1444779.0,1742488200000
566.1,566.67,565.61,565.87,1229813.0,1742489100000
565.86,567.21,565.7882,566.9148,1090868.0,1742490000000
566.9251,566.9755,564.7,564.7493,1071374.0,1742490900000
564.75,565.96,564.66,565.92,1526561.0,1742491800000
565.87,569.3567,564.8,565.16,1172150.0,1742492700000
565.19,566.2,565.09,565.69,1203163.0,1742493600000
565.7,565.94,564.04,564.12,2251563.0,1742494500000
564.12,564.83,563.7703,564.14,1765005.0,1742495400000
564.15,565.89,564.06,564.45,2000773.0,1742496300000
564.451,565.62,564.38,565.27,1618035.0,1742497200000
565.26,566.3187,564.58,564.67,2231332.0,1742498100000
564.67,565.9,564.67,565.86,2507907.0,1742499000000
565.86,566.68,565.28,565.68,6638483.0,1742499900000
559.28,560.28,558.27,559.57,5167551.0,1742563800000
559.69,560.32,558.71,559.841,2599720.0,1742564700000
559.85,559.99,558.03,559.125,1643060.0,1742565600000
559.11,560.4,558.6738,559.88,2128169.0,1742566500000
559.9,560.2,559.04,559.9075,1439883.0,1742567400000
559.91,561.48,559.5875,561.47,1959986.0,1742568300000
561.47,561.81,560.5,560.5595,1131551.0,1742569200000
560.565,560.7796,559.68,559.83,9795252.0,1742570100000
559.82,560.5799,558.94,559.105,1677091.0,1742571000000
559.07,559.91,558.8,559.44,1770431.0,1742571900000
559.37,561.53,558.76,561.305,2221975.0,1742572800000
561.35,562.69,561.16,562.3626,2388325.0,1742573700000
562.38,562.75,561.76,561.88,1688123.0,1742574600000
561.95,563.685,561.94,563.6503,1021030.0,1742575500000
563.65,563.65,562.58,562.7301,940429.0,1742576400000
562.75,562.94,561.8969,562.07,905244.0,1742577300000
562.1,563.34,561.52,563.04,1243514.0,1742578200000
563.08,563.93,562.79,562.905,1510398.0,1742579100000
562.905,563.3063,562.4,562.76,1559870.0,1742580000000
562.74,563.08,562.05,562.11,1038351.0,1742580900000
562.12,563.29,562.1,563.21,2581704.0,1742581800000
563.19,563.27,562.3,562.49,1011025.0,1742582700000
562.495,562.6,561.48,562.0802,1516699.0,1742583600000
562.06,562.4,561.5,561.99,1470915.0,1742584500000
561.97,562.5,561.7301,562.35,2168560.0,1742585400000
562.35,564.89,562.24,564.19,10833371.0,1742586300000
570.8,572.31,570.2,572.04,3844383.0,1742823000000
572.02,572.98,571.65,572.74,2178124.0,1742823900000
572.735,572.91,572.01,572.82,2716931.0,1742824800000
572.82,573.34,572.73,573.13,1526742.0,1742825700000
573.15,573.27,572.68,572.84,1240768.0,1742826600000
572.89,573.69,572.82,573.555,1852439.0,1742827500000
573.55,573.98,573.11,573.77,1252026.0,1742828400000
573.775,573.99,573.45,573.71,776791.0,1742829300000
573.72,573.83,573.14,573.35,980422.0,1742830200000
573.3682,573.9199,573.23,573.8796,924525.0,1742831100000
573.87,574.39,573.7331,574.23,1084873.0,1742832000000
574.21,574.26,573.22,573.25,1529653.0,1742832900000
573.26,573.58,572.77,573.22,1539765.0,1742833800000
573.21,573.55,572.97,573.1293,694979.0,1742834700000
573.14,573.19,572.53,572.62,983450.0,1742835600000
572.64,573.06,572.45,573.05,997252.0,1742836500000
573.05,573.375,572.88,573.02,1137808.0,1742837400000
573.03,573.33,572.78,573.0999,775922.0,1742838300000
573.1,573.13,572.05,572.3462,1612455.0,1742839200000
572.35,572.67,572.1,572.405,827578.0,1742840100000
572.4,573.5,572.0747,573.3499,2248166.0,1742841000000
573.34,573.71,572.6,573.635,1604851.0,1742841900000
573.64,574.13,573.47,573.7646,2207437.0,1742842800000
573.79,574.21,573.75,573.95,1028127.0,1742843700000
573.96,574.35,573.84,574.23,2253421.0,1742844600000
574.22,575.15,574.01,574.02,7196482.0,1742845500000
575.3,575.655,574.31,574.78,2293421.0,1742909400000
574.8,575.11,574.02,574.66,1625627.0,1742910300000
574.7,575.35,573.94,574.97,1444268.0,1742911200000
574.91,575.81,574.85,575.8,1611728.0,1742912100000
575.8,576.26,575.37,576.23,1420668.0,1742913000000
576.22,576.41,575.765,575.99,1695656.0,1742913900000
575.97,576.21,575.8,575.9492,1061359.0,1742914800000
575.93,575.98,575.585,575.69,770592.0,1742915700000
575.7,575.76,575.28,575.569,721995.0,1742916600000
575.55,575.6073,574.56,574.7599,1105703.0,1742917500000
574.76,574.99,574.5101,574.88,786524.0,1742918400000
574.8773,574.92,574.4,574.5399,781673.0,1742919300000
574.53,574.78,574.17,574.66,628034.0,1742920200000
574.68,575.09,574.46,574.955,548261.0,1742921100000
574.96,575.54,574.9502,575.11,700709.0,1742922000000
575.13,575.13,574.02,574.18,984597.0,1742922900000
574.19,574.69,574.17,574.62,760256.0,1742923800000
574.59,574.59,574.09,574.125,580633.0,1742924700000
574.12,574.65,573.8,574.64,1853902.0,1742925600000
574.63,574.9499,574.29,574.41,736749.0,1742926500000
574.42,574.57,573.9,574.14,669698.0,1742927400000
574.14,574.29,573.69,573.9393,1688338.0,1742928300000
573.88,574.61,573.88,574.1593,1071212.0,1742929200000
574.14,574.4798,574.06,574.11,1074340.0,1742930100000
574.11,574.93,573.87,574.85,2216410.0,1742931000000
574.87,575.6,574.7,575.36,3687976.0,1742931900000
575.19,576.33,574.74,575.8,1941831.0,1742995800000
575.805,575.89,573.33,573.63,1948100.0,1742996700000
573.62,574.52,573.32,574.0199,1699483.0,1742997600000
574.03,574.21,572.486,573.375,1737634.0,1742998500000
573.37,573.71,573.195,573.45,913523.0,1742999400000
573.43,573.83,572.87,573.44,1450163.0,1743000300000
573.42,573.84,573.31,573.54,1249438.0,1743001200000
573.54,573.57,571.95,572.34,921057.0,1743002100000
572.315,572.79,572.005,572.07,971579.0,1743003000000
572.06,572.17,570.12,570.66,1849984.0,1743003900000
570.66,571.0,570.23,570.69,1301778.0,1743004800000
570.69,571.12,570.2048,571.07,1079676.0,1743005700000
571.07,571.39,570.3114,570.4,984884.0,1743006600000
570.39,570.95,569.28,569.49,1134498.0,1743007500000
569.49,570.1999,569.39,569.91,1272324.0,1743008400000
569.89,569.91,568.78,568.95,1106742.0,1743009300000
568.965,569.28,567.94,568.565,1817643.0,1743010200000
568.54,568.93,568.01,568.0498,770217.0,1743011100000
568.06,569.29,567.96,568.99,1581176.0,1743012000000
568.9901,569.49,568.88,569.2406,1086394.0,1743012900000
569.22,569.48,568.02,568.17,936826.0,1743013800000
568.18,568.37,567.2,567.41,1218615.0,1743014700000
567.4,568.02,567.19,567.5037,2298034.0,1743015600000
567.5,568.74,567.41,567.7,1865867.0,1743016500000
567.71,568.64,567.61,568.36,3305947.0,1743017400000
568.36,569.58,568.1,568.74,6241014.0,1743018300000
567.18,567.52,564.94,565.5653,2891939.0,1743082200000
565.56,568.43,565.56,568.33,3015411.0,1743083100000
568.31,569.07,567.53,568.87,1911674.0,1743084000000
568.89,569.58,568.23,569.52,1020265.0,1743084900000
569.52,570.6,569.25,570.41,1736505.0,1743085800000
570.42,570.7999,569.72,570.7999,1196392.0,1743086700000
570.8,570.9,570.05,570.7,1287129.0,1743087600000
570.7,570.88,569.81,569.86,674372.0,1743088500000
569.88,569.88,568.15,568.395,1382851.0,1743089400000
568.41,568.6,567.85,567.94,981479.0,1743090300000
567.96,569.26,567.79,568.89,904699.0,1743091200000
568.89,569.9102,568.53,568.645,791498.0,1743092100000
568.65,569.3,568.31,568.68,541596.0,1743093000000
568.64,568.85,566.6001,566.66,1246100.0,1743093900000
566.66,568.0663,566.38,568.04,1008606.0,1743094800000
568.03,568.19,566.73,566.76,1016290.0,1743095700000
566.79,567.47,566.64,566.79,710649.0,1743096600000
566.83,567.7676,566.423,566.635,715683.0,1743097500000
566.65,568.505,566.56,568.4671,1094053.0,1743098400000
568.49,568.68,567.64,567.96,797495.0,1743099300000
567.92,568.96,567.55,568.48,934801.0,1743100200000
568.5,569.1875,567.42,567.56,880024.0,1743101100000
567.54,569.1,567.43,569.0724,1172800.0,1743102000000
569.07,570.03,568.923,569.78,1643188.0,1743102900000
569.76,569.81,568.37,568.76,2552521.0,1743103800000
568.76,569.06,566.72,567.0,5334874.0,1743104700000
565.53,566.2675,564.37,565.01,2629885.0,1743168600000
565.04,565.56,563.76,563.9399,1432656.0,1743169500000
563.84,564.36,561.15,561.38,3228796.0,1743170400000
561.39,561.4981,559.49,559.57,4018973.0,1743171300000
559.565,560.15,558.33,559.6,3901020.0,1743172200000
559.6,559.6587,558.26,558.79,1873705.0,1743173100000
558.8,559.35,557.77,558.93,3134683.0,1743174000000
558.9499,559.25,558.075,558.94,1543543.0,1743174900000
558.94,559.8,558.66,559.08,1552994.0,1743175800000
559.04,559.32,557.91,557.93,1149933.0,1743176700000
557.92,558.8,557.9,558.115,1053227.0,1743177600000
558.1,558.1785,556.631,556.84,1807607.0,1743178500000
556.845,557.4633,556.835,556.9,1435834.0,1743179400000
556.88,557.5787,556.44,556.5432,1268213.0,1743180300000
556.5,556.54,555.64,555.79,1684866.0,1743181200000
555.77,556.7,555.25,555.39,1846853.0,1743182100000
555.4,556.11,555.22,555.69,1426015.0,1743183000000
555.71,556.45,555.5,556.41,1267445.0,1743183900000
556.39,556.97,555.96,556.33,1656487.0,1743184800000
556.3494,556.7,555.63,555.99,1231954.0,1743185700000
555.965,556.34,555.5,555.6,1300455.0,1743186600000
555.59,556.24,555.31,556.18,1749256.0,1743187500000
556.21,556.72,555.93,556.2375,1682428.0,1743188400000
556.24,556.42,555.66,555.77,1617076.0,1743189300000
555.78,555.8242,555.07,555.375,2886805.0,1743190200000
555.38,556.5,555.2,555.83,9715742.0,1743191100000
549.83,550.63,547.38,547.4214,4770434.0,1743427800000
547.42,550.54,546.87,549.74,3791848.0,1743428700000
549.75,551.59,549.64,550.91,2246992.0,1743429600000
550.88,551.1,549.43,549.51,1896774.0,1743430500000
549.55,551.92,549.49,550.87,2519820.0,1743431400000
550.86,551.98,550.63,551.6,1335124.0,1743432300000
551.61,552.6,551.332,551.42,1944009.0,1743433200000
551.43,553.47,551.236,552.53,1768560.0,1743434100000
552.51,553.83,552.0937,553.25,1315346.0,1743435000000
553.25,554.12,553.13,553.32,1493038.0,1743435900000
553.32,553.84,551.915,552.48,1129251.0,1743436800000
552.44,554.59,552.25,554.555,1354701.0,1743437700000
554.55,554.55,553.73,553.93,839264.0,1743438600000
553.95,554.4599,553.12,553.33,924817.0,1743439500000
553.26,555.16,553.0238,554.81,1159489.0,1743440400000
554.81,554.8509,552.82,553.64,1536682.0,1743441300000
553.6303,554.21,552.94,553.02,935608.0,1743442200000
553.01,554.13,552.71,553.16,1073246.0,1743443100000
553.15,556.945,553.02,556.12,3613898.0,1743444000000
556.12,556.96,555.73,556.95,2368797.0,1743444900000
556.93,557.95,556.74,557.35,2258439.0,1743445800000
557.36,557.87,556.26,556.39,2562036.0,1743446700000
556.39,558.93,556.365,558.51,2887986.0,1743447600000
558.51,559.19,557.2113,557.41,5035622.0,1743448500000
557.39,560.7112,557.13,559.42,5697970.0,1743449400000
559.39,560.06,557.84,559.15,12489397.0,1743450300000
557.45,557.72,556.0,556.925,2530059.0,1743514200000
556.925,558.58,556.7504,557.22,1972056.0,1743515100000
557.1525,557.57,554.23,554.31,2779273.0,1743516000000
554.32,555.795,553.68,555.14,2027604.0,1743516900000
555.135,558.63,555.03,557.95,2157268.0,1743517800000
557.96,559.8,557.48,559.72,2042389.0,1743518700000
559.715,561.44,559.4,561.4,2586362.0,1743519600000
561.38,561.8794,560.595,560.799,2374221.0,1743520500000
560.82,561.22,560.2,561.1047,1363663.0,1743521400000
561.1,561.76,560.76,561.57,1077031.0,1743522300000
561.59,562.41,561.2,562.22,972089.0,1743523200000
562.2,562.94,560.65,560.75,1604666.0,1743524100000
560.76,561.06,559.335,559.47,1881950.0,1743525000000
559.5,561.38,559.38,560.69,1206115.0,1743525900000
560.6727,561.12,559.97,560.75,843043.0,1743526800000
560.735,560.86,559.18,559.42,1123633.0,1743527700000
559.33,560.36,559.1,559.35,1050291.0,1743528600000
559.3,560.28,558.91,559.0,812250.0,1743529500000
559.0,559.17,557.085,557.71,1896829.0,1743530400000
557.73,557.79,556.4293,556.6895,1495928.0,1743531300000
556.675,557.279,556.43,557.2,1072467.0,1743532200000
557.17,557.7799,556.15,557.662,1164855.0,1743533100000
557.66,558.43,557.43,558.1448,1244040.0,1743534000000
558.14,558.995,557.94,558.4293,1573971.0,1743534900000
558.43,560.0566,558.1713,559.94,1973123.0,1743535800000
559.93,561.52,559.8,561.03,5864431.0,1743536700000
555.05,559.0,554.81,558.815,4352540.0,1743600600000
558.8,559.78,558.41,558.73,2333340.0,1743601500000
558.71,560.63,558.29,559.1588,1636770.0,1743602400000
559.09,560.9162,558.906,560.86,1136064.0,1743603300000
560.845,561.57,560.34,560.77,1246088.0,1743604200000
560.83,562.2696,560.73,562.09,1093495.0,1743605100000
562.07,562.16,561.09,561.1,1143653.0,1743606000000
561.12,563.75,560.86,563.33,1445398.0,1743606900000
563.3,563.73,562.26,562.405,1495304.0,1743607800000
562.36,562.67,561.1022,562.2836,1381411.0,1743608700000
562.31,563.6,562.08,563.54,924956.0,1743609600000
563.54,564.28,563.34,564.28,1366196.0,1743610500000
564.29,564.56,563.57,564.5,1090751.0,1743611400000
564.51,566.06,564.2175,565.68,2158507.0,1743612300000
565.69,567.42,565.62,566.92,2234778.0,1743613200000
566.93,566.95,565.91,566.0769,1433680.0,1743614100000
566.03,566.0989,564.175,564.5681,1643662.0,1743615000000
564.51,564.53,563.21,564.1,1545057.0,1743615900000
564.08,564.45,562.06,563.02,1485756.0,1743616800000
563.0,563.21,561.1,561.1,1357429.0,1743617700000
561.11,563.785,560.96,563.35,1877780.0,1743618600000
563.36,563.51,561.1,561.11,1003483.0,1743619500000
561.15,562.9499,561.135,562.09,1122759.0,1743620400000
562.12,563.3702,561.66,563.2,1150964.0,1743621300000
563.18,564.9,562.65,564.71,2525714.0,1743622200000
564.71,565.655,564.62,564.65,7484075.0,1743623100000
545.11,547.97,544.89,546.32,9121887.0,1743687000000
546.32,547.16,544.18,544.92,5549831.0,1743687900000
544.86,545.22,542.0,542.6899,4958511.0,1743688800000
542.68,543.74,541.57,543.07,5513594.0,1743689700000
543.04,543.9,541.59,542.19,3748723.0,1743690600000
542.14,542.25,540.1,540.19,4727923.0,1743691500000
540.2,542.19,539.58,541.46,4582738.0,1743692400000
541.44,542.77,541.19,541.73,3488302.0,1743693300000
541.78,544.31,541.64,543.9,3579596.0,1743694200000
543.92,544.4199,542.09,543.51,2590093.0,1743695100000
543.51,545.26,543.39,545.05,2488076.0,1743696000000
545.02,545.96,544.57,545.92,2237074.0,1743696900000
545.94,546.36,543.96,544.56,2713861.0,1743697800000
544.565,544.99,542.985,543.44,2173147.0,1743698700000
543.46,544.37,542.895,543.47,1742006.0,1743699600000
543.455,543.64,541.92,542.26,1679598.0,1743700500000
542.24,543.58,541.91,543.46,1648963.0,1743701400000
543.45,543.79,541.77,541.85,1726262.0,1743702300000
541.84,542.53,540.7,540.78,1969094.0,1743703200000
540.77,541.3982,540.365,540.79,2287009.0,1743704100000
540.77,542.0899,539.9402,541.97,3076705.0,1743705000000
541.98,542.35,541.15,541.79,2039697.0,1743705900000
541.77,542.0,540.78,540.9,2762698.0,1743706800000
540.94,540.9498,538.55,539.03,5099111.0,1743707700000
539.04,539.63,538.01,539.46,5126365.0,1743708600000
539.46,539.57,536.9,537.64,15306540.0,1743709500000
523.67,525.87,519.15,520.22,11886284.0,1743773400000
520.22,524.49,519.58,523.18,7905989.0,1743774300000
523.18,523.26,518.0,518.48,5581638.0,1743775200000
518.42,519.49,516.24,516.29,5225939.0,1743776100000
516.26,517.53,514.41,514.61,6803051.0,1743777000000
514.62,516.39,510.05,515.525,9961738.0,1743777900000
515.47,521.9301,514.79,520.905,10843031.0,1743778800000
520.86,522.59,516.21,516.35,8205307.0,1743779700000
516.4,517.88,514.0,515.935,5433718.0,1743780600000
515.95,518.35,514.74,514.96,3974615.0,1743781500000
514.98,517.4585,514.845,516.67,3135328.0,1743782400000
516.72,517.05,511.86,512.39,3194109.0,1743783300000
512.34,514.36,510.91,512.11,4442940.0,1743784200000
512.125,513.16,511.2,512.075,3017974.0,1743785100000
512.08,513.59,509.44,509.75,4149898.0,1743786000000
509.67,512.08,508.325,511.16,4965753.0,1743786900000
511.16,514.06,509.749,512.7634,4739910.0,1743787800000
512.79,514.64,512.24,514.57,4367183.0,1743788700000
514.59,515.82,511.42,511.56,5029407.0,1743789600000
511.5,511.582,508.56,508.8,4166296.0,1743790500000
508.91,509.26,505.52,505.87,6593317.0,1743791400000
505.87,508.97,505.63,507.78,5419518.0,1743792300000
507.78,510.67,506.39,510.165,5557875.0,1743793200000
510.125,512.04,507.62,510.52,6807746.0,1743794100000
510.53,513.9197,509.97,512.2183,9282570.0,1743795000000
512.16,513.16,505.06,505.5,21628405.0,1743795900000
489.19,489.3,481.8,483.865,15961943.0,1744032600000
483.84,496.46,482.51,495.69,13095997.0,1744033500000
495.67,517.435,493.37,513.78,20854838.0,1744034400000
513.835,523.17,497.47,498.19,28416655.0,1744035300000
498.21,505.93,493.67,499.99,15300197.0,1744036200000
500.0,508.78,497.44,505.91,8606767.0,1744037100000
505.88,509.77,495.07,496.34,10751233.0,1744038000000
496.24,500.63,492.66,493.75,13237298.0,1744038900000
493.75,503.98,493.73,503.44,7366218.0,1744039800000
503.37,503.72,499.46,499.5,4421748.0,1744040700000
499.5,499.64,495.27,497.21,3887910.0,1744041600000
497.22,500.52,495.015,499.56,3765502.0,1744042500000
499.56,501.77,496.85,497.85,3225326.0,1744043400000
497.81,497.97,494.7,495.68,3480184.0,1744044300000
495.63,503.08,495.59,501.51,6727621.0,1744045200000
501.51,505.94,500.62,505.62,4420752.0,1744046100000
505.62,507.1,502.16,507.0,4476901.0,1744047000000
506.94,509.36,498.2651,509.09,5591443.0,1744047900000
509.07,510.0,505.18,506.19,4166382.0,1744048800000
506.19,510.47,504.66,505.19,4155638.0,1744049700000
505.15,508.34,504.81,506.69,2872417.0,1744050600000
506.71,507.68,502.28,503.21,3657590.0,1744051500000
503.25,506.31,500.9203,501.77,5466141.0,1744052400000
501.74,504.33,500.14,500.605,5574214.0,1744053300000
500.605,506.64,500.56,501.5,6614470.0,1744054200000
501.45,505.15,500.8,504.55,14107141.0,1744055100000
521.86,522.17,517.79,519.6801,10000422.0,1744119000000
519.69,523.29,518.74,522.5925,6219661.0,1744119900000
522.59,524.44,522.14,523.78,4608696.0,1744120800000
523.79,524.98,522.81,523.37,4524183.0,1744121700000
523.36,524.21,521.46,521.55,3622882.0,1744122600000
521.53,522.42,517.81,517.85,3734894.0,1744123500000
517.86,519.27,515.495,515.8701,3616599.0,1744124400000
515.91,517.07,514.1,514.16,4650847.0,1744125300000
514.19,518.525,514.0,517.43,3432754.0,1744126200000
517.41,518.18,514.235,516.77,3034184.0,1744127100000
516.74,517.29,515.3,515.35,2854310.0,1744128000000
515.315,515.49,511.8,513.96,3302187.0,1744128900000
513.95,514.6,507.58,508.54,7110657.0,1744129800000
508.52,511.5,507.02,507.1442,6528076.0,1744130700000
507.08,508.57,503.47,505.08,6110432.0,1744131600000
505.09,506.8,502.25,502.45,5542622.0,1744132500000
502.37,509.11,502.03,507.78,6252338.0,1744133400000
507.8,507.93,504.48,506.72,3119638.0,1744134300000
506.76,507.12,503.0,503.4,2834774.0,1744135200000
503.42,506.11,502.07,502.41,3218980.0,1744136100000
502.44,507.82,501.4,501.529,5395159.0,1744137000000
501.53,504.19,501.53,501.69,3036991.0,1744137900000
501.71,502.12,496.33,496.61,5134125.0,1744138800000
496.5808,498.62,494.34,497.51,7303199.0,1744139700000
497.53,497.59,490.5,490.605,10209175.0,1744140600000
490.63,497.46,489.16,496.74,18198413.0,1744141500000
493.44,502.04,493.43,497.59,9905956.0,1744205400000
497.5301,501.37,495.725,499.85,5107619.0,1744206300000
499.86,503.67,496.67,497.3194,5435955.0,1744207200000
497.3,500.38,496.6837,498.97,5193812.0,1744208100000
499.07,501.68,497.48,497.66,3210802.0,1744209000000
497.69,499.83,493.0904,493.2084,4984367.0,1744209900000
493.22,497.8,493.05,496.47,3773946.0,1744210800000
496.505,499.71,496.49,498.28,2381572.0,1744211700000
498.29,499.59,494.83,495.275,2753033.0,1744212600000
495.24,499.05,495.24,495.975,2495829.0,1744213500000
495.95,500.39,494.77,499.89,1892529.0,1744214400000
499.88,500.55,499.05,499.26,2318616.0,1744215300000
499.19,500.72,498.65,499.81,2703521.0,1744216200000
499.78,502.58,499.2,501.2,2915987.0,1744217100000
501.25,505.7099,501.0,502.41,5604378.0,1744218000000
502.45,533.4,497.56,523.96,31037659.0,1744218900000
524.02,536.5,522.95,525.98,18215122.0,1744219800000
526.14,535.55,525.86,534.87,10618975.0,1744220700000
534.925,537.98,531.11,534.4801,9657872.0,1744221600000
534.54,539.71,533.05,538.15,9600303.0,1744222500000
538.16,539.87,532.61,533.37,7723629.0,1744223400000
533.38,536.18,530.59,530.93,6576526.0,1744224300000
530.91,537.72,529.68,537.46,7441871.0,1744225200000
537.48,541.78,535.79,540.49,7183134.0,1744226100000
540.45,543.4,539.54,541.74,8361544.0,1744227000000
541.8,546.33,540.39,543.37,22074066.0,1744227900000
532.17,533.495,528.51,530.11,7705086.0,1744291800000
530.1,533.33,528.88,529.0025,6007908.0,1744292700000
528.99,530.14,526.3401,527.6399,5125922.0,1744293600000
527.66,530.73,527.04,528.11,4214710.0,1744294500000
528.12,531.96,528.11,529.97,4118181.0,1744295400000
530.0,530.27,526.05,526.29,3340890.0,1744296300000
526.29,528.7,525.94,526.45,3697444.0,1744297200000
526.44,526.71,523.71,523.7102,3112204.0,1744298100000
523.72,524.27,521.38,521.69,4091354.0,1744299000000
521.65,522.74,517.91,518.6143,5615716.0,1744299900000
518.56,520.09,515.67,516.275,6001413.0,1744300800000
516.23,516.89,509.32,511.86,9255881.0,1744301700000
511.815,518.84,511.5127,517.86,7419844.0,1744302600000
517.8,520.55,515.42,519.76,5682933.0,1744303500000
519.67,524.7,513.5,514.61,6891264.0,1744304400000
514.6,519.59,512.87,519.32,4312083.0,1744305300000
519.21,522.89,518.32,522.6301,3948768.0,1744306200000
522.66,525.55,521.07,524.28,4478121.0,1744307100000
524.19,527.76,520.51,520.93,5458902.0,1744308000000
520.87,528.76,520.31,528.39,3753847.0,1744308900000
528.39,529.71,525.548,529.48,3592193.0,1744309800000
529.42,529.53,523.57,526.07,4240616.0,1744310700000
526.17,529.43,523.78,525.34,3888234.0,1744311600000
525.26,528.69,522.37,522.43,4120479.0,1744312500000
522.47,525.68,518.2,518.8,6633447.0,1744313400000
518.805,526.52,518.22,524.7,14984484.0,1744314300000
523.01,526.27,521.1,525.57,6151325.0,1744378200000
525.61,528.84,525.25,526.4001,3941962.0,1744379100000
526.48,528.43,523.38,526.315,5250680.0,1744380000000
526.32,527.6365,520.07,520.69,3763383.0,1744380900000
520.8,525.5162,520.09,525.3,2913912.0,1744381800000
525.31,526.71,522.94,523.17,2445504.0,1744382700000
523.14,527.42,521.69,521.9,3295800.0,1744383600000
521.78,523.5685,520.88,523.08,2200661.0,1744384500000
523.03,526.07,522.42,525.24,1734233.0,1744385400000
525.22,527.11,524.73,526.94,1540531.0,1744386300000
526.93,528.5,526.08,527.85,1733112.0,1744387200000
527.86,528.67,526.41,527.39,1502065.0,1744388100000
527.535,532.26,527.4475,531.9627,2918311.0,1744389000000
531.965,532.85,531.02,531.72,2233243.0,1744389900000
531.77,533.09,530.6047,531.475,1838204.0,1744390800000
531.48,532.02,529.48,529.83,2038469.0,1744391700000
529.84,536.12,528.84,535.4,3938369.0,1744392600000
535.4106,536.43,533.212,534.7,2992759.0,1744393500000
534.72,534.99,532.7263,533.6,2491618.0,1744394400000
533.59,534.1,531.57,533.17,2656207.0,1744395300000
533.16,534.21,532.37,533.67,1908954.0,1744396200000
533.68,534.52,531.97,532.16,1599482.0,1744397100000
532.23,535.31,532.11,535.06,2452674.0,1744398000000
535.06,535.68,533.645,534.74,2457692.0,1744398900000
534.67,535.16,533.48,534.91,3335061.0,1744399800000
534.9,535.45,533.75,533.98,11076562.0,1744400700000
544.05,544.28,539.25,540.7236,5313454.0,1744637400000
540.75,541.95,539.21,540.47,3059980.0,1744638300000
540.63,543.49,539.965,541.415,2665364.0,1744639200000
541.5,542.4,539.71,542.12,1913713.0,1744640100000
542.14,543.02,541.63,542.35,1386994.0,1744641000000
542.355,543.85,541.94,542.42,1902934.0,1744641900000
542.435,543.09,540.43,540.65,2135188.0,1744642800000
540.67,541.23,538.43,538.52,1942222.0,1744643700000
538.64,539.93,536.88,538.23,2569941.0,1744644600000
538.18,538.29,535.23,535.7399,2888142.0,1744645500000
535.725,536.85,533.86,535.43,3145086.0,1744646400000
535.47,537.85,535.16,535.85,2660481.0,1744647300000
535.82,537.86,535.44,537.58,1599071.0,1744648200000
537.54,537.92,535.37,535.52,1678475.0,1744649100000
535.6,539.23,535.29,536.81,2300903.0,1744650000000
536.81,538.55,536.01,537.3,1161206.0,1744650900000
537.26,538.18,536.49,537.04,1120257.0,1744651800000
537.13,539.45,536.64,538.97,1237544.0,1744652700000
538.95,539.85,538.81,539.32,1209034.0,1744653600000
539.3,540.51,538.99,540.38,1221008.0,1744654500000
540.38,541.31,540.05,541.19,1200749.0,1744655400000
541.19,541.3,540.4,540.73,1673621.0,1744656300000
540.77,542.58,540.64,542.3517,2059028.0,1744657200000
542.36,542.36,541.0163,541.33,1908605.0,1744658100000
541.32,542.15,540.66,541.65,3205177.0,1744659000000
541.66,541.8,538.36,538.97,7388676.0,1744659900000
539.675,542.22,539.249,541.7759,3328234.0,1744723800000
541.8,542.9499,541.01,541.48,2183752.0,1744724700000
541.52,543.23,541.23,541.74,2013074.0,1744725600000
541.75,542.56,538.14,539.4,4104250.0,1744726500000
539.4,541.88,539.3401,541.64,1843594.0,1744727400000
541.66,541.8,539.08,540.58,2836131.0,1744728300000
540.5801,541.6339,540.42,541.4871,1301385.0,1744729200000
541.44,542.03,540.15,540.1701,994301.0,1744730100000
540.22,541.53,539.77,540.365,1359953.0,1744731000000
540.32,541.29,539.44,540.9717,1208041.0,1744731900000
541.0,541.62,540.51,540.909,682114.0,1744732800000
540.93,541.62,540.3726,540.98,910497.0,1744733700000
541.0,541.4302,539.97,540.7175,888953.0,1744734600000
540.7,541.1397,538.48,539.04,1164971.0,1744735500000
539.01,539.9,538.46,539.3499,1286185.0,1744736400000
539.34,539.445,537.37,537.76,1275496.0,1744737300000
537.77,539.2457,537.61,538.814,1215738.0,1744738200000
538.83,539.05,537.385,538.2867,1426261.0,1744739100000
538.32,538.775,537.05,537.38,1218209.0,1744740000000
537.365,538.06,536.81,537.5,1322092.0,1744740900000
537.44,538.71,537.435,538.66,1356615.0,1744741800000
538.67,539.21,538.0,538.63,1705841.0,1744742700000
538.63,539.2,538.02,538.97,3331675.0,1744743600000
538.98,539.29,537.74,538.3434,1439867.0,1744744500000
538.36,538.685,537.8,538.13,1797852.0,1744745400000
538.14,538.73,537.14,537.72,6185478.0,1744746300000
531.68,533.86,531.57,532.53,3556669.0,1744810200000
532.59,532.75,529.92,529.92,3034839.0,1744811100000
529.9,531.5602,529.65,530.15,1929971.0,1744812000000
530.185,532.21,529.97,531.77,1674277.0,1744812900000
531.76,532.96,531.305,532.74,1518436.0,1744813800000
532.72,532.75,531.54,532.27,1177923.0,1744814700000
532.29,533.08,531.7058,532.69,2475519.0,1744815600000
532.73,535.11,531.89,534.64,1830417.0,1744816500000
534.66,534.73,533.1,533.27,1313256.0,1744817400000
533.28,533.4399,531.38,531.71,2451239.0,1744818300000
531.73,531.87,530.765,531.49,1499340.0,1744819200000
531.5,531.8,530.9301,531.505,825592.0,1744820100000
531.5,532.12,530.53,531.49,2054268.0,1744821000000
531.49,531.58,530.6747,530.89,1061824.0,1744821900000
530.93,531.32,530.22,530.54,1082000.0,1744822800000
530.58,531.71,530.545,531.5295,894044.0,1744823700000
531.55,531.62,526.74,527.265,3782764.0,1744824600000
527.25,527.25,523.94,524.1,4205341.0,1744825500000
524.1,526.32,524.065,526.085,3012413.0,1744826400000
526.11,526.8398,524.69,526.0,2272129.0,1744827300000
526.0,537.8854,523.65,523.9499,2681080.0,1744828200000
523.93,524.3,522.71,522.84,2003937.0,1744829100000
522.83,523.29,520.84,521.98,3709255.0,1744830000000
521.995,522.35,520.29,520.665,3080149.0,1744830900000
520.69,523.0,520.69,522.46,4306706.0,1744831800000
522.45,526.17,522.11,525.73,9517828.0,1744832700000
527.64,528.49,526.36,527.49,3278378.0,1744896600000
527.51,529.31,526.53,528.74,3244681.0,1744897500000
528.68,529.15,527.02,527.41,1995143.0,1744898400000
527.38,527.67,525.1601,525.28,1960424.0,1744899300000
525.28,525.9,523.91,525.75,3130762.0,1744900200000
525.76,526.2586,525.03,525.08,2566667.0,1744901100000
525.09,528.31,525.025,528.2648,2334493.0,1744902000000
528.25,528.85,526.5,526.71,6126238.0,1744902900000
526.71,528.6,526.6,527.1,977022.0,1744903800000
527.12,528.03,526.48,526.76,1043362.0,1744904700000
526.76,528.92,526.22,527.91,4254879.0,1744905600000
527.98,529.87,527.32,529.45,2198343.0,1744906500000
529.45,530.26,527.85,528.125,2150633.0,1744907400000
528.13,530.41,527.77,529.9105,1281614.0,1744908300000
529.92,530.3386,528.6203,528.78,994497.0,1744909200000
528.8,529.01,527.61,527.68,905886.0,1744910100000
527.69,530.04,527.67,528.47,1895644.0,1744911000000
528.44,530.3285,528.39,529.57,1820329.0,1744911900000
529.5796,530.93,529.36,529.98,1964137.0,1744912800000
530.0,531.165,529.81,530.02,2748204.0,1744913700000
530.02,530.92,530.0,530.3185,1032814.0,1744914600000
530.31,530.77,528.52,528.52,2632758.0,1744915500000
528.54,528.8,526.97,527.32,2004156.0,1744916400000
527.31,528.12,526.63,527.31,2070326.0,1744917300000
527.36,528.51,527.11,527.76,4213383.0,1744918200000
527.82,527.97,525.71,526.39,7614931.0,1744919100000
521.16,521.7,519.0,519.52,2766573.0,1745242200000
519.48,519.99,517.52,517.56,2071629.0,1745243100000
517.51,517.51,516.26,516.71,2251009.0,1745244000000
516.69,516.84,515.19,515.63,1847432.0,1745244900000
515.64,516.86,515.09,515.36,2053427.0,1745245800000
515.39,516.0,514.389,514.6,1945321.0,1745246700000
514.58,515.06,513.72,513.81,1793995.0,1745247600000
513.75,514.34,512.79,513.11,1421659.0,1745248500000
513.11,513.36,511.75,511.84,2220730.0,1745249400000
511.83,511.9251,510.8,511.0699,1843643.0,1745250300000
511.05,512.23,511.01,512.17,1701143.0,1745251200000
512.19,512.19,511.36,511.66,1605704.0,1745252100000
511.66,513.25,511.6,512.8801,2062421.0,1745253000000
512.89,513.1,511.12,511.24,1689240.0,1745253900000
511.2562,511.7399,509.63,509.8,2787713.0,1745254800000
509.78,510.7404,509.5409,509.9612,1622932.0,1745255700000
509.95,510.51,509.32,509.7,1473819.0,1745256600000
509.67,509.8399,508.74,508.94,1236693.0,1745257500000
508.95,509.23,508.46,508.96,1707735.0,1745258400000
508.94,509.9799,508.85,509.91,1861014.0,1745259300000
509.9,510.66,509.32,509.4,1713672.0,1745260200000
509.395,509.62,508.69,508.7701,2396069.0,1745261100000
508.77,510.43,508.73,510.04,3231436.0,1745262000000
510.02,511.17,509.87,510.365,2919431.0,1745262900000
510.36,512.5,510.36,512.22,4195600.0,1745263800000
512.2,514.87,511.7,513.98,8651646.0,1745264700000
520.14,521.45,519.1925,521.42,2952395.0,1745328600000
521.43,522.3,520.775,521.89,2334114.0,1745329500000
521.96,523.44,521.73,522.78,2241138.0,1745330400000
522.75,523.43,522.08,523.06,1716376.0,1745331300000
523.07,523.92,522.26,523.9,1503641.0,1745332200000
523.89,524.89,523.33,524.67,1889120.0,1745333100000
524.67,525.6,524.59,525.5599,1823740.0,1745334000000
525.555,525.8138,524.9,524.94,1716486.0,1745334900000
524.95,525.265,523.81,523.8886,1719425.0,1745335800000
523.89,526.55,523.76,526.17,2357789.0,1745336700000
526.2,528.25,526.2,528.08,4672375.0,1745337600000
528.07,529.305,527.57,528.8,1852481.0,1745338500000
528.79,529.11,527.32,528.23,1920483.0,1745339400000
528.24,528.34,526.93,527.5595,1361934.0,1745340300000
527.57,528.97,525.32,525.681,3845596.0,1745341200000
525.71,525.775,522.33,522.65,4251409.0,1745342100000
522.57,523.9327,522.02,523.23,2439393.0,1745343000000
523.24,523.35,521.76,521.85,1541840.0,1745343900000
521.85,524.4699,521.78,524.45,1753633.0,1745344800000
524.43,525.67,523.95,525.39,1687282.0,1745345700000
525.39,526.37,525.35,526.08,1282717.0,1745346600000
526.07,527.23,526.07,526.76,1338996.0,1745347500000
526.75,527.13,525.55,525.75,1844186.0,1745348400000
525.765,525.94,524.25,524.69,2187372.0,1745349300000
524.67,526.55,524.21,526.1799,2818084.0,1745350200000
526.17,527.5,525.71,526.94,7776242.0,1745351100000
540.43,544.91,539.5101,542.7487,10061845.0,1745415000000
542.63,544.99,541.78,543.56,6469971.0,1745415900000
543.595,545.43,541.34,543.17,4469639.0,1745416800000
543.18,544.2865,540.75,543.88,3092138.0,1745417700000
543.82,545.2,540.9702,544.35,1812562.0,1745418600000
544.33,545.16,540.76,542.555,2442801.0,1745419500000
542.54,543.77,540.8,542.2501,2478399.0,1745420400000
542.29,543.93,537.67,538.6,4362424.0,1745421300000
538.59,544.92,536.94,537.89,2995489.0,1745422200000
537.8935,545.1,535.57,537.43,2293563.0,1745423100000
537.42,545.13,535.64,536.11,1824645.0,1745424000000
536.15,545.16,534.0,536.3,2747079.0,1745424900000
536.3,545.02,536.09,537.24,2012601.0,1745425800000
537.24,545.1075,535.79,538.22,1809514.0,1745426700000
538.2,545.11,536.19,539.05,1865391.0,1745427600000
539.04,545.1606,538.2,538.2,1217644.0,1745428500000
538.21,538.85,536.34,537.51,1404564.0,1745429400000
537.5204,545.1325,536.75,538.36,1396288.0,1745430300000
538.34,544.78,537.02,538.02,2103999.0,1745431200000
538.06,543.5785,536.26,536.57,2098366.0,1745432100000
536.57,545.095,535.97,536.0,1670244.0,1745433000000
535.995,544.29,535.8,536.36,1789625.0,1745433900000
536.36,545.13,535.04,535.6,1778734.0,1745434800000
535.575,545.06,534.1,534.63,2204033.0,1745435700000
534.71,535.79,533.88,534.71,2899608.0,1745436600000
534.715,544.5441,534.03,535.41,10040879.0,1745437500000
536.715,537.93,535.4504,537.78,2503659.0,1745501400000
537.77,539.6462,537.74,539.48,2191531.0,1745502300000
539.48,540.4,539.01,539.9699,2894449.0,1745503200000
539.98,542.33,539.53,542.2342,2022861.0,1745504100000
542.23,543.31,541.53,542.04,2938773.0,1745505000000
542.05,542.7,540.99,542.46,2166025.0,1745505900000
542.45,543.87,541.97,543.52,1814213.0,1745506800000
543.53,543.81,542.09,542.48,1686733.0,1745507700000
542.51,543.19,541.89,542.46,1056565.0,1745508600000
542.44,543.9,542.25,542.76,1890550.0,1745509500000
542.81,543.51,542.2503,543.475,917195.0,1745510400000
543.4357,544.97,543.3,544.44,1784536.0,1745511300000
544.44,545.35,544.295,544.89,1845154.0,1745512200000
544.9,545.8479,544.34,545.44,1222272.0,1745513100000
545.43,545.46,544.69,545.13,981928.0,1745514000000
545.07,545.29,544.03,544.98,1148722.0,1745514900000
544.98,545.59,544.4,544.6701,961682.0,1745515800000
544.72,545.5795,544.37,545.27,1020598.0,1745516700000
545.29,546.33,545.22,545.61,2104102.0,1745517600000
545.62,545.88,545.03,545.51,1223965.0,1745518500000
545.51,546.555,545.43,546.255,1270273.0,1745519400000
546.25,546.9,546.08,546.08,1286823.0,1745520300000
546.05,546.1,544.28,544.8052,2335292.0,1745521200000
544.78,546.02,544.71,544.87,2064075.0,1745522100000
544.89,546.54,544.75,546.39,2561661.0,1745523000000
546.41,547.43,546.1225,546.54,8041710.0,1745523900000
546.65,548.1142,545.65,546.42,2895172.0,1745587800000
546.43,546.91,544.72,544.88,2276850.0,1745588700000
544.94,547.93,544.82,547.56,2906904.0,1745589600000
547.55,547.8,543.89,544.56,3078748.0,1745590500000
544.6,546.94,543.69,546.7765,1913962.0,1745591400000
546.75,547.01,545.52,546.46,1736492.0,1745592300000
546.47,547.37,545.86,547.1999,924131.0,1745593200000
547.18,547.5,546.23,546.46,1060500.0,1745594100000
546.494,546.88,545.71,545.9,904586.0,1745595000000
545.95,547.3452,545.7,547.07,745027.0,1745595900000
547.09,547.67,546.96,547.58,1061446.0,1745596800000
547.58,548.57,547.4001,548.33,1396775.0,1745597700000
548.35,549.14,548.16,549.11,1070246.0,1745598600000
549.09,549.2,547.98,549.1,1177758.0,1745599500000
549.12,550.0,548.81,549.9804,1380058.0,1745600400000
549.98,551.05,549.65,550.9744,2054806.0,1745601300000
550.96,550.99,548.4405,549.11,3330980.0,1745602200000
549.13,549.13,546.76,547.91,2532262.0,1745603100000
547.9,549.39,547.535,548.88,1689190.0,1745604000000
548.88,550.15,548.75,549.74,1361470.0,1745604900000
549.75,550.75,549.58,550.57,1494338.0,1745605800000
550.57,550.665,549.305,549.84,1428437.0,1745606700000
549.8,550.62,549.64,549.92,1364548.0,1745607600000
549.91,550.5306,549.515,549.645,1720112.0,1745608500000
549.63,549.82,548.76,549.555,2458611.0,1745609400000
549.54,550.91,549.04,550.52,5777635.0,1745610300000
551.39,553.22,551.09,553.11,3580761.0,1745847000000
553.12,553.55,550.13,550.29,2483159.0,1745847900000
550.35,551.3,549.66,550.78,1802061.0,1745848800000
550.8399,552.1,550.74,550.94,1402457.0,1745849700000
550.95,551.6399,549.74,551.5,1629974.0,1745850600000
551.5,551.88,550.39,550.53,791357.0,1745851500000
550.51,551.16,549.09,549.9001,1339993.0,1745852400000
549.895,549.91,547.03,547.21,1969957.0,1745853300000
547.2,548.5413,547.105,547.6357,1468461.0,1745854200000
547.6199,548.3299,547.0934,547.48,1128617.0,1745855100000
547.42,547.6337,545.9002,546.2499,1257398.0,1745856000000
546.26,547.0,545.7,546.02,1109603.0,1745856900000
546.03,547.12,545.99,546.925,1489799.0,1745857800000
546.9,547.47,545.94,546.47,1032607.0,1745858700000
546.46,546.85,545.4,545.44,955097.0,1745859600000
545.42,546.295,545.18,545.37,817020.0,1745860500000
545.345,546.56,545.02,546.48,896791.0,1745861400000
546.45,547.88,546.36,547.705,998098.0,1745862300000
547.72,548.1,547.3825,547.73,1081517.0,1745863200000
547.73,548.83,547.4,548.59,1062137.0,1745864100000
548.56,548.87,547.97,548.57,770500.0,1745865000000
548.55,549.04,548.315,548.73,803790.0,1745865900000
548.75,549.95,548.64,549.79,1622709.0,1745866800000
549.79,550.84,549.73,550.5924,1631365.0,1745867700000
550.52,550.9099,550.01,550.78,1551812.0,1745868600000
550.78,552.28,550.75,550.94,5266180.0,1745869500000
548.91,550.41,548.55,550.255,2036701.0,1745933400000
550.32,551.69,550.26,550.62,1818614.0,1745934300000
550.68,552.8,549.6901,551.835,2158555.0,1745935200000
551.82,552.0,549.41,549.92,2464975.0,1745936100000
549.895,552.06,549.82,551.53,1279266.0,1745937000000
551.54,553.05,551.435,552.96,993914.0,1745937900000
552.97,553.2918,551.91,552.27,1008858.0,1745938800000
552.26,552.55,551.05,552.2398,1125677.0,1745939700000
552.24,552.71,550.872,552.71,1380285.0,1745940600000
552.68,552.7636,551.55,551.73,522103.0,1745941500000
551.7302,553.45,551.71,553.15,1015067.0,1745942400000
553.135,553.28,552.4401,552.89,724908.0,1745943300000
552.895,553.1899,552.24,552.84,687713.0,1745944200000
552.84,552.8699,550.51,551.07,1545226.0,1745945100000
551.08,551.6,550.77,551.58,893098.0,1745946000000
551.59,552.98,551.48,552.63,1124819.0,1745946900000
552.6459,553.8801,552.54,553.8555,879403.0,1745947800000
553.86,555.1,553.58,554.7325,2142357.0,1745948700000
554.74,555.4407,554.41,554.7172,1855543.0,1745949600000
554.71,555.19,554.12,554.91,1594528.0,1745950500000
554.9,555.25,554.41,555.04,865641.0,1745951400000
555.04,555.04,554.12,554.33,1111869.0,1745952300000
554.34,555.27,554.19,554.855,1510047.0,1745953200000
554.84,555.05,554.3,554.6,1772771.0,1745954100000
554.63,554.79,553.82,554.15,1879119.0,1745955000000
554.15,555.45,553.89,554.14,5894729.0,1745955900000
547.57,547.58,542.6,543.5725,4694182.0,1746019800000
543.56,544.37,541.52,541.94,4055797.0,1746020700000
541.925,545.05,541.63,544.94,3773419.0,1746021600000
544.94,546.49,544.46,546.31,2132926.0,1746022500000
546.31,547.12,545.31,546.9,2380191.0,1746023400000
546.82,547.4597,545.7,546.97,2008664.0,1746024300000
546.98,548.9897,546.89,548.64,1995013.0,1746025200000
548.615,549.745,548.24,549.01,1905864.0,1746026100000
549.005,549.84,548.71,549.74,1266915.0,1746027000000
549.7,549.7512,548.61,549.4869,1827140.0,1746027900000
549.43,550.24,549.05,549.1,1633258.0,1746028800000
549.1,549.41,547.78,548.09,1577853.0,1746029700000
548.09,549.52,547.41,549.02,1081779.0,1746030600000
549.0326,549.7699,548.73,549.5557,788052.0,1746031500000
549.555,549.87,547.14,547.92,1653239.0,1746032400000
547.89,550.15,547.88,550.03,817565.0,1746033300000
550.0,551.12,549.7743,550.9,1598338.0,1746034200000
550.91,551.06,550.31,550.47,681596.0,1746035100000
550.48,553.1,549.93,551.29,3996580.0,1746036000000
551.27,552.03,549.75,550.48,1500384.0,1746036900000
550.45,551.11,549.11,549.39,1799595.0,1746037800000
549.39,550.895,549.33,549.6,1452109.0,1746038700000
549.59,550.9,549.59,550.86,2029870.0,1746039600000
550.84,551.03,549.63,549.79,2362293.0,1746040500000
549.82,551.32,549.38,551.29,3634940.0,1746041400000
551.29,556.52,551.2,554.35,19716625.0,1746042300000
560.37,561.0,559.05,559.98,4752755.0,1746106200000
560.0263,561.36,558.65,558.85,2692502.0,1746107100000
558.85,561.07,558.83,560.37,2819330.0,1746108000000
560.39,562.21,560.3706,562.0318,2536680.0,1746108900000
562.05,562.85,561.16,562.21,2057406.0,1746109800000
562.22,563.395,562.11,563.35,2254759.0,1746110700000
563.36,563.53,562.68,563.47,1575004.0,1746111600000
563.4701,564.0699,563.17,563.26,2613463.0,1746112500000
563.26,563.44,562.05,562.055,1952164.0,1746113400000
562.06,562.2388,559.69,560.38,2334888.0,1746114300000
560.4,561.26,559.89,560.3699,1178880.0,1746115200000
560.32,560.65,559.06,560.31,1094590.0,1746116100000
560.31,560.96,559.77,560.38,1276919.0,1746117000000
560.32,560.33,559.2,559.69,870553.0,1746117900000
559.64,561.51,559.64,561.42,1407348.0,1746118800000
561.4297,561.9462,560.95,561.34,1006733.0,1746119700000
561.35,561.72,560.01,560.165,875305.0,1746120600000
560.18,560.97,559.8932,560.57,602895.0,1746121500000
560.58,562.07,560.47,561.91,1016931.0,1746122400000
561.91,562.35,561.05,561.89,1424462.0,1746123300000
561.9,562.305,561.75,562.2,1047645.0,1746124200000
562.19,562.69,561.62,561.705,1204505.0,1746125100000
561.73,562.0066,560.855,561.6304,1578158.0,1746126000000
561.6373,562.13,561.32,562.03,1737261.0,1746126900000
562.02,562.175,561.11,561.39,2212993.0,1746127800000
561.4,562.49,557.86,558.46,7695247.0,1746128700000
564.73,565.48,563.83,564.71,3336549.0,1746192600000
564.74,564.97,562.38,563.62,2265814.0,1746193500000
563.6449,565.25,563.27,565.22,1787034.0,1746194400000
565.21,566.32,564.63,566.3,4499060.0,1746195300000
566.3,566.31,564.93,565.0903,1533768.0,1746196200000
565.09,565.86,564.75,565.8,1268674.0,1746197100000
565.8,566.13,565.27,565.635,1213118.0,1746198000000
565.6297,566.09,564.51,564.65,1355401.0,1746198900000
564.67,565.93,564.46,565.85,989402.0,1746199800000
565.84,566.39,565.575,566.2299,952572.0,1746200700000
566.23,567.94,566.16,567.89,3729846.0,1746201600000
567.88,567.9,567.12,567.2,1149103.0,1746202500000
567.2,568.0796,567.15,567.8753,1363022.0,1746203400000
567.8398,567.89,567.26,567.5,898155.0,1746204300000
567.5,567.77,566.57,566.89,1066934.0,1746205200000
566.89,567.3,566.36,566.78,854616.0,1746206100000
566.78,567.24,566.5,567.1447,699560.0,1746207000000
567.15,567.61,566.8,567.25,773621.0,1746207900000
567.25,567.9588,567.15,567.84,1054723.0,1746208800000
567.8201,567.94,567.4701,567.65,849327.0,1746209700000
567.68,568.38,567.66,568.04,1273677.0,1746210600000
568.04,568.12,566.45,567.1,1709658.0,1746211500000
567.08,567.14,566.15,566.68,1645216.0,1746212400000
566.6545,567.93,566.6,567.67,2715055.0,1746213300000
567.64,567.83,567.09,567.4,2079409.0,1746214200000
567.41,567.6,566.02,566.62,8108808.0,1746215100000
562.57,563.2,561.82,562.535,2882268.0,1746451800000
562.51,563.3,561.7,562.99,1758616.0,1746452700000
563.07,564.2891,562.43,563.18,2178461.0,1746453600000
563.21,564.13,563.06,563.69,1106846.0,1746454500000
563.69,564.74,562.92,564.47,1454585.0,1746455400000
564.4832,565.19,564.3,565.0,1183227.0,1746456300000
565.01,565.26,564.5,564.66,1800971.0,1746457200000
564.65,565.31,564.45,564.8049,1322655.0,1746458100000
564.809,565.03,563.84,564.5,908903.0,1746459000000
564.49,565.13,564.33,565.0,888038.0,1746459900000
565.0,565.77,564.8188,565.32,917725.0,1746460800000
565.31,565.8999,565.28,565.71,805543.0,1746461700000
565.7,565.89,565.1821,565.72,737869.0,1746462600000
565.72,565.9599,565.5113,565.61,999718.0,1746463500000
565.6,565.66,565.2,565.22,558663.0,1746464400000
565.2,565.345,564.84,565.16,689322.0,1746465300000
565.15,565.79,565.08,565.49,479977.0,1746466200000
565.47,566.08,565.47,565.6801,535515.0,1746467100000
565.68,566.33,565.5701,566.287,866470.0,1746468000000
566.26,566.38,566.04,566.15,676315.0,1746468900000
566.13,566.65,566.087,566.5647,834893.0,1746469800000
566.56,566.59,565.72,565.785,870159.0,1746470700000
565.78,565.88,565.11,565.27,1154749.0,1746471600000
565.25,565.64,564.56,564.77,2433610.0,1746472500000
564.76,565.37,564.33,564.6,1932685.0,1746473400000
564.59,564.6099,563.09,563.53,4026518.0,1746474300000
557.93,559.661,557.55,559.18,2610373.0,1746538200000
559.24,559.76,556.96,557.4,2219816.0,1746539100000
557.4,559.27,557.09,558.7703,1677430.0,1746540000000
558.8,560.9,558.8,560.62,1932578.0,1746540900000
560.59,561.33,560.37,560.68,1184007.0,1746541800000
560.7,561.41,560.3398,560.75,1018798.0,1746542700000
560.75,561.33,560.48,560.93,1101705.0,1746543600000
560.96,561.82,560.67,561.65,957480.0,1746544500000
561.65,561.94,560.61,560.745,966697.0,1746545400000
560.76,561.0791,560.19,560.37,700741.0,1746546300000
560.375,563.3476,560.14,562.94,2283866.0,1746547200000
562.96,563.0,560.23,560.5896,2090917.0,1746548100000
560.55,561.46,559.97,560.14,934644.0,1746549000000
560.16,560.25,559.1204,559.21,896477.0,1746549900000
559.24,560.52,559.19,560.21,1146430.0,1746550800000
560.23,560.5899,559.24,559.72,736936.0,1746551700000
559.6799,560.15,558.47,558.625,858752.0,1746552600000
558.58,558.92,558.32,558.44,1085235.0,1746553500000
558.45,559.71,558.43,559.03,1418730.0,1746554400000
559.035,560.51,559.03,560.49,952559.0,1746555300000
560.4615,560.8,560.0403,560.2788,1149931.0,1746556200000
560.2501,561.08,559.93,561.04,1204863.0,1746557100000
561.06,561.1199,559.8701,560.6,1096084.0,1746558000000
560.6,560.881,560.11,560.785,1489144.0,1746558900000
560.8,561.27,560.56,561.09,1675583.0,1746559800000
561.1,561.4,558.72,558.8,6928444.0,1746560700000
560.15,561.2,559.5202,561.01,2274925.0,1746624600000
561.0001,561.6,559.6951,561.4599,1605796.0,1746625500000
561.46,561.85,560.98,561.4801,1324955.0,1746626400000
561.54,561.96,560.99,561.82,1106629.0,1746627300000
561.84,561.98,561.42,561.695,795883.0,1746628200000
561.65,561.8388,559.0101,559.45,1618866.0,1746629100000
559.45,559.565,558.38,558.56,1473196.0,1746630000000
558.56,559.5204,558.54,559.1608,1343140.0,1746630900000
559.1,560.16,558.74,559.97,1135142.0,1746631800000
559.97,560.15,558.6,559.94,1231824.0,1746632700000
559.91,560.23,559.42,560.0101,976083.0,1746633600000
560.02,560.4,559.11,559.18,653542.0,1746634500000
559.19,560.55,559.07,560.5,504934.0,1746635400000
560.5,561.37,560.26,561.255,672848.0,1746636300000
561.24,561.85,561.06,561.74,574972.0,1746637200000
561.735,561.8,560.83,561.2434,600262.0,1746638100000
561.25,561.4121,560.14,560.2,727091.0,1746639000000
560.21,560.78,558.8,559.27,1647167.0,1746639900000
559.235,560.5189,556.04,556.6999,3156387.0,1746640800000
556.65,558.39,556.12,557.98,1830295.0,1746641700000
557.95,560.33,557.53,559.581,2345929.0,1746642600000
559.58,562.64,557.3101,560.85,2377764.0,1746643500000
560.83,560.98,559.32,560.1,1914028.0,1746644400000
560.15,560.5448,557.72,557.87,1576206.0,1746645300000
557.86,563.82,557.52,561.96,4621226.0,1746646200000
561.94,562.925,559.05,561.23,7452293.0,1746647100000
565.24,565.64,564.14,564.815,2232541.0,1746711000000
564.84,564.84,563.56,564.1298,1548387.0,1746711900000
564.14,564.825,562.3006,562.83,1871953.0,1746712800000
562.87,564.61,562.68,564.43,2058577.0,1746713700000
564.4653,565.16,563.27,563.94,1623928.0,1746714600000
564.0,564.28,561.7,562.6,2760764.0,1746715500000
562.55,564.45,562.03,564.35,1930514.0,1746716400000
564.32,567.07,564.14,566.2,2972817.0,1746717300000
566.23,569.65,565.43,569.04,4546830.0,1746718200000
569.09,569.6077,568.1,568.38,2916930.0,1746719100000
568.3962,569.35,568.34,569.24,1388365.0,1746720000000
569.23,569.71,568.74,568.7993,1061387.0,1746720900000
568.8,569.81,568.71,569.71,1063291.0,1746721800000
569.69,570.31,569.44,570.12,1315643.0,1746722700000
570.11,570.205,569.04,569.2898,1594626.0,1746723600000
569.27,569.59,568.89,569.2,757822.0,1746724500000
569.2,569.39,568.29,568.73,785682.0,1746725400000
568.7499,568.8599,567.6,567.6899,1404862.0,1746726300000
567.68,568.4398,567.42,568.28,1322471.0,1746727200000
568.28,568.69,567.95,568.03,1079397.0,1746728100000
568.03,569.13,568.02,569.06,779061.0,1746729000000
569.05,569.05,568.29,568.35,1686510.0,1746729900000
568.34,568.4,567.63,567.9,1978382.0,1746730800000
567.88,569.37,567.71,569.02,3805983.0,1746731700000
569.03,569.13,567.46,567.59,2529653.0,1746732600000
567.59,567.61,564.54,564.92,8508522.0,1746733500000
566.48,567.5,566.12,566.21,1798414.0,1746797400000
566.25,567.1098,565.81,567.0,1122623.0,1746798300000
566.97,567.36,566.44,566.7541,1036544.0,1746799200000
566.7378,566.7378,563.83,564.4699,1564429.0,1746800100000
564.4508,564.7554,562.7637,564.14,2490832.0,1746801000000
564.1499,564.88,563.6,564.56,1370355.0,1746801900000
564.58,565.28,564.2202,564.735,1055828.0,1746802800000
564.735,565.13,563.88,564.55,1088975.0,1746803700000
564.54,565.06,563.88,564.65,820372.0,1746804600000
564.68,565.59,564.51,565.55,771030.0,1746805500000
565.56,565.6353,563.4401,564.315,902971.0,1746806400000
564.325,564.56,563.82,563.88,910647.0,1746807300000
563.85,564.52,563.5735,563.75,645121.0,1746808200000
563.745,563.98,563.085,563.4,968630.0,1746809100000
563.4,564.12,563.03,563.41,782997.0,1746810000000
563.4101,564.43,562.87,563.96,1179296.0,1746810900000
563.96,564.918,563.53,564.785,859426.0,1746811800000
564.77,565.355,564.48,565.23,824003.0,1746812700000
565.22,565.2951,564.6,564.78,554812.0,1746813600000
564.78,565.01,564.09,564.3,538260.0,1746814500000
564.3001,564.78,564.245,564.56,745496.0,1746815400000
564.55,565.1,564.47,564.83,479066.0,1746816300000
564.84,565.89,564.8365,565.49,1052219.0,1746817200000
565.455,565.5499,564.84,564.95,2004169.0,1746818100000
564.96,565.17,564.19,564.77,1970780.0,1746819000000
564.76,565.0683,564.1,564.29,4024408.0,1746819900000
581.47,581.73,578.44,578.83,6057364.0,1747056600000
578.84,580.31,578.34,578.79,4179883.0,1747057500000
578.8,580.2,578.52,580.145,3030335.0,1747058400000
580.145,580.5,577.89,578.26,2811092.0,1747059300000
578.27,579.33,577.04,579.32,3067119.0,1747060200000
579.31,580.18,578.95,579.05,3458078.0,1747061100000
579.06,579.7315,578.8909,579.33,1820373.0,1747062000000
579.33,579.45,578.16,578.85,1994704.0,1747062900000
578.87,579.33,578.24,578.48,1607157.0,1747063800000
578.485,578.82,578.035,578.1695,2295254.0,1747064700000
578.16,579.19,577.9775,579.14,1076977.0,1747065600000
579.13,579.83,578.83,579.3,1663049.0,1747066500000
579.27,580.32,579.235,580.25,1009870.0,1747067400000
580.24,581.22,580.145,581.06,1700889.0,1747068300000
581.08,582.43,580.97,581.885,2905417.0,1747069200000
581.89,581.89,581.02,581.3199,1550710.0,1747070100000
581.29,581.82,581.16,581.52,973506.0,1747071000000
581.52,582.0,581.4828,581.5007,980476.0,1747071900000
581.51,582.08,581.32,581.65,1189746.0,1747072800000
581.64,582.1799,581.54,581.95,1262145.0,1747073700000
581.98,582.58,581.97,582.17,1786637.0,1747074600000
582.1701,582.35,581.5,581.54,1432840.0,1747075500000
581.55,582.1949,581.1403,581.69,2026339.0,1747076400000
581.69,582.11,581.33,581.52,2208624.0,1747077300000
581.51,581.84,580.92,581.1107,3876207.0,1747078200000
581.12,583.0,580.8,582.84,9419424.0,1747079100000
583.41,584.67,582.84,584.39,3806812.0,1747143000000
584.39,585.47,584.04,585.28,2303411.0,1747143900000
585.29,587.29,585.22,587.25,3632219.0,1747144800000
587.24,587.9,586.7805,586.82,3406369.0,1747145700000
586.84,587.2613,586.16,586.16,1904555.0,1747146600000
586.18,587.3789,586.11,587.0801,1782648.0,1747147500000
587.11,587.38,586.74,586.9707,2185766.0,1747148400000
586.98,588.09,586.98,587.7,1942351.0,1747149300000
587.69,588.17,587.61,588.04,1807280.0,1747150200000
588.04,588.44,587.33,587.65,1770568.0,1747151100000
587.67,587.71,586.965,587.59,3281841.0,1747152000000
587.58,587.81,586.96,587.6917,1951145.0,1747152900000
587.66,588.045,587.29,588.01,1174337.0,1747153800000
588.02,588.355,587.9,587.955,1075649.0,1747154700000
587.96,588.14,587.66,587.755,1840857.0,1747155600000
587.77,588.39,587.69,588.33,1090923.0,1747156500000
588.335,589.0699,588.3,588.45,2634967.0,1747157400000
588.4446,588.85,587.86,587.9191,1868201.0,1747158300000
587.92,588.26,587.46,588.175,1562223.0,1747159200000
588.18,588.33,587.84,587.89,1340311.0,1747160100000
587.92,588.0793,587.49,587.66,1888568.0,1747161000000
587.6584,588.7,587.4899,588.6,1535682.0,1747161900000
588.59,588.77,588.23,588.72,1597069.0,1747162800000
588.72,588.96,588.27,588.45,1489972.0,1747163700000
588.44,589.08,588.395,588.67,2752539.0,1747164600000
588.67,588.7075,586.73,586.81,7224771.0,1747165500000
587.81,588.98,587.66,587.7799,3519463.0,1747229400000
587.79,587.82,586.46,587.5308,3053000.0,1747230300000
587.54,587.8175,586.39,587.2,2634772.0,1747231200000
587.19,587.56,586.69,587.52,1749794.0,1747232100000
587.49,587.91,586.9849,587.01,1656037.0,1747233000000
587.04,587.85,586.85,587.54,1365710.0,1747233900000
587.54,587.62,585.8,587.0733,2503482.0,1747234800000
587.1,588.1,586.8093,587.86,1700534.0,1747235700000
587.8599,588.35,587.74,588.15,1830532.0,1747236600000
588.17,588.24,587.705,588.0002,1179669.0,1747237500000
588.0,588.545,587.86,588.06,1093125.0,1747238400000
588.08,588.16,587.69,587.915,829253.0,1747239300000
587.93,588.5651,587.1,587.36,1398963.0,1747240200000
587.36,587.775,587.29,587.4601,942359.0,1747241100000
587.47,587.51,586.62,587.04,1415520.0,1747242000000
587.06,587.11,585.535,586.33,2669306.0,1747242900000
586.32,587.14,586.23,586.79,1287467.0,1747243800000
586.7816,587.42,586.54,587.3355,1249678.0,1747244700000
587.34,587.695,586.89,587.15,1289911.0,1747245600000
587.15,587.58,586.575,586.86,1207637.0,1747246500000
586.87,588.22,586.85,587.81,1859785.0,1747247400000
587.83,587.88,587.4,587.625,1368286.0,1747248300000
587.62,587.71,587.02,587.565,1797449.0,1747249200000
587.56,587.8,586.4702,587.005,2290822.0,1747250100000
587.0,587.3,586.515,586.75,2673983.0,1747251000000
586.74,588.14,586.39,587.56,10595227.0,1747251900000
585.56,586.4699,585.5002,586.23,3758351.0,1747315800000
586.23,586.27,585.0969,586.14,2374656.0,1747316700000
586.13,587.13,585.55,586.23,2626696.0,1747317600000
586.24,586.69,585.68,585.89,1875191.0,1747318500000
585.87,586.25,585.31,585.995,2089734.0,1747319400000
585.95,586.64,585.635,586.64,1563553.0,1747320300000
586.64,587.65,586.48,587.63,2671422.0,1747321200000
587.61,588.91,587.6,588.35,3965924.0,1747322100000
588.37,589.42,588.0649,589.28,1605427.0,1747323000000
589.3,589.3799,588.61,589.08,1724314.0,1747323900000
589.09,590.1,588.865,589.39,4157742.0,1747324800000
589.395,589.57,588.7713,589.17,1352948.0,1747325700000
589.16,589.65,588.83,589.57,1306470.0,1747326600000
589.58,590.2,589.58,590.17,1487567.0,1747327500000
590.1875,590.67,590.015,590.28,1604692.0,1747328400000
590.2799,590.97,590.2,590.685,1643690.0,1747329300000
590.68,590.69,589.8299,590.465,1543324.0,1747330200000
590.46,590.5229,589.73,589.8999,1484994.0,1747331100000
589.895,589.94,589.2,589.33,1644630.0,1747332000000
589.3,589.51,588.69,589.5099,1938577.0,1747332900000
589.5,590.33,589.41,590.0302,1618011.0,1747333800000
590.04,590.11,589.57,589.72,1331549.0,1747334700000
589.73,590.3,589.3,589.69,1840416.0,1747335600000
589.68,590.14,588.305,588.77,2939457.0,1747336500000
588.75,589.6,588.74,589.3,2700597.0,1747337400000
589.29,590.44,589.02,590.41,9037004.0,1747338300000
591.25,591.42,590.01,590.31,3535343.0,1747402200000
590.34,591.4,590.3,591.36,2313708.0,1747403100000
591.31,591.37,590.2,590.74,2502306.0,1747404000000
590.74,591.63,590.58,590.89,2634792.0,1747404900000
590.89,590.91,589.28,589.437,3233533.0,1747405800000
589.43,590.8,589.31,590.46,2170421.0,1747406700000
590.46,591.08,590.39,590.87,4768271.0,1747407600000
590.87,591.05,590.385,590.9,1313459.0,1747408500000
590.89,591.62,590.88,591.46,1866333.0,1747409400000
591.49,591.56,590.92,591.045,1069796.0,1747410300000
591.04,591.96,590.92,591.88,1510873.0,1747411200000
591.89,592.28,591.8407,592.06,2131822.0,1747412100000
592.07,592.385,591.875,592.0275,1587217.0,1747413000000
592.05,592.51,591.7799,592.23,1884106.0,1747413900000
592.25,592.8,592.0949,592.755,1161234.0,1747414800000
592.7699,593.29,592.7193,593.09,1868779.0,1747415700000
593.1,593.48,592.91,593.03,1596530.0,1747416600000
593.04,593.12,592.58,592.82,1522869.0,1747417500000
592.82,593.11,592.66,593.0207,1264346.0,1747418400000
593.025,593.43,592.91,593.26,1687712.0,1747419300000
593.26,593.82,593.13,593.66,1988341.0,1747420200000
593.67,594.0299,593.0507,593.57,1415411.0,1747421100000
593.565,594.3493,593.53,594.09,2066061.0,1747422000000
594.1,594.18,593.685,593.855,2151837.0,1747422900000
593.85,593.89,593.305,593.41,3582657.0,1747423800000
593.42,594.5,593.19,594.29,6905580.0,1747424700000
588.1,590.5099,588.1,590.48,5250577.0,1747661400000
590.48,591.41,590.18,591.24,2655426.0,1747662300000
591.24,593.1,591.05,592.4,3828098.0,1747663200000
592.4,593.3,591.52,592.25,2980468.0,1747664100000
592.26,592.91,591.77,592.53,2464516.0,1747665000000
592.56,592.78,591.61,592.015,1691814.0,1747665900000
592.02,592.77,591.95,592.51,1295697.0,1747666800000
592.483,592.87,592.2,592.3565,909988.0,1747667700000
592.35,593.77,592.24,593.3003,1362410.0,1747668600000
593.31,593.56,588.51,593.1,1766702.0,1747669500000
593.1057,593.54,588.9495,593.405,820180.0,1747670400000
593.41,594.14,589.27,593.9622,1278940.0,1747671300000
593.98,594.06,593.57,593.77,2162582.0,1747672200000
593.76,594.76,593.63,594.54,3273137.0,1747673100000
594.54,595.54,594.45,595.32,2598855.0,1747674000000
595.3126,595.48,594.96,595.11,1547937.0,1747674900000
595.11,595.4766,594.77,594.945,1381397.0,1747675800000
594.96,594.9701,594.31,594.36,1884963.0,1747676700000
594.36,594.55,593.94,594.09,1396395.0,1747677600000
594.09,594.1393,593.335,593.75,1852535.0,1747678500000
593.76,594.5,593.59,594.18,1480591.0,1747679400000
594.18,594.45,593.86,594.39,1111391.0,1747680300000
594.4,594.66,593.77,593.86,2923326.0,1747681200000
593.84,593.96,593.16,593.545,2082150.0,1747682100000
593.56,594.02,593.515,593.75,2182671.0,1747683000000
593.75,595.25,593.685,594.94,7287962.0,1747683900000
593.09,593.63,592.76,593.0,2863586.0,1747747800000
593.02,593.54,592.04,592.84,2540574.0,1747748700000
592.85,593.36,592.355,592.82,1892766.0,1747749600000
592.82,593.46,592.53,592.9,1610306.0,1747750500000
592.88,593.955,592.62,593.935,1546559.0,1747751400000
593.94,594.05,592.8725,592.97,1419382.0,1747752300000
592.97,593.41,592.49,593.29,1434008.0,1747753200000
593.3123,593.64,593.01,593.44,911217.0,1747754100000
593.44,593.54,592.56,592.67,1147742.0,1747755000000
592.66,593.42,592.47,593.2098,1104927.0,1747755900000
593.1901,593.345,592.235,592.59,1184017.0,1747756800000
592.5829,592.9,592.24,592.68,1130545.0,1747757700000
592.69,593.43,592.63,593.39,1364206.0,1747758600000
593.39,593.57,593.19,593.38,1247761.0,1747759500000
593.375,593.8,593.28,593.75,1327606.0,1747760400000
593.7493,593.7599,593.19,593.46,1132220.0,1747761300000
593.45,593.53,592.335,593.03,1630751.0,1747762200000
593.02,593.505,592.47,592.995,1251310.0,1747763100000
592.985,593.17,592.76,592.975,1167439.0,1747764000000
592.98,593.07,590.6201,590.81,3276236.0,1747764900000
590.81,591.595,590.59,591.0,2998360.0,1747765800000
590.9886,591.2288,590.73,590.88,1898737.0,1747766700000
590.88,590.985,589.6,590.93,3877022.0,1747767600000
590.92,591.65,590.68,591.32,3202565.0,1747768500000
591.32,592.295,591.32,591.66,3369432.0,1747769400000
591.67,592.965,591.34,592.83,6238296.0,1747770300000
588.44,589.97,588.42,589.78,4049914.0,1747834200000
589.79,590.5102,589.68,589.84,3074396.0,1747835100000
589.84,591.43,589.79,589.99,3669024.0,1747836000000
589.99,590.55,589.585,589.62,1912084.0,1747836900000
589.63,590.13,589.17,589.33,1987612.0,1747837800000
589.32,590.7,588.87,590.65,1626832.0,1747838700000
590.66,592.06,590.37,591.985,3194991.0,1747839600000
591.995,592.24,591.48,591.79,1796056.0,1747840500000
591.77,591.91,591.25,591.805,1555161.0,1747841400000
591.815,592.19,591.435,591.74,1248222.0,1747842300000
591.73,592.295,591.56,591.95,1304279.0,1747843200000
591.95,592.04,591.42,591.7897,1521939.0,1747844100000
591.8,592.25,591.68,592.045,1053418.0,1747845000000
592.05,592.58,591.56,591.61,1876756.0,1747845900000
591.62,591.79,589.9,590.135,2537427.0,1747846800000
590.13,590.19,584.55,584.69,7938820.0,1747847700000
584.7,587.76,583.79,586.37,7665232.0,1747848600000
586.33,587.18,585.54,586.1665,3082490.0,1747849500000
586.16,586.39,584.79,585.33,2610144.0,1747850400000
585.3,585.81,584.15,585.26,2271258.0,1747851300000
585.28,586.28,585.07,585.84,2105152.0,1747852200000
585.85,586.03,583.78,584.02,2609692.0,1747853100000
584.03,584.6062,582.3,583.5,4671599.0,1747854000000
583.5,583.69,581.82,582.25,4483966.0,1747854900000
582.26,584.62,582.26,584.41,5069124.0,1747855800000
584.42,584.58,582.94,582.96,9428507.0,1747856700000
582.66,583.52,581.405,582.49,4045741.0,1747920600000
582.69,584.35,582.08,584.18,3699894.0,1747921500000
584.19,585.17,583.68,583.8307,2945219.0,1747922400000
583.83,584.17,582.51,582.84,2446281.0,1747923300000
582.84,583.36,582.1,582.3,2519175.0,1747924200000
582.28,583.11,581.51,582.9,2351518.0,1747925100000
582.92,583.7,582.8,582.93,2112153.0,1747926000000
582.915,583.84,582.3499,582.55,1894798.0,1747926900000
582.54,584.19,582.42,583.95,2067036.0,1747927800000
583.95,584.37,583.61,584.25,1506775.0,1747928700000
584.25,585.0625,583.78,584.99,1834676.0,1747929600000
584.98,585.61,584.25,584.325,1695279.0,1747930500000
584.32,584.45,583.78,584.01,1245705.0,1747931400000
584.0,584.42,583.02,583.12,1483321.0,1747932300000
583.13,583.3799,582.63,582.8299,1411720.0,1747933200000
582.8,584.87,582.8,584.67,2141784.0,1747934100000
584.68,585.3,584.31,585.29,1455544.0,1747935000000
585.295,585.83,584.81,585.39,1774177.0,1747935900000
585.38,585.71,585.04,585.54,1972039.0,1747936800000
585.53,586.0,585.31,585.57,2080965.0,1747937700000
585.58,585.7499,584.89,585.1899,1806463.0,1747938600000
585.1899,586.1,585.08,585.84,1668393.0,1747939500000
585.845,586.41,585.75,586.185,2540976.0,1747940400000
586.19,586.62,585.67,586.51,2329317.0,1747941300000
586.5,586.5665,585.05,585.07,3755301.0,1747942200000
585.08,585.77,582.58,583.03,9674389.0,1747943100000
575.98,578.16,575.6,577.1692,7547128.0,1748007000000
577.17,577.45,576.07,576.77,4134765.0,1748007900000
576.84,578.87,576.69,578.29,4138481.0,1748008800000
578.27,578.6,576.92,577.72,2787316.0,1748009700000
577.71,578.73,577.57,578.44,1891009.0,1748010600000
578.46,578.9499,577.01,577.12,1893990.0,1748011500000
577.13,578.04,576.8094,577.44,2283720.0,1748012400000
577.43,578.5399,576.86,578.48,1604953.0,1748013300000
578.49,579.73,578.34,579.1,2266918.0,1748014200000
579.13,579.25,577.98,578.03,1434915.0,1748015100000
578.04,578.86,577.52,578.1,1878231.0,1748016000000
578.08,579.1,577.86,578.66,1111020.0,1748016900000
578.65,579.17,577.9508,578.96,1354970.0,1748017800000
578.98,579.62,578.8101,579.0,1696330.0,1748018700000
579.0,580.22,578.73,580.03,1558528.0,1748019600000
579.99,581.16,579.96,581.09,1805525.0,1748020500000
581.07,581.08,580.04,580.365,1330302.0,1748021400000
580.38,581.46,580.2,580.82,1241476.0,1748022300000
580.82,581.76,580.73,581.498,1192432.0,1748023200000
581.4701,581.8101,579.99,580.765,2954288.0,1748024100000
580.74,581.53,580.68,580.92,1244533.0,1748025000000
580.93,581.22,580.37,580.73,1446708.0,1748025900000
580.73,581.45,580.11,581.17,1876385.0,1748026800000
581.18,581.18,579.38,579.9,2480789.0,1748027700000
579.88,581.03,579.7199,580.72,2476444.0,1748028600000
580.71,580.79,578.49,579.16,8135431.0,1748029500000
586.07,586.37,584.37,585.6001,5485844.0,1748352600000
585.6,586.35,585.46,586.13,3361420.0,1748353500000
586.17,587.335,586.14,587.01,3631761.0,1748354400000
587.02,588.25,586.97,587.87,3770614.0,1748355300000
587.87,588.22,587.625,588.08,2224272.0,1748356200000
588.09,588.59,587.9,588.04,2423729.0,1748357100000
588.04,588.35,587.94,588.31,1552849.0,1748358000000
588.3,589.01,588.08,588.81,2161018.0,1748358900000
588.8,588.96,588.475,588.85,1820495.0,1748359800000
588.855,589.12,588.69,588.965,1485281.0,1748360700000
588.96,589.6193,588.89,589.455,2111498.0,1748361600000
589.45,589.62,589.26,589.37,1419419.0,1748362500000
589.37,590.67,589.355,590.27,2579376.0,1748363400000
590.28,590.41,589.8,589.93,1779347.0,1748364300000
589.9483,590.3,578.43,590.05,1090572.0,1748365200000
590.065,590.4648,589.98,590.1701,1231107.0,1748366100000
590.18,590.36,590.0,590.31,1056712.0,1748367000000
590.32,591.08,590.22,591.01,1878294.0,1748367900000
591.0,591.31,590.72,591.1386,1824225.0,1748368800000
591.14,591.215,590.52,590.67,1604878.0,1748369700000
590.67,590.9394,590.47,590.59,1575076.0,1748370600000
590.59,590.8,590.35,590.4,1672994.0,1748371500000
590.39,590.785,590.175,590.405,2536322.0,1748372400000
590.41,590.67,590.25,590.295,2848426.0,1748373300000
590.29,590.585,589.9301,590.41,3443078.0,1748374200000
590.39,591.08,589.88,591.06,9177291.0,1748375100000
591.56,592.7688,591.3,592.435,3734967.0,1748439000000
592.445,592.56,590.54,590.7885,3818688.0,1748439900000
590.8,591.155,590.33,590.47,2114400.0,1748440800000
590.455,590.67,589.95,590.22,2151347.0,1748441700000
590.23,590.33,589.51,589.86,1968002.0,1748442600000
589.87,589.945,589.22,589.34,2140537.0,1748443500000
589.335,590.14,589.13,589.165,2027518.0,1748444400000
589.17,589.95,589.165,589.4,1220283.0,1748445300000
589.39,589.5887,588.98,589.195,1617599.0,1748446200000
589.1901,589.68,588.97,589.06,1112360.0,1748447100000
589.06,589.96,589.055,589.755,1487350.0,1748448000000
589.77,589.98,589.54,589.875,1015984.0,1748448900000
589.86,590.245,589.73,590.105,1134171.0,1748449800000
590.1,590.22,589.635,589.93,1095483.0,1748450700000
589.93,590.5,589.8,590.27,1195589.0,1748451600000
590.27,590.615,589.98,590.2899,1199730.0,1748452500000
590.27,590.31,589.43,589.65,1272906.0,1748453400000
589.64,590.01,589.581,589.7021,1171294.0,1748454300000
589.7,590.44,589.66,590.27,1210934.0,1748455200000
590.28,590.3,589.76,590.115,1256202.0,1748456100000
590.1,590.3282,590.04,590.16,1189923.0,1748457000000
590.165,590.2,587.92,589.76,4396565.0,1748457900000
589.75,590.79,589.5,590.005,3070944.0,1748458800000
590.0,590.17,589.29,589.515,2574352.0,1748459700000
589.51,589.645,588.36,588.76,4194136.0,1748460600000
588.77,589.13,586.985,587.71,8254004.0,1748461500000
593.06,593.2,590.99,591.03,4501322.0,1748525400000
591.02,592.05,590.26,591.2308,3513666.0,1748526300000
591.21,591.61,588.85,589.7,3733570.0,1748527200000
589.69,590.26,588.5,590.09,2702578.0,1748528100000
590.08,590.48,589.29,589.735,1830790.0,1748529000000
589.74,591.09,589.585,590.93,1570252.0,1748529900000
590.92,591.01,589.5702,589.61,1743351.0,1748530800000
589.585,590.8725,589.56,590.72,1364484.0,1748531700000
590.71,590.805,588.8608,589.19,1724413.0,1748532600000
589.18,589.65,586.54,587.19,3212298.0,1748533500000
587.18,588.64,586.07,588.58,3160552.0,1748534400000
588.58,589.24,588.55,588.99,1737476.0,1748535300000
588.99,589.64,588.94,589.515,1322068.0,1748536200000
589.51,590.149,588.9001,589.795,1296256.0,1748537100000
589.7908,590.45,589.54,589.81,1371570.0,1748538000000
589.82,590.1,589.14,589.32,1346499.0,1748538900000
589.33,589.81,589.005,589.21,1199871.0,1748539800000
589.22,589.46,588.41,588.5551,1953154.0,1748540700000
588.58,589.3,588.52,589.09,1535517.0,1748541600000
589.09,589.2,587.61,588.03,1755522.0,1748542500000
588.01,589.38,588.01,589.215,1533777.0,1748543400000
589.2,589.54,588.45,588.7901,1684507.0,1748544300000
588.81,589.4,588.36,588.525,2797999.0,1748545200000
588.53,589.73,588.3,588.89,2082838.0,1748546100000
588.89,589.46,588.88,589.28,1779544.0,1748547000000
589.29,590.665,588.96,590.0,8637929.0,1748547900000
588.93,589.11,587.38,587.75,2948501.0,1748611800000
587.73,588.38,586.4,587.09,3051556.0,1748612700000
587.01,589.86,587.01,589.22,3191042.0,1748613600000
589.22,589.86,588.99,589.6,1607904.0,1748614500000
589.59,589.92,589.0748,589.1,1616764.0,1748615400000
589.101,589.4098,588.44,588.69,1500063.0,1748616300000
588.71,589.2,588.42,588.63,1108219.0,1748617200000
588.655,589.37,588.04,589.1254,1199080.0,1748618100000
589.13,589.37,587.4193,587.59,1933652.0,1748619000000
587.55,588.5188,587.34,587.98,1343876.0,1748619900000
588.01,588.65,587.53,588.2884,1365973.0,1748620800000
588.27,588.37,584.68,585.085,4530976.0,1748621700000
585.07,585.5,583.235,584.57,6467883.0,1748622600000
584.56,584.81,583.72,584.405,2045275.0,1748623500000
584.385,586.06,583.99,585.41,3760678.0,1748624400000
585.4,586.0,585.09,585.895,1488288.0,1748625300000
585.89,586.475,585.71,585.8106,1691402.0,1748626200000
585.81,586.69,585.54,585.86,1872885.0,1748627100000
585.86,587.63,585.82,587.445,2299220.0,1748628000000
587.45,588.72,587.22,588.26,3529920.0,1748628900000
588.27,588.56,587.76,587.91,1602099.0,1748629800000
587.91,588.8698,587.87,588.68,1268710.0,1748630700000
588.67,589.96,588.58,589.55,2651181.0,1748631600000
589.56,590.95,589.54,590.64,2523946.0,1748632500000
590.65,591.1299,589.41,589.9,4644711.0,1748633400000
589.89,591.115,589.22,589.47,15722943.0,1748634300000
587.76,589.74,587.72,589.26,3655482.0,1748871000000
589.29,589.47,586.64,586.8499,3988720.0,1748871900000
586.63,587.21,585.06,586.91,4475726.0,1748872800000
586.91,588.61,586.73,588.59,2766141.0,1748873700000
588.58,589.94,588.12,588.5693,3095825.0,1748874600000
588.57,589.48,588.48,589.33,1400252.0,1748875500000
589.34,589.68,588.47,589.27,2388007.0,1748876400000
589.27,589.35,588.325,588.54,1137305.0,1748877300000
588.57,589.1,588.13,589.02,1104988.0,1748878200000
589.03,590.06,588.89,589.81,1618697.0,1748879100000
589.8,589.97,589.18,589.66,998728.0,1748880000000
589.65,589.74,588.98,589.41,825568.0,1748880900000
589.37,589.75,589.04,589.15,884715.0,1748881800000
589.14,590.19,589.12,590.0,951362.0,1748882700000
589.9817,590.61,589.95,590.08,1163019.0,1748883600000
590.08,590.399,589.72,589.86,848421.0,1748884500000
589.85,590.22,589.72,589.82,761352.0,1748885400000
589.83,590.145,589.5,589.98,908775.0,1748886300000
589.98,590.4451,589.54,590.29,1599167.0,1748887200000
590.31,591.7,590.29,591.505,2230284.0,1748888100000
591.5,591.79,591.175,591.58,1944913.0,1748889000000
591.58,591.96,591.31,591.86,1618463.0,1748889900000
591.86,592.2,591.7446,591.8503,1853961.0,1748890800000
591.84,592.72,591.77,592.4,2373757.0,1748891700000
592.39,592.42,591.775,591.96,2552927.0,1748892600000
591.95,592.79,591.65,592.65,7052715.0,1748893500000
592.34,593.27,592.05,593.05,3384686.0,1748957400000
593.04,593.24,592.37,592.395,2143017.0,1748958300000
592.47,593.31,591.85,592.96,2625470.0,1748959200000
592.96,593.9,592.88,593.895,1891366.0,1748960100000
593.89,593.89,593.17,593.6868,1712192.0,1748961000000
593.69,594.41,593.66,594.37,1858004.0,1748961900000
594.37,594.845,594.36,594.655,1929620.0,1748962800000
594.65,595.16,594.48,594.97,1757336.0,1748963700000
594.96,595.45,594.83,595.31,1578024.0,1748964600000
595.3,595.7,595.04,595.64,2290111.0,1748965500000
595.64,595.71,595.24,595.7,1500004.0,1748966400000
595.69,596.2501,595.6801,596.075,1937728.0,1748967300000
596.08,596.67,596.02,596.43,1899648.0,1748968200000
596.44,596.62,596.28,596.5,955157.0,1748969100000
596.5,596.825,596.255,596.79,1782067.0,1748970000000
596.795,597.08,596.705,596.75,1571095.0,1748970900000
596.77,596.97,596.51,596.68,1578193.0,1748971800000
596.69,596.77,596.06,596.11,1473830.0,1748972700000
596.12,596.1899,594.8001,595.19,3440266.0,1748973600000
595.18,596.195,594.94,596.15,2127965.0,1748974500000
596.17,596.38,595.905,596.355,1529506.0,1748975400000
596.36,596.47,595.99,596.33,1391076.0,1748976300000
596.34,596.51,595.78,596.035,2410656.0,1748977200000
596.0301,596.275,595.8,596.26,2134419.0,1748978100000
596.255,596.45,595.8,595.94,2855801.0,1748979000000
595.92,596.5,595.23,596.11,7196159.0,1748979900000
596.96,597.95,596.79,597.44,3859879.0,1749043800000
597.38,597.845,597.18,597.565,2591297.0,1749044700000
597.5,597.58,595.49,596.81,4345772.0,1749045600000
596.8,597.7,596.65,597.585,2182200.0,1749046500000
597.58,597.77,596.8,596.99,2438117.0,1749047400000
597.0,597.54,596.695,597.525,1419440.0,1749048300000
597.54,597.875,597.34,597.53,1355262.0,1749049200000
597.54,597.7,596.97,596.99,1480024.0,1749050100000
596.99,597.41,596.41,596.5901,1651511.0,1749051000000
596.57,597.31,596.5299,596.88,1564810.0,1749051900000
596.87,596.94,595.7909,595.87,1536698.0,1749052800000
595.86,596.45,595.83,595.925,1555527.0,1749053700000
595.91,596.49,595.87,596.4776,1114097.0,1749054600000
596.47,596.84,596.44,596.77,1016757.0,1749055500000
596.77,597.385,596.75,597.25,1421487.0,1749056400000
597.26,597.43,597.09,597.315,1379389.0,1749057300000
597.31,597.565,597.05,597.36,1043690.0,1749058200000
597.36,597.67,597.31,597.57,1023660.0,1749059100000
597.58,597.93,597.37,597.51,1699036.0,1749060000000
597.52,597.7687,597.29,597.59,1201643.0,1749060900000
597.59,597.68,597.205,597.46,1138653.0,1749061800000
597.47,597.49,596.84,597.0212,1724839.0,1749062700000
597.03,597.23,596.77,597.08,1469418.0,1749063600000
597.07,597.6,596.71,597.03,1693583.0,1749064500000
597.03,597.245,596.43,596.74,3796312.0,1749065400000
596.75,596.94,595.89,595.9,6489360.0,1749066300000
597.63,597.905,595.25,595.87,4099098.0,1749130200000
595.85,595.9,593.91,594.2897,3556460.0,1749131100000
594.29,595.285,594.17,594.6888,2520170.0,1749132000000
594.69,596.21,594.39,596.165,2064059.0,1749132900000
596.16,597.52,594.0,596.57,5655676.0,1749133800000
596.56,597.58,595.94,597.295,4099278.0,1749134700000
597.29,597.66,597.06,597.545,2351381.0,1749135600000
597.55,598.735,597.49,598.6601,2532629.0,1749136500000
598.65,598.781,598.31,598.61,1711470.0,1749137400000
598.61,599.0,598.17,598.7799,1508558.0,1749138300000
598.76,598.95,597.98,598.03,1490363.0,1749139200000
598.02,598.14,597.03,597.89,2088018.0,1749140100000
597.9,598.02,596.895,596.9,1352961.0,1749141000000
596.9048,596.9048,594.26,594.76,4728418.0,1749141900000
594.75,596.12,594.305,596.12,2485232.0,1749142800000
596.11,596.68,596.1,596.47,1409052.0,1749143700000
596.45,596.9797,596.44,596.87,1244264.0,1749144600000
596.88,596.95,595.68,595.82,1769850.0,1749145500000
595.84,596.02,594.52,594.8,2782978.0,1749146400000
594.8,595.47,593.06,595.3388,3235489.0,1749147300000
595.34,596.12,595.09,595.63,2383006.0,1749148200000
595.62,595.98,595.14,595.24,1239095.0,1749149100000
595.24,595.51,593.64,593.8,3482697.0,1749150000000
593.82,594.2,591.05,592.46,7468885.0,1749150900000
592.47,594.73,592.4,593.7901,5315047.0,1749151800000
593.79,594.77,592.2,593.0,9462182.0,1749152700000
598.66,600.54,598.06,600.41,5797382.0,1749216600000
600.415,600.83,599.62,600.3,4109815.0,1749217500000
600.31,600.48,599.38,599.945,2449825.0,1749218400000
599.95,600.09,598.85,599.18,2252987.0,1749219300000
599.16,599.94,598.65,599.65,1757744.0,1749220200000
599.66,599.85,599.15,599.3,1361761.0,1749221100000
599.29,600.37,598.86,599.76,2160011.0,1749222000000
599.77,599.79,597.25,598.51,3889752.0,1749222900000
598.48,598.7371,597.9699,598.51,1709371.0,1749223800000
598.52,599.23,598.335,598.6901,1342960.0,1749224700000
598.7,599.39,598.65,599.15,1015561.0,1749225600000
599.14,599.17,598.38,598.59,1175500.0,1749226500000
598.58,598.89,597.52,597.84,1634443.0,1749227400000
597.85,598.185,596.86,597.62,1968185.0,1749228300000
597.61,597.81,597.125,597.67,1310746.0,1749229200000
597.65,598.59,597.48,598.19,2578137.0,1749230100000
598.2,598.81,598.2,598.7711,938797.0,1749231000000
598.77,599.05,598.72,598.95,1048683.0,1749231900000
598.95,599.87,598.95,599.71,1741249.0,1749232800000
599.7046,600.13,599.51,599.58,2413084.0,1749233700000
599.59,600.64,599.57,599.805,2336927.0,1749234600000
599.8,600.0754,599.465,599.72,1267547.0,1749235500000
599.73,600.06,599.48,599.67,1520500.0,1749236400000
599.67,599.76,599.18,599.35,1996068.0,1749237300000
599.34,599.59,598.99,599.31,2145449.0,1749238200000
599.32,599.85,598.91,599.03,7226907.0,1749239100000
599.72,599.99,598.49,599.17,2687599.0,1749475800000
599.17,599.46,598.89,598.895,2536164.0,1749476700000
598.93,599.64,598.79,599.615,2365855.0,1749477600000
599.61,599.97,599.38,599.71,1911820.0,1749478500000
599.71,600.4,599.4,599.46,2844363.0,1749479400000
599.45,599.545,599.03,599.51,1525525.0,1749480300000
599.52,599.86,599.47,599.531,1347900.0,1749481200000
599.539,599.7093,599.05,599.215,987144.0,1749482100000
599.22,599.76,599.19,599.63,1255400.0,1749483000000
599.65,600.01,599.52,599.85,1110014.0,1749483900000
599.86,600.015,599.36,599.815,1184149.0,1749484800000
599.8199,600.01,599.61,599.79,860363.0,1749485700000
599.78,600.3301,599.78,600.33,1002393.0,1749486600000
600.33,601.1,600.24,600.67,1768397.0,1749487500000
600.69,600.9985,600.49,600.6799,1175418.0,1749488400000
600.66,601.13,600.105,600.83,1172498.0,1749489300000
600.83,601.03,600.56,601.02,1005247.0,1749490200000
601.02,601.215,600.871,600.94,968044.0,1749491100000
600.94,601.08,600.74,601.045,1135793.0,1749492000000
601.04,601.25,600.912,601.05,815343.0,1749492900000
601.02,601.165,600.34,600.63,1734047.0,1749493800000
600.64,601.22,600.6,600.995,1558244.0,1749494700000
601.0,601.14,600.61,600.645,1327301.0,1749495600000
600.64,600.73,600.33,600.54,1976408.0,1749496500000
600.53,600.74,600.11,600.1899,2834901.0,1749497400000
600.19,600.71,599.42,599.56,7982518.0,1749498300000
600.22,600.98,600.16,600.5099,2918619.0,1749562200000
600.51,601.13,600.33,600.57,2150397.0,1749563100000
600.57,601.11,600.51,600.96,1683992.0,1749564000000
600.93,601.2699,600.89,601.19,1610326.0,1749564900000
601.2,601.81,601.0001,601.54,1810466.0,1749565800000
601.54,601.61,601.02,601.06,1611670.0,1749566700000
601.07,601.49,600.88,601.1899,1585349.0,1749567600000
601.2002,601.45,601.06,601.175,1345595.0,1749568500000
601.16,601.16,599.09,600.7817,4185830.0,1749569400000
600.78,601.285,600.66,601.27,1596116.0,1749570300000
601.26,601.82,601.225,601.57,1740936.0,1749571200000
601.56,601.98,601.46,601.8791,1223859.0,1749572100000
601.88,602.07,601.74,601.77,1238168.0,1749573000000
601.775,602.29,601.7712,602.17,1178791.0,1749573900000
602.17,602.67,601.72,602.49,1571616.0,1749574800000
602.49,602.59,601.85,601.91,1370689.0,1749575700000
601.905,602.0087,601.55,601.68,1280933.0,1749576600000
601.6818,601.755,601.27,601.32,1409427.0,1749577500000
601.33,601.33,600.12,600.77,3292503.0,1749578400000
600.76,601.13,600.695,600.925,1542023.0,1749579300000
600.92,601.41,600.85,601.35,1554524.0,1749580200000
601.345,602.89,601.28,602.4009,2762655.0,1749581100000
602.4,603.47,602.385,602.9,3129375.0,1749582000000
602.91,602.96,602.31,602.632,2191449.0,1749582900000
602.63,602.66,601.61,602.08,2874447.0,1749583800000
602.1,603.23,601.775,603.06,6931732.0,1749584700000
604.19,604.25,602.8,603.2,3836795.0,1749648600000
603.19,603.9,602.25,603.65,2775371.0,1749649500000
603.66,604.16,603.3,604.145,1751451.0,1749650400000
604.14,604.885,604.0,604.735,1946343.0,1749651300000
604.74,604.82,604.38,604.755,1441657.0,1749652200000
604.76,605.06,604.608,604.7,1472721.0,1749653100000
604.7,604.9879,603.46,604.26,2368383.0,1749654000000
604.28,604.7601,604.12,604.22,1287992.0,1749654900000
604.21,604.44,603.68,603.7599,1156654.0,1749655800000
603.75,604.22,603.23,603.58,2219017.0,1749656700000
603.59,603.87,602.225,602.79,3122832.0,1749657600000
602.79,603.24,601.96,603.22,2242109.0,1749658500000
603.21,603.555,602.74,603.06,1521577.0,1749659400000
603.06,603.6,602.92,603.42,1442355.0,1749660300000
603.405,604.29,603.26,603.94,2264902.0,1749661200000
603.95,604.43,603.76,604.35,885174.0,1749662100000
604.35,604.445,603.16,603.67,1373329.0,1749663000000
603.67,603.7299,602.36,602.507,1706295.0,1749663900000
602.51,602.78,600.38,600.41,5272759.0,1749664800000
600.42,601.26,599.27,600.71,4498402.0,1749665700000
600.73,602.045,599.86,601.988,3420984.0,1749666600000
601.97,602.16,600.66,600.79,2588278.0,1749667500000
600.82,600.99,599.93,600.87,2280611.0,1749668400000
600.88,601.12,600.1,600.48,2518833.0,1749669300000
600.47,600.98,599.73,600.73,2825872.0,1749670200000
600.74,601.59,600.25,601.4,7571436.0,1749671100000
600.01,600.82,599.52,600.7,3295431.0,1749735000000
600.7,601.24,600.36,600.7699,2517980.0,1749735900000
600.76,601.925,600.61,601.87,2263815.0,1749736800000
601.87,602.64,601.7801,602.48,2809403.0,1749737700000
602.49,603.12,602.35,602.95,2163364.0,1749738600000
602.95,603.13,602.58,602.6413,1960959.0,1749739500000
602.65,603.62,602.65,603.19,2415212.0,1749740400000
603.19,603.3,601.54,602.45,4194173.0,1749741300000
602.45,602.61,601.97,602.37,1453868.0,1749742200000
602.355,602.55,601.74,602.47,1551650.0,1749743100000
602.475,603.32,601.915,602.92,2987241.0,1749744000000
602.92,603.16,602.17,603.0046,1530141.0,1749744900000
602.99,603.42,602.02,603.185,2274198.0,1749745800000
603.19,603.29,602.37,602.425,1612751.0,1749746700000
602.45,603.29,602.37,603.14,1230466.0,1749747600000
603.13,603.34,602.75,602.98,1146735.0,1749748500000
602.97,603.5604,602.94,603.39,1168347.0,1749749400000
603.41,603.4485,602.96,603.1108,950892.0,1749750300000
603.11,603.4285,602.995,603.1,1101002.0,1749751200000
603.095,603.32,602.42,602.81,2150936.0,1749752100000
602.84,603.15,602.46,602.785,1705663.0,1749753000000
602.79,603.365,602.63,603.33,1619687.0,1749753900000
603.32,603.5,603.16,603.26,1656534.0,1749754800000
603.255,603.57,603.08,603.2946,1729074.0,1749755700000
603.28,603.2804,602.73,602.77,2892067.0,1749756600000
602.76,603.72,602.39,603.72,6197504.0,1749757500000
598.5,600.37,598.16,599.68,5149333.0,1749821400000
599.69,599.72,597.86,598.15,3335318.0,1749822300000
598.17,599.167,597.51,597.97,2957577.0,1749823200000
597.98,598.19,596.63,596.77,2716777.0,1749824100000
596.77,598.94,596.65,597.97,2842402.0,1749825000000
598.0,599.42,597.4,599.14,2847826.0,1749825900000
599.14,599.7601,598.92,599.63,1715044.0,1749826800000
599.65,600.67,599.42,600.58,2241013.0,1749827700000
600.57,601.04,600.292,600.9,2014004.0,1749828600000
600.9,601.71,600.79,601.25,2256084.0,1749829500000
601.24,601.79,600.9001,601.65,1380862.0,1749830400000
601.66,601.85,600.74,600.88,1395806.0,1749831300000
600.89,601.37,600.52,600.65,1309579.0,1749832200000
600.65,601.49,600.285,601.065,1515872.0,1749833100000
601.05,601.17,599.7904,600.05,1728437.0,1749834000000
600.05,600.72,599.17,599.53,2223128.0,1749834900000
599.52,600.1,598.96,599.43,1942815.0,1749835800000
599.44,600.15,599.2109,599.78,1615691.0,1749836700000
599.8,600.29,598.585,598.6102,3102344.0,1749837600000
598.62,598.7,597.0,597.11,3917143.0,1749838500000
597.1,597.33,595.59,596.18,5279947.0,1749839400000
596.2,597.36,596.06,597.21,3492226.0,1749840300000
597.19,597.685,596.25,597.45,3101909.0,1749841200000
597.46,597.61,596.04,596.2692,3649439.0,1749842100000
596.28,597.25,595.93,596.145,5027248.0,1749843000000
596.13,597.12,595.48,596.95,10513381.0,1749843900000
600.4,601.705,600.22,601.36,4679125.0,1750080600000
601.37,603.41,601.26,603.05,5311392.0,1750081500000
603.07,603.72,602.965,603.67,3504944.0,1750082400000
603.66,604.19,603.48,604.07,3053739.0,1750083300000
604.07,604.45,603.71,604.2,2732482.0,1750084200000
604.2,604.35,603.71,603.9188,2467365.0,1750085100000
603.92,604.09,603.45,603.67,2138941.0,1750086000000
603.69,604.09,603.27,603.378,2071765.0,1750086900000
603.38,603.74,603.22,603.54,1851207.0,1750087800000
603.54,603.84,602.77,603.1399,2059136.0,1750088700000
603.14,603.44,602.83,603.29,1131642.0,1750089600000
603.28,603.66,602.9,603.02,1254910.0,1750090500000
603.02,603.21,602.51,602.61,1269385.0,1750091400000
602.6199,603.18,602.47,602.73,2240231.0,1750092300000
602.73,602.84,602.35,602.43,1373139.0,1750093200000
602.42,603.56,602.3301,603.38,1690499.0,1750094100000
603.39,603.71,603.07,603.095,1695435.0,1750095000000
603.11,603.2588,602.13,602.3099,1661347.0,1750095900000
602.31,602.87,602.255,602.64,1335472.0,1750096800000
602.64,602.749,602.26,602.56,1707455.0,1750097700000
602.57,602.65,602.14,602.29,1717986.0,1750098600000
602.28,602.77,601.85,602.5046,2136832.0,1750099500000
602.5,602.62,601.73,601.9501,2290010.0,1750100400000
601.95,602.6,601.64,602.05,4477014.0,1750101300000
602.04,602.27,601.79,602.25,3101224.0,1750102200000
602.25,602.8,601.79,602.71,7985598.0,1750103100000
600.21,600.88,599.77,599.99,4038643.0,1750167000000
600.0,600.95,599.18,600.865,3218951.0,1750167900000
600.86,601.64,600.3309,601.52,2879176.0,1750168800000
601.52,601.6,601.002,601.17,1468516.0,1750169700000
601.14,601.4,600.48,600.61,1671850.0,1750170600000
600.61,601.17,600.37,600.4799,1814836.0,1750171500000
600.49,601.75,600.39,601.66,1571541.0,1750172400000
601.66,601.675,600.38,600.47,1916610.0,1750173300000
600.47,601.13,600.22,601.0512,1508352.0,1750174200000
601.05,601.22,600.5,600.705,1452996.0,1750175100000
600.74,601.47,600.54,601.42,2064785.0,1750176000000
601.41,601.5801,601.11,601.15,1009799.0,1750176900000
601.15,601.59,600.46,600.72,1270152.0,1750177800000
600.73,601.1,599.5,599.78,3131233.0,1750178700000
599.79,600.2,599.45,599.97,2541886.0,1750179600000
599.97,600.04,598.99,599.0,2494705.0,1750180500000
598.99,599.9,598.57,598.87,2466625.0,1750181400000
598.87,599.05,597.41,598.02,3766779.0,1750182300000
598.02,598.18,597.09,597.71,3454048.0,1750183200000
597.7,597.91,596.96,597.39,2950505.0,1750184100000
597.4,598.005,596.76,597.25,2739060.0,1750185000000
597.26,598.16,597.15,598.12,2293429.0,1750185900000
598.12,598.22,597.38,597.92,2816230.0,1750186800000
597.9,598.37,597.64,598.25,2182362.0,1750187700000
598.24,598.38,597.55,597.9,2904387.0,1750188600000
597.9,598.61,597.29,597.55,8249717.0,1750189500000
598.44,598.45,597.36,598.18,3202161.0,1750253400000
598.17,599.5882,598.12,599.12,2415968.0,1750254300000
599.13,600.22,598.73,600.08,2703864.0,1750255200000
600.0818,601.04,600.02,600.7708,2656411.0,1750256100000
600.78,601.21,600.65,601.015,2558871.0,1750257000000
601.03,601.22,600.54,600.84,1104516.0,1750257900000
600.83,600.9,600.31,600.37,1176491.0,1750258800000
600.37,600.49,599.895,600.1,1107927.0,1750259700000
600.13,600.355,599.68,599.9648,1749396.0,1750260600000
599.96,600.52,599.62,599.7393,1385865.0,1750261500000
599.72,600.32,599.43,600.18,1407942.0,1750262400000
600.1802,600.24,599.4,599.495,903869.0,1750263300000
599.49,599.79,599.38,599.745,1062450.0,1750264200000
599.74,600.11,599.43,599.465,1220670.0,1750265100000
599.46,599.705,599.31,599.45,1000822.0,1750266000000
599.45,599.63,598.82,598.875,883398.0,1750266900000
598.88,599.34,598.04,599.27,2024680.0,1750267800000
599.28,599.9699,599.2519,599.52,1503284.0,1750268700000
599.61,601.0,598.45,599.4,3452844.0,1750269600000
599.42,599.71,598.7,599.34,1601876.0,1750270500000
599.35,600.87,598.88,600.375,5281166.0,1750271400000
600.37,600.37,596.67,597.27,4292036.0,1750272300000
597.27,598.77,596.47,598.38,5547316.0,1750273200000
598.4,598.93,596.88,596.92,3499057.0,1750274100000
596.89,598.77,596.63,598.76,2986779.0,1750275000000
598.75,598.795,597.03,597.46,7042516.0,1750275900000
598.38,599.45,597.65,599.3393,6246907.0,1750426200000
599.33,599.46,597.16,597.35,3272520.0,1750427100000
597.35,597.59,596.62,597.06,2843422.0,1750428000000
597.06,597.42,595.3112,596.15,2975307.0,1750428900000
596.16,596.61,594.72,595.2814,2933598.0,1750429800000
595.3,595.3,593.98,594.38,3946420.0,1750430700000
594.37,595.15,593.5,595.12,2999542.0,1750431600000
595.11,595.63,594.94,595.11,1753344.0,1750432500000
595.09,596.37,595.0401,596.3,9989546.0,1750433400000
596.3,596.33,594.6,594.702,2032361.0,1750434300000
594.71,595.3548,594.44,594.59,1698841.0,1750435200000
594.58,595.14,594.225,594.93,1621550.0,1750436100000
594.92,595.54,594.88,595.248,992008.0,1750437000000
595.24,595.7,594.92,595.315,1572125.0,1750437900000
595.33,595.85,594.74,595.34,1333136.0,1750438800000
595.34,595.97,593.54,593.555,3827222.0,1750439700000
593.545,593.9,592.86,593.41,2608056.0,1750440600000
593.41,594.1,593.31,594.04,1458648.0,1750441500000
594.03,594.46,593.89,594.385,1562405.0,1750442400000
594.37,595.35,594.3301,594.88,1743042.0,1750443300000
594.88,595.225,594.5201,594.6169,1578961.0,1750444200000
594.61,594.7901,593.36,593.6,1776928.0,1750445100000
593.62,594.01,593.33,593.68,2289027.0,1750446000000
593.64,593.94,593.24,593.47,2131708.0,1750446900000
593.46,593.9195,593.3101,593.68,3870980.0,1750447800000
593.67,594.97,593.25,594.23,9597385.0,1750448700000
595.04,595.78,593.6,595.47,4351635.0,1750685400000
595.52,596.67,595.45,596.65,2635290.0,1750686300000
596.66,597.985,596.66,597.61,3606738.0,1750687200000
597.62,598.29,597.3513,597.54,2291499.0,1750688100000
597.55,597.77,597.17,597.445,2085148.0,1750689000000
597.45,597.735,596.42,596.465,2363509.0,1750689900000
596.47,597.585,596.4,597.56,2043966.0,1750690800000
597.56,597.66,596.345,596.39,1450344.0,1750691700000
596.38,596.73,595.8,596.09,1839752.0,1750692600000
596.08,596.36,595.75,595.86,1597386.0,1750693500000
595.86,596.08,595.405,595.75,1563467.0,1750694400000
595.76,595.96,594.16,594.31,2148275.0,1750695300000
594.28,595.01,591.89,594.6534,8336494.0,1750696200000
594.63,595.46,593.48,593.58,3698125.0,1750697100000
593.61,596.05,593.19,595.6,3896519.0,1750698000000
595.575,598.0,595.57,597.71,3554191.0,1750698900000
597.75,599.34,597.715,598.72,4534554.0,1750699800000
598.72,599.23,598.18,598.53,2398662.0,1750700700000
598.54,599.13,598.38,598.8352,2057217.0,1750701600000
598.82,599.07,598.32,598.36,1597926.0,1750702500000
598.37,598.8,598.24,598.52,1952668.0,1750703400000
598.51,598.55,597.99,598.5086,1902123.0,1750704300000
598.51,599.44,598.41,598.91,2430198.0,1750705200000
598.91,599.34,598.5499,599.24,2287071.0,1750706100000
599.235,599.37,598.92,599.11,2530562.0,1750707000000
599.1,600.54,598.958,600.13,8264889.0,1750707900000
604.33,605.385,603.94,604.97,4352430.0,1750771800000
604.97,605.45,603.8,604.05,3851897.0,1750772700000
604.02,604.58,603.41,604.08,3099104.0,1750773600000
604.085,604.96,604.06,604.5999,2215179.0,1750774500000
604.6,605.33,604.53,605.24,1836213.0,1750775400000
605.2401,605.355,604.55,604.95,2096994.0,1750776300000
604.96,605.59,604.94,605.385,2248442.0,1750777200000
605.38,605.82,605.295,605.755,1227501.0,1750778100000
605.76,606.12,605.66,605.99,1455759.0,1750779000000
605.995,606.165,605.66,605.755,1313724.0,1750779900000
605.77,606.195,605.655,606.08,1140231.0,1750780800000
606.09,606.595,606.04,606.492,1287000.0,1750781700000
606.5,607.175,606.48,607.13,1845876.0,1750782600000
607.13,607.17,606.32,606.6399,1377053.0,1750783500000
606.65,606.93,606.55,606.8101,1447390.0,1750784400000
606.805,606.9601,606.3,606.33,1813054.0,1750785300000
606.34,606.95,606.33,606.865,1082180.0,1750786200000
606.865,607.36,606.77,607.1701,1359602.0,1750787100000
607.18,607.46,606.95,606.96,2049746.0,1750788000000
606.9688,607.215,606.965,607.0,1067671.0,1750788900000
607.02,607.33,606.87,607.1541,1262884.0,1750789800000
607.1521,607.35,607.02,607.305,1396826.0,1750790700000
607.31,607.64,607.3,607.55,3931713.0,1750791600000
607.545,607.69,607.455,607.505,1629956.0,1750792500000
607.51,607.8499,607.43,607.67,3282278.0,1750793400000
607.67,607.8,606.75,606.77,8921884.0,1750794300000
607.91,608.61,607.75,608.29,4251213.0,1750858200000
608.29,608.415,607.45,608.16,3992994.0,1750859100000
608.17,608.3499,607.31,607.46,2143588.0,1750860000000
607.47,607.93,607.31,607.69,2389764.0,1750860900000
607.7,608.185,607.51,608.14,1652901.0,1750861800000
608.14,608.41,607.62,607.765,2057427.0,1750862700000
607.76,607.805,606.86,607.08,2337400.0,1750863600000
607.08,607.33,606.89,607.155,2350871.0,1750864500000
607.16,607.17,606.48,606.8901,1982366.0,1750865400000
606.89,607.12,606.69,606.89,1261047.0,1750866300000
606.89,607.2,606.8,607.13,964133.0,1750867200000
607.125,607.27,606.82,606.975,1755802.0,1750868100000
606.98,607.1,606.71,606.79,1341553.0,1750869000000
606.785,606.89,606.42,606.71,1215392.0,1750869900000
606.705,606.845,606.26,606.605,1177051.0,1750870800000
606.61,607.14,606.54,607.02,1663555.0,1750871700000
607.015,607.08,605.54,606.14,2742534.0,1750872600000
606.148,606.82,606.07,606.24,3112474.0,1750873500000
606.27,606.52,606.05,606.37,1412722.0,1750874400000
606.37,606.55,606.28,606.3799,886357.0,1750875300000
606.38,606.455,606.06,606.29,1078932.0,1750876200000
606.295,606.51,606.21,606.42,985614.0,1750877100000
606.43,607.37,606.4,607.21,2046870.0,1750878000000
607.215,607.35,606.9948,606.9948,1288877.0,1750878900000
606.99,607.08,606.37,606.7753,2877114.0,1750879800000
606.77,607.2,606.41,607.08,6829221.0,1750880700000
608.99,609.38,608.77,609.27,3650754.0,1750944600000
609.28,609.39,608.37,609.12,2839650.0,1750945500000
609.13,609.67,609.07,609.382,5668623.0,1750946400000
609.39,609.98,609.2701,609.945,1909535.0,1750947300000
609.93,610.58,609.92,610.01,2705986.0,1750948200000
610.01,610.465,609.95,610.3693,2208824.0,1750949100000
610.37,610.7299,610.335,610.47,1690975.0,1750950000000
610.475,610.865,610.06,610.09,1768137.0,1750950900000
610.07,610.61,609.83,610.365,2907791.0,1750951800000
610.36,610.66,610.3,610.53,888504.0,1750952700000
610.52,611.0787,610.46,610.87,1745127.0,1750953600000
610.89,611.1283,610.83,610.88,1008284.0,1750954500000
610.9,611.125,610.76,610.7751,989065.0,1750955400000
610.78,610.99,610.675,610.845,1580241.0,1750956300000
610.8329,611.19,610.64,611.115,1391633.0,1750957200000
611.12,611.28,610.88,611.19,2604349.0,1750958100000
611.2,611.59,611.2,611.55,2408683.0,1750959000000
611.55,611.5765,611.25,611.271,2528194.0,1750959900000
611.28,611.91,611.15,611.815,2799090.0,1750960800000
611.82,612.12,611.71,611.72,1529501.0,1750961700000
611.73,611.915,611.47,611.605,1494750.0,1750962600000
611.605,611.75,611.095,611.45,2640345.0,1750963500000
611.44,611.67,611.39,611.42,1524503.0,1750964400000
611.41,611.82,611.26,611.64,2360310.0,1750965300000
611.63,611.7,611.29,611.36,2993582.0,1750966200000
611.37,612.31,611.23,611.89,12258675.0,1750967100000
612.88,613.705,612.7,613.6352,3334629.0,1751031000000
613.635,614.6599,613.62,614.36,2542671.0,1751031900000
614.37,615.5,614.37,615.095,3260703.0,1751032800000
615.08,615.335,614.555,614.905,2079820.0,1751033700000
614.91,615.55,614.6,615.375,3101898.0,1751034600000
615.38,615.48,614.6,614.81,1858732.0,1751035500000
614.82,615.38,614.6,615.21,1319669.0,1751036400000
615.21,615.39,614.84,615.34,2382781.0,1751037300000
615.34,616.09,615.3001,616.01,3898551.0,1751038200000
616.01,616.1,615.83,615.902,1288220.0,1751039100000
615.9,616.24,615.69,616.1651,1389555.0,1751040000000
616.1887,616.35,615.85,616.315,1695315.0,1751040900000
616.315,616.39,615.89,615.975,1237855.0,1751041800000
615.97,616.06,615.645,615.97,1901902.0,1751042700000
615.955,615.96,615.54,615.9,1085155.0,1751043600000
615.8999,615.9099,615.26,615.39,1083793.0,1751044500000
615.4,615.58,614.29,614.805,2332395.0,1751045400000
614.8,614.8,613.27,614.155,4248900.0,1751046300000
614.16,614.38,613.42,613.5899,2036659.0,1751047200000
613.581,613.71,612.33,612.33,2888122.0,1751048100000
612.34,612.6,611.02,611.73,4802646.0,1751049000000
611.73,612.24,610.83,611.19,4663509.0,1751049900000
611.185,612.33,611.01,612.32,3241800.0,1751050800000
612.33,612.71,611.97,612.385,3975630.0,1751051700000
612.38,613.245,612.38,613.16,3976637.0,1751052600000
613.17,615.14,612.99,614.86,12278476.0,1751053500000
617.38,617.49,616.19,616.39,4370609.0,1751290200000
616.41,616.72,615.96,616.433,2769797.0,1751291100000
616.44,616.78,616.11,616.62,2570367.0,1751292000000
616.63,616.82,615.93,616.7,2294895.0,1751292900000
616.7,616.775,615.688,615.9093,1777934.0,1751293800000
615.9,616.21,615.7219,616.01,1492497.0,1751294700000
616.01,616.59,615.815,615.965,2570234.0,1751295600000
615.965,616.34,615.71,616.205,3832741.0,1751296500000
616.21,616.84,616.1,616.7548,1773954.0,1751297400000
616.76,616.925,616.39,616.465,1583848.0,1751298300000
616.47,616.9,616.465,616.67,1142597.0,1751299200000
616.6701,616.86,616.11,616.2551,1051077.0,1751300100000
616.24,617.105,616.195,616.93,1652683.0,1751301000000
616.93,617.13,616.5792,616.64,1189427.0,1751301900000
616.64,616.82,616.35,616.49,1556237.0,1751302800000
616.48,616.57,616.22,616.515,1824654.0,1751303700000
616.515,616.565,615.94,616.01,2194711.0,1751304600000
616.025,616.64,615.04,615.84,2586600.0,1751305500000
615.847,616.44,615.63,615.97,3223661.0,1751306400000
615.96,616.4149,615.92,616.045,1439867.0,1751307300000
616.04,616.11,615.32,615.71,2204508.0,1751308200000
615.71,616.94,615.705,616.93,3149367.0,1751309100000
616.935,617.45,616.91,617.29,3531944.0,1751310000000
617.3,618.25,616.975,617.9,4686065.0,1751310900000
617.9,618.13,617.4,617.82,5795489.0,1751311800000
617.82,619.22,617.71,617.88,15656848.0,1751312700000
616.36,616.91,616.255,616.62,3052428.0,1751376600000
616.64,617.74,616.6,617.27,2770454.0,1751377500000
617.23,617.8,616.8599,617.69,2783920.0,1751378400000
617.68,618.065,616.75,617.12,2676354.0,1751379300000
617.1,617.61,616.51,616.64,3057285.0,1751380200000
616.64,616.74,616.13,616.5011,2346401.0,1751381100000
616.51,617.245,615.52,615.7319,3514549.0,1751382000000
615.73,617.4901,615.57,617.28,2673499.0,1751382900000
617.27,617.49,616.08,616.31,1975223.0,1751383800000
616.3,617.005,616.21,616.94,1758447.0,1751384700000
616.96,618.09,616.71,617.975,2207552.0,1751385600000
617.98,618.1,617.21,617.32,1781786.0,1751386500000
617.32,617.79,617.105,617.5,1155456.0,1751387400000
617.5,618.135,617.05,617.09,1800849.0,1751388300000
617.09,618.04,617.0,617.84,1520526.0,1751389200000
617.835,618.2599,617.67,618.075,1655181.0,1751390100000
618.08,618.28,617.76,618.275,954716.0,1751391000000
618.27,618.83,618.09,618.5681,2020368.0,1751391900000
618.57,618.6993,618.1907,618.33,1783823.0,1751392800000
618.315,618.47,617.9193,618.01,1608859.0,1751393700000
618.01,618.51,617.94,618.315,1761010.0,1751394600000
618.315,618.48,617.91,617.96,1501464.0,1751395500000
617.95,617.96,616.7,617.49,4190242.0,1751396400000
617.49,618.37,617.49,618.365,2391144.0,1751397300000
618.37,618.42,617.58,618.0999,2621869.0,1751398200000
618.11,618.72,617.43,617.56,7736254.0,1751399100000
617.24,617.49,616.61,617.135,3192980.0,1751463000000
617.135,617.64,617.095,617.3093,2293387.0,1751463900000
617.31,618.0,617.28,617.9201,2536356.0,1751464800000
617.92,618.72,617.87,618.6,2655255.0,1751465700000
618.6,619.13,618.24,618.35,2558451.0,1751466600000
618.34,619.165,618.2,618.74,2812381.0,1751467500000
618.77,619.12,618.55,618.675,2017613.0,1751468400000
618.66,619.09,618.66,618.79,1330073.0,1751469300000
618.79,619.36,618.74,619.14,1599117.0,1751470200000
619.133,619.455,619.04,619.2719,1618780.0,1751471100000
619.27,619.31,618.86,619.04,1466400.0,1751472000000
619.04,619.33,618.87,619.155,1211998.0,1751472900000
619.16,619.6011,619.0,619.47,3074501.0,1751473800000
619.47,619.595,619.3599,619.585,1194528.0,1751474700000
619.58,619.63,619.28,619.41,1961046.0,1751475600000
619.395,619.675,619.12,619.48,1410186.0,1751476500000
619.47,619.65,619.29,619.352,1117687.0,1751477400000
619.36,619.72,619.28,619.4199,2259806.0,1751478300000
619.42,619.64,619.23,619.515,1792360.0,1751479200000
619.52,619.6901,619.34,619.59,1476643.0,1751480100000
619.58,619.94,619.575,619.9,2301718.0,1751481000000
619.9099,619.94,619.67,619.855,1636334.0,1751481900000
619.855,620.17,619.825,620.035,1897814.0,1751482800000
620.04,620.0699,619.72,619.76,1866241.0,1751483700000
619.75,619.988,619.61,619.8477,2986956.0,1751484600000
619.85,620.49,619.71,620.38,7232799.0,1751485500000
622.45,623.635,622.43,623.46,4767872.0,1751549400000
623.47,624.545,623.47,624.07,3811992.0,1751550300000
624.06,624.97,624.04,624.78,3234238.0,1751551200000
624.77,625.11,624.55,625.0,2661227.0,1751552100000
625.0,625.45,624.79,625.38,2217108.0,1751553000000
625.37,625.47,625.18,625.3,1493703.0,1751553900000
625.31,625.785,625.26,625.74,1729713.0,1751554800000
625.75,625.75,625.17,625.42,3638447.0,1751555700000
625.42,626.05,625.36,626.04,2634192.0,1751556600000
626.05,626.08,625.74,625.9,2020030.0,1751557500000
625.902,626.05,625.83,625.9,2027897.0,1751558400000
625.88,625.89,625.5501,625.735,2348648.0,1751559300000
625.73,626.28,625.6299,626.09,3793054.0,1751560200000
626.1,626.11,624.87,625.35,6882906.0,1751561100000
625.35,625.38,625.33,625.34,879874.0,1751562000000
623.36,623.988,622.88,623.45,3248085.0,1751895000000
623.46,624.03,623.075,623.6526,1766114.0,1751895900000
623.65,623.795,622.715,622.77,1901337.0,1751896800000
622.755,623.42,622.53,623.04,1592851.0,1751897700000
623.04,623.105,622.515,622.6799,1601427.0,1751898600000
622.67,622.92,621.96,622.1599,2075729.0,1751899500000
622.16,622.39,621.87,621.935,1657022.0,1751900400000
621.935,622.12,621.56,622.07,1514471.0,1751901300000
622.06,622.22,621.615,621.64,1106145.0,1751902200000
621.63,621.93,621.18,621.74,1773880.0,1751903100000
621.75,622.29,621.75,622.0,1157313.0,1751904000000
622.0,622.23,619.241,620.575,7485829.0,1751904900000
620.56,621.235,620.17,620.42,2667191.0,1751905800000
620.43,620.55,619.48,619.8006,2016867.0,1751906700000
619.78,620.58,619.5912,620.575,1742779.0,1751907600000
620.55,621.02,620.02,620.19,1342265.0,1751908500000
620.16,621.41,619.56,619.89,4035808.0,1751909400000
619.88,620.2,619.68,620.047,1252848.0,1751910300000
620.04,620.3696,619.9,619.969,1440191.0,1751911200000
619.95,619.99,617.88,617.99,4131694.0,1751912100000
617.99,619.59,617.87,619.48,2907315.0,1751913000000
619.47,620.2199,619.38,620.16,2360075.0,1751913900000
620.15,620.39,619.375,619.7,2466054.0,1751914800000
619.685,619.9352,619.44,619.46,1991693.0,1751915700000
619.47,619.84,619.39,619.67,2338476.0,1751916600000
619.69,621.0,619.45,620.78,9773178.0,1751917500000
621.35,621.47,620.55,621.085,2781931.0,1751981400000
621.08,621.665,620.66,620.66,2332691.0,1751982300000
620.68,620.93,619.92,620.32,2265614.0,1751983200000
620.32,620.675,619.642,620.01,1688345.0,1751984100000
620.025,621.495,620.01,621.07,2504721.0,1751985000000
621.08,621.09,619.52,620.43,3083943.0,1751985900000
620.43,621.1001,620.23,620.74,1805041.0,1751986800000
620.7548,620.89,619.72,619.964,1651422.0,1751987700000
619.98,620.6465,619.98,620.55,1367169.0,1751988600000
620.55,621.22,620.535,621.065,1759638.0,1751989500000
621.0612,621.21,620.52,620.93,1917440.0,1751990400000
620.95,622.11,620.8,621.875,2088043.0,1751991300000
621.89,622.05,620.4,621.245,3313618.0,1751992200000
621.235,621.34,620.72,620.7999,1454685.0,1751993100000
620.79,620.9499,620.29,620.6901,1571632.0,1751994000000
620.678,620.88,619.84,620.835,2356584.0,1751994900000
620.83,621.12,620.2,620.4,1778231.0,1751995800000
620.42,621.31,620.3548,621.17,1080466.0,1751996700000
621.15,621.3022,620.89,621.14,1366346.0,1751997600000
621.15,621.25,620.61,620.65,1189097.0,1751998500000
620.66,620.925,620.32,620.4,1622488.0,1751999400000
620.39,620.725,620.3,620.52,1022096.0,1752000300000
620.52,620.64,620.09,620.285,1664143.0,1752001200000
620.28,620.59,620.14,620.51,1811032.0,1752002100000
620.51,620.55,620.04,620.16,1880036.0,1752003000000
620.15,620.81,619.99,620.31,7808107.0,1752003900000
622.77,624.19,622.65,624.06,3579342.0,1752067800000
624.06,624.72,624.06,624.245,3129937.0,1752068700000
624.23,624.54,623.865,624.2,2022466.0,1752069600000
624.19,624.28,623.15,623.37,2066445.0,1752070500000
623.38,623.38,621.85,622.05,4162833.0,1752071400000
622.06,622.51,621.07,621.44,3290424.0,1752072300000
621.44,622.0099,621.13,621.3,2545528.0,1752073200000
621.31,622.32,620.9105,622.105,2239953.0,1752074100000
622.1,622.365,621.31,622.32,2623190.0,1752075000000
622.33,622.54,621.68,621.93,1554102.0,1752075900000
621.93,622.41,621.55,621.9,1434341.0,1752076800000
621.9,622.185,621.61,621.79,1231882.0,1752077700000
621.8,622.14,621.73,621.995,1013611.0,1752078600000
622.0,622.3677,621.93,622.02,1454804.0,1752079500000
622.01,622.45,621.62,622.13,1268237.0,1752080400000
622.125,622.675,622.04,622.322,1588684.0,1752081300000
622.32,622.62,622.06,622.36,1083125.0,1752082200000
622.35,622.79,622.09,622.465,1920561.0,1752083100000
622.45,623.309,622.3931,623.115,2289039.0,1752084000000
623.12,623.17,622.73,622.85,1371882.0,1752084900000
622.86,623.2,622.82,622.97,1592972.0,1752085800000
622.95,623.57,622.92,623.4,1580994.0,1752086700000
623.405,623.54,623.1,623.18,1685338.0,1752087600000
623.19,623.77,623.17,623.6,2844185.0,1752088500000
623.59,623.81,623.41,623.725,2700233.0,1752089400000
623.72,624.21,623.52,624.02,6564117.0,1752090300000
624.2,624.4181,623.52,623.845,2714259.0,1752154200000
623.845,624.065,623.12,623.395,3404708.0,1752155100000
623.395,623.795,623.01,623.73,2874043.0,1752156000000
623.74,624.26,623.31,623.7348,2590102.0,1752156900000
623.77,624.865,623.7448,624.82,2337357.0,1752157800000
624.82,625.1,624.58,624.865,1708954.0,1752158700000
624.86,625.32,624.83,625.09,2831242.0,1752159600000
625.1,625.575,624.985,625.52,1658434.0,1752160500000
625.52,625.76,625.37,625.73,1360138.0,1752161400000
625.74,625.785,625.54,625.7,1040596.0,1752162300000
625.7,625.775,625.11,625.22,1436768.0,1752163200000
625.22,625.6199,625.025,625.57,1388705.0,1752164100000
625.57,625.78,625.24,625.68,1136951.0,1752165000000
625.69,625.71,625.45,625.54,1000315.0,1752165900000
625.54,626.1,625.53,625.92,1100548.0,1752166800000
625.9298,626.23,625.79,626.1,1347414.0,1752167700000
626.09,626.45,626.08,626.37,1571849.0,1752168600000
626.38,626.77,626.19,626.585,1561840.0,1752169500000
626.58,626.77,626.45,626.62,1345413.0,1752170400000
626.61,626.8701,626.58,626.59,1311882.0,1752171300000
626.59,626.67,626.32,626.34,1290859.0,1752172200000
626.34,626.46,626.09,626.26,1594205.0,1752173100000
626.26,626.525,626.18,626.435,2012073.0,1752174000000
626.44,626.56,626.12,626.205,1749333.0,1752174900000
626.2,626.675,626.16,626.495,2054453.0,1752175800000
626.5,626.505,625.21,625.84,7516488.0,1752176700000
622.74,623.52,621.69,621.83,3689119.0,1752240600000
621.82,623.318,621.53,623.23,3117042.0,1752241500000
623.24,623.67,622.98,623.59,1939423.0,1752242400000
623.58,624.26,623.4,624.005,1754682.0,1752243300000
624.0,624.37,623.6901,623.9799,1915051.0,1752244200000
623.9789,623.9789,623.26,623.86,1495978.0,1752245100000
623.86,623.9,622.83,622.83,1776237.0,1752246000000
622.83,623.8,622.71,623.39,2203540.0,1752246900000
623.4,624.64,623.35,624.4097,2145484.0,1752247800000
624.4099,624.46,623.47,623.775,1708169.0,1752248700000
623.78,624.09,623.15,623.45,3306393.0,1752249600000
623.47,623.9952,623.42,623.945,1257758.0,1752250500000
623.95,624.085,623.59,623.615,939036.0,1752251400000
623.6,624.425,623.56,624.3458,1453463.0,1752252300000
624.35,624.58,624.12,624.39,1456660.0,1752253200000
624.39,624.58,624.22,624.45,1286870.0,1752254100000
624.45,624.58,623.75,623.95,1677598.0,1752255000000
623.96,624.56,623.9191,624.5,1456834.0,1752255900000
624.49,624.7,624.21,624.44,1508614.0,1752256800000
624.43,624.52,624.1,624.265,1500197.0,1752257700000
624.265,624.82,624.17,624.82,1522246.0,1752258600000
624.81,624.86,624.21,624.36,1824726.0,1752259500000
624.35,624.35,623.13,624.13,3975939.0,1752260400000
624.13,624.72,624.04,624.445,2304700.0,1752261300000
624.45,624.58,624.14,624.21,3124666.0,1752262200000
624.2,624.4701,623.47,623.61,7178707.0,1752263100000
623.16,623.35,621.7999,621.94,3699767.0,1752499800000
621.93,623.46,621.8,622.67,3085553.0,1752500700000
622.67,623.03,622.26,622.94,1890254.0,1752501600000
622.94,623.71,622.58,622.6915,2424623.0,1752502500000
622.68,623.09,622.37,622.98,2167497.0,1752503400000
622.96,623.52,622.66,623.48,1543259.0,1752504300000
623.47,623.8,623.2801,623.66,2097144.0,1752505200000
623.65,624.14,623.42,624.13,1608198.0,1752506100000
624.13,624.39,623.84,624.17,1790046.0,1752507000000
624.17,624.1701,623.77,623.95,1445551.0,1752507900000
623.94,624.32,623.81,624.05,1103712.0,1752508800000
624.04,624.11,623.81,623.885,816870.0,1752509700000
623.87,624.1499,623.63,623.97,1065093.0,1752510600000
623.96,624.48,623.94,624.28,1229208.0,1752511500000
624.285,624.7089,624.28,624.7089,1197324.0,1752512400000
624.7,624.97,624.6,624.7,1321481.0,1752513300000
624.71,624.98,624.63,624.7,1002385.0,1752514200000
624.7,624.89,624.425,624.68,1178440.0,1752515100000
624.68,624.92,624.595,624.76,1040634.0,1752516000000
624.77,625.0,624.68,624.95,947241.0,1752516900000
624.96,625.1581,624.91,625.05,1374128.0,1752517800000
625.06,625.1,624.91,624.94,875401.0,1752518700000
624.94,625.12,624.75,624.91,1458041.0,1752519600000
624.91,624.94,624.46,624.73,2410939.0,1752520500000
624.73,624.73,624.43,624.44,1626248.0,1752521400000
624.44,624.99,624.3,624.74,6477787.0,1752522300000
627.52,627.86,625.88,626.345,4565255.0,1752586200000
626.345,626.65,625.585,625.65,2898657.0,1752587100000
625.67,626.25,625.26,626.21,2459315.0,1752588000000
626.2,626.3953,625.375,625.48,2065176.0,1752588900000
625.49,625.58,624.7,624.915,2982505.0,1752589800000
624.89,625.39,623.8,623.889,3203524.0,1752590700000
623.89,624.87,623.88,624.24,2623295.0,1752591600000
624.25,625.21,624.16,625.1007,2920975.0,1752592500000
625.12,625.22,624.53,625.03,1767157.0,1752593400000
625.03,625.39,624.51,624.8348,1651753.0,1752594300000
624.85,624.99,624.01,624.325,1985954.0,1752595200000
624.3284,624.68,624.14,624.2748,1495799.0,1752596100000
624.27,624.575,623.81,624.155,1470990.0,1752597000000
624.16,624.39,623.01,623.22,2639042.0,1752597900000
623.22,623.72,623.16,623.39,1885746.0,1752598800000
623.39,623.89,622.95,623.86,2134952.0,1752599700000
623.85,624.39,623.85,624.09,1632484.0,1752600600000
624.1,624.62,623.9,624.5835,1340104.0,1752601500000
624.59,624.82,624.29,624.735,1606229.0,1752602400000
624.74,624.87,624.53,624.6,1579999.0,1752603300000
624.6,624.83,624.31,624.35,1652057.0,1752604200000
624.35,624.55,623.255,623.28,3114174.0,1752605100000
623.27,623.7799,623.015,623.525,2788770.0,1752606000000
623.52,623.775,623.16,623.29,2536564.0,1752606900000
623.31,623.78,623.19,623.66,2774460.0,1752607800000
623.65,623.8,622.075,622.12,8406103.0,1752608700000
623.74,624.12,622.91,623.1499,3692672.0,1752672600000
623.16,623.24,622.02,622.1101,2757759.0,1752673500000
622.12,622.78,621.68,622.225,2470709.0,1752674400000
622.24,622.86,622.06,622.49,1613780.0,1752675300000
622.49,623.01,622.0,622.4514,2348483.0,1752676200000
622.455,623.37,621.51,622.17,5514554.0,1752677100000
622.17,623.36,622.04,623.315,2427109.0,1752678000000
623.31,623.34,619.46,621.315,12676956.0,1752678900000
621.35,621.41,618.05,620.405,10330445.0,1752679800000
620.415,622.54,619.96,621.96,7074108.0,1752680700000
621.95,622.24,621.235,621.57,3418637.0,1752681600000
621.57,621.92,621.04,621.67,1740212.0,1752682500000
621.675,622.33,621.6,622.03,1256055.0,1752683400000
622.03,623.135,621.14,623.1048,2309551.0,1752684300000
623.1,623.79,622.91,623.56,1876378.0,1752685200000
623.57,623.64,623.04,623.1,1251575.0,1752686100000
623.1,623.35,622.92,623.13,1092912.0,1752687000000
623.1289,623.375,622.94,623.0857,923759.0,1752687900000
623.09,623.4601,622.92,623.169,1542026.0,1752688800000
623.165,623.445,622.72,623.35,1201648.0,1752689700000
623.345,623.94,623.345,623.84,1382760.0,1752690600000
623.83,624.3599,623.6,624.3489,1895046.0,1752691500000
624.34,624.52,623.96,624.065,1535007.0,1752692400000
624.06,624.21,623.825,624.1401,2322557.0,1752693300000
624.14,624.73,623.885,624.56,2447722.0,1752694200000
624.55,624.7,624.065,624.18,5683574.0,1752695100000
624.4,625.64,624.18,625.575,3554139.0,1752759000000
625.58,626.1981,625.43,625.78,2523067.0,1752759900000
625.79,626.22,625.74,626.18,1709229.0,1752760800000
626.15,626.23,624.84,625.46,2644744.0,1752761700000
625.46,625.81,625.01,625.45,1763333.0,1752762600000
625.46,625.92,625.3,625.812,2007187.0,1752763500000
625.815,626.5801,625.79,626.33,2406843.0,1752764400000
626.335,626.72,626.19,626.67,2250183.0,1752765300000
626.6712,627.185,626.56,627.035,2093435.0,1752766200000
627.035,627.27,626.855,627.2147,1454262.0,1752767100000
627.21,627.51,627.105,627.2115,1532885.0,1752768000000
627.22,627.225,626.78,626.85,1605090.0,1752768900000
626.84,626.92,626.525,626.79,1362984.0,1752769800000
626.79,626.87,626.61,626.83,1599888.0,1752770700000
626.83,626.975,626.665,626.8778,1862066.0,1752771600000
626.87,627.098,626.67,627.025,1278492.0,1752772500000
627.03,627.3799,626.98,627.3208,1251544.0,1752773400000
627.325,627.46,627.19,627.4301,1322371.0,1752774300000
627.44,627.5,627.14,627.16,2183596.0,1752775200000
627.155,627.88,627.14,627.8322,2041773.0,1752776100000
627.84,627.91,627.645,627.83,1461013.0,1752777000000
627.83,628.14,627.77,627.965,1625226.0,1752777900000
627.97,628.4048,627.945,628.25,1741172.0,1752778800000
628.24,628.32,627.95,627.98,2400583.0,1752779700000
627.97,628.27,627.8549,627.9,3361187.0,1752780600000
627.9,628.32,627.65,627.98,11261818.0,1752781500000
629.3,629.47,628.53,628.6,3272433.0,1752845400000
628.6,629.19,628.44,628.64,2582732.0,1752846300000
628.65,629.35,627.99,628.059,2257446.0,1752847200000
628.05,628.2084,627.24,627.37,2947308.0,1752848100000
627.4,627.91,627.18,627.465,5152809.0,1752849000000
627.46,627.7,627.12,627.13,1408233.0,1752849900000
627.13,627.6699,626.91,627.33,2456636.0,1752850800000
627.31,627.695,627.14,627.605,4126753.0,1752851700000
627.62,628.0,627.578,627.795,1358596.0,1752852600000
627.79,628.17,627.6601,628.115,1479541.0,1752853500000
628.115,628.16,627.46,627.7,1691425.0,1752854400000
627.7,627.78,626.54,626.96,2516163.0,1752855300000
626.98,627.24,626.48,627.1599,1748237.0,1752856200000
627.17,627.385,626.51,626.68,1400009.0,1752857100000
626.67,627.17,626.46,627.17,1439931.0,1752858000000
627.18,627.21,626.705,626.94,1116666.0,1752858900000
626.94,627.53,626.935,627.2,1047758.0,1752859800000
627.2,627.245,626.795,627.08,775154.0,1752860700000
627.09,627.4,626.87,626.93,1280922.0,1752861600000
626.93,627.35,626.66,627.115,1079270.0,1752862500000
627.11,627.385,627.0401,627.29,1010672.0,1752863400000
627.29,627.41,627.06,627.215,1077521.0,1752864300000
627.21,627.37,627.02,627.15,1436827.0,1752865200000
627.14,627.6,627.14,627.39,1521899.0,1752866100000
627.375,627.435,627.03,627.13,1717543.0,1752867000000
627.14,627.76,627.01,627.58,6008471.0,1752867900000
628.77,629.52,628.67,629.46,3098368.0,1753104600000
629.455,630.7,629.45,630.57,3116787.0,1753105500000
630.58,631.03,630.38,630.6201,2735666.0,1753106400000
630.63,631.33,630.435,631.25,2189470.0,1753107300000
631.25,631.39,630.7775,631.02,1943711.0,1753108200000
631.01,631.09,630.64,631.02,1698461.0,1753109100000
631.025,631.215,630.88,631.1499,1404238.0,1753110000000
631.15,631.35,630.9488,631.2688,1649528.0,1753110900000
631.27,631.54,631.25,631.345,1652362.0,1753111800000
631.35,631.47,631.08,631.1751,1193729.0,1753112700000
631.17,631.17,630.695,630.8868,1630942.0,1753113600000
630.885,631.065,630.535,630.77,1450045.0,1753114500000
630.7752,631.12,630.725,630.955,1174088.0,1753115400000
630.95,631.32,630.89,631.25,1000091.0,1753116300000
631.25,631.49,631.2213,631.36,986050.0,1753117200000
631.365,631.47,631.255,631.395,1020348.0,1753118100000
631.39,631.52,631.175,631.21,1052318.0,1753119000000
631.21,631.33,631.11,631.17,1021227.0,1753119900000
631.16,631.2,631.04,631.13,878566.0,1753120800000
631.13,631.27,631.0929,631.1918,1593902.0,1753121700000
631.2,631.2,630.78,630.885,1182549.0,1753122600000
630.885,630.885,630.32,630.3613,2497782.0,1753123500000
630.37,630.4,629.11,629.58,4318103.0,1753124400000
629.58,629.82,629.34,629.45,2842809.0,1753125300000
629.45,629.68,628.7748,628.85,3276944.0,1753126200000
628.845,629.1489,628.34,628.75,9394388.0,1753127100000
629.1,629.19,628.23,628.97,3676440.0,1753191000000
628.98,628.985,626.19,626.88,5049606.0,1753191900000
626.89,627.26,626.2499,627.135,2999870.0,1753192800000
627.13,627.41,626.8,627.09,1862998.0,1753193700000
627.08,628.035,626.9721,627.715,2017818.0,1753194600000
627.7,628.026,627.2113,627.95,1926685.0,1753195500000
627.955,628.115,627.58,627.635,1462037.0,1753196400000
627.64,627.9673,627.33,627.64,1315181.0,1753197300000
627.64,628.02,627.43,627.58,1548967.0,1753198200000
627.57,628.06,627.55,627.65,1446151.0,1753199100000
627.66,627.9399,627.47,627.7,1310673.0,1753200000000
627.71,628.125,627.04,627.24,1627411.0,1753200900000
627.25,627.645,627.07,627.46,1184343.0,1753201800000
627.47,627.975,627.275,627.855,1305602.0,1753202700000
627.86,628.05,627.78,627.99,887036.0,1753203600000
627.99,629.22,627.99,629.05,1944449.0,1753204500000
629.05,629.18,628.34,628.62,1640574.0,1753205400000
628.62,628.695,628.3,628.3547,975236.0,1753206300000
628.35,628.767,628.34,628.48,1111626.0,1753207200000
628.49,628.6,627.52,628.425,2694254.0,1753208100000
628.42,629.345,628.37,629.12,2058064.0,1753209000000
629.12,629.53,628.97,629.34,1610448.0,1753209900000
629.34,629.46,629.0301,629.05,2016282.0,1753210800000
629.05,629.35,628.97,629.2,1774054.0,1753211700000
629.19,629.6,629.0516,629.33,2442582.0,1753212600000
629.33,629.73,628.75,628.83,6516029.0,1753213500000
631.55,631.75,630.47,630.76,4022018.0,1753277400000
630.76,630.7608,629.82,629.9992,2732355.0,1753278300000
629.995,630.505,629.73,629.9448,2337108.0,1753279200000
629.96,630.74,629.93,630.7388,1589250.0,1753280100000
630.7352,630.78,630.09,630.3482,1459205.0,1753281000000
630.34,630.77,630.255,630.7,1352514.0,1753281900000
630.7,630.925,630.4147,630.43,1630147.0,1753282800000
630.43,630.825,630.325,630.825,1748034.0,1753283700000
630.82,630.96,630.47,630.65,1200499.0,1753284600000
630.66,632.79,630.61,632.065,4231017.0,1753285500000
632.06,632.61,631.76,631.92,2404405.0,1753286400000
631.93,632.16,631.38,631.69,1593294.0,1753287300000
631.68,631.96,631.3495,631.9382,1428104.0,1753288200000
631.93,632.11,631.74,631.86,2441795.0,1753289100000
631.86,632.17,631.655,631.68,1272463.0,1753290000000
631.675,632.195,631.525,632.1,2511843.0,1753290900000
632.11,632.75,632.06,632.725,1803806.0,1753291800000
632.73,632.885,631.79,632.5118,3505781.0,1753292700000
632.515,633.29,632.515,633.23,1963191.0,1753293600000
633.24,633.65,633.081,633.235,2475747.0,1753294500000
633.235,633.48,633.105,633.3693,1642951.0,1753295400000
633.37,633.4386,633.21,633.265,1300474.0,1753296300000
633.28,633.34,632.955,633.165,2884921.0,1753297200000
633.16,633.3899,633.1,633.36,1653078.0,1753298100000
633.36,633.36,632.94,633.0,2841957.0,1753299000000
632.99,634.16,632.96,634.16,7665755.0,1753299900000
634.6,634.91,633.99,634.58,3843415.0,1753363800000
634.56,635.39,634.49,635.065,2873565.0,1753364700000
635.11,635.34,634.23,634.305,2852117.0,1753365600000
634.31,634.89,634.07,634.82,2090741.0,1753366500000
634.82,635.2378,634.73,635.17,1628088.0,1753367400000
635.1601,635.62,635.12,635.51,1831921.0,1753368300000
635.52,635.89,635.48,635.82,2011947.0,1753369200000
635.82,635.89,635.39,635.525,1619479.0,1753370100000
635.525,635.615,635.25,635.43,1388134.0,1753371000000
635.43,635.73,635.29,635.54,1246117.0,1753371900000
635.53,635.58,634.75,634.79,1824527.0,1753372800000
634.78,635.0799,634.28,634.565,2200042.0,1753373700000
634.57,635.02,634.45,634.96,1857310.0,1753374600000
634.96,635.01,634.63,634.885,1322971.0,1753375500000
634.88,635.865,634.76,635.835,1847287.0,1753376400000
635.84,635.98,635.3618,635.38,1364066.0,1753377300000
635.38,635.5883,635.22,635.265,1078228.0,1753378200000
635.265,635.52,635.125,635.245,1225124.0,1753379100000
635.25,636.15,635.23,635.855,3075815.0,1753380000000
635.85,635.95,635.56,635.78,2645633.0,1753380900000
635.785,635.93,635.37,635.41,1964487.0,1753381800000
635.41,635.43,634.69,635.2299,3044516.0,1753382700000
635.22,635.525,635.13,635.43,1683961.0,1753383600000
635.43,635.755,635.3,635.4718,2276093.0,1753384500000
635.475,635.575,634.845,635.08,3297373.0,1753385400000
635.085,635.17,634.25,634.43,11747917.0,1753386300000
635.09,635.49,634.84,635.2993,2726705.0,1753450200000
635.3,635.6,635.13,635.24,2282574.0,1753451100000
635.25,635.57,634.87,635.305,2028102.0,1753452000000
635.3051,635.61,635.15,635.47,1444872.0,1753452900000
635.47,635.99,635.29,635.955,1965085.0,1753453800000
635.95,636.13,635.67,635.825,1733215.0,1753454700000
635.81,635.94,635.7,635.9,1053589.0,1753455600000
635.91,636.095,635.725,636.02,1242070.0,1753456500000
636.02,636.08,635.64,635.66,2093435.0,1753457400000
635.66,635.99,635.61,635.93,929416.0,1753458300000
635.93,636.4,635.79,636.3307,1551021.0,1753459200000
636.34,636.93,636.18,636.76,2112269.0,1753460100000
636.76,636.96,636.6,636.7599,2325353.0,1753461000000
636.75,636.96,636.68,636.845,1178325.0,1753461900000
636.845,637.04,636.715,637.0,1979178.0,1753462800000
637.0,637.13,636.67,637.0452,953863.0,1753463700000
637.05,637.36,637.045,637.215,1609715.0,1753464600000
637.22,637.29,637.12,637.1315,779682.0,1753465500000
637.132,637.42,636.97,637.375,1265818.0,1753466400000
637.37,637.53,637.27,637.33,1467537.0,1753467300000
637.33,637.5099,637.32,637.42,814552.0,1753468200000
637.42,637.54,637.19,637.195,1330613.0,1753469100000
637.19,637.5,637.175,637.4,1330013.0,1753470000000
637.4,637.5799,637.26,637.34,1569333.0,1753470900000
637.33,637.49,637.23,637.28,2108667.0,1753471800000
637.28,637.41,636.625,637.03,9508580.0,1753472700000
637.48,637.84,637.08,637.34,4334606.0,1753709400000
637.34,637.69,637.12,637.45,2574550.0,1753710300000
637.44,637.98,637.27,637.9688,2672215.0,1753711200000
637.96,638.04,637.31,637.735,1727214.0,1753712100000
637.74,637.8999,637.4,637.83,1648478.0,1753713000000
637.82,637.845,637.24,637.4353,1401382.0,1753713900000
637.44,637.52,637.1935,637.36,1483359.0,1753714800000
637.35,637.4793,636.33,637.07,2495472.0,1753715700000
637.07,637.37,636.98,637.29,1146337.0,1753716600000
637.285,637.57,637.16,637.39,905307.0,1753717500000
637.38,637.41,637.045,637.275,937516.0,1753718400000
637.275,637.65,637.22,637.4,969075.0,1753719300000
637.395,637.41,637.08,637.135,830469.0,1753720200000
637.13,637.13,636.7501,636.885,1084051.0,1753721100000
636.8896,637.145,636.79,636.98,1037250.0,1753722000000
636.99,637.01,636.16,636.32,1837043.0,1753722900000
636.31,636.7399,636.3,636.71,771912.0,1753723800000
636.73,636.76,636.065,636.11,1151414.0,1753724700000
636.1,636.23,635.54,635.99,2726573.0,1753725600000
635.99,636.165,635.71,636.03,1523676.0,1753726500000
636.04,636.13,635.82,635.995,1168468.0,1753727400000
635.995,636.29,635.88,636.08,1701606.0,1753728300000
636.07,636.11,635.69,635.9588,1526212.0,1753729200000
635.96,636.1399,635.76,636.04,1693949.0,1753730100000
636.05,636.26,635.82,636.24,3480270.0,1753731000000
636.25,637.02,636.13,636.92,5610327.0,1753731900000
638.35,638.67,637.93,638.055,3218414.0,1753795800000
638.06,638.175,637.24,637.93,2640499.0,1753796700000
638.0,638.09,637.5952,637.88,1697756.0,1753797600000
637.87,638.035,637.38,637.76,1952215.0,1753798500000
637.75,637.86,637.175,637.2,1625369.0,1753799400000
637.2,637.33,636.54,636.74,2504030.0,1753800300000
636.72,637.01,636.32,636.3951,1954993.0,1753801200000
636.38,636.42,635.18,635.29,2888451.0,1753802100000
635.29,635.75,634.69,635.13,2307690.0,1753803000000
635.128,636.21,635.12,635.885,2213547.0,1753803900000
635.88,636.04,635.49,635.65,1526333.0,1753804800000
635.64,635.82,635.41,635.66,1346649.0,1753805700000
635.662,635.88,635.1,635.7001,1480853.0,1753806600000
635.71,636.225,635.52,636.19,1116368.0,1753807500000
636.19,636.5395,636.09,636.4001,1566468.0,1753808400000
636.41,636.56,636.05,636.18,1301789.0,1753809300000
636.175,636.39,635.03,635.2599,1738769.0,1753810200000
635.26,635.66,634.94,635.61,1682284.0,1753811100000
635.6,635.76,635.29,635.49,1548253.0,1753812000000
635.48,635.74,635.135,635.32,1278954.0,1753812900000
635.315,635.86,635.3099,635.65,1242845.0,1753813800000
635.66,635.74,635.2,635.34,1298186.0,1753814700000
635.32,635.61,635.25,635.58,1427707.0,1753815600000
635.58,635.605,635.03,635.06,2160865.0,1753816500000
635.07,635.24,634.335,634.7552,3278664.0,1753817400000
634.76,635.4,634.74,635.24,8495737.0,1753818300000
635.92,636.05,635.29,636.02,2929105.0,1753882200000
636.01,636.23,635.31,635.735,2392267.0,1753883100000
635.735,635.84,635.39,635.7047,1300771.0,1753884000000
635.71,636.665,635.685,636.33,1881556.0,1753884900000
636.32,636.82,636.32,636.4852,1356914.0,1753885800000
636.49,636.625,636.195,636.24,2015068.0,1753886700000
636.23,636.36,635.095,635.155,1813291.0,1753887600000
635.16,635.68,635.0,635.315,1723326.0,1753888500000
635.32,635.72,635.09,635.6647,1036877.0,1753889400000
635.66,636.175,635.53,636.175,1068910.0,1753890300000
636.16,636.32,635.99,636.275,1176937.0,1753891200000
636.27,636.72,636.2467,636.58,1746920.0,1753892100000
636.58,636.65,636.24,636.36,997298.0,1753893000000
636.36,636.6299,636.305,636.46,846099.0,1753893900000
636.47,636.66,636.2507,636.31,859808.0,1753894800000
636.31,636.395,636.145,636.21,656589.0,1753895700000
636.22,636.95,636.115,636.88,2085518.0,1753896600000
636.885,636.885,636.425,636.66,1163399.0,1753897500000
636.705,637.11,636.01,636.34,2112105.0,1753898400000
636.3301,636.83,636.13,636.77,1241929.0,1753899300000
636.77,637.68,635.517,636.37,4318485.0,1753900200000
636.39,636.72,632.59,632.84,6036636.0,1753901100000
632.83,633.99,631.54,633.36,9024285.0,1753902000000
633.36,633.6,631.62,632.0893,4386060.0,1753902900000
632.09,632.84,631.61,631.88,5450373.0,1753903800000
631.88,634.635,631.875,634.49,9318018.0,1753904700000
639.455,639.75,637.82,638.135,6630262.0,1753968600000
638.15,639.85,637.69,639.34,4199287.0,1753969500000
639.345,639.809,638.86,639.3,3026584.0,1753970400000
639.3,639.55,638.495,638.82,3226496.0,1753971300000
638.81,639.15,638.16,638.43,2639054.0,1753972200000
638.42,638.46,636.5099,636.61,3216310.0,1753973100000
636.605,637.38,635.54,635.54,3089449.0,1753974000000
635.55,636.34,635.06,636.19,2999125.0,1753974900000
636.19,637.4,636.11,637.35,2268787.0,1753975800000
637.34,637.55,636.855,637.54,1561361.0,1753976700000
637.55,637.82,637.21,637.78,1479509.0,1753977600000
637.76,638.23,637.74,638.08,1364967.0,1753978500000
638.0852,638.31,637.89,638.11,1697340.0,1753979400000
638.11,638.18,637.51,637.79,1709987.0,1753980300000
637.78,637.79,637.0,637.065,1615591.0,1753981200000
637.0521,637.18,634.41,634.84,3081946.0,1753982100000
634.86,635.6,634.07,635.38,3526808.0,1753983000000
635.39,635.655,633.065,633.47,3528434.0,1753983900000
633.47,634.26,632.5241,632.5241,3747064.0,1753984800000
632.52,634.25,631.43,634.21,3872392.0,1753985700000
634.2,634.82,634.13,634.71,2487258.0,1753986600000
634.7,635.125,634.04,634.15,2256819.0,1753987500000
634.16,634.85,633.43,633.56,2618638.0,1753988400000
633.55,633.935,632.62,632.78,3480157.0,1753989300000
632.795,633.58,632.56,633.57,4434758.0,1753990200000
633.57,633.68,630.765,631.97,15338073.0,1753991100000
626.3,626.34,622.26,622.282,7888760.0,1754055000000
622.31,622.585,621.1,621.4815,6839696.0,1754055900000
621.53,622.56,619.65,621.94,7416389.0,1754056800000
621.9,623.52,621.86,623.37,4846717.0,1754057700000
623.37,624.07,622.23,622.41,5607153.0,1754058600000
622.4,623.75,621.78,621.96,4485252.0,1754059500000
621.96,622.9793,621.45,622.16,3635563.0,1754060400000
622.15,622.92,621.39,621.51,3406789.0,1754061300000
621.51,623.63,621.38,623.61,3628651.0,1754062200000
623.62,624.035,623.36,624.0,3014168.0,1754063100000
624.0,624.965,623.88,624.54,3751172.0,1754064000000
624.545,624.96,624.11,624.21,3225084.0,1754064900000
624.21,624.46,622.91,623.15,3437314.0,1754065800000
623.13,623.665,621.2,621.35,4982802.0,1754066700000
621.34,621.79,620.665,620.83,4815004.0,1754067600000
620.83,621.31,620.335,620.57,3454721.0,1754068500000
620.57,621.37,620.21,620.68,3365642.0,1754069400000
620.68,621.41,620.3,620.6299,3931041.0,1754070300000
620.61,620.845,619.29,619.73,4033788.0,1754071200000
619.71,621.81,619.68,621.6248,3520715.0,1754072100000
621.63,623.075,621.3713,623.05,3535796.0,1754073000000
623.04,623.11,620.95,621.4,5479440.0,1754073900000
621.41,621.8,620.97,621.56,5059435.0,1754074800000
621.54,622.3,621.28,621.79,4387355.0,1754075700000
621.78,621.93,620.84,621.78,4934384.0,1754076600000
621.77,623.3,621.39,621.71,13152173.0,1754077500000
625.67,627.9,625.58,627.775,5920150.0,1754314200000
627.77,629.205,627.77,629.01,4028905.0,1754315100000
629.01,629.34,628.27,629.06,3046121.0,1754316000000
629.07,629.53,628.87,629.4,2237284.0,1754316900000
629.41,629.45,628.61,628.7,2499833.0,1754317800000
628.7,629.7,628.46,629.18,3095455.0,1754318700000
629.19,629.56,628.69,629.445,2004441.0,1754319600000
629.4501,629.48,628.65,629.0,2046661.0,1754320500000
628.99,629.4395,628.59,628.9,2186699.0,1754321400000
628.905,630.05,628.765,629.87,1931962.0,1754322300000
629.86,630.17,629.62,629.75,1712286.0,1754323200000
629.76,630.02,629.67,629.72,1386127.0,1754324100000
629.71,630.0707,629.68,629.94,1301003.0,1754325000000
629.93,630.45,629.92,630.135,1419005.0,1754325900000
630.13,630.52,630.06,630.51,1336898.0,1754326800000
630.4999,630.5,630.18,630.29,1282183.0,1754327700000
630.3,630.49,629.89,629.965,1536625.0,1754328600000
629.96,630.05,629.39,629.81,1788285.0,1754329500000
629.82,630.315,629.73,629.85,2398146.0,1754330400000
629.835,630.1682,629.76,629.99,2431804.0,1754331300000
629.99,630.4,629.84,629.95,1523957.0,1754332200000
629.95,630.08,629.775,629.8801,1127405.0,1754333100000
629.8968,630.21,629.74,630.155,1939777.0,1754334000000
630.15,630.75,630.11,630.265,3023697.0,1754334900000
630.265,630.53,629.9209,630.299,2968612.0,1754335800000
630.29,631.215,630.24,631.09,7577074.0,1754336700000
631.79,632.3,631.22,631.95,3708131.0,1754400600000
631.99,632.6052,631.59,631.9,2576350.0,1754401500000
631.63,631.85,630.28,630.355,3274672.0,1754402400000
630.35,630.62,629.19,629.859,3066615.0,1754403300000
629.865,629.865,627.635,627.82,3678902.0,1754404200000
627.81,628.015,627.04,627.91,4581710.0,1754405100000
627.915,628.67,627.43,628.56,3015297.0,1754406000000
628.56,628.67,627.765,628.01,2133059.0,1754406900000
627.98,628.395,627.16,627.69,2339218.0,1754407800000
627.62,628.175,627.26,628.09,1572771.0,1754408700000
628.075,629.01,627.96,628.61,1810795.0,1754409600000
628.61,629.1851,628.595,629.05,1538343.0,1754410500000
629.03,629.8,628.215,628.49,2208252.0,1754411400000
628.46,629.21,627.8,628.92,1672213.0,1754412300000
628.89,629.3,628.68,629.2,958030.0,1754413200000
629.2,629.825,628.88,629.695,1131917.0,1754414100000
629.7048,630.11,629.52,629.93,1839894.0,1754415000000
629.93,630.32,629.9,630.13,1459320.0,1754415900000
630.14,630.225,629.38,629.39,1902592.0,1754416800000
629.39,629.43,628.6,628.71,2284552.0,1754417700000
628.71,629.01,628.19,628.55,1878741.0,1754418600000
628.56,628.825,627.87,628.43,1889927.0,1754419500000
628.44,629.05,628.36,628.855,1623647.0,1754420400000
628.8666,629.11,628.6,628.9799,1800963.0,1754421300000
628.98,629.04,628.255,628.29,2073328.0,1754422200000
628.29,628.67,627.81,628.0,5843363.0,1754423100000
629.05,629.45,628.27,629.065,3714997.0,1754487000000
629.035,629.98,628.47,628.93,3139219.0,1754487900000
628.92,630.61,628.82,629.45,2598573.0,1754488800000
629.46,629.78,628.13,628.795,2486083.0,1754489700000
628.795,630.24,628.38,630.08,2445068.0,1754490600000
630.1,631.01,629.855,630.885,2114441.0,1754491500000
630.88,631.0,630.41,630.92,2074769.0,1754492400000
630.9299,632.05,630.87,631.927,2517142.0,1754493300000
631.91,632.4181,631.16,632.0799,3384527.0,1754494200000
632.08,632.9104,632.04,632.66,2588830.0,1754495100000
632.67,632.85,632.38,632.4901,1603818.0,1754496000000
632.5,632.76,632.18,632.37,1133777.0,1754496900000
632.3899,632.9799,632.06,632.0745,1374732.0,1754497800000
632.08,632.49,631.85,632.25,1544056.0,1754498700000
632.2401,632.63,632.04,632.15,985403.0,1754499600000
632.13,632.36,631.94,632.29,1016451.0,1754500500000
632.31,632.7,632.16,632.54,1015202.0,1754501400000
632.5417,632.595,632.0,632.23,1462490.0,1754502300000
632.235,633.11,632.1799,632.7772,3084150.0,1754503200000
632.7811,633.05,632.61,632.92,866061.0,1754504100000
632.92,633.19,632.65,632.8287,1350718.0,1754505000000
632.84,633.005,632.49,632.62,1241597.0,1754505900000
632.62,632.915,632.56,632.725,1121811.0,1754506800000
632.73,633.16,632.69,633.02,2155880.0,1754507700000
633.01,633.44,632.91,632.955,2174579.0,1754508600000
632.95,633.01,632.39,632.67,8260393.0,1754509500000
636.24,636.98,635.7,636.2,4560685.0,1754573400000
636.2,636.55,635.2999,636.48,3170656.0,1754574300000
636.49,636.82,634.34,634.685,3836015.0,1754575200000
634.68,634.745,633.12,633.82,3397837.0,1754576100000
633.81,634.03,633.26,633.9965,2594325.0,1754577000000
633.99,634.235,632.39,632.72,2871363.0,1754577900000
632.73,633.14,632.0901,632.1851,2937272.0,1754578800000
632.17,633.055,631.76,631.9699,2415335.0,1754579700000
631.97,632.44,631.61,631.795,1859026.0,1754580600000
631.78,632.29,631.35,631.8946,2118325.0,1754581500000
631.86,632.35,631.1316,632.23,2192118.0,1754582400000
632.23,632.6,631.975,632.245,1494549.0,1754583300000
632.25,632.61,630.47,630.5607,2132910.0,1754584200000
630.55,632.05,630.07,631.24,2884173.0,1754585100000
631.24,631.87,630.37,630.61,1878820.0,1754586000000
630.6016,631.095,630.0,630.03,2008313.0,1754586900000
630.0,630.63,629.69,630.47,2561358.0,1754587800000
630.45,631.08,630.26,630.74,1477258.0,1754588700000
630.74,631.0399,629.56,629.88,2079855.0,1754589600000
629.89,630.0,629.11,629.92,2069127.0,1754590500000
629.92,630.34,629.46,629.59,1836972.0,1754591400000
629.58,630.87,629.52,630.5107,1738412.0,1754592300000
630.5213,630.79,630.17,630.235,1553927.0,1754593200000
630.21,630.505,630.01,630.27,1872878.0,1754594100000
630.28,631.31,630.26,631.2845,2590416.0,1754595000000
631.28,632.36,630.87,632.3,6566447.0,1754595900000
634.06,634.8,633.74,634.64,3438359.0,1754659800000
634.64,635.9,634.64,635.8492,3373779.0,1754660700000
635.85,636.78,635.755,636.14,3682420.0,1754661600000
636.145,636.49,635.77,636.44,2344766.0,1754662500000
636.43,637.04,636.32,636.5,2395092.0,1754663400000
636.5,636.59,635.7,635.8028,2481053.0,1754664300000
635.81,636.48,635.57,636.36,2242355.0,1754665200000
636.36,636.37,635.81,636.01,1238393.0,1754666100000
636.0,636.03,634.86,634.97,1978490.0,1754667000000
634.9765,636.445,634.88,636.36,1862988.0,1754667900000
636.35,636.84,636.28,636.76,1569554.0,1754668800000
636.75,637.36,636.71,636.875,1529585.0,1754669700000
636.88,637.12,636.62,637.015,1249427.0,1754670600000
637.0,637.09,636.44,636.55,1400853.0,1754671500000
636.56,636.72,636.125,636.54,1616945.0,1754672400000
636.53,636.85,636.15,636.395,1186992.0,1754673300000
636.3913,637.215,636.38,637.1,945925.0,1754674200000
637.11,637.33,636.95,637.19,1044427.0,1754675100000
637.228,637.645,637.225,637.36,1510307.0,1754676000000
637.35,637.565,636.94,637.22,1266829.0,1754676900000
637.22,637.515,637.21,637.33,1428529.0,1754677800000
637.33,637.47,637.21,637.26,1891724.0,1754678700000
637.26,637.305,637.04,637.21,1403775.0,1754679600000
637.21,637.625,637.145,637.26,2192306.0,1754680500000
637.25,637.25,636.33,636.4099,3150876.0,1754681400000
636.41,637.27,636.05,637.14,7222763.0,1754682300000
637.46,637.76,636.88,637.59,3267586.0,1754919000000
637.59,637.69,636.89,637.69,2121489.0,1754919900000
637.68,637.935,637.34,637.49,2017632.0,1754920800000
637.49,637.97,637.2,637.2501,1780085.0,1754921700000
637.2419,637.43,637.03,637.265,1966417.0,1754922600000
637.27,637.338,636.57,636.78,1786932.0,1754923500000
636.77,637.16,636.53,637.15,1747048.0,1754924400000
637.15,637.3,636.98,637.09,1345494.0,1754925300000
637.095,637.19,636.7899,637.06,1334895.0,1754926200000
637.06,637.89,636.94,637.86,1305137.0,1754927100000
637.87,638.95,637.79,638.6,2920439.0,1754928000000
638.6,638.655,638.3,638.55,1401815.0,1754928900000
638.54,638.61,637.36,637.4,1429672.0,1754929800000
637.37,637.8,637.32,637.3301,1422198.0,1754930700000
637.33,637.61,637.11,637.12,1292363.0,1754931600000
637.12,637.3451,636.91,637.185,1047564.0,1754932500000
637.18,637.42,636.4,636.78,1513575.0,1754933400000
636.8,637.05,636.42,636.8019,1175318.0,1754934300000
636.81,636.88,636.28,636.58,2124778.0,1754935200000
636.59,636.87,636.31,636.49,1985220.0,1754936100000
636.5,636.8799,635.69,635.69,1588253.0,1754937000000
635.69,636.655,635.56,636.51,1554923.0,1754937900000
636.5,636.64,636.33,636.35,947622.0,1754938800000
636.355,636.53,635.995,636.262,1191100.0,1754939700000
636.25,636.38,635.925,636.07,1917079.0,1754940600000
636.06,636.1,634.66,635.83,10976400.0,1754941500000
638.29,639.875,637.84,638.17,5322102.0,1755005400000
638.18,638.86,636.97,637.34,4977656.0,1755006300000
637.36,638.98,636.79,638.93,3256880.0,1755007200000
638.94,639.5506,638.65,639.29,2448117.0,1755008100000
639.29,639.46,638.86,639.39,2014660.0,1755009000000
639.4,640.23,639.105,639.875,2402544.0,1755009900000
639.87,640.8,639.825,640.5445,2544709.0,1755010800000
640.55,641.03,640.27,640.48,2215212.0,1755011700000
640.47,641.04,640.31,640.93,1903659.0,1755012600000
640.925,641.27,640.638,641.23,1491660.0,1755013500000
641.23,641.23,640.86,641.03,1055677.0,1755014400000
641.03,641.5,640.97,641.3793,1383721.0,1755015300000
641.38,641.63,641.37,641.5,1138881.0,1755016200000
641.5,641.99,641.49,641.7,1508538.0,1755017100000
641.7,641.7855,641.435,641.65,1090206.0,1755018000000
641.66,641.845,641.4918,641.54,967295.0,1755018900000
641.535,641.9895,641.425,641.785,1041921.0,1755019800000
641.79,642.145,641.78,642.06,918837.0,1755020700000
642.07,642.4,642.07,642.3,1275139.0,1755021600000
642.305,642.615,642.16,642.22,1428106.0,1755022500000
642.23,642.3,641.975,642.14,1137515.0,1755023400000
642.14,642.27,642.0001,642.035,1193582.0,1755024300000
642.04,642.32,641.99,642.1665,1326648.0,1755025200000
642.17,642.43,642.16,642.32,1673689.0,1755026100000
642.315,642.695,642.1,642.19,2290943.0,1755027000000
642.18,642.85,641.98,642.64,7492906.0,1755027900000
644.91,645.56,644.49,645.53,3943268.0,1755091800000
645.54,646.19,645.37,645.62,3104518.0,1755092700000
645.63,645.7189,644.875,645.13,2979751.0,1755093600000
645.14,645.2644,643.99,644.24,2603747.0,1755094500000
644.245,644.405,643.81,644.2484,2493736.0,1755095400000
644.23,644.3,643.58,643.83,2415112.0,1755096300000
643.82,644.0,643.25,643.3299,2076978.0,1755097200000
643.325,644.11,643.07,643.67,2274262.0,1755098100000
643.67,644.255,643.475,644.215,2126747.0,1755099000000
644.22,644.25,643.34,643.43,2821756.0,1755099900000
643.44,643.915,643.38,643.775,1041174.0,1755100800000
643.76,643.9,643.23,643.27,836938.0,1755101700000
643.26,643.56,642.97,643.155,1131570.0,1755102600000
643.16,643.16,642.68,643.01,1423174.0,1755103500000
643.01,643.55,642.76,642.785,1354571.0,1755104400000
642.78,643.7,642.7,643.6408,1146857.0,1755105300000
643.64,643.76,642.775,642.895,1368807.0,1755106200000
642.9147,643.66,642.8601,643.55,866613.0,1755107100000
643.56,644.2,643.39,644.145,1252349.0,1755108000000
644.14,644.1799,643.805,643.89,1102963.0,1755108900000
643.91,644.27,643.24,643.89,2037608.0,1755109800000
643.88,644.31,643.81,644.015,893247.0,1755110700000
644.02,644.31,643.8312,644.305,1185961.0,1755111600000
644.31,644.73,644.23,644.29,2042962.0,1755112500000
644.295,644.36,643.91,644.1201,2252752.0,1755113400000
644.14,645.1,644.13,644.88,7073081.0,1755114300000
642.79,643.45,642.34,643.37,3960186.0,1755178200000
643.37,644.25,643.1,644.02,3215316.0,1755179100000
644.02,644.32,643.7,643.8,1911879.0,1755180000000
643.82,644.615,643.71,644.24,1689949.0,1755180900000
644.25,645.09,644.21,644.84,1755641.0,1755181800000
644.84,645.545,644.46,644.74,2063606.0,1755182700000
644.7399,644.79,644.14,644.34,1500545.0,1755183600000
644.31,644.595,642.96,643.335,2183982.0,1755184500000
643.34,643.81,642.98,643.415,1605500.0,1755185400000
643.41,644.22,643.17,644.07,1660369.0,1755186300000
644.04,644.09,642.665,642.74,1454522.0,1755187200000
642.71,643.69,642.665,643.09,1161287.0,1755188100000
643.09,643.57,642.985,643.355,877063.0,1755189000000
643.35,644.26,643.21,644.17,1121099.0,1755189900000
644.16,644.53,644.09,644.5247,812551.0,1755190800000
644.52,645.05,644.45,645.0007,1304348.0,1755191700000
645.01,645.06,644.25,644.59,1047764.0,1755192600000
644.59,644.85,644.26,644.71,1156519.0,1755193500000
644.72,644.725,644.17,644.2,1644773.0,1755194400000
644.2,644.5,643.91,644.085,1366955.0,1755195300000
644.07,644.6899,643.95,644.6701,1391797.0,1755196200000
644.67,644.95,644.43,644.6,2531065.0,1755197100000
644.59,644.975,644.48,644.955,1450563.0,1755198000000
644.955,645.49,644.895,645.03,2368942.0,1755198900000
645.03,645.31,644.84,645.21,2653552.0,1755199800000
645.19,645.62,644.88,644.94,5837694.0,1755200700000
645.99,646.09,645.07,645.2,3478452.0,1755264600000
645.2,645.21,643.72,644.1,3525275.0,1755265500000
643.78,644.535,643.21,644.43,2444999.0,1755266400000
644.46,644.65,643.61,644.21,1856732.0,1755267300000
644.2,644.33,643.75,643.86,1544556.0,1755268200000
643.86,643.88,643.37,643.575,1465032.0,1755269100000
643.58,643.92,643.26,643.84,4862676.0,1755270000000
643.8343,644.28,643.4,643.478,1360056.0,1755270900000
643.47,644.03,642.5153,642.63,2123312.0,1755271800000
642.63,644.14,642.62,643.415,2115274.0,1755272700000
643.4,643.94,643.08,643.94,1412468.0,1755273600000
643.93,643.93,643.178,643.29,2096139.0,1755274500000
643.295,643.85,643.295,643.7599,972523.0,1755275400000
643.77,644.28,643.63,644.0809,1362311.0,1755276300000
644.08,644.2957,643.89,644.1,1561480.0,1755277200000
644.095,644.25,643.74,644.1654,1046150.0,1755278100000
644.16,644.5595,644.14,644.25,2187858.0,1755279000000
644.24,644.81,644.12,644.7709,1352428.0,1755279900000
644.77,644.88,644.19,644.4481,3826006.0,1755280800000
644.44,644.6,643.98,644.53,1495808.0,1755281700000
644.52,644.64,644.175,644.275,1272522.0,1755282600000
644.27,644.5,643.81,644.26,1749412.0,1755283500000
644.25,644.28,643.32,643.94,2422955.0,1755284400000
643.94,644.04,643.52,643.8,2661802.0,1755285300000
643.8,644.06,643.62,643.9499,1825584.0,1755286200000
643.95,644.13,643.13,643.44,6728870.0,1755287100000
642.86,643.585,642.795,643.2,3013469.0,1755523800000
643.19,643.8,642.53,642.73,2512844.0,1755524700000
642.73,643.42,642.71,643.298,1572892.0,1755525600000
643.29,643.935,643.0,643.0,1951164.0,1755526500000
642.99,643.43,642.615,643.07,1569360.0,1755527400000
643.06,643.42,642.3,643.23,1640263.0,1755528300000
643.22,643.44,642.86,642.88,1108136.0,1755529200000
642.89,643.28,642.6,642.73,1538602.0,1755530100000
642.73,643.035,642.5,642.82,986605.0,1755531000000
642.82,643.039,642.62,642.7301,752345.0,1755531900000
642.73,643.25,642.69,642.91,946855.0,1755532800000
642.91,643.28,642.76,643.12,757254.0,1755533700000
643.1235,643.36,642.37,642.625,994772.0,1755534600000
642.63,642.68,642.18,642.51,878207.0,1755535500000
642.51,643.1,642.48,643.015,857081.0,1755536400000
643.02,643.2,642.86,643.169,670946.0,1755537300000
643.165,643.815,642.71,642.89,1757051.0,1755538200000
642.9,642.915,642.6514,642.7894,724887.0,1755539100000
642.79,643.01,642.5,642.7,964581.0,1755540000000
642.705,642.955,642.44,642.7601,1059617.0,1755540900000
642.75,643.17,642.74,643.115,1145133.0,1755541800000
643.12,643.56,643.03,643.43,1462373.0,1755542700000
643.43,643.56,643.12,643.185,1308620.0,1755543600000
643.18,643.425,643.0601,643.255,1672969.0,1755544500000
643.25,643.59,643.145,643.455,2084833.0,1755545400000
643.45,644.0,643.16,643.27,5666692.0,1755546300000
643.12,643.43,641.9899,642.83,4301402.0,1755610200000
642.84,643.21,642.32,642.87,2685215.0,1755611100000
642.86,644.105,642.86,643.77,2656456.0,1755612000000
643.77,643.9292,642.82,643.03,2276688.0,1755612900000
643.04,643.54,641.9099,642.28,2986863.0,1755613800000
642.29,642.3,641.21,641.215,3367916.0,1755614700000
641.22,641.5601,640.47,641.43,3142954.0,1755615600000
641.42,641.695,641.06,641.61,1426580.0,1755616500000
641.61,641.91,641.0919,641.32,1690183.0,1755617400000
641.335,641.4187,640.62,640.75,1567337.0,1755618300000
640.73,641.1,640.17,640.23,1740002.0,1755619200000
640.235,640.87,640.235,640.35,1189633.0,1755620100000
640.36,640.625,639.6,639.79,1992260.0,1755621000000
639.75,640.04,639.331,639.67,1934819.0,1755621900000
639.67,639.7593,638.805,639.535,2045428.0,1755622800000
639.555,639.86,639.04,639.72,1535107.0,1755623700000
639.71,640.11,639.65,639.945,1236042.0,1755624600000
639.9446,640.03,639.625,639.83,1201221.0,1755625500000
639.82,639.88,638.82,639.1799,1856660.0,1755626400000
639.17,639.31,638.91,639.095,1225220.0,1755627300000
639.095,639.195,638.66,638.91,1695042.0,1755628200000
638.91,639.28,638.71,639.1,1480412.0,1755629100000
639.12,639.13,638.48,638.735,2261677.0,1755630000000
638.73,639.25,638.6,639.205,2317248.0,1755630900000
639.21,639.47,639.16,639.42,2784870.0,1755631800000
639.41,639.91,638.715,639.77,7716761.0,1755632700000
639.4,639.66,638.105,638.17,5423719.0,1755696600000
638.17,638.21,634.96,635.39,8056736.0,1755697500000
635.38,636.29,634.19,634.43,6306103.0,1755698400000
634.45,635.2183,633.67,633.92,4086905.0,1755699300000
633.94,634.42,633.4,633.535,3079201.0,1755700200000
633.53,633.84,632.95,633.38,3284134.0,1755701100000
633.38,634.905,633.18,634.83,3027048.0,1755702000000
634.83,636.43,634.82,636.375,3143704.0,1755702900000
636.35,636.9,636.09,636.275,2523415.0,1755703800000
636.28,636.505,634.72,635.15,2042555.0,1755704700000
635.14,636.355,635.075,636.32,1693529.0,1755705600000
636.33,637.4758,636.29,637.4207,2409699.0,1755706500000
637.425,637.45,636.46,637.015,1699469.0,1755707400000
637.01,637.1365,635.93,636.315,1968219.0,1755708300000
636.31,637.125,636.13,636.49,1172827.0,1755709200000
636.5,637.21,636.28,636.56,1099864.0,1755710100000
636.56,637.655,636.51,637.6101,1221249.0,1755711000000
637.63,637.96,637.01,637.198,1375453.0,1755711900000
637.18,637.33,635.63,636.015,2852052.0,1755712800000
636.0,636.11,635.21,635.83,2218497.0,1755713700000
635.8316,636.85,635.75,636.735,1910225.0,1755714600000
636.74,637.38,636.601,636.69,1927587.0,1755715500000
636.69,638.3,636.69,638.1821,2119500.0,1755716400000
638.175,638.8699,637.99,638.33,3169609.0,1755717300000
638.315,638.905,638.17,638.77,2462626.0,1755718200000
638.78,639.06,637.805,638.06,6949884.0,1755719100000
636.28,636.51,635.25,635.95,3527020.0,1755783000000
636.03,636.24,634.31,635.13,3627424.0,1755783900000
635.12,637.4,634.6,637.135,2623272.0,1755784800000
637.135,637.97,636.99,637.89,1486146.0,1755785700000
637.89,637.9,636.1,636.81,1466761.0,1755786600000
636.79,637.228,636.3506,637.15,1035185.0,1755787500000
637.16,637.4399,635.455,635.53,1374184.0,1755788400000
635.5,637.26,635.3,636.69,1699944.0,1755789300000
636.7,637.59,636.62,637.36,1025688.0,1755790200000
637.36,637.38,635.43,635.58,1769544.0,1755791100000
635.58,635.72,634.96,635.435,1846843.0,1755792000000
635.44,635.89,634.98,635.25,1178028.0,1755792900000
635.25,635.73,634.985,635.47,1094778.0,1755793800000
635.45,636.0,634.67,634.87,1269144.0,1755794700000
634.87,635.467,634.63,634.68,1090020.0,1755795600000
634.65,634.81,633.81,634.435,1770183.0,1755796500000
634.43,635.87,634.3399,635.745,1843319.0,1755797400000
635.73,636.2,635.435,635.9199,1406362.0,1755798300000
635.91,636.09,635.435,635.88,1110410.0,1755799200000
635.89,636.19,635.48,635.5,1004075.0,1755800100000
635.51,636.025,635.09,635.6,1415276.0,1755801000000
635.6,636.27,635.21,636.12,1242075.0,1755801900000
636.11,636.52,636.03,636.335,1430937.0,1755802800000
636.35,636.36,635.89,635.94,1130165.0,1755803700000
635.95,635.98,635.25,635.43,2251019.0,1755804600000
635.44,635.8899,635.08,635.58,5775378.0,1755805500000
637.76,639.43,637.25,639.41,3234806.0,1755869400000
639.4,639.72,638.12,638.41,3379695.0,1755870300000
638.41,644.95,638.41,644.73,12054928.0,1755871200000
644.71,645.55,643.04,644.11,6070715.0,1755872100000
644.1338,645.65,644.13,645.535,3124280.0,1755873000000
645.52,646.17,645.26,645.6458,3311075.0,1755873900000
645.65,646.27,645.47,645.54,3186571.0,1755874800000
645.54,646.19,645.47,646.0,2495455.0,1755875700000
646.01,646.5,645.79,646.05,1914636.0,1755876600000
646.04,646.28,645.3,645.41,2262364.0,1755877500000
645.415,645.91,645.225,645.41,1552747.0,1755878400000
645.4,645.49,644.695,644.78,1913472.0,1755879300000
644.78,645.4407,644.78,645.0999,1019662.0,1755880200000
645.08,645.26,644.295,644.72,1186256.0,1755881100000
644.7,645.76,644.7,645.6554,2027094.0,1755882000000
645.66,646.26,645.59,646.15,1395166.0,1755882900000
646.15,646.23,645.86,646.2249,1077010.0,1755883800000
646.23,646.4,645.69,645.77,1218867.0,1755884700000
645.785,646.04,645.54,645.625,1622641.0,1755885600000
645.64,645.68,645.285,645.385,1690496.0,1755886500000
645.44,645.86,645.255,645.42,1843886.0,1755887400000
645.41,645.78,645.31,645.45,1539588.0,1755888300000
645.45,645.64,645.19,645.33,1614238.0,1755889200000
645.32,645.42,645.052,645.08,2529695.0,1755890100000
645.07,645.2699,644.295,644.83,3947516.0,1755891000000
644.82,645.455,644.63,645.27,9917110.0,1755891900000
644.04,644.369,643.41,644.125,3973738.0,1756128600000
644.13,644.34,643.63,644.34,2646526.0,1756129500000
644.33,644.67,643.81,644.195,2656952.0,1756130400000
644.19,644.3,643.76,644.15,1826696.0,1756131300000
644.15,644.3894,643.75,643.96,1486902.0,1756132200000
643.96,644.46,643.74,644.42,1416504.0,1756133100000
644.41,644.8,644.23,644.75,1551170.0,1756134000000
644.75,645.05,644.69,644.91,1273172.0,1756134900000
644.91,645.01,644.505,644.74,1203127.0,1756135800000
644.74,645.065,644.555,644.97,1050615.0,1756136700000
644.96,645.145,644.865,645.05,1015365.0,1756137600000
645.04,645.09,644.79,644.94,943153.0,1756138500000
644.94,645.24,644.82,645.1805,842172.0,1756139400000
645.18,645.29,644.89,644.995,1026930.0,1756140300000
644.9813,645.015,644.41,644.76,1119207.0,1756141200000
644.76,644.83,644.445,644.67,806532.0,1756142100000
644.66,644.82,644.025,644.37,1303085.0,1756143000000
644.38,644.72,644.36,644.505,865122.0,1756143900000
644.5011,644.56,644.25,644.53,1398157.0,1756144800000
644.54,644.565,643.94,644.17,1384248.0,1756145700000
644.165,644.26,643.99,644.0549,3376642.0,1756146600000
644.05,644.28,643.895,643.94,1154078.0,1756147500000
643.97,644.15,643.77,643.985,1294192.0,1756148400000
643.99,644.01,643.62,643.69,1721530.0,1756149300000
643.69,643.84,643.545,643.579,1587113.0,1756150200000
643.57,643.68,642.35,642.47,6915282.0,1756151100000
642.2,642.8499,641.93,642.74,2750301.0,1756215000000
642.73,642.78,641.57,642.555,2657895.0,1756215900000
642.492,643.03,642.38,642.7835,2099176.0,1756216800000
642.78,643.27,642.675,643.08,1850121.0,1756217700000
643.065,643.18,642.49,642.905,1277706.0,1756218600000
642.91,643.09,642.54,642.6919,1273029.0,1756219500000
642.7,642.88,642.32,642.74,1144829.0,1756220400000
642.73,642.88,642.295,642.44,1013529.0,1756221300000
642.41,642.77,642.2914,642.68,726701.0,1756222200000
642.69,642.91,642.395,642.75,802417.0,1756223100000
642.76,643.24,642.76,643.24,921773.0,1756224000000
643.23,643.55,643.11,643.33,1740141.0,1756224900000
643.33,643.5,643.27,643.395,642514.0,1756225800000
643.4,643.47,643.1,643.32,758957.0,1756226700000
643.3,643.47,642.89,643.29,777757.0,1756227600000
643.29,643.59,643.085,643.51,776339.0,1756228500000
643.5,643.581,642.88,643.03,928020.0,1756229400000
643.03,643.065,642.435,642.86,1148964.0,1756230300000
642.86,643.4,642.79,643.26,1057160.0,1756231200000
643.26,643.53,643.255,643.51,2297138.0,1756232100000
643.52,643.87,643.51,643.73,1238378.0,1756233000000
643.73,644.09,643.6,643.895,1245199.0,1756233900000
643.89,643.92,643.615,643.91,993134.0,1756234800000
643.905,644.7101,643.83,644.56,4660312.0,1756235700000
644.55,644.85,643.92,643.9528,3126582.0,1756236600000
643.96,645.51,643.92,645.13,7167035.0,1756237500000
644.57,645.53,644.42,645.3601,2731429.0,1756301400000
645.39,645.44,644.81,645.35,2278953.0,1756302300000
645.35,645.87,645.2603,645.8399,2438678.0,1756303200000
645.84,646.34,645.8301,646.1171,1912524.0,1756304100000
646.11,646.41,646.04,646.095,1390672.0,1756305000000
646.09,646.405,645.75,646.18,1137436.0,1756305900000
646.19,646.49,646.18,646.385,957952.0,1756306800000
646.38,646.54,646.25,646.3,988665.0,1756307700000
646.3,646.53,645.91,646.315,1265869.0,1756308600000
646.31,646.69,646.28,646.5418,960609.0,1756309500000
646.55,646.6,646.38,646.45,588700.0,1756310400000
646.44,646.46,645.48,645.96,1695818.0,1756311300000
645.96,646.05,645.38,645.79,1073124.0,1756312200000
645.785,646.5299,645.74,646.2993,2004524.0,1756313100000
646.29,646.55,646.04,646.49,996157.0,1756314000000
646.48,646.51,646.22,646.445,837232.0,1756314900000
646.45,646.71,646.44,646.645,784274.0,1756315800000
646.63,646.82,646.53,646.76,653243.0,1756316700000
646.755,647.3,646.58,647.18,1676442.0,1756317600000
647.19,647.355,647.06,647.26,1167292.0,1756318500000
647.25,647.31,647.14,647.18,864173.0,1756319400000
647.18,647.31,647.0099,647.04,1012903.0,1756320300000
647.035,647.0579,645.82,646.12,2322207.0,1756321200000
646.13,646.715,646.1,646.655,1767924.0,1756322100000
646.65,647.27,646.65,647.14,1565576.0,1756323000000
647.15,647.37,646.6,646.62,5313987.0,1756323900000
647.24,648.09,646.86,647.19,4077823.0,1756387800000
647.19,647.33,645.34,645.94,4653999.0,1756388700000
645.93,646.68,645.58,646.38,3611484.0,1756389600000
646.365,646.595,645.84,645.955,1815030.0,1756390500000
645.98,646.94,645.94,646.8099,1574937.0,1756391400000
646.805,647.17,646.5249,646.89,1921328.0,1756392300000
646.89,647.17,646.67,647.147,1550252.0,1756393200000
647.175,647.6558,646.08,646.25,2078756.0,1756394100000
646.275,647.0935,646.24,646.86,1265057.0,1756395000000
646.84,647.19,646.63,647.02,1565118.0,1756395900000
647.02,647.78,646.94,647.76,1192467.0,1756396800000
647.76,648.42,647.455,648.15,1848143.0,1756397700000
648.15,648.26,647.7,648.01,976146.0,1756398600000
648.005,648.365,647.62,647.67,1306040.0,1756399500000
647.67,647.87,647.45,647.815,1494841.0,1756400400000
647.8,648.15,647.71,648.125,806058.0,1756401300000
648.13,648.3899,648.075,648.36,1260880.0,1756402200000
648.355,648.515,648.265,648.38,1155226.0,1756403100000
648.37,648.56,648.315,648.47,1435669.0,1756404000000
648.47,648.68,648.35,648.645,1313111.0,1756404900000
648.65,649.005,648.63,648.805,1998821.0,1756405800000
648.81,649.055,648.77,648.965,1275500.0,1756406700000
648.96,649.25,648.84,649.16,1560713.0,1756407600000
649.165,649.165,648.855,648.96,1714920.0,1756408500000
648.95,649.14,648.73,649.095,2610319.0,1756409400000
649.11,649.48,648.8,648.89,8979393.0,1756410300000
647.47,647.84,646.8,647.0051,3885534.0,1756474200000
647.01,647.01,645.34,645.51,4227832.0,1756475100000
645.5,646.063,643.79,644.33,5492196.0,1756476000000
644.32,644.79,643.63,644.6688,3214264.0,1756476900000
644.67,645.11,644.17,644.2046,2067083.0,1756477800000
644.2,644.36,643.14,643.82,3035304.0,1756478700000
643.82,644.76,643.68,644.36,1672536.0,1756479600000
644.37,644.77,644.2,644.41,1297392.0,1756480500000
644.41,644.55,644.0,644.1479,1258946.0,1756481400000
644.135,644.255,643.71,643.79,1342164.0,1756482300000
643.78,644.68,643.75,644.54,1452029.0,1756483200000
644.54,644.76,644.09,644.17,942800.0,1756484100000
644.18,644.95,644.18,644.94,850148.0,1756485000000
644.93,645.0399,644.59,644.725,1219272.0,1756485900000
644.7,644.7,643.78,643.83,1545553.0,1756486800000
643.83,644.11,643.46,644.0,1385996.0,1756487700000
644.0,644.42,643.84,644.35,1159574.0,1756488600000
644.36,645.0142,644.33,644.64,2191110.0,1756489500000
644.65,644.7,644.22,644.535,1121692.0,1756490400000
644.545,644.66,644.17,644.265,1172721.0,1756491300000
644.265,644.74,644.265,644.27,1037839.0,1756492200000
644.27,644.5,644.1721,644.49,1098996.0,1756493100000
644.49,644.8312,644.305,644.61,1866486.0,1756494000000
644.605,644.99,644.37,644.58,2540885.0,1756494900000
644.58,644.89,644.08,644.78,3668310.0,1756495800000
644.77,645.14,643.76,645.04,12856631.0,1756496700000
637.5,637.52,636.05,637.095,7941539.0,1756819800000
637.07,639.36,636.44,639.07,4337400.0,1756820700000
639.01,640.14,638.6702,638.9,2934954.0,1756821600000
638.89,639.49,638.18,639.47,2650490.0,1756822500000
639.45,639.63,637.97,638.11,2216743.0,1756823400000
638.13,638.27,637.23,637.65,2537024.0,1756824300000
637.65,637.94,636.89,637.0,1625328.0,1756825200000
637.01,637.095,636.17,636.56,2334556.0,1756826100000
636.55,636.568,635.41,635.4788,2229773.0,1756827000000
635.49,635.74,634.92,635.21,2503934.0,1756827900000
635.215,635.6899,635.0301,635.57,1858652.0,1756828800000
635.57,636.07,635.56,635.61,1409653.0,1756829700000
635.61,636.505,635.61,636.14,1369994.0,1756830600000
636.13,636.97,635.68,636.95,1710087.0,1756831500000
636.95,637.28,636.53,636.73,1557859.0,1756832400000
636.71,637.85,636.66,637.64,1440227.0,1756833300000
637.63,638.95,637.63,638.85,2087846.0,1756834200000
638.86,639.035,638.33,638.35,1661891.0,1756835100000
638.33,638.81,637.98,638.09,1384595.0,1756836000000
638.09,638.21,637.65,637.7265,989233.0,1756836900000
637.72,638.085,637.32,637.52,1207728.0,1756837800000
637.51,638.94,637.39,638.0518,2198471.0,1756838700000
638.06,638.8,638.04,638.76,1407379.0,1756839600000
638.76,639.31,638.64,639.14,1976001.0,1756840500000
639.13,639.855,639.04,639.59,3600421.0,1756841400000
639.59,640.49,639.31,640.33,10242790.0,1756842300000
642.67,643.23,642.41,643.0,4987119.0,1756906200000
643.02,643.1,641.83,641.94,3405272.0,1756907100000
642.0,642.895,641.59,641.62,2933548.0,1756908000000
641.62,643.2197,641.62,642.3612,2592341.0,1756908900000
642.36,643.88,642.34,643.6909,2750883.0,1756909800000
643.68,644.16,643.58,643.97,2106785.0,1756910700000
643.98,644.21,643.51,643.63,1719577.0,1756911600000
643.62,643.68,642.29,642.43,2390859.0,1756912500000
642.43,642.97,642.13,642.73,2145419.0,1756913400000
642.72,642.85,642.12,642.375,1353284.0,1756914300000
642.37,642.605,641.995,642.32,1334460.0,1756915200000
642.3,643.125,642.17,642.43,1411721.0,1756916100000
642.44,642.52,641.71,641.86,1481035.0,1756917000000
641.85,642.11,641.43,641.82,1850462.0,1756917900000
641.82,642.7765,641.82,642.54,1390162.0,1756918800000
642.57,642.85,641.9501,642.27,1679310.0,1756919700000
642.26,642.43,641.17,641.22,1352932.0,1756920600000
641.24,641.6793,640.625,640.978,2265520.0,1756921500000
640.98,641.19,640.54,641.07,1949472.0,1756922400000
641.07,641.29,640.76,641.13,1547947.0,1756923300000
641.11,641.16,640.46,641.098,1692254.0,1756924200000
641.09,641.28,640.72,640.885,1449843.0,1756925100000
640.88,641.14,640.56,640.74,1327108.0,1756926000000
640.74,641.2,640.67,641.02,1625534.0,1756926900000
641.04,642.29,641.01,642.2,2746113.0,1756927800000
642.2,643.73,642.01,643.64,10954776.0,1756928700000
644.42,645.3,644.19,645.05,3501233.0,1756992600000
645.04,645.27,644.48,644.85,2803150.0,1756993500000
644.8,645.0185,643.79,643.9,3239499.0,1756994400000
643.92,645.11,643.51,644.88,2763864.0,1756995300000
644.87,645.78,644.84,645.35,2873423.0,1756996200000
645.36,645.74,645.26,645.645,1567979.0,1756997100000
645.64,645.88,645.31,645.515,1927288.0,1756998000000
645.515,646.435,645.51,646.2108,2124217.0,1756998900000
646.22,646.31,645.82,646.0518,1372674.0,1756999800000
646.045,646.59,645.9825,646.175,1618529.0,1757000700000
646.175,646.56,646.14,646.41,1140082.0,1757001600000
646.42,646.51,645.83,645.95,1169751.0,1757002500000
645.94,646.17,645.81,645.986,962256.0,1757003400000
645.97,646.5,645.93,645.943,1132043.0,1757004300000
645.95,646.8,645.92,646.345,1352939.0,1757005200000
646.34,646.97,646.34,646.8593,1307150.0,1757006100000
646.84,646.92,646.59,646.8207,1380504.0,1757007000000
646.83,647.462,646.78,647.14,1493508.0,1757007900000
647.14,647.4399,647.13,647.425,1183543.0,1757008800000
647.425,647.61,647.205,647.23,1206537.0,1757009700000
647.23,647.49,647.08,647.25,1065902.0,1757010600000
647.25,647.68,647.245,647.63,1478044.0,1757011500000
647.63,648.25,647.595,648.17,2184486.0,1757012400000
648.16,648.2101,647.895,647.915,1668675.0,1757013300000
647.91,648.32,647.81,648.28,2344635.0,1757014200000
648.27,649.15,647.95,648.99,10151224.0,1757015100000
651.48,652.18,651.34,652.06,4711420.0,1757079000000
652.06,652.21,650.54,651.065,4836487.0,1757079900000
651.06,651.095,648.94,648.96,4347051.0,1757080800000
648.97,649.09,646.05,646.56,5942062.0,1757081700000
646.52,646.66,644.9,645.19,4480670.0,1757082600000
645.23,645.975,644.0896,644.14,4521943.0,1757083500000
644.15,644.94,643.33,644.87,3515415.0,1757084400000
644.87,646.28,644.66,646.205,2914207.0,1757085300000
646.21,646.9,645.6,646.75,2350980.0,1757086200000
646.75,646.75,645.34,645.67,3114198.0,1757087100000
645.68,646.735,645.29,646.65,2000041.0,1757088000000
646.66,646.75,645.5,645.725,1752931.0,1757088900000
645.74,646.21,645.23,646.2,1516590.0,1757089800000
646.15,646.47,645.45,646.47,1677052.0,1757090700000
646.47,646.47,645.37,646.235,1813463.0,1757091600000
646.23,646.55,645.8,645.85,1509025.0,1757092500000
645.87,646.06,644.61,645.235,1906681.0,1757093400000
645.235,645.45,644.76,645.12,1409277.0,1757094300000
645.15,645.44,644.9,645.43,1710789.0,1757095200000
645.4398,645.9899,645.25,645.7099,1805973.0,1757096100000
645.69,646.3,645.69,646.0793,1526657.0,1757097000000
646.09,646.31,645.85,646.31,1442376.0,1757097900000
646.29,646.78,645.9,646.69,2407929.0,1757098800000
646.7,647.41,646.68,647.11,2580937.0,1757099700000
647.12,647.18,646.39,646.68,3073006.0,1757100600000
646.69,647.27,646.15,647.21,7695495.0,1757101500000
648.62,649.06,648.06,648.65,4367077.0,1757338200000
648.64,648.965,648.0542,648.37,3250095.0,1757339100000
648.375,648.7,647.93,648.2,2384321.0,1757340000000
648.21,648.9,647.75,648.77,2812337.0,1757340900000
648.755,649.38,648.66,649.2546,2252916.0,1757341800000
649.31,649.765,649.19,649.38,1684738.0,1757342700000
649.37,649.81,649.34,649.66,1622771.0,1757343600000
649.68,649.81,649.14,649.8,1575230.0,1757344500000
649.79,649.84,649.16,649.165,1567158.0,1757345400000
649.16,649.46,648.5,649.38,1772201.0,1757346300000
649.38,649.4,648.7,648.762,1262744.0,1757347200000
648.75,648.79,648.38,648.63,1436266.0,1757348100000
648.63,648.805,647.78,648.36,1559262.0,1757349000000
648.351,648.69,647.96,648.56,1072348.0,1757349900000
648.56,648.61,647.99,648.04,1124756.0,1757350800000
648.05,648.76,648.01,648.48,1000263.0,1757351700000
648.4899,648.68,648.07,648.22,821709.0,1757352600000
648.225,648.27,647.23,647.59,1253645.0,1757353500000
647.5999,648.0,647.36,647.9521,1525155.0,1757354400000
647.9519,648.51,647.93,648.395,1499862.0,1757355300000
648.39,648.49,647.91,648.2881,1255456.0,1757356200000
648.28,648.58,648.125,648.235,1188991.0,1757357100000
648.22,648.2368,647.335,647.59,2182449.0,1757358000000
647.6,647.91,647.421,647.58,1759640.0,1757358900000
647.58,648.24,647.47,648.1311,2101437.0,1757359800000
648.1313,648.88,648.02,648.8,10939864.0,1757360700000
648.97,649.495,648.75,649.28,2933831.0,1757424600000
649.28,649.29,648.54,649.02,2438141.0,1757425500000
649.02,649.73,648.43,649.37,3548217.0,1757426400000
649.37,649.45,648.53,648.755,2041056.0,1757427300000
648.74,648.8051,647.22,647.69,3567786.0,1757428200000
647.69,648.64,647.6,648.325,2140932.0,1757429100000
648.325,648.66,647.79,648.37,1671533.0,1757430000000
648.375,648.835,648.36,648.77,1576041.0,1757430900000
648.76,648.825,648.05,648.1,1422361.0,1757431800000
648.12,648.81,648.04,648.265,1445421.0,1757432700000
648.26,648.8899,648.17,648.815,1329040.0,1757433600000
648.805,649.06,648.3,648.86,1565842.0,1757434500000
648.855,649.11,648.765,648.96,978656.0,1757435400000
648.948,649.21,648.84,649.04,1326471.0,1757436300000
649.05,649.72,649.02,649.36,1747584.0,1757437200000
649.36,649.8,649.25,649.565,1535202.0,1757438100000
649.565,649.75,649.48,649.67,1518077.0,1757439000000
649.65,649.98,649.63,649.795,1228831.0,1757439900000
649.8,649.99,649.57,649.84,1209470.0,1757440800000
649.83,649.99,649.71,649.83,1122573.0,1757441700000
649.84,649.95,649.615,649.695,1557549.0,1757442600000
649.705,650.1,649.7,649.86,1345553.0,1757443500000
649.86,649.94,649.55,649.565,1320953.0,1757444400000
649.56,650.14,649.56,650.065,1638619.0,1757445300000
650.065,650.1299,649.695,649.94,1917275.0,1757446200000
649.93,650.86,649.89,650.33,7007280.0,1757447100000
653.62,653.7299,652.68,653.34,5553008.0,1757511000000
653.34,653.885,652.75,653.5971,3800651.0,1757511900000
653.59,654.5,653.48,654.36,3319929.0,1757512800000
654.38,654.55,653.91,653.94,2461012.0,1757513700000
653.91,654.03,653.405,653.815,2753512.0,1757514600000
653.81,653.97,653.305,653.42,2109006.0,1757515500000
653.42,653.615,652.91,653.11,5723799.0,1757516400000
653.088,653.11,652.46,652.82,2727530.0,1757517300000
652.83,653.385,652.3401,653.3375,2595903.0,1757518200000
653.35,653.63,653.2303,653.305,1493718.0,1757519100000
653.31,653.375,653.03,653.21,1181654.0,1757520000000
653.21,653.41,652.62,652.635,1279950.0,1757520900000
652.64,652.84,652.22,652.24,1425271.0,1757521800000
652.25,653.03,652.16,652.94,1281769.0,1757522700000
652.94,653.46,652.77,653.1449,1161189.0,1757523600000
653.15,653.22,652.11,652.29,1404402.0,1757524500000
652.29,652.72,652.1,652.495,1552300.0,1757525400000
652.48,652.52,651.94,652.345,1531888.0,1757526300000
652.34,652.41,651.87,652.11,1413129.0,1757527200000
652.1,652.1,651.4,651.69,2388680.0,1757528100000
651.69,652.13,651.625,651.835,2003250.0,1757529000000
651.84,652.12,651.39,651.995,1825836.0,1757529900000
651.995,652.1399,650.85,650.87,2304445.0,1757530800000
650.88,651.33,650.63,650.84,2985090.0,1757531700000
650.86,651.83,650.69,651.83,2900439.0,1757532600000
651.83,652.7,651.61,652.225,8006527.0,1757533500000
654.18,654.62,653.7,653.87,4383946.0,1757597400000
653.87,655.63,653.59,655.57,4296032.0,1757598300000
655.57,656.25,655.38,655.67,3349446.0,1757599200000
655.67,656.08,655.555,655.96,1855208.0,1757600100000
655.955,656.98,655.855,656.935,3189779.0,1757601000000
656.93,657.0,656.19,656.65,2510935.0,1757601900000
656.65,656.905,656.54,656.83,1599677.0,1757602800000
656.83,657.59,656.76,657.42,2666877.0,1757603700000
657.42,657.8,657.02,657.0419,1891494.0,1757604600000
657.05,657.345,656.64,657.21,1563807.0,1757605500000
657.21,657.64,657.11,657.485,2715152.0,1757606400000
657.485,657.72,657.325,657.35,1244330.0,1757607300000
657.36,657.5358,657.07,657.23,1076401.0,1757608200000
657.23,657.33,656.855,657.16,1059653.0,1757609100000
657.15,657.47,656.88,657.365,1184941.0,1757610000000
657.37,657.555,657.06,657.12,1096889.0,1757610900000
657.115,657.54,657.115,657.49,957935.0,1757611800000
657.5,657.57,657.01,657.55,1614270.0,1757612700000
657.555,657.66,657.27,657.41,2333623.0,1757613600000
657.415,657.515,657.17,657.33,1781610.0,1757614500000
657.33,657.54,657.16,657.505,1130443.0,1757615400000
657.505,657.735,657.44,657.535,1959520.0,1757616300000
657.53,657.71,657.4,657.555,1756861.0,1757617200000
657.55,657.83,657.5,657.76,2345078.0,1757618100000
657.75,658.16,657.735,657.84,2842099.0,1757619000000
657.845,658.33,657.465,657.61,8986683.0,1757619900000
657.6,657.77,657.145,657.4425,4415944.0,1757683800000
657.445,658.068,657.24,657.99,2976651.0,1757684700000
658.01,658.2,657.49,657.51,2748943.0,1757685600000
657.5,658.11,657.32,657.97,2218941.0,1757686500000
657.96,658.0299,657.685,657.8007,1906542.0,1757687400000
657.83,658.48,657.79,658.3804,1778973.0,1757688300000
658.38,658.435,657.845,658.075,1618977.0,1757689200000
658.07,658.26,657.62,657.64,1353451.0,1757690100000
657.64,657.815,657.35,657.47,1192967.0,1757691000000
657.48,657.7,657.21,657.62,1446087.0,1757691900000
657.61,657.85,657.3099,657.71,1279338.0,1757692800000
657.72,658.06,657.71,658.05,1303947.0,1757693700000
658.05,658.15,657.65,657.84,1173753.0,1757694600000
657.83,658.2,657.8299,658.07,1397759.0,1757695500000
658.075,658.09,657.795,658.085,1441560.0,1757696400000
658.085,658.28,658.01,658.1,919957.0,1757697300000
658.1,658.2,657.9,658.11,1452006.0,1757698200000
658.105,658.4609,658.1,658.3715,1142518.0,1757699100000
658.375,658.44,658.23,658.42,1472744.0,1757700000000
658.42,658.565,658.28,658.505,1457476.0,1757700900000
658.505,658.875,658.47,658.73,1888820.0,1757701800000
658.73,659.11,658.32,658.81,2635898.0,1757702700000
658.81,658.945,658.53,658.58,2817275.0,1757703600000
658.58,658.605,658.07,658.17,3523339.0,1757704500000
658.17,658.285,656.9,657.75,6892046.0,1757705400000
657.75,658.33,657.38,657.42,10352912.0,1757706300000
659.64,660.3,659.475,659.615,4755105.0,1757943000000
659.63,660.68,659.625,660.65,3417160.0,1757943900000
660.645,660.73,659.98,660.21,2502192.0,1757944800000
660.21,660.735,660.048,660.68,2046639.0,1757945700000
660.66,660.92,660.33,660.812,2682854.0,1757946600000
660.81,660.995,660.72,660.95,1636140.0,1757947500000
660.96,661.04,660.52,660.78,1780383.0,1757948400000
660.78,660.905,660.23,660.3595,1966889.0,1757949300000
660.35,660.82,660.24,660.39,1532063.0,1757950200000
660.395,660.78,660.3,660.62,1518779.0,1757951100000
660.61,660.885,660.44,660.81,1588785.0,1757952000000
660.8115,660.8901,660.55,660.602,1202793.0,1757952900000
660.605,660.8799,660.53,660.6,1335495.0,1757953800000
660.595,660.595,660.07,660.13,1723404.0,1757954700000
660.12,660.385,659.95,660.01,1435507.0,1757955600000
660.0,660.1,659.53,659.75,1986714.0,1757956500000
659.74,660.43,659.7,660.33,1666094.0,1757957400000
660.33,660.66,660.2215,660.6099,1250068.0,1757958300000
660.6,660.6,659.95,660.15,1783738.0,1757959200000
660.16,660.25,659.895,659.9,1430919.0,1757960100000
659.9,660.1,659.34,659.535,1760026.0,1757961000000
659.545,660.105,659.38,660.0,2234174.0,1757961900000
659.99,660.16,659.7,659.945,1696760.0,1757962800000
659.935,660.16,659.745,660.07,2058190.0,1757963700000
660.07,660.2,659.87,660.01,2118676.0,1757964600000
659.99,660.91,659.76,660.85,8366070.0,1757965500000
661.47,661.78,660.66,660.791,4227070.0,1758029400000
660.79,660.95,660.03,660.28,4103406.0,1758030300000
660.27,660.305,659.63,659.93,3197217.0,1758031200000
659.93,660.518,659.85,659.945,3027939.0,1758032100000
659.94,660.3,659.73,659.79,1908328.0,1758033000000
659.81,660.115,659.71,659.85,1687769.0,1758033900000
659.86,660.115,659.39,659.9,2091282.0,1758034800000
659.9,660.085,659.575,659.63,1605079.0,1758035700000
659.62,659.705,659.21,659.49,2059343.0,1758036600000
659.49,659.945,659.43,659.665,1347257.0,1758037500000
659.665,659.89,659.53,659.735,1135574.0,1758038400000
659.735,659.96,659.7,659.905,990860.0,1758039300000
659.9,659.95,659.48,659.765,1444083.0,1758040200000
659.765,660.08,659.72,659.955,1163842.0,1758041100000
659.96,660.3081,659.905,660.285,1141520.0,1758042000000
660.29,660.44,660.22,660.26,1006081.0,1758042900000
660.27,660.36,660.04,660.085,2869808.0,1758043800000
660.09,660.3203,659.9267,660.2,1120834.0,1758044700000
660.18,660.405,660.04,660.135,1113926.0,1758045600000
660.13,660.2856,660.03,660.19,1293877.0,1758046500000
660.2,660.49,660.095,660.38,1187581.0,1758047400000
660.39,660.74,660.39,660.6,1325466.0,1758048300000
660.6,660.73,660.44,660.63,1362121.0,1758049200000
660.63,660.64,660.03,660.145,1874656.0,1758050100000
660.14,660.21,659.68,660.09,2679297.0,1758051000000
660.09,660.66,659.6984,659.93,7647182.0,1758051900000
660.01,660.56,659.76,659.865,3538217.0,1758115800000
659.86,660.655,659.64,659.88,3201087.0,1758116700000
659.88,659.96,659.27,659.46,2764616.0,1758117600000
659.465,659.58,659.09,659.16,2243861.0,1758118500000
659.17,659.505,659.06,659.19,1814590.0,1758119400000
659.19,659.64,659.04,659.32,1615666.0,1758120300000
659.32,659.555,658.99,659.5,1485401.0,1758121200000
659.5,659.67,658.865,658.94,1034590.0,1758122100000
658.945,659.27,658.875,659.235,1121484.0,1758123000000
659.24,659.33,658.89,659.265,836131.0,1758123900000
659.26,659.34,658.83,658.88,1076129.0,1758124800000
658.88,659.01,658.73,658.93,1029919.0,1758125700000
658.93,658.985,658.145,658.562,1635176.0,1758126600000
658.58,658.58,658.13,658.32,1074175.0,1758127500000
658.31,658.74,658.295,658.63,1323326.0,1758128400000
658.63,658.73,658.37,658.645,689582.0,1758129300000
658.65,659.19,658.65,658.89,1267001.0,1758130200000
658.89,659.66,658.76,659.66,1306080.0,1758131100000
659.658,661.72,657.83,657.83,8430631.0,1758132000000
657.83,660.37,657.13,660.35,4836987.0,1758132900000
660.36,660.57,656.01,656.735,7403699.0,1758133800000
656.745,657.84,654.3,657.715,8649698.0,1758134700000
657.69,660.285,657.505,658.18,6509287.0,1758135600000
658.19,660.68,658.17,660.185,5178035.0,1758136500000
660.2,660.57,659.02,659.61,3801009.0,1758137400000
659.61,659.91,658.5,659.18,8946324.0,1758138300000
661.89,662.44,660.76,660.77,6995887.0,1758202200000
660.77,662.29,660.27,662.06,5734032.0,1758203100000
662.06,663.76,662.0,663.62,5302658.0,1758204000000
663.6,664.49,663.53,664.4,4123427.0,1758204900000
664.38,664.89,663.49,663.5,3575151.0,1758205800000
663.49,663.8341,662.715,662.77,2987972.0,1758206700000
662.77,663.29,662.6,662.89,2584947.0,1758207600000
662.91,663.99,662.76,663.325,2677460.0,1758208500000
663.31,663.94,663.31,663.41,1603434.0,1758209400000
663.41,663.475,662.1751,662.5999,2093926.0,1758210300000
662.575,663.12,662.31,663.08,1729479.0,1758211200000
663.06,663.5599,663.03,663.46,1810700.0,1758212100000
663.46,664.06,663.44,663.98,2236007.0,1758213000000
663.995,664.19,663.8,664.045,1543283.0,1758213900000
664.04,664.23,663.73,663.76,2592404.0,1758214800000
663.78,663.94,663.265,663.32,1945776.0,1758215700000
663.32,663.45,662.66,662.91,2082940.0,1758216600000
662.915,663.14,662.52,662.79,1318236.0,1758217500000
662.79,663.275,662.59,662.81,1588341.0,1758218400000
662.815,663.08,662.6851,662.775,1154924.0,1758219300000
662.78,663.07,662.34,662.445,1945797.0,1758220200000
662.44,663.51,662.38,663.24,2105256.0,1758221100000
663.24,663.44,663.06,663.1,2412079.0,1758222000000
663.105,663.2,662.68,662.71,4033781.0,1758222900000
662.7,662.88,662.15,662.39,3279799.0,1758223800000
662.39,663.04,661.955,662.28,11515677.0,1758224700000
662.33,662.37,661.32,661.62,6443556.0,1758288600000
661.63,662.7,661.47,662.15,3460716.0,1758289500000
662.14,662.4,661.87,662.075,2270419.0,1758290400000
662.075,662.16,661.67,661.92,2034728.0,1758291300000
661.9,662.21,661.35,661.35,1673708.0,1758292200000
661.35,661.95,660.96,661.59,3701587.0,1758293100000
661.59,661.945,660.9,661.02,10509859.0,1758294000000
661.015,661.34,660.63,660.76,3860455.0,1758294900000
660.74,661.31,660.37,661.09,1798090.0,1758295800000
661.08,661.615,660.9762,661.6,1785844.0,1758296700000
661.59,662.38,661.57,662.2523,2085831.0,1758297600000
662.255,662.68,662.2016,662.49,1849140.0,1758298500000
662.48,662.5817,662.13,662.58,1455604.0,1758299400000
662.58,662.76,662.38,662.53,1288634.0,1758300300000
662.54,662.66,662.21,662.42,1129522.0,1758301200000
662.41,662.51,662.245,662.48,966012.0,1758302100000
662.48,662.8395,662.455,662.735,2054260.0,1758303000000
662.74,662.89,662.6,662.69,1405278.0,1758303900000
662.69,662.775,662.51,662.71,1695720.0,1758304800000
662.715,662.83,662.325,662.53,1769948.0,1758305700000
662.52,662.87,662.42,662.8,1361932.0,1758306600000
662.8,663.11,662.54,663.09,3137719.0,1758307500000
663.09,663.49,663.04,663.38,3969097.0,1758308400000
663.38,664.0499,663.34,663.8,4139381.0,1758309300000
663.79,663.855,663.385,663.41,3173889.0,1758310200000
663.4,664.55,663.39,663.64,11716591.0,1758311100000
662.2,662.8,662.17,662.615,4193836.0,1758547800000
662.61,663.565,662.53,663.41,3678036.0,1758548700000
663.41,663.76,663.175,663.44,2790708.0,1758549600000
663.44,664.14,663.36,664.08,2310196.0,1758550500000
664.07,664.595,663.895,664.535,2025852.0,1758551400000
664.535,665.075,664.4917,665.02,2389027.0,1758552300000
665.01,665.32,664.74,664.82,2222176.0,1758553200000
664.815,665.13,664.695,664.94,1493243.0,1758554100000
664.94,665.035,664.57,664.675,1691066.0,1758555000000
664.685,664.78,664.48,664.59,1117376.0,1758555900000
664.5813,665.36,664.56,665.33,2543504.0,1758556800000
665.335,665.93,665.24,665.845,4153520.0,1758557700000
665.845,666.215,665.79,666.12,2392521.0,1758558600000
666.11,666.5,666.05,666.41,1695862.0,1758559500000
666.41,666.53,666.17,666.21,1266726.0,1758560400000
666.21,666.53,666.11,666.51,1188328.0,1758561300000
666.505,666.71,666.27,666.7,1686273.0,1758562200000
666.7,666.78,666.29,666.355,1250987.0,1758563100000
666.35,666.45,666.03,666.41,2351381.0,1758564000000
666.4,666.62,666.355,666.565,1682581.0,1758564900000
666.57,666.798,666.46,666.72,1447856.0,1758565800000
666.725,666.82,666.6156,666.78,1048734.0,1758566700000
666.78,667.18,666.765,667.12,1752953.0,1758567600000
667.115,667.24,666.945,667.142,1493403.0,1758568500000
667.14,667.245,666.735,666.845,2322884.0,1758569400000
666.85,667.29,666.71,666.76,8980271.0,1758570300000
666.72,667.28,666.57,666.8992,4029141.0,1758634200000
666.7975,667.34,666.73,666.89,3284991.0,1758635100000
666.9,667.245,666.4601,667.06,2914797.0,1758636000000
667.0602,667.07,666.36,666.62,2332270.0,1758636900000
666.63,666.685,666.17,666.345,2106015.0,1758637800000
666.35,666.76,666.155,666.3153,1430789.0,1758638700000
666.31,666.455,666.02,666.3599,1524439.0,1758639600000
666.37,666.47,666.06,666.15,1153095.0,1758640500000
666.15,666.24,665.555,665.87,1562904.0,1758641400000
665.88,665.99,665.49,665.55,1414526.0,1758642300000
665.56,665.66,664.97,665.24,1907701.0,1758643200000
665.23,665.69,665.09,665.24,4197023.0,1758644100000
665.235,665.57,664.88,665.335,2341949.0,1758645000000
665.33,665.84,665.0109,665.155,1625909.0,1758645900000
665.165,665.25,664.7,664.835,2333059.0,1758646800000
664.84,664.87,663.69,663.708,2695653.0,1758647700000
663.7001,663.85,662.035,662.62,5133437.0,1758648600000
662.63,663.43,662.34,663.23,2907205.0,1758649500000
663.24,663.38,662.635,662.67,2277470.0,1758650400000
662.66,662.925,662.21,662.675,2142964.0,1758651300000
662.65,663.3199,662.53,662.63,1999997.0,1758652200000
662.63,662.88,661.98,662.11,2133795.0,1758653100000
662.1,662.665,662.09,662.32,1875878.0,1758654000000
662.33,662.81,662.18,662.3699,2826376.0,1758654900000
662.37,662.945,662.29,662.91,3001028.0,1758655800000
662.91,663.54,662.68,663.23,9012115.0,1758656700000
664.51,664.61,663.4,663.57,4587861.0,1758720600000
663.58,663.61,662.42,663.04,3261470.0,1758721500000
663.045,663.45,662.65,663.26,2804781.0,1758722400000
663.25,663.49,662.93,663.21,2220602.0,1758723300000
663.19,663.43,662.81,663.264,1640142.0,1758724200000
663.26,663.655,662.7851,662.93,1969875.0,1758725100000
662.92,663.13,662.4,662.425,1495670.0,1758726000000
662.41,662.98,662.4,662.66,1392742.0,1758726900000
662.65,662.95,662.06,662.145,1334686.0,1758727800000
662.15,662.15,660.26,660.39,3998059.0,1758728700000
660.39,660.6737,659.67,660.01,3637882.0,1758729600000
660.0,661.12,659.6899,660.91,2903372.0,1758730500000
660.92,661.11,660.62,660.94,1506393.0,1758731400000
660.97,660.97,660.4,660.52,1207593.0,1758732300000
660.55,661.68,660.44,661.24,1669030.0,1758733200000
661.23,661.42,660.96,661.37,1306971.0,1758734100000
661.38,661.8,660.8913,660.9,1590875.0,1758735000000
660.8921,660.945,660.39,660.57,2497963.0,1758735900000
660.56,660.61,659.96,660.44,2411099.0,1758736800000
660.44,660.68,660.18,660.385,1258155.0,1758737700000
660.39,660.8856,660.26,660.75,1703671.0,1758738600000
660.75,661.15,660.46,661.105,1563185.0,1758739500000
661.11,661.12,660.61,660.65,1275959.0,1758740400000
660.65,660.9,660.57,660.795,1397661.0,1758741300000
660.81,660.99,660.59,660.645,2480595.0,1758742200000
660.65,661.38,660.485,661.04,6604957.0,1758743100000
657.94,657.98,655.08,655.29,7327240.0,1758807000000
655.28,656.985,655.175,655.64,5680832.0,1758807900000
655.64,658.27,655.55,657.99,4985831.0,1758808800000
658.0092,659.15,658.0,658.48,3956208.0,1758809700000
658.48,658.97,658.24,658.74,2286870.0,1758810600000
658.74,659.1,658.33,658.79,2623097.0,1758811500000
658.79,658.81,657.3281,658.58,2826480.0,1758812400000
658.58,658.68,657.19,657.46,2078425.0,1758813300000
657.46,659.4056,657.46,659.22,3289268.0,1758814200000
659.2,659.33,658.72,658.945,1781269.0,1758815100000
658.945,659.235,658.59,658.66,1448255.0,1758816000000
658.67,659.1,657.9399,658.01,1505509.0,1758816900000
658.03,658.98,657.85,658.05,1537012.0,1758817800000
658.06,658.4,657.59,657.84,4399902.0,1758818700000
657.83,658.36,657.525,658.0596,1689076.0,1758819600000
658.05,658.22,656.57,657.295,2646978.0,1758820500000
657.28,657.465,656.2815,656.68,1967293.0,1758821400000
656.68,656.73,655.51,655.59,1575138.0,1758822300000
655.59,656.0293,654.405,656.01,5692523.0,1758823200000
656.02,657.15,655.98,656.99,3137146.0,1758824100000
656.98,658.155,656.66,657.81,2685069.0,1758825000000
657.805,658.07,657.25,657.89,2089186.0,1758825900000
657.88,658.02,657.44,657.57,1786542.0,1758826800000
657.58,657.775,657.055,657.45,1992872.0,1758827700000
657.45,657.86,657.04,657.465,2745727.0,1758828600000
657.455,658.26,657.09,657.95,5961672.0,1758829500000
659.51,661.6851,658.92,661.03,6207091.0,1758893400000
661.025,661.9,660.41,661.79,3843692.0,1758894300000
661.8,662.37,659.26,659.57,5682280.0,1758895200000
659.56,659.73,657.88,658.781,3504493.0,1758896100000
658.79,659.96,658.12,659.515,2604588.0,1758897000000
659.51,659.76,658.15,658.45,1790641.0,1758897900000
658.44,659.05,658.22,658.242,1449357.0,1758898800000
658.25,659.93,658.05,659.93,1707457.0,1758899700000
659.915,660.06,659.04,659.46,1798976.0,1758900600000
659.45,659.66,658.635,658.67,1530796.0,1758901500000
658.68,659.175,658.5,659.1099,1128594.0,1758902400000
659.1,660.76,658.97,660.4534,1905288.0,1758903300000
660.4499,660.9404,660.07,660.84,1393174.0,1758904200000
660.835,661.495,660.54,661.33,1588740.0,1758905100000
661.33,661.69,661.14,661.59,1352919.0,1758906000000
661.585,661.74,661.195,661.625,1173897.0,1758906900000
661.63,661.755,661.34,661.525,1417057.0,1758907800000
661.55,661.55,660.76,661.35,1327218.0,1758908700000
661.34,661.605,660.85,661.33,1857116.0,1758909600000
661.31,662.02,661.31,661.725,2015879.0,1758910500000
661.74,662.14,661.7,661.882,1087943.0,1758911400000
661.88,661.9983,661.47,661.92,1702839.0,1758912300000
661.915,662.01,661.425,661.49,1788579.0,1758913200000
661.49,661.875,661.3,661.6,1400362.0,1758914100000
661.602,661.69,661.375,661.44,1723353.0,1758915000000
661.44,661.95,661.15,661.75,6111103.0,1758915900000
664.36,664.76,663.725,664.4106,4576691.0,1759152600000
664.405,664.745,664.09,664.525,3636817.0,1759153500000
664.53,665.28,664.05,664.67,3235761.0,1759154400000
664.69,664.98,663.99,664.76,2352456.0,1759155300000
664.76,665.07,664.54,665.0,1724593.0,1759156200000
665.0,665.17,664.29,664.46,2141781.0,1759157100000
664.45,664.6573,663.72,663.78,1694394.0,1759158000000
663.78,664.01,663.21,663.53,2824210.0,1759158900000
663.54,663.655,662.995,663.53,2171526.0,1759159800000
663.535,663.57,662.84,663.31,2260926.0,1759160700000
663.31,663.785,662.935,663.72,2434526.0,1759161600000
663.725,663.8,663.045,663.47,1891092.0,1759162500000
663.48,663.7,663.07,663.09,960031.0,1759163400000
663.09,663.27,662.85,663.04,1327147.0,1759164300000
663.05,663.0856,662.42,662.5544,2110890.0,1759165200000
662.55,662.82,662.4,662.56,1632560.0,1759166100000
662.57,662.7,662.19,662.57,1601506.0,1759167000000
662.55,663.09,662.5201,662.94,1820919.0,1759167900000
662.94,663.32,662.9,663.26,1900448.0,1759168800000
663.25,663.595,663.1502,663.46,1328229.0,1759169700000
663.47,663.58,663.06,663.25,2039705.0,1759170600000
663.25,663.475,663.2,663.35,1582257.0,1759171500000
663.345,663.345,662.41,662.51,2715913.0,1759172400000
662.515,662.84,661.86,662.645,4201536.0,1759173300000
662.64,663.43,662.61,663.26,3401748.0,1759174200000
663.26,663.76,663.02,663.61,8398070.0,1759175100000
662.93,663.21,662.22,663.07,3782532.0,1759239000000
663.08,663.28,661.9693,663.08,2991610.0,1759239900000
663.05,663.5512,662.235,662.688,2949039.0,1759240800000
662.68,663.37,662.638,662.8571,2599319.0,1759241700000
662.85,663.28,661.691,662.37,2312166.0,1759242600000
662.36,663.38,662.36,663.22,1950338.0,1759243500000
663.22,663.63,662.8312,662.855,1574721.0,1759244400000
662.85,662.95,661.61,662.225,2233545.0,1759245300000
662.23,662.68,661.89,662.06,1844663.0,1759246200000
662.07,663.16,662.01,663.0,1427394.0,1759247100000
662.99,663.16,662.59,662.8,2029622.0,1759248000000
662.795,664.0527,662.725,663.405,1658961.0,1759248900000
663.41,663.665,663.26,663.665,963609.0,1759249800000
663.64,663.665,662.615,662.819,1132081.0,1759250700000
662.81,662.91,662.09,662.41,1330946.0,1759251600000
662.3999,662.6,661.78,662.13,1724689.0,1759252500000
662.12,662.39,661.812,662.22,1513636.0,1759253400000
662.21,663.085,662.2,662.53,1405310.0,1759254300000
662.51,663.79,662.425,663.69,2348403.0,1759255200000
663.7,664.03,663.46,663.88,2323271.0,1759256100000
663.87,664.33,663.6,664.28,1589023.0,1759257000000
664.27,664.63,664.16,664.422,1781094.0,1759257900000
664.42,664.8578,664.36,664.64,3471159.0,1759258800000
664.64,665.51,664.4707,665.37,3040218.0,1759259700000
665.38,665.715,664.85,665.015,3867541.0,1759260600000
665.01,666.65,664.995,666.11,15013933.0,1759261500000
663.17,665.39,663.125,665.26,6093130.0,1759325400000
665.25,665.3,663.06,663.735,4903047.0,1759326300000
663.74,664.73,663.41,664.645,2749758.0,1759327200000
664.655,665.71,664.61,665.53,2831302.0,1759328100000
665.53,666.06,665.26,665.475,2678481.0,1759329000000
665.475,665.84,665.29,665.805,2019216.0,1759329900000
665.805,666.27,665.75,666.1,2191359.0,1759330800000
666.115,666.44,665.7809,666.31,1757668.0,1759331700000
666.31,667.01,666.31,666.94,2275448.0,1759332600000
666.95,667.18,666.89,666.975,1952570.0,1759333500000
666.99,667.16,666.81,666.98,1515996.0,1759334400000
666.99,667.13,666.61,666.9,1514052.0,1759335300000
666.9,667.035,666.6101,666.63,1255370.0,1759336200000
666.6345,666.955,666.43,666.91,1364990.0,1759337100000
666.92,667.52,666.82,667.37,1817819.0,1759338000000
667.37,668.09,667.36,667.97,1819083.0,1759338900000
667.98,668.035,667.61,667.81,1478197.0,1759339800000
667.8,667.98,667.605,667.955,1116162.0,1759340700000
667.95,668.7,667.89,668.6,1991550.0,1759341600000
668.6,668.935,668.52,668.77,1682857.0,1759342500000
668.775,669.24,668.73,669.15,1435884.0,1759343400000
669.15,669.35,669.0113,669.13,1494694.0,1759344300000
669.13,669.37,668.88,669.1,1686631.0,1759345200000
669.105,669.155,668.725,669.125,2217135.0,1759346100000
669.12,669.26,668.77,668.79,2773517.0,1759347000000
668.79,669.18,668.48,668.51,7555840.0,1759347900000
670.45,670.565,668.885,669.045,4698458.0,1759411800000
669.04,669.6385,668.75,669.42,3626318.0,1759412700000
669.41,669.5299,668.46,668.63,2176470.0,1759413600000
668.61,668.99,668.29,668.7113,2435425.0,1759414500000
668.72,669.02,668.2,668.335,1910132.0,1759415400000
668.34,668.42,667.54,667.565,2153195.0,1759416300000
667.57,668.12,667.02,667.415,2442905.0,1759417200000
667.41,667.925,667.18,667.67,1284433.0,1759418100000
667.6488,667.7,666.78,667.35,1640773.0,1759419000000
667.34,668.42,667.18,668.35,1158964.0,1759419900000
668.35,668.35,667.61,668.04,1129462.0,1759420800000
668.02,668.2582,667.85,668.1389,992489.0,1759421700000
668.13,668.3,667.55,667.93,848510.0,1759422600000
667.92,668.59,667.88,668.42,1159980.0,1759423500000
668.415,668.47,667.94,668.45,1441191.0,1759424400000
668.45,668.71,668.24,668.5099,1161837.0,1759425300000
668.51,669.08,668.3319,668.85,1158050.0,1759426200000
668.86,669.005,668.645,668.895,1490872.0,1759427100000
668.89,669.52,668.85,669.42,1365100.0,1759428000000
669.42,669.67,669.33,669.58,1228106.0,1759428900000
669.58,669.73,669.38,669.515,1140149.0,1759429800000
669.52,669.59,669.2202,669.39,1158117.0,1759430700000
669.38,669.63,669.36,669.4432,988968.0,1759431600000
669.44,669.61,669.22,669.475,2035553.0,1759432500000
669.48,669.49,668.955,669.2,2321330.0,1759433400000
669.21,669.42,668.82,669.17,7714839.0,1759434300000
669.99,671.33,669.93,670.84,3661719.0,1759498200000
670.78,671.57,670.6693,670.8899,2529033.0,1759499100000
670.81,670.88,669.97,670.62,3038032.0,1759500000000
670.62,671.55,670.605,671.395,1928610.0,1759500900000
671.39,672.28,671.32,672.09,2372102.0,1759501800000
672.1,672.28,671.8599,672.11,1605546.0,1759502700000
672.115,672.14,671.55,671.78,1578099.0,1759503600000
671.775,671.95,671.56,671.7713,1397812.0,1759504500000
671.77,672.01,671.35,671.75,1465305.0,1759505400000
671.75,672.615,671.64,672.5,2137459.0,1759506300000
672.5,672.675,672.3,672.525,1186320.0,1759507200000
672.53,672.67,672.22,672.46,966672.0,1759508100000
672.45,672.545,672.15,672.27,916336.0,1759509000000
672.28,672.4,672.0001,672.24,1471880.0,1759509900000
672.2003,672.2003,670.43,671.46,4154920.0,1759510800000
671.46,671.46,670.32,670.33,2276364.0,1759511700000
670.33,670.95,669.92,670.01,3097859.0,1759512600000
670.02,670.11,668.16,669.19,4840045.0,1759513500000
669.19,669.56,668.27,669.3,3966724.0,1759514400000
669.3,670.705,669.21,670.52,2618261.0,1759515300000
670.537,670.685,669.6,669.92,1797525.0,1759516200000
669.92,669.96,669.28,669.87,1937829.0,1759517100000
669.865,670.26,669.62,669.86,2069776.0,1759518000000
669.87,669.99,669.4,669.62,2154750.0,1759518900000
669.61,670.24,669.515,669.835,2392504.0,1759519800000
669.83,670.035,668.77,669.18,5925397.0,1759520700000
671.62,671.65,670.06,670.32,5008369.0,1759757400000
670.32,670.84,669.89,670.015,3890465.0,1759758300000
670.01,670.33,669.455,670.3,3594645.0,1759759200000
670.31,670.7099,670.12,670.515,2064289.0,1759760100000
670.515,670.827,670.145,670.51,2033979.0,1759761000000
670.52,670.855,670.34,670.7601,1216011.0,1759761900000
670.77,671.18,670.7101,670.875,1801331.0,1759762800000
670.88,671.375,670.87,671.15,1332015.0,1759763700000
671.15,671.435,671.045,671.4,1227693.0,1759764600000
671.39,671.925,671.3899,671.81,1755899.0,1759765500000
671.8,671.885,671.2917,671.3999,1236791.0,1759766400000
671.4,671.865,671.305,671.8207,1020622.0,1759767300000
671.83,671.845,671.36,671.55,1007531.0,1759768200000
671.55,671.7784,671.5,671.72,873818.0,1759769100000
671.715,671.75,671.33,671.57,1283042.0,1759770000000
671.56,672.32,671.42,672.06,1505509.0,1759770900000
672.08,672.2,671.805,671.83,1233503.0,1759771800000
671.82,672.35,671.79,672.27,1317008.0,1759772700000
672.27,672.47,672.08,672.18,1290859.0,1759773600000
672.19,672.38,672.04,672.24,1300106.0,1759774500000
672.2484,672.51,672.09,672.155,1597285.0,1759775400000
672.155,672.35,672.0001,672.11,988198.0,1759776300000
672.1101,672.15,671.905,672.035,1070811.0,1759777200000
672.04,672.065,671.65,671.755,1493622.0,1759778100000
671.75,671.955,671.62,671.86,1892607.0,1759779000000
671.84,672.09,671.54,671.59,5764370.0,1759779900000
672.54,672.99,672.2,672.61,3974706.0,1759843800000
672.61,672.7481,672.07,672.23,2749012.0,1759844700000
672.23,672.37,671.7605,671.955,2398839.0,1759845600000
671.96,672.16,671.26,671.27,1937516.0,1759846500000
671.275,671.69,670.83,671.04,2576770.0,1759847400000
671.04,671.31,670.58,670.9,2606308.0,1759848300000
670.93,671.09,668.81,669.545,6668089.0,1759849200000
669.55,670.085,669.025,669.29,4196713.0,1759850100000
669.28,669.4,668.03,668.54,4396748.0,1759851000000
668.55,668.56,667.67,668.25,4559767.0,1759851900000
668.26,668.845,667.85,667.93,3121178.0,1759852800000
667.93,668.81,667.67,668.4,2013030.0,1759853700000
668.4,669.54,668.36,669.135,1980333.0,1759854600000
669.13,669.18,668.13,668.3692,1690694.0,1759855500000
668.365,669.39,668.18,669.11,1915804.0,1759856400000
669.11,669.27,668.72,668.99,892531.0,1759857300000
668.92,668.99,668.31,668.92,1145434.0,1759858200000
668.93,669.19,668.29,668.33,1030601.0,1759859100000
668.34,668.92,667.81,668.58,1703941.0,1759860000000
668.58,668.85,668.33,668.625,1137874.0,1759860900000
668.63,668.975,668.55,668.805,1106975.0,1759861800000
668.83,669.0779,668.64,669.05,906834.0,1759862700000
669.035,669.14,668.56,668.71,1424332.0,1759863600000
668.709,668.83,668.53,668.57,1213133.0,1759864500000
668.57,669.305,668.55,669.3,1854340.0,1759865400000
669.31,669.4,668.7,669.13,5695471.0,1759866300000
670.25,670.4309,669.42,669.73,4262437.0,1759930200000
669.73,670.59,669.66,670.28,3804139.0,1759931100000
670.29,671.96,670.285,671.74,3294116.0,1759932000000
671.74,671.9,671.165,671.89,2216259.0,1759932900000
671.885,672.165,671.58,671.71,2215916.0,1759933800000
671.7,671.87,671.34,671.76,2271756.0,1759934700000
671.76,672.23,671.685,672.12,1661960.0,1759935600000
672.13,672.73,671.99,672.545,2147525.0,1759936500000
672.54,672.63,672.36,672.515,1213869.0,1759937400000
672.52,672.96,672.5,672.77,1686093.0,1759938300000
672.78,672.97,672.6,672.93,1104877.0,1759939200000
672.93,673.0985,672.55,672.64,1300450.0,1759940100000
672.64,672.78,672.46,672.54,827123.0,1759941000000
672.54,672.72,672.23,672.715,1163171.0,1759941900000
672.71,672.82,672.44,672.68,764552.0,1759942800000
672.68,673.03,672.66,672.895,921163.0,1759943700000
672.895,672.99,672.615,672.64,921555.0,1759944600000
672.64,673.0,672.525,672.64,1912233.0,1759945500000
672.64,673.12,672.47,672.9791,1844962.0,1759946400000
672.975,673.14,672.76,672.8,1372257.0,1759947300000
672.81,672.87,672.395,672.4,1323832.0,1759948200000
672.39,672.485,672.17,672.25,1512287.0,1759949100000
672.24,672.66,672.15,672.6541,1525722.0,1759950000000
672.6501,673.01,672.65,672.895,2073404.0,1759950900000
672.89,672.97,672.66,672.74,2212588.0,1759951800000
672.74,673.2056,672.68,673.07,6737249.0,1759952700000
673.53,673.94,672.66,672.72,4552175.0,1760016600000
672.73,673.078,671.57,671.915,3874848.0,1760017500000
671.91,672.24,671.43,671.99,2737316.0,1760018400000
671.995,672.0,671.12,671.225,3439583.0,1760019300000
671.23,671.23,670.25,670.27,3150277.0,1760020200000
670.26,671.53,669.97,671.355,2758491.0,1760021100000
671.35,671.68,671.18,671.505,1815053.0,1760022000000
671.51,671.851,670.67,670.75,1841122.0,1760022900000
670.75,670.84,669.99,670.42,2076461.0,1760023800000
670.43,671.51,670.38,671.308,1596632.0,1760024700000
671.31,671.58,671.06,671.155,982822.0,1760025600000
671.155,671.38,670.54,670.965,1267651.0,1760026500000
670.97,671.08,670.18,670.64,1067088.0,1760027400000
670.66,671.125,669.65,669.8,1585576.0,1760028300000
669.8,670.38,669.45,669.8599,2200370.0,1760029200000
669.852,670.105,669.34,669.4688,2044193.0,1760030100000
669.46,670.345,669.21,670.01,1860443.0,1760031000000
670.01,670.38,669.82,670.19,1018289.0,1760031900000
670.185,670.2352,669.33,669.78,1269820.0,1760032800000
669.75,670.33,669.69,669.82,1298207.0,1760033700000
669.81,669.975,669.55,669.775,1514638.0,1760034600000
669.775,670.08,669.5185,669.9,1198555.0,1760035500000
669.92,670.485,669.825,670.22,1431478.0,1760036400000
670.22,670.67,670.0407,670.51,2123959.0,1760037300000
670.51,670.97,670.44,670.95,2393019.0,1760038200000
670.95,671.26,670.58,671.17,7761540.0,1760039100000
672.13,673.63,671.88,673.55,4350631.0,1760103000000
673.56,673.95,672.48,673.01,3309765.0,1760103900000
673.1,673.36,672.19,672.54,2371349.0,1760104800000
672.5,673.12,671.8,672.57,2390571.0,1760105700000
672.59,672.855,672.13,672.55,1347155.0,1760106600000
672.55,673.065,667.66,669.16,5938781.0,1760107500000
669.13,669.18,665.15,667.73,17031009.0,1760108400000
667.73,668.12,661.93,662.44,12166190.0,1760109300000
662.44,663.15,659.47,663.06,12055582.0,1760110200000
663.05,664.09,660.77,661.85,7106807.0,1760111100000
661.8107,662.16,660.22,661.95,5253913.0,1760112000000
661.96,662.66,660.53,661.57,4631988.0,1760112900000
661.58,662.7556,660.5,660.74,3410180.0,1760113800000
660.75,661.2,658.91,659.12,4176398.0,1760114700000
659.11,659.58,657.74,658.14,3811748.0,1760115600000
658.21,659.89,657.98,659.77,2983374.0,1760116500000
659.74,660.93,659.33,659.79,3127802.0,1760117400000
659.78,660.05,658.77,659.59,2546213.0,1760118300000
659.63,659.71,658.64,659.52,2439941.0,1760119200000
659.53,660.09,658.69,659.1,2705342.0,1760120100000
659.11,659.51,657.87,657.9,4389395.0,1760121000000
657.9,658.53,656.78,657.18,3230177.0,1760121900000
657.18,658.26,656.3,656.57,3383371.0,1760122800000
656.54,657.28,655.51,655.99,4248127.0,1760123700000
656.01,656.32,654.06,656.06,7039218.0,1760124600000
656.075,656.81,652.84,653.11,14651868.0,1760125500000
660.65,661.67,659.8,661.09,8266299.0,1760362200000
661.08,663.0,660.34,662.8788,4989147.0,1760363100000
662.87,663.23,661.92,662.2,4571799.0,1760364000000
662.2,662.78,660.111,660.85,3480287.0,1760364900000
660.88,662.48,660.16,661.52,2659983.0,1760365800000
661.49,661.88,659.95,660.215,2438289.0,1760366700000
660.21,661.62,659.7679,661.45,2474459.0,1760367600000
661.44,662.85,661.42,662.72,2471470.0,1760368500000
662.72,663.175,662.2387,662.3,2015626.0,1760369400000
662.3,663.17,662.23,662.97,1579041.0,1760370300000
662.98,663.4536,662.69,663.37,1479302.0,1760371200000
663.4,665.13,662.64,663.49,3268366.0,1760372100000
663.485,663.89,663.02,663.29,1124685.0,1760373000000
663.29,664.37,663.05,664.24,1769522.0,1760373900000
664.25,664.61,663.36,663.5,2644021.0,1760374800000
663.51,663.765,662.915,663.12,1284598.0,1760375700000
663.13,663.31,662.66,662.72,1084867.0,1760376600000
662.71,663.27,662.37,663.26,1204882.0,1760377500000
663.25,663.74,663.17,663.44,1349784.0,1760378400000
663.42,664.05,663.42,663.94,1307261.0,1760379300000
663.935,664.27,662.7,663.05,2055851.0,1760380200000
663.05,663.08,661.82,662.08,2185052.0,1760381100000
662.09,662.69,661.68,662.16,2501551.0,1760382000000
662.15,663.35,662.06,662.8193,2080805.0,1760382900000
662.8,663.54,662.63,663.41,2538801.0,1760383800000
663.4,663.65,662.77,663.05,7017443.0,1760384700000
657.17,657.41,653.3,653.76,7060826.0,1760448600000
653.77,656.96,653.17,656.82,5433875.0,1760449500000
656.8,658.36,656.49,658.2456,3962462.0,1760450400000
658.24,659.91,657.81,659.79,4359527.0,1760451300000
659.78,660.28,659.0408,659.8,3504968.0,1760452200000
659.8,660.32,659.15,659.745,2242827.0,1760453100000
659.76,661.11,659.745,660.12,2184405.0,1760454000000
660.13,660.48,659.49,659.675,1656688.0,1760454900000
659.68,661.52,659.64,661.29,2899501.0,1760455800000
661.34,663.08,661.34,662.385,2526053.0,1760456700000
662.41,662.62,661.44,662.06,1840949.0,1760457600000
662.09,663.96,662.0,663.635,2610536.0,1760458500000
663.64,664.73,663.57,664.6,2118055.0,1760459400000
664.61,665.64,664.35,664.37,2684155.0,1760460300000
664.36,665.27,663.65,664.89,1607648.0,1760461200000
664.89,665.58,664.56,665.35,1595919.0,1760462100000
665.34,665.51,664.39,665.33,1477384.0,1760463000000
665.34,665.83,665.01,665.13,1306885.0,1760463900000
665.15,665.37,664.62,665.0501,1680307.0,1760464800000
665.05,665.35,664.601,665.12,1096368.0,1760465700000
665.11,665.35,664.452,664.72,1242963.0,1760466600000
664.72,665.2,664.61,664.9,1075167.0,1760467500000
664.91,665.36,664.64,664.77,1457027.0,1760468400000
664.77,665.32,664.73,664.79,1613723.0,1760469300000
664.79,664.8,660.47,660.85,8749924.0,1760470200000
660.87,662.61,660.28,662.2,10856261.0,1760471100000
666.82,667.625,666.23,667.19,5872539.0,1760535000000
667.2,668.58,666.05,668.31,4706974.0,1760535900000
668.34,670.23,668.31,669.48,3574953.0,1760536800000
669.5,670.01,669.16,669.61,1757026.0,1760537700000
669.63,669.895,668.8201,669.165,1722869.0,1760538600000
669.17,669.28,668.63,669.02,1364677.0,1760539500000
669.03,669.17,667.89,668.29,1331061.0,1760540400000
668.2851,668.45,667.65,667.71,1580517.0,1760541300000
667.69,667.84,665.01,665.59,3113233.0,1760542200000
665.59,665.6,663.915,665.2,2974286.0,1760543100000
665.22,666.07,664.91,665.64,2450704.0,1760544000000
665.6,666.4582,664.99,665.59,2906512.0,1760544900000
665.58,665.76,664.8,665.0801,1583711.0,1760545800000
665.08,665.09,663.93,664.0957,1421005.0,1760546700000
664.09,664.11,659.86,659.9,4931356.0,1760547600000
659.89,661.93,658.93,660.86,4939083.0,1760548500000
660.89,662.99,660.7,662.94,2091682.0,1760549400000
662.93,664.51,662.93,664.31,2392155.0,1760550300000
664.32,664.58,663.45,664.35,1773897.0,1760551200000
664.34,664.91,664.18,664.311,1284695.0,1760552100000
664.32,665.465,664.19,665.03,1285841.0,1760553000000
665.03,665.8365,664.7,665.725,1311063.0,1760553900000
665.725,665.825,664.61,665.13,1926281.0,1760554800000
665.1245,665.79,665.11,665.36,1898251.0,1760555700000
665.37,665.46,663.86,664.7788,3249046.0,1760556600000
664.78,665.225,663.25,665.08,10677986.0,1760557500000
666.82,667.52,666.19,667.29,4256336.0,1760621400000
667.29,668.08,666.11,666.635,3860052.0,1760622300000
666.635,667.065,665.42,665.81,3662637.0,1760623200000
665.82,667.57,665.515,666.93,3253760.0,1760624100000
666.95,668.71,666.79,668.465,2679167.0,1760625000000
668.45,668.65,666.9328,667.09,2726081.0,1760625900000
667.09,668.0,666.57,667.91,2070779.0,1760626800000
667.91,668.04,665.47,665.815,2557316.0,1760627700000
665.81,666.78,664.75,665.1259,3819167.0,1760628600000
665.125,665.52,663.93,664.52,3201269.0,1760629500000
664.51,665.15,663.72,664.7,2873529.0,1760630400000
664.69,665.09,662.29,662.47,3050789.0,1760631300000
662.48,662.5,659.7,660.82,7195098.0,1760632200000
660.82,663.5,659.33,663.37,4536776.0,1760633100000
663.37,663.66,661.34,662.65,4571071.0,1760634000000
662.65,664.26,662.26,663.502,2761726.0,1760634900000
663.49,664.0,661.54,661.97,2472977.0,1760635800000
661.98,662.32,661.12,661.81,2371829.0,1760636700000
661.81,661.9495,658.02,658.42,4110446.0,1760637600000
658.43,659.42,657.45,658.385,4557233.0,1760638500000
658.39,660.33,657.11,659.93,4543502.0,1760639400000
659.9458,660.69,659.452,660.523,3405560.0,1760640300000
660.51,660.9299,659.4,659.43,2884355.0,1760641200000
659.44,659.7,657.99,658.91,3751028.0,1760642100000
658.92,659.6199,658.14,659.46,3926150.0,1760643000000
659.47,661.25,659.17,660.65,10116596.0,1760643900000
659.5,661.36,658.23,658.65,7604902.0,1760707800000
658.64,662.48,658.35,660.68,5817014.0,1760708700000
660.67,663.31,659.66,663.1,4078550.0,1760709600000
663.13,663.715,661.54,662.31,3438319.0,1760710500000
662.31,662.4,660.07,660.36,3202560.0,1760711400000
660.35,661.75,659.33,659.58,2388983.0,1760712300000
659.56,661.68,659.12,659.125,2914662.0,1760713200000
659.13,660.17,658.51,659.42,6159661.0,1760714100000
659.44,660.71,658.14,660.5,3122899.0,1760715000000
660.46,662.24,660.19,661.71,2776340.0,1760715900000
661.7,663.18,661.63,662.715,2816191.0,1760716800000
662.71,663.36,662.23,663.11,1741868.0,1760717700000
663.13,663.635,661.99,662.34,1847663.0,1760718600000
662.33,663.54,661.25,662.0,2122272.0,1760719500000
662.02,662.13,660.96,661.6,1479079.0,1760720400000
661.61,661.77,660.55,661.19,1512241.0,1760721300000
661.16,662.52,660.98,661.12,1700064.0,1760722200000
661.12,663.06,660.71,662.885,2003155.0,1760723100000
662.87,663.9916,662.87,663.6656,2483890.0,1760724000000
663.65,665.04,663.64,664.63,2632055.0,1760724900000
664.65,665.1,664.09,664.22,2581953.0,1760725800000
664.23,664.7,664.03,664.38,1420765.0,1760726700000
664.39,665.54,664.365,665.39,1979783.0,1760727600000
665.4,665.755,665.01,665.13,2509142.0,1760728500000
665.13,665.13,664.24,664.69,3628575.0,1760729400000
664.68,664.875,664.03,664.32,6682982.0,1760730300000
667.32,669.121,667.27,668.69,4598936.0,1760967000000
668.69,669.455,668.49,668.74,2839772.0,1760967900000
668.75,669.79,668.73,669.56,2609724.0,1760968800000
669.57,670.39,669.01,670.265,2325624.0,1760969700000
670.26,670.86,669.81,670.84,2574154.0,1760970600000
670.83,671.46,670.805,671.2101,2531910.0,1760971500000
671.22,671.25,670.31,670.31,1863996.0,1760972400000
670.31,671.1,670.26,670.92,1279757.0,1760973300000
670.93,671.06,670.63,670.79,1141951.0,1760974200000
670.79,671.31,670.16,670.55,2407605.0,1760975100000
670.58,670.87,670.24,670.34,2722173.0,1760976000000
670.34,670.94,670.21,670.81,1420208.0,1760976900000
670.805,670.96,670.3,670.75,1107515.0,1760977800000
670.75,671.09,670.59,671.045,968350.0,1760978700000
671.03,671.69,671.01,671.57,1467722.0,1760979600000
671.57,672.01,671.54,671.6099,1230542.0,1760980500000
671.61,672.12,671.545,671.98,865629.0,1760981400000
671.99,672.04,671.63,671.7988,857276.0,1760982300000
671.8,672.21,671.76,672.12,1136084.0,1760983200000
672.12,672.21,671.73,671.8414,1219103.0,1760984100000
671.85,671.92,671.54,671.609,1099220.0,1760985000000
671.6,671.78,671.175,671.66,1478931.0,1760985900000
671.67,672.03,671.61,671.7041,1300921.0,1760986800000
671.7,671.8,671.21,671.71,1565761.0,1760987700000
671.72,671.855,671.47,671.51,1769808.0,1760988600000
671.51,672.1,671.2,671.27,7237963.0,1760989500000
671.44,671.78,670.695,671.15,3464368.0,1761053400000
671.15,671.19,670.15,670.57,2624442.0,1761054300000
670.56,671.05,669.981,670.96,2320018.0,1761055200000
670.95,671.9,670.41,670.6,2595165.0,1761056100000
670.59,671.7499,670.26,671.305,1874229.0,1761057000000
671.3,672.64,671.0,672.57,2277356.0,1761057900000
672.58,672.7313,672.2,672.46,3005560.0,1761058800000
672.44,672.4401,671.535,671.9,2306365.0,1761059700000
671.9,672.21,671.4,671.9,1352882.0,1761060600000
671.91,672.515,671.89,672.28,1747735.0,1761061500000
672.27,672.655,672.14,672.46,1446315.0,1761062400000
672.45,672.69,672.16,672.63,1219158.0,1761063300000
672.65,672.795,672.39,672.62,1471514.0,1761064200000
672.63,672.99,671.355,671.49,2639863.0,1761065100000
671.51,672.16,670.76,672.085,2211015.0,1761066000000
672.085,672.14,671.045,671.61,1381316.0,1761066900000
671.625,671.98,671.25,671.685,1060556.0,1761067800000
671.6865,672.31,671.65,672.205,911776.0,1761068700000
672.21,672.445,672.16,672.3001,1154771.0,1761069600000
672.3,672.52,671.78,672.28,1358340.0,1761070500000
672.28,672.43,671.8,671.83,890232.0,1761071400000
671.83,672.19,671.795,671.95,1158964.0,1761072300000
671.94,672.075,671.69,672.01,1246234.0,1761073200000
672.0,672.27,671.82,671.905,1569537.0,1761074100000
671.9,671.9799,671.6703,671.97,1695784.0,1761075000000
671.9711,672.4,671.16,671.27,5008041.0,1761075900000
672.0,672.0,670.45,671.7848,3294717.0,1761139800000
671.76,671.83,670.975,671.27,1797897.0,1761140700000
671.25,671.61,670.6902,670.75,1454682.0,1761141600000
670.74,671.33,669.32,669.43,2996124.0,1761142500000
669.45,669.79,668.5,668.56,3411409.0,1761143400000
668.57,670.13,668.09,670.07,3235217.0,1761144300000
670.07,670.41,669.2256,669.5699,2197515.0,1761145200000
669.56,669.8,667.6,667.85,2464098.0,1761146100000
667.86,668.8356,667.39,668.59,2029601.0,1761147000000
668.58,669.765,668.55,669.01,1894714.0,1761147900000
669.0,669.2,667.82,668.255,1315499.0,1761148800000
668.24,668.75,667.15,667.62,1417106.0,1761149700000
667.59,668.11,664.01,667.19,8562377.0,1761150600000
667.2,668.22,666.44,667.35,2621933.0,1761151500000
667.3,667.65,666.09,666.12,1715816.0,1761152400000
666.14,666.4,664.73,665.42,2205747.0,1761153300000
665.41,665.86,663.47,663.62,2058193.0,1761154200000
663.625,664.77,663.3,664.74,3409195.0,1761155100000
664.75,665.44,664.45,664.46,2062888.0,1761156000000
664.45,666.2,663.76,665.66,2307005.0,1761156900000
665.65,666.36,665.05,665.95,1555122.0,1761157800000
665.93,666.56,665.34,666.49,1734501.0,1761158700000
666.46,667.57,665.54,666.89,4712820.0,1761159600000
666.88,667.64,666.77,667.43,2269191.0,1761160500000
667.4201,668.36,667.38,667.66,3710548.0,1761161400000
667.67,668.19,667.29,667.79,6863874.0,1761162300000
668.12,669.535,667.8,669.535,3285841.0,1761226200000
669.53,670.74,669.4,669.96,3820699.0,1761227100000
670.0,670.37,668.87,669.11,2260687.0,1761228000000
669.11,669.84,668.12,669.4,2908363.0,1761228900000
669.4,670.1701,668.99,669.8112,1732502.0,1761229800000
669.82,670.39,669.33,670.205,1821666.0,1761230700000
670.21,670.3099,669.46,669.68,1309036.0,1761231600000
669.69,670.22,669.0913,670.04,1313774.0,1761232500000
670.03,670.53,668.73,668.93,1357022.0,1761233400000
668.915,670.72,668.795,670.25,1586166.0,1761234300000
670.26,671.05,670.14,671.025,1150382.0,1761235200000
671.02,671.08,670.17,670.54,1392264.0,1761236100000
670.54,671.29,670.5023,671.24,1082932.0,1761237000000
671.25,671.53,670.99,671.435,1642869.0,1761237900000
671.43,671.65,670.4,671.46,2351009.0,1761238800000
671.4601,671.5899,670.76,671.01,1099997.0,1761239700000
671.015,672.33,670.9903,672.18,2669787.0,1761240600000
672.19,672.4601,672.06,672.355,1061197.0,1761241500000
672.37,672.55,672.035,672.2,1243694.0,1761242400000
672.2,672.53,671.72,672.49,1705006.0,1761243300000
672.485,672.63,672.29,672.475,995383.0,1761244200000
672.47,672.7101,672.335,672.5401,1074836.0,1761245100000
672.55,672.7001,672.345,672.62,1900563.0,1761246000000
672.62,672.7,672.27,672.451,3587848.0,1761246900000
672.45,672.45,671.95,672.0,2707796.0,1761247800000
671.99,672.2799,671.3,671.63,9276192.0,1761248700000
676.46,677.75,675.65,677.34,5209925.0,1761312600000
677.25,677.79,676.4948,677.29,3047304.0,1761313500000
677.36,677.94,677.04,677.78,2630602.0,1761314400000
677.79,677.8,676.7406,676.78,1979677.0,1761315300000
676.76,677.65,676.14,677.5527,2143118.0,1761316200000
677.55,677.63,675.91,676.69,1893891.0,1761317100000
676.68,677.45,676.475,677.44,1994019.0,1761318000000
677.45,678.38,677.43,678.15,3092039.0,1761318900000
678.19,678.42,677.72,677.7877,1580932.0,1761319800000
677.79,678.24,677.47,677.945,1604170.0,1761320700000
677.92,678.295,677.86,678.26,1326083.0,1761321600000
678.26,678.46,677.83,677.885,1805422.0,1761322500000
677.89,678.0,677.22,677.34,1407744.0,1761323400000
677.33,678.2452,677.21,677.9501,1205858.0,1761324300000
677.94,678.13,677.7,677.77,1006514.0,1761325200000
677.75,678.23,677.63,678.06,748538.0,1761326100000
678.052,678.33,677.95,678.16,1106485.0,1761327000000
678.165,678.43,678.06,678.0701,958553.0,1761327900000
678.07,678.34,677.87,678.1903,979867.0,1761328800000
678.185,678.32,678.065,678.17,804200.0,1761329700000
678.16,678.33,678.01,678.08,972133.0,1761330600000
678.09,678.2297,677.75,678.1844,1149626.0,1761331500000
678.19,678.4655,678.175,678.2899,1572722.0,1761332400000
678.29,678.47,678.05,678.242,1447048.0,1761333300000
678.24,678.27,677.73,677.73,4774803.0,1761334200000
677.73,678.01,676.765,677.11,10231466.0,1761335100000
682.73,683.19,682.115,682.75,5067398.0,1761571800000
682.76,683.23,682.33,683.08,2426860.0,1761572700000
683.09,683.61,682.91,683.23,2706627.0,1761573600000
683.24,683.27,682.4,683.03,2745847.0,1761574500000
683.03,683.335,682.76,683.32,1839737.0,1761575400000
683.34,683.36,682.57,682.69,1485931.0,1761576300000
682.69,683.05,682.55,683.04,1437255.0,1761577200000
683.04,683.37,682.865,683.36,1542650.0,1761578100000
683.36,683.6,683.26,683.56,1467921.0,1761579000000
683.57,683.575,683.2,683.42,1178075.0,1761579900000
683.4124,683.78,683.39,683.62,1424667.0,1761580800000
683.62,683.63,683.375,683.5,1051688.0,1761581700000
683.51,683.77,683.5058,683.65,1053354.0,1761582600000
683.655,683.88,683.54,683.74,928636.0,1761583500000
683.75,683.79,683.455,683.625,1169367.0,1761584400000
683.62,683.67,683.17,683.4399,1363428.0,1761585300000
683.44,683.97,683.315,683.93,1532470.0,1761586200000
683.94,683.99,683.78,683.94,1468363.0,1761587100000
683.93,683.96,683.76,683.87,918058.0,1761588000000
683.865,683.965,683.8,683.85,1133359.0,1761588900000
683.855,684.12,683.855,684.07,1495949.0,1761589800000
684.07,684.25,683.98,684.145,1457567.0,1761590700000
684.15,684.3,684.02,684.175,1424256.0,1761591600000
684.17,684.24,684.0,684.23,1754062.0,1761592500000
684.23,684.76,684.185,684.65,3368504.0,1761593400000
684.645,685.54,684.61,685.18,9958016.0,1761594300000
687.05,687.225,685.86,685.98,4276065.0,1761658200000
685.98,686.38,685.12,685.6201,3404507.0,1761659100000
685.71,685.96,685.5,685.805,1637186.0,1761660000000
685.8,686.1582,685.68,686.13,1515295.0,1761660900000
686.12,686.37,685.715,685.89,1823943.0,1761661800000
685.9,686.21,685.59,685.85,1599263.0,1761662700000
685.86,686.21,685.6651,685.82,1109956.0,1761663600000
685.83,685.987,685.37,685.53,2019192.0,1761664500000
685.52,685.53,684.83,685.12,1570613.0,1761665400000
685.125,685.61,685.0,685.58,1136828.0,1761666300000
685.58,686.022,685.58,685.795,1177978.0,1761667200000
685.79,686.2245,685.6,686.182,910191.0,1761668100000
686.18,688.32,686.06,686.73,3137363.0,1761669000000
686.725,687.16,686.675,686.9,1508456.0,1761669900000
686.88,687.37,686.86,687.165,1180777.0,1761670800000
687.17,687.3199,686.9,687.01,1122519.0,1761671700000
687.02,687.3255,686.875,687.3,1096159.0,1761672600000
687.3,687.71,687.1201,687.6017,1467290.0,1761673500000
687.61,687.86,687.54,687.825,1158486.0,1761674400000
687.82,688.4,687.784,688.051,1789904.0,1761675300000
688.055,688.19,687.78,687.98,1171098.0,1761676200000
687.97,688.17,687.82,688.155,1241770.0,1761677100000
688.148,688.26,687.82,688.21,2830821.0,1761678000000
688.21,688.905,687.98,688.69,2202837.0,1761678900000
688.7,688.71,687.43,687.53,3993444.0,1761679800000
687.54,687.77,686.905,686.98,7459626.0,1761680700000
688.72,689.26,688.15,689.23,4445210.0,1761744600000
689.24,689.69,688.71,689.57,3538247.0,1761745500000
689.59,689.7,688.45,688.79,2803446.0,1761746400000
688.79,689.05,688.53,688.98,2151188.0,1761747300000
688.98,689.1101,688.19,688.28,2532359.0,1761748200000
688.29,688.6,687.81,688.35,2875584.0,1761749100000
688.36,688.54,688.05,688.37,3289861.0,1761750000000
688.36,688.8196,688.11,688.31,2467714.0,1761750900000
688.32,688.38,687.89,688.22,2019722.0,1761751800000
688.2199,688.36,687.84,688.05,2835971.0,1761752700000
688.04,688.15,687.59,688.03,1394925.0,1761753600000
688.02,688.53,687.98,688.47,949588.0,1761754500000
688.47,688.64,688.3051,688.505,896081.0,1761755400000
688.505,688.78,688.32,688.55,877317.0,1761756300000
688.55,688.645,688.28,688.63,871323.0,1761757200000
688.63,688.81,687.74,687.93,981322.0,1761758100000
687.89,688.16,687.62,688.13,1087220.0,1761759000000
688.11,688.54,687.8744,688.1699,1171567.0,1761759900000
688.11,688.94,687.33,687.61,2799378.0,1761760800000
687.62,688.225,687.35,688.0,1694034.0,1761761700000
688.0,688.72,682.87,683.29,9985681.0,1761762600000
683.3,686.92,683.14,686.04,5950000.0,1761763500000
686.06,686.83,684.47,686.009,3904189.0,1761764400000
686.07,686.68,684.98,685.43,3614841.0,1761765300000
685.39,685.75,684.05,685.488,3686469.0,1761766200000
685.485,687.36,685.42,687.3,7815306.0,1761767100000
683.9,683.91,681.39,682.43,6499732.0,1761831000000
682.42,685.64,682.22,685.005,4427648.0,1761831900000
685.005,685.94,683.83,684.815,3670878.0,1761832800000
684.84,684.88,683.25,683.47,2650977.0,1761833700000
683.46,685.72,683.41,685.2401,2095780.0,1761834600000
685.24,685.44,683.64,684.41,2011806.0,1761835500000
684.41,685.34,684.4,685.29,1519262.0,1761836400000
685.29,685.53,684.68,684.8,1186222.0,1761837300000
684.8,684.91,683.15,683.56,1872971.0,1761838200000
683.55,684.03,683.01,683.38,1846057.0,1761839100000
683.4,685.14,683.22,685.06,1510642.0,1761840000000
685.08,685.15,684.525,684.93,1032146.0,1761840900000
684.95,684.95,683.58,684.28,1482509.0,1761841800000
684.28,684.64,683.99,684.44,1035769.0,1761842700000
684.42,684.42,683.07,683.37,1306123.0,1761843600000
683.37,684.61,683.2799,684.4,1211024.0,1761844500000
684.4,684.41,683.6,683.98,1267087.0,1761845400000
684.0,684.64,683.98,684.3984,994176.0,1761846300000
684.395,684.395,682.87,682.9516,2086931.0,1761847200000
682.94,683.26,682.54,682.94,1805418.0,1761848100000
682.93,683.49,682.165,682.47,1958261.0,1761849000000
682.48,683.115,682.21,682.37,1607112.0,1761849900000
682.36,682.43,681.62,681.6902,2531907.0,1761850800000
681.7,681.815,680.34,681.28,3140242.0,1761851700000
681.29,681.985,680.56,680.66,3744975.0,1761852600000
680.66,681.175,679.86,679.95,9776098.0,1761853500000
685.04,685.08,683.0,683.295,4764026.0,1761917400000
683.27,684.21,682.865,683.47,2933734.0,1761918300000
683.46,683.64,682.57,682.76,2502871.0,1761919200000
682.76,683.48,682.21,683.25,2416379.0,1761920100000
683.24,684.49,683.09,684.36,2094579.0,1761921000000
684.36,684.75,684.16,684.47,1530299.0,1761921900000
684.45,684.67,683.94,684.225,1488981.0,1761922800000
684.24,684.745,683.61,683.74,1635125.0,1761923700000
683.75,684.18,682.37,683.41,2434143.0,1761924600000
683.41,684.14,682.1,682.19,2820840.0,1761925500000
682.19,682.37,681.09,681.545,3098096.0,1761926400000
681.53,682.0599,680.51,681.77,3054496.0,1761927300000
681.76,682.45,680.97,681.16,1773894.0,1761928200000
681.14,681.57,680.13,680.38,1535809.0,1761929100000
680.37,680.8,679.71,679.91,2607612.0,1761930000000
679.9,680.1,679.24,679.79,2023398.0,1761930900000
679.8,680.77,679.43,680.67,1853386.0,1761931800000
680.67,681.49,680.67,680.87,1470916.0,1761932700000
680.86,682.18,680.81,681.99,2133163.0,1761933600000
681.98,682.44,681.56,682.31,1787606.0,1761934500000
682.32,682.59,681.9902,682.38,1540652.0,1761935400000
682.39,682.75,681.73,682.615,2028018.0,1761936300000
682.62,683.01,682.29,682.875,1728197.0,1761937200000
682.87,684.28,682.7601,684.11,2932823.0,1761938100000
684.09,684.8,683.9101,684.43,4108176.0,1761939000000
684.425,684.49,681.93,681.99,15083369.0,1761939900000
685.67,685.8,683.0,683.17,5030583.0,1762180200000
683.16,683.5447,682.175,682.53,3088287.0,1762181100000
682.55,683.01,681.64,682.32,2674508.0,1762182000000
682.325,682.36,680.24,680.46,2798047.0,1762182900000
680.45,682.25,679.94,681.94,2806825.0,1762183800000
681.93,682.8,681.41,682.375,1567010.0,1762184700000
682.37,682.64,681.9418,682.445,1203658.0,1762185600000
682.445,682.9,681.825,682.0501,1156780.0,1762186500000
682.06,683.215,681.95,682.8,1240681.0,1762187400000
682.82,683.61,682.23,683.41,1323074.0,1762188300000
683.41,683.615,682.71,683.615,1001691.0,1762189200000
683.61,683.9,682.4299,682.748,1397368.0,1762190100000
682.75,683.7748,682.73,683.52,1055231.0,1762191000000
683.55,683.975,683.48,683.83,748282.0,1762191900000
683.85,684.21,683.62,684.08,917538.0,1762192800000
684.085,684.14,683.5305,683.63,734958.0,1762193700000
683.64,684.23,683.635,684.175,679841.0,1762194600000
684.18,684.21,683.4,683.59,832011.0,1762195500000
683.59,683.88,683.08,683.385,1535049.0,1762196400000
683.38,683.615,683.08,683.26,955388.0,1762197300000
683.25,683.595,682.58,683.11,1426708.0,1762198200000
683.11,683.64,683.08,683.4,1221151.0,1762199100000
683.4,683.655,683.03,683.285,2093400.0,1762200000000
683.285,683.5,683.03,683.13,1680961.0,1762200900000
683.14,683.2,682.48,683.16,2674652.0,1762201800000
683.16,683.38,682.45,683.35,7114180.0,1762202700000
676.11,677.17,674.67,676.995,6669423.0,1762266600000
676.99,678.815,676.4899,678.6817,3813771.0,1762267500000
678.71,679.22,678.31,678.905,2670640.0,1762268400000
678.91,679.645,678.89,679.32,2044282.0,1762269300000
679.32,679.96,678.93,679.44,1582532.0,1762270200000
679.44,679.4499,677.63,678.18,2147405.0,1762271100000
678.18,678.82,677.67,678.1,1743685.0,1762272000000
678.09,678.4,677.56,678.2,1667284.0,1762272900000
678.21,678.63,677.88,678.21,1684992.0,1762273800000
678.21,678.39,677.44,678.19,1385938.0,1762274700000
678.19,678.205,676.94,676.97,1619418.0,1762275600000
676.98,677.53,675.68,676.93,2671392.0,1762276500000
676.93,677.11,675.7964,676.15,1589944.0,1762277400000
676.16,677.25,675.725,676.01,1567824.0,1762278300000
675.98,676.1256,675.53,675.8694,1140722.0,1762279200000
675.86,676.06,674.98,675.25,1720265.0,1762280100000
675.25,675.85,674.71,675.83,2267827.0,1762281000000
675.825,676.42,675.38,676.15,1781941.0,1762281900000
676.11,676.68,675.66,676.06,2413120.0,1762282800000
676.05,676.59,675.84,676.295,1664136.0,1762283700000
676.29,676.375,674.58,674.915,2115943.0,1762284600000
674.89,675.4,674.71,675.17,1788843.0,1762285500000
675.19,676.0599,675.02,675.94,1977995.0,1762286400000
675.94,676.23,675.07,675.96,3382587.0,1762287300000
675.97,676.41,675.32,676.27,3106295.0,1762288200000
676.27,676.535,674.615,675.35,10935641.0,1762289100000
674.98,675.3394,674.17,674.46,4327300.0,1762353000000
674.47,677.6,674.41,677.28,3223090.0,1762353900000
677.1,678.09,676.48,676.855,3525192.0,1762354800000
676.86,678.04,675.4,677.44,4100347.0,1762355700000
677.435,678.2782,677.2213,677.78,1704027.0,1762356600000
677.79,678.235,676.95,677.87,2550202.0,1762357500000
677.88,678.11,676.82,677.01,1770988.0,1762358400000
677.02,678.3985,676.76,678.29,1729007.0,1762359300000
678.27,679.11,678.085,679.05,1683848.0,1762360200000
679.04,679.75,678.91,679.38,2165633.0,1762361100000
679.37,679.7,679.03,679.44,1305169.0,1762362000000
679.43,680.1,679.26,680.0459,1320476.0,1762362900000
680.05,680.8599,679.94,680.68,2092298.0,1762363800000
680.675,680.71,680.005,680.22,1429657.0,1762364700000
680.21,680.455,680.0199,680.375,1395205.0,1762365600000
680.36,680.7085,680.07,680.41,1162769.0,1762366500000
680.4,680.86,680.23,680.6,1008232.0,1762367400000
680.61,680.72,680.452,680.658,826302.0,1762368300000
680.64,680.64,679.74,680.29,1880240.0,1762369200000
680.29,680.5287,680.1501,680.21,1255132.0,1762370100000
680.21,680.52,680.14,680.26,1283909.0,1762371000000
680.27,680.44,680.1,680.23,1510046.0,1762371900000
680.23,680.52,680.12,680.39,1680846.0,1762372800000
680.4,680.48,679.67,679.76,1671055.0,1762373700000
679.76,679.865,679.18,679.38,3068189.0,1762374600000
679.38,679.48,677.4,677.51,10939803.0,1762375500000
676.47,677.38,675.695,675.98,3736746.0,1762439400000
675.98,677.01,674.09,674.1404,3219050.0,1762440300000
674.13,674.26,672.52,673.12,5044732.0,1762441200000
673.14,675.37,672.78,674.5399,3212617.0,1762442100000
674.54,674.67,670.9,671.138,4268412.0,1762443000000
671.12,671.9,670.76,670.95,3918996.0,1762443900000
670.93,672.02,670.8596,671.39,2378130.0,1762444800000
671.39,671.8202,670.22,671.41,2453053.0,1762445700000
671.41,671.41,669.36,669.9699,2247306.0,1762446600000
669.96,670.48,669.01,669.24,2278404.0,1762447500000
669.24,671.13,669.23,670.0723,2225849.0,1762448400000
670.08,670.285,668.72,669.585,2122031.0,1762449300000
669.58,670.665,669.28,670.641,1835691.0,1762450200000
670.61,671.58,670.56,671.13,1880177.0,1762451100000
671.1,671.44,669.13,669.61,2518188.0,1762452000000
669.59,671.31,669.34,670.96,1405681.0,1762452900000
670.94,672.21,670.91,671.95,1678500.0,1762453800000
671.97,672.08,671.06,671.5,1599015.0,1762454700000
671.51,673.01,671.28,672.81,2116709.0,1762455600000
672.81,673.525,672.185,673.4,1525884.0,1762456500000
673.39,673.7,672.19,672.82,2162794.0,1762457400000
672.84,673.418,672.03,672.99,1996089.0,1762458300000
672.98,673.31,672.49,672.99,1460545.0,1762459200000
672.99,673.35,672.24,672.32,2044413.0,1762460100000
672.31,672.72,671.34,671.39,3198866.0,1762461000000
671.39,671.56,669.53,670.26,11462062.0,1762461900000
667.91,667.98,664.35,665.4303,7504358.0,1762525800000
665.45,666.835,664.78,666.25,4621197.0,1762526700000
666.16,666.64,663.97,666.53,4007580.0,1762527600000
666.54,667.22,665.45,665.93,3435749.0,1762528500000
665.915,666.31,664.15,664.24,3437313.0,1762529400000
664.24,664.74,663.29,663.33,3833785.0,1762530300000
663.32,664.03,662.63,662.76,3828079.0,1762531200000
662.74,663.83,662.25,662.825,3449737.0,1762532100000
662.82,663.37,662.19,663.21,2782633.0,1762533000000
663.2,663.35,661.33,661.975,2702468.0,1762533900000
661.97,662.6899,661.205,662.56,2981419.0,1762534800000
662.57,664.275,662.485,663.575,2214251.0,1762535700000
663.52,664.05,662.7,663.12,1991338.0,1762536600000
663.11,664.01,662.01,663.94,2114155.0,1762537500000
663.94,664.675,663.58,664.51,1717947.0,1762538400000
664.51,665.575,664.0,665.31,1906975.0,1762539300000
665.3,666.09,664.96,665.73,1811039.0,1762540200000
665.73,666.02,664.22,665.615,2138456.0,1762541100000
665.61,666.3385,665.2,666.28,1881516.0,1762542000000
666.29,666.68,665.91,666.45,2852885.0,1762542900000
666.48,669.58,666.48,669.37,4283436.0,1762543800000
669.37,669.98,667.67,669.9,4805398.0,1762544700000
669.89,670.03,668.65,669.49,3972931.0,1762545600000
669.48,669.655,667.92,668.665,3289093.0,1762546500000
668.66,670.105,668.66,670.02,2701185.0,1762547400000
670.01,671.08,668.685,670.93,8713018.0,1762548300000
677.235,679.09,677.03,678.77,6992786.0,1762785000000
678.78,679.2,678.04,678.545,3895476.0,1762785900000
678.54,679.18,678.31,678.58,2594055.0,1762786800000
678.59,679.22,678.16,678.86,2099802.0,1762787700000
678.87,678.99,677.74,677.755,2264076.0,1762788600000
677.76,678.11,676.15,676.24,2913151.0,1762789500000
676.25,676.82,675.24,676.42,3090831.0,1762790400000
676.43,676.68,675.52,675.555,2131155.0,1762791300000
675.55,676.29,675.03,675.79,1726685.0,1762792200000
675.78,676.67,675.37,676.63,1524285.0,1762793100000
676.62,677.85,676.45,676.74,1957866.0,1762794000000
676.77,677.8,676.5603,677.465,1378299.0,1762794900000
677.465,678.84,677.465,678.46,1470152.0,1762795800000
678.46,679.75,678.46,679.42,2097706.0,1762796700000
679.42,679.825,679.34,679.71,1640694.0,1762797600000
679.72,680.05,679.395,679.475,1603211.0,1762798500000
679.5,680.39,679.495,680.2099,1134091.0,1762799400000
680.21,680.54,679.835,679.875,1472763.0,1762800300000
679.88,680.47,679.84,680.14,1603522.0,1762801200000
680.135,680.9555,680.025,680.7815,1119064.0,1762802100000
680.78,681.045,680.54,680.955,1732566.0,1762803000000
680.95,681.67,680.885,681.3,2013731.0,1762803900000
681.29,682.08,681.255,682.0,1948127.0,1762804800000
682.0,682.0,681.15,681.31,2784401.0,1762805700000
681.3,681.98,681.03,681.735,3038970.0,1762806600000
681.735,682.18,681.13,681.33,8324669.0,1762807500000
679.95,680.52,679.74,680.0468,2853055.0,1762871400000
680.045,680.845,679.42,680.7,2383214.0,1762872300000
680.68,680.69,679.13,679.48,2110438.0,1762873200000
679.46,679.89,678.82,679.455,1711344.0,1762874100000
679.45,679.6899,678.79,679.42,1572860.0,1762875000000
679.41,679.61,678.73,679.14,1285168.0,1762875900000
679.14,679.92,679.05,679.515,1282266.0,1762876800000
679.515,680.74,679.28,679.32,1769335.0,1762877700000
679.36,680.01,678.76,679.76,1516118.0,1762878600000
679.76,680.26,679.635,679.76,855028.0,1762879500000
679.74,680.83,679.69,680.76,1186509.0,1762880400000
680.75,681.39,680.75,681.0306,1585463.0,1762881300000
681.05,681.42,680.95,681.415,1081288.0,1762882200000
681.41,682.25,681.23,682.085,1232788.0,1762883100000
682.07,682.59,682.03,682.3542,1571397.0,1762884000000
682.36,683.24,682.26,682.91,1665421.0,1762884900000
682.91,683.1,682.16,682.92,1719304.0,1762885800000
682.92,683.31,682.83,683.205,1396258.0,1762886700000
683.2,683.21,682.45,682.95,1572450.0,1762887600000
682.97,683.32,682.8,683.13,1327369.0,1762888500000
683.14,683.34,682.89,682.92,1175813.0,1762889400000
682.93,683.42,682.71,683.14,2101206.0,1762890300000
683.15,683.55,683.08,683.36,3037183.0,1762891200000
683.37,683.415,682.78,682.9,1971858.0,1762892100000
682.9,683.11,682.497,683.1,3412447.0,1762893000000
683.09,683.57,682.29,682.9,7011692.0,1762893900000
684.79,684.96,683.935,684.16,3702223.0,1762957800000
684.16,684.52,683.12,683.735,3420112.0,1762958700000
683.73,684.27,683.05,683.14,2337454.0,1762959600000
683.14,683.48,682.81,683.195,1903574.0,1762960500000
683.2,683.2599,681.7955,682.84,2314994.0,1762961400000
682.85,683.13,681.92,682.35,1468528.0,1762962300000
682.33,682.49,681.14,681.465,1824907.0,1762963200000
681.4605,682.52,681.4605,682.41,1523309.0,1762964100000
682.4,683.01,682.08,682.12,1565316.0,1762965000000
682.12,682.51,680.945,681.76,1695453.0,1762965900000
681.76,682.5,681.54,682.4099,1345906.0,1762966800000
682.4,682.8,681.79,682.47,1987612.0,1762967700000
682.47,683.85,682.38,683.36,1561660.0,1762968600000
683.38,683.77,682.59,683.63,1316468.0,1762969500000
683.64,683.81,683.05,683.67,1083973.0,1762970400000
683.67,683.93,683.13,683.495,1352114.0,1762971300000
683.5,684.1499,683.4,683.62,1456613.0,1762972200000
683.62,683.805,683.26,683.63,811089.0,1762973100000
683.64,683.8,682.95,682.99,1410489.0,1762974000000
682.98,683.23,682.48,682.73,1549164.0,1762974900000
682.74,683.2,682.24,682.9,1725590.0,1762975800000
682.89,683.255,682.51,682.81,1648104.0,1762976700000
682.8,682.89,682.092,682.64,2228507.0,1762977600000
682.63,683.4099,682.42,683.34,1834303.0,1762978500000
683.34,683.96,683.1,683.7,2827700.0,1762979400000
683.7,684.07,682.6616,683.33,8072028.0,1762980300000
680.5,680.71,677.69,677.77,5036969.0,1763044200000
677.78,679.39,677.53,678.8,3162934.0,1763045100000
678.78,680.6,677.97,680.43,3153034.0,1763046000000
680.44,680.86,678.76,678.94,2512462.0,1763046900000
678.95,679.03,677.13,677.26,3415334.0,1763047800000
677.24,677.31,675.34,676.48,4247304.0,1763048700000
676.48,676.81,675.25,675.88,2861796.0,1763049600000
675.89,676.29,674.96,675.73,2545525.0,1763050500000
675.72,676.62,674.22,674.51,2776596.0,1763051400000
674.51,675.4,674.31,675.19,2013716.0,1763052300000
675.195,676.0,674.33,674.58,2099556.0,1763053200000
674.55,676.17,674.55,675.92,3520050.0,1763054100000
675.9,676.5,675.09,675.12,1842488.0,1763055000000
675.13,675.18,673.97,674.15,2189613.0,1763055900000
674.16,674.76,673.77,674.48,1891521.0,1763056800000
674.49,674.61,672.595,672.83,3252199.0,1763057700000
672.82,672.89,671.52,672.555,3636520.0,1763058600000
672.54,672.895,672.13,672.69,2797520.0,1763059500000
672.68,672.87,671.59,671.725,2349450.0,1763060400000
671.74,673.55,671.58,673.54,3247004.0,1763061300000
673.51,673.63,671.86,672.4,3154003.0,1763062200000
672.41,672.66,670.52,671.69,3001161.0,1763063100000
671.68,672.03,670.97,671.6054,2773561.0,1763064000000
671.62,672.06,670.53,671.63,3960849.0,1763064900000
671.62,673.02,671.4,672.34,4414745.0,1763065800000
672.335,672.62,670.76,672.06,10873028.0,1763066700000
665.38,666.86,663.265,666.72,9020005.0,1763130600000
666.7,668.845,666.45,668.69,5778316.0,1763131500000
668.68,668.92,666.92,667.55,4326593.0,1763132400000
667.52,669.96,667.43,669.79,3813776.0,1763133300000
669.78,671.2289,669.16,671.07,4053139.0,1763134200000
671.04,672.82,670.87,672.24,6041051.0,1763135100000
672.25,672.57,670.89,672.12,3605470.0,1763136000000
672.13,674.87,672.12,674.395,2992943.0,1763136900000
674.4,675.02,672.76,673.92,2364509.0,1763137800000
673.93,674.82,673.17,674.74,2215323.0,1763138700000
674.715,675.64,674.205,675.26,1783052.0,1763139600000
675.28,675.43,674.34,675.05,1743768.0,1763140500000
675.055,675.66,674.2,674.81,1928275.0,1763141400000
674.78,675.22,673.13,674.045,2810417.0,1763142300000
674.05,674.36,672.21,674.29,3131568.0,1763143200000
674.26,674.29,672.14,673.13,1874830.0,1763144100000
673.11,673.645,671.53,671.67,2596989.0,1763145000000
671.66,673.78,671.49,673.25,2496372.0,1763145900000
673.25,673.57,672.27,673.05,2387777.0,1763146800000
673.1,674.44,672.95,674.0199,2182007.0,1763147700000
674.02,674.375,673.62,674.12,1676468.0,1763148600000
674.14,674.9,674.03,674.65,2561508.0,1763149500000
674.64,675.12,673.6,673.7,2310334.0,1763150400000
673.71,673.87,672.21,672.645,2783097.0,1763151300000
672.64,673.11,671.915,672.07,2815434.0,1763152200000
672.06,672.49,671.17,671.95,7760318.0,1763153100000
669.7,672.67,668.92,671.985,4985307.0,1763389800000
671.99,673.71,671.84,672.76,2983589.0,1763390700000
672.76,673.15,670.47,671.74,2937677.0,1763391600000
671.74,672.32,670.55,672.06,2300492.0,1763392500000
672.04,672.37,670.14,671.7,2710076.0,1763393400000
671.69,672.09,670.33,670.705,2701814.0,1763394300000
670.71,670.98,668.525,668.67,3142902.0,1763395200000
668.67,670.53,667.77,670.475,3302486.0,1763396100000
670.48,672.08,670.372,671.72,2662713.0,1763397000000
671.73,672.98,671.56,672.95,1651702.0,1763397900000
672.94,673.0,671.975,672.42,1197568.0,1763398800000
672.43,672.55,671.705,672.3101,1217367.0,1763399700000
672.33,672.59,670.84,670.92,1573867.0,1763400600000
670.92,670.97,669.15,669.22,2028562.0,1763401500000
669.24,669.48,668.22,668.9955,2316670.0,1763402400000
669.0,669.43,668.46,668.71,1204761.0,1763403300000
668.7,668.89,668.045,668.83,1477090.0,1763404200000
668.81,669.91,666.5,666.56,2705805.0,1763405100000
666.57,666.9,665.6,665.97,3662203.0,1763406000000
665.98,666.16,664.97,665.8395,2755750.0,1763406900000
665.83,666.1415,663.73,664.56,3603769.0,1763407800000
664.52,664.61,662.73,662.79,3348155.0,1763408700000
662.77,663.65,662.17,662.755,4242125.0,1763409600000
662.77,664.05,662.56,663.76,3952104.0,1763410500000
663.77,664.27,663.095,664.035,3975902.0,1763411400000
664.03,665.78,663.9601,665.69,10515089.0,1763412300000
662.095,664.26,660.955,661.85,8491126.0,1763476200000
661.85,663.45,658.61,658.65,7582370.0,1763477100000
658.64,659.46,656.8,658.815,7101568.0,1763478000000
658.8,660.31,657.07,659.085,4931799.0,1763478900000
659.08,660.2,657.423,658.24,6438480.0,1763479800000
658.22,658.74,657.12,657.22,3213315.0,1763480700000
657.23,659.53,655.86,658.82,4652975.0,1763481600000
658.82,661.87,658.09,661.575,3639323.0,1763482500000
661.56,662.37,660.95,661.9001,3470141.0,1763483400000
661.89,662.29,660.72,661.17,2330979.0,1763484300000
661.14,661.86,659.8702,659.93,2019668.0,1763485200000
659.92,660.89,658.56,658.62,2418285.0,1763486100000
658.61,663.02,657.91,662.8,3291720.0,1763487000000
662.81,664.375,661.74,663.67,3065729.0,1763487900000
663.72,664.46,663.32,663.81,2575051.0,1763488800000
663.84,664.38,663.1,663.33,2951062.0,1763489700000
663.35,665.12,663.1,663.88,2569491.0,1763490600000
663.865,664.94,662.7,663.01,2504197.0,1763491500000
663.05,664.25,662.85,663.96,2148906.0,1763492400000
663.97,664.24,662.57,662.93,1956138.0,1763493300000
662.93,664.96,662.434,663.46,2613428.0,1763494200000
663.47,664.87,662.97,664.42,2600033.0,1763495100000
664.43,664.94,662.81,663.1555,2983090.0,1763496000000
663.15,663.52,661.5,662.42,3096927.0,1763496900000
662.42,662.78,661.59,661.65,3442346.0,1763497800000
661.65,662.36,660.0,660.14,12954894.0,1763498700000
660.78,663.32,660.11,663.015,5449110.0,1763562600000
663.0,665.84,662.68,665.67,4273612.0,1763563500000
665.67,666.76,665.42,666.55,4338521.0,1763564400000
666.555,667.34,665.91,666.25,3676348.0,1763565300000
666.27,666.5545,665.08,665.52,2588493.0,1763566200000
665.52,665.52,662.6,662.97,3352214.0,1763567100000
662.9603,663.53,661.88,662.29,3591452.0,1763568000000
662.29,663.13,661.28,662.01,3211711.0,1763568900000
662.02,662.3,660.78,661.62,2361461.0,1763569800000
661.61,662.5897,661.03,662.515,2587799.0,1763570700000
662.5,662.98,660.5,660.77,2570622.0,1763571600000
660.76,661.46,660.23,661.17,2112136.0,1763572500000
661.18,661.55,658.745,661.03,4096528.0,1763573400000
661.01,661.93,659.97,661.36,2289876.0,1763574300000
661.34,662.62,661.06,662.26,2280126.0,1763575200000
662.28,662.56,660.94,661.0201,2470077.0,1763576100000
661.01,663.33,660.82,661.59,2862557.0,1763577000000
661.6,662.98,660.76,662.5292,2016077.0,1763577900000
662.55,662.79,661.22,661.83,2854907.0,1763578800000
661.8,662.0356,659.48,659.8,2012560.0,1763579700000
659.79,660.31,659.33,659.7356,1942295.0,1763580600000
659.74,662.01,659.37,661.25,2622361.0,1763581500000
661.25,662.42,661.0,662.31,2086916.0,1763582400000
662.33,664.4,662.33,663.5,3900863.0,1763583300000
663.5,664.76,662.96,663.625,3622128.0,1763584200000
663.6,663.66,661.74,662.65,6946654.0,1763585100000
672.91,674.15,672.47,673.635,8047033.0,1763649000000
673.62,675.02,672.96,674.91,4510014.0,1763649900000
674.92,675.41,672.79,673.17,4180533.0,1763650800000
673.18,675.0155,672.8169,674.83,3442171.0,1763651700000
674.83,675.56,674.31,675.235,2481533.0,1763652600000
675.23,675.32,672.74,672.76,3627962.0,1763653500000
672.78,672.82,669.85,669.94,4587916.0,1763654400000
669.95,669.97,667.42,667.9,7755348.0,1763655300000
667.89,668.17,664.13,664.44,7291692.0,1763656200000
664.42,665.79,659.39,660.2,9599458.0,1763657100000
660.19,662.38,658.03,659.5,9442151.0,1763658000000
659.48,659.48,656.6,658.57,9025690.0,1763658900000
658.55,659.54,655.45,656.28,6844103.0,1763659800000
656.28,657.88,655.49,657.26,5406903.0,1763660700000
657.29,661.85,656.72,661.82,6475366.0,1763661600000
661.82,661.97,658.73,659.58,4310623.0,1763662500000
659.55,660.0,656.24,656.33,3382292.0,1763663400000
656.31,656.4,654.12,655.06,4632771.0,1763664300000
655.04,655.85,653.86,655.36,5142391.0,1763665200000
655.34,657.54,654.85,657.01,2808576.0,1763666100000
656.98,656.99,655.21,656.62,3740828.0,1763667000000
656.6,658.25,655.3,658.11,4275899.0,1763667900000
658.12,658.13,655.72,656.29,4224184.0,1763668800000
656.29,657.53,655.35,656.2,4536589.0,1763669700000
656.2,656.56,653.13,653.36,6465735.0,1763670600000
653.37,653.965,651.89,652.53,12875244.0,1763671500000
655.05,656.44,654.03,654.34,7400461.0,1763735400000
654.35,656.47,653.13,654.52,5222914.0,1763736300000
654.57,655.71,653.15,653.76,4867428.0,1763737200000
653.72,655.94,652.34,653.08,5590602.0,1763738100000
653.09,654.06,650.85,652.85,5815329.0,1763739000000
652.87,654.39,652.38,652.77,3869122.0,1763739900000
652.72,653.8,651.08,653.29,3143790.0,1763740800000
653.29,655.97,651.98,655.93,3041530.0,1763741700000
655.92,657.67,655.22,657.35,4384330.0,1763742600000
657.35,660.695,656.67,660.64,6248164.0,1763743500000
660.63,661.19,659.36,660.56,4048654.0,1763744400000
660.57,660.9925,659.46,660.38,2908884.0,1763745300000
660.3825,661.5118,660.13,661.15,2259732.0,1763746200000
661.16,661.48,659.71,660.16,2360178.0,1763747100000
660.21,660.46,657.4699,657.56,3821311.0,1763748000000
657.55,658.43,656.88,658.36,2078181.0,1763748900000
658.35,660.87,658.0,660.765,3002763.0,1763749800000
660.77,664.09,660.28,662.25,4635569.0,1763750700000
662.2352,664.03,662.11,663.27,3260798.0,1763751600000
663.24,664.55,662.95,664.23,2598073.0,1763752500000
664.21,664.52,662.26,662.54,3513193.0,1763753400000
662.56,663.01,660.95,661.75,2969241.0,1763754300000
661.73,662.2,661.285,661.69,2666828.0,1763755200000
661.68,661.96,659.62,659.63,3920214.0,1763756100000
659.6,661.25,659.02,660.01,4272137.0,1763757000000
660.02,661.14,658.23,659.06,11323375.0,1763757900000
662.69,665.53,662.38,662.89,5480908.0,1763994600000
662.88,664.06,661.59,664.04,3395495.0,1763995500000
664.04,665.76,663.47,665.4,3836369.0,1763996400000
665.42,665.78,664.36,665.51,2540567.0,1763997300000
665.49,666.89,664.95,666.78,3150424.0,1763998200000
666.79,667.2,666.22,666.53,2164659.0,1763999100000
666.54,668.39,666.53,668.11,2276607.0,1764000000000
668.13,668.37,667.77,667.97,1960580.0,1764000900000
667.96,668.2701,667.39,668.1306,1475563.0,1764001800000
668.14,668.4897,667.2,667.465,1446008.0,1764002700000
667.47,667.91,666.9,667.27,1347958.0,1764003600000
667.27,668.3599,667.15,668.1856,1507288.0,1764004500000
668.18,669.0,667.94,668.9,1522156.0,1764005400000
668.92,669.38,668.87,669.08,1499676.0,1764006300000
669.07,669.75,669.07,669.64,1436134.0,1764007200000
669.64,669.7399,669.16,669.19,1119380.0,1764008100000
669.18,669.36,668.78,669.31,1163621.0,1764009000000
669.32,669.51,668.96,669.235,926946.0,1764009900000
669.24,669.81,669.212,669.4,1251002.0,1764010800000
669.41,669.57,668.69,668.8999,1445614.0,1764011700000
668.9,669.0,668.14,668.49,2049837.0,1764012600000
668.49,668.66,667.87,668.3,2080262.0,1764013500000
668.3,669.36,668.19,669.13,1988651.0,1764014400000
669.12,669.49,668.53,668.94,1650950.0,1764015300000
668.93,669.465,668.7501,669.3403,2252379.0,1764016200000
669.34,670.06,668.61,668.8,11910476.0,1764017100000
668.63,669.98,667.19,667.3842,4863548.0,1764081000000
667.365,669.01,664.48,668.87,6068810.0,1764081900000
668.86,668.9,665.92,667.71,4716534.0,1764082800000
667.72,668.62,666.78,668.58,2741232.0,1764083700000
668.54,670.45,668.44,670.42,2852746.0,1764084600000
670.43,671.07,668.64,669.805,2993513.0,1764085500000
669.8,669.92,669.03,669.08,2197920.0,1764086400000
669.09,671.0,668.86,670.42,2273187.0,1764087300000
670.41,671.47,670.22,671.11,2085110.0,1764088200000
671.11,671.94,670.46,671.72,1657511.0,1764089100000
671.72,672.7,671.69,672.665,2040153.0,1764090000000
672.68,673.88,672.39,673.32,2819454.0,1764090900000
673.31,674.375,673.31,673.8701,2380299.0,1764091800000
673.87,674.185,673.15,673.3099,2349777.0,1764092700000
673.31,673.82,673.24,673.5,1669448.0,1764093600000
673.49,674.035,673.22,674.025,1849094.0,1764094500000
674.03,674.17,673.57,673.735,1290763.0,1764095400000
673.74,674.4,673.74,673.87,1375122.0,1764096300000
673.87,673.995,673.4799,673.63,1612990.0,1764097200000
673.63,673.725,672.7,673.32,2009428.0,1764098100000
673.32,673.45,672.44,673.105,1714147.0,1764099000000
673.09,674.11,672.9,673.94,1946532.0,1764099900000
673.94,674.79,673.92,674.3707,2563268.0,1764100800000
674.38,674.74,674.28,674.5,2211411.0,1764101700000
674.51,675.45,674.455,675.19,3343261.0,1764102600000
675.19,676.21,675.0,675.01,7379127.0,1764103500000
677.63,678.83,677.43,678.79,4938698.0,1764167400000
678.79,679.48,677.11,677.31,3363366.0,1764168300000
677.3,678.55,676.72,677.6,3162381.0,1764169200000
677.59,678.47,677.235,678.13,1992380.0,1764170100000
678.15,679.2,678.15,678.5999,2169427.0,1764171000000
678.6,679.62,678.0606,679.56,1709816.0,1764171900000
679.56,680.36,679.48,680.17,2201931.0,1764172800000
680.19,680.87,680.02,680.53,1659186.0,1764173700000
680.53,681.69,680.29,681.47,2674864.0,1764174600000
681.47,681.56,680.97,681.3599,1548297.0,1764175500000
681.355,681.56,680.655,680.74,1491327.0,1764176400000
680.72,681.095,680.43,680.94,1257457.0,1764177300000
680.94,681.56,680.87,681.51,1532995.0,1764178200000
681.5,681.7,680.935,681.11,1011416.0,1764179100000
681.12,681.56,679.75,680.88,2582843.0,1764180000000
680.86,681.48,680.1653,681.11,1406971.0,1764180900000
681.115,681.14,679.74,679.77,1539390.0,1764181800000
679.7553,680.765,679.59,680.4,1446880.0,1764182700000
680.4,681.02,680.13,680.72,2116261.0,1764183600000
680.7,681.29,680.64,681.24,2076930.0,1764184500000
681.25,681.42,680.52,680.7202,1959433.0,1764185400000
680.7355,681.08,680.49,680.86,1479865.0,1764186300000
680.87,681.401,680.59,681.4,2175040.0,1764187200000
681.41,681.59,681.16,681.2,3278413.0,1764188100000
681.2,681.4,680.8926,681.175,2961899.0,1764189000000
681.175,681.38,679.62,679.63,9285889.0,1764189900000
680.86,681.85,680.5,681.27,3105293.0,1764340200000
681.26,681.6395,680.89,681.24,1751498.0,1764341100000
681.25,681.79,681.03,681.63,1983215.0,1764342000000
681.66,682.32,681.4709,681.69,2044933.0,1764342900000
681.69,682.3098,681.61,682.1521,1830635.0,1764343800000
682.155,682.63,681.98,682.4601,1997315.0,1764344700000
682.46,682.8999,682.295,682.795,1580237.0,1764345600000
682.8,682.94,681.65,682.15,2954300.0,1764346500000
682.16,682.83,681.8,682.59,3733916.0,1764347400000
682.58,682.91,682.47,682.755,1742071.0,1764348300000
682.755,683.0,682.3901,682.73,2236902.0,1764349200000
682.74,682.8384,682.25,682.315,1901533.0,1764350100000
682.315,682.5197,681.9,681.9305,2632100.0,1764351000000
681.935,683.665,681.88,683.39,7360379.0,1764351900000
683.4,683.47,683.39,683.39,2357259.0,1764352800000
678.81,680.31,678.74,679.25,3899387.0,1764599400000
679.26,681.86,679.1,681.45,3055431.0,1764600300000
681.455,681.79,680.62,680.8,3489088.0,1764601200000
680.82,681.05,679.59,679.83,2192707.0,1764602100000
679.84,680.43,678.84,680.13,1910441.0,1764603000000
680.14,681.83,679.86,681.64,1975051.0,1764603900000
681.65,681.7999,680.37,680.58,1243212.0,1764604800000
680.57,681.2801,680.12,681.0799,899431.0,1764605700000
681.08,682.31,681.07,682.0501,1184714.0,1764606600000
682.06,682.44,681.73,681.925,991102.0,1764607500000
681.96,682.51,681.82,681.86,959243.0,1764608400000
681.85,682.17,681.295,682.01,834294.0,1764609300000
682.0,682.5784,681.73,682.5784,762971.0,1764610200000
682.58,682.79,681.87,682.03,809306.0,1764611100000
682.04,682.71,681.975,682.63,929307.0,1764612000000
682.62,682.79,682.32,682.48,657165.0,1764612900000
682.5,682.85,682.49,682.79,822618.0,1764613800000
682.78,682.99,682.67,682.8205,974929.0,1764614700000
682.82,682.8493,681.5464,681.98,1575401.0,1764615600000
681.99,681.99,680.48,680.6,2630179.0,1764616500000
680.605,681.095,679.82,680.26,2224899.0,1764617400000
680.27,680.62,679.99,680.22,1391858.0,1764618300000
680.2,681.015,680.03,680.9244,1497595.0,1764619200000
680.91,680.97,680.29,680.73,1332916.0,1764620100000
680.72,681.07,680.27,680.975,2134440.0,1764621000000
680.975,681.06,679.375,680.27,13047836.0,1764621900000
681.92,682.96,681.63,682.41,3526896.0,1764685800000
682.44,682.59,681.49,682.33,1817838.0,1764686700000
682.33,683.28,682.232,682.995,2300675.0,1764687600000
682.995,683.2346,681.42,681.58,1907758.0,1764688500000
681.59,682.85,680.85,682.71,2559866.0,1764689400000
682.72,683.68,682.5728,683.51,2249810.0,1764690300000
683.51,683.82,681.21,681.54,2984735.0,1764691200000
681.55,681.86,679.67,680.01,3036018.0,1764692100000
679.97,681.24,679.3275,680.44,2435362.0,1764693000000
680.41,681.27,680.18,680.56,1448407.0,1764693900000
680.58,681.395,680.48,681.2481,1008376.0,1764694800000
681.24,682.65,681.19,682.44,1646083.0,1764695700000
682.44,682.84,681.94,682.27,1083795.0,1764696600000
682.275,682.451,680.13,680.14,1469335.0,1764697500000
680.13,681.49,679.93,680.78,1642835.0,1764698400000
680.78,681.6,680.535,681.04,909729.0,1764699300000
681.03,681.37,680.22,680.715,1018023.0,1764700200000
680.69,681.33,680.4,681.11,938360.0,1764701100000
681.1,681.94,680.95,681.67,1867039.0,1764702000000
681.67,681.85,680.76,681.39,1473760.0,1764702900000
681.37,681.89,681.3,681.54,1889192.0,1764703800000
681.54,682.61,681.42,682.35,1899568.0,1764704700000
682.36,682.68,682.01,682.43,1954130.0,1764705600000
682.46,682.7,682.3501,682.505,1857525.0,1764706500000
682.5,682.88,682.24,682.49,2301842.0,1764707400000
682.48,682.8,681.36,681.48,7175889.0,1764708300000
680.57,681.5,679.94,680.881,4437981.0,1764772200000
680.9,681.19,679.69,680.87,2375115.0,1764773100000
680.94,682.34,680.74,681.21,2881682.0,1764774000000
681.23,682.11,681.04,681.68,1318939.0,1764774900000
681.65,682.94,681.3299,682.635,2966388.0,1764775800000
682.64,682.91,682.05,682.3163,1067671.0,1764776700000
682.31,682.99,681.66,682.049,1271933.0,1764777600000
682.04,682.8,681.93,682.385,1548267.0,1764778500000
682.385,683.55,682.27,683.2,1474724.0,1764779400000
683.21,683.33,681.61,682.21,1528186.0,1764780300000
682.21,683.08,682.1,682.995,1298286.0,1764781200000
683.01,683.7,682.83,683.56,1118149.0,1764782100000
683.55,683.745,683.25,683.66,1169049.0,1764783000000
683.67,684.1,683.4199,683.89,2861220.0,1764783900000
683.895,684.185,683.69,684.025,1166914.0,1764784800000
684.03,684.08,683.475,683.91,944421.0,1764785700000
683.93,684.5,683.915,684.4382,1030420.0,1764786600000
684.44,684.49,683.7866,683.915,1019004.0,1764787500000
683.91,684.4299,683.85,684.385,1016845.0,1764788400000
684.38,684.44,684.09,684.33,923871.0,1764789300000
684.33,684.61,684.165,684.572,1277205.0,1764790200000
684.57,684.74,684.415,684.625,1186935.0,1764791100000
684.63,684.91,684.45,684.72,1617868.0,1764792000000
684.72,684.8365,684.19,684.5227,1809714.0,1764792900000
684.525,684.57,684.19,684.475,2487404.0,1764793800000
684.47,684.62,683.55,683.81,8156837.0,1764794700000
685.3,685.37,683.63,683.8599,4031856.0,1764858600000
683.84,684.13,682.75,683.045,2791614.0,1764859500000
683.06,683.54,682.6671,683.17,1966120.0,1764860400000
683.16,683.81,682.17,683.595,1984605.0,1764861300000
683.59,684.56,683.39,684.23,3050996.0,1764862200000
684.24,684.33,683.132,683.29,1872725.0,1764863100000
683.28,683.6,682.21,683.05,2000658.0,1764864000000
683.05,683.76,682.84,683.3513,1229876.0,1764864900000
683.31,683.64,682.86,683.01,1281094.0,1764865800000
683.01,684.56,683.01,684.42,1683094.0,1764866700000
684.4,684.58,683.37,684.12,1544479.0,1764867600000
684.12,684.33,683.82,684.02,2844656.0,1764868500000
684.03,684.37,683.595,684.18,1126946.0,1764869400000
684.19,684.495,684.045,684.305,816986.0,1764870300000
684.29,684.41,683.465,684.03,1408192.0,1764871200000
684.04,684.77,683.96,684.6774,983970.0,1764872100000
684.67,684.75,683.91,684.1,1162228.0,1764873000000
684.11,684.36,684.03,684.12,1177795.0,1764873900000
684.11,684.23,683.4101,683.6225,2072638.0,1764874800000
683.62,683.62,681.34,682.18,3656937.0,1764875700000
682.19,683.96,681.99,683.4,2669555.0,1764876600000
683.41,683.8,683.04,683.23,1905457.0,1764877500000
683.24,683.46,682.31,683.29,2300825.0,1764878400000
683.29,683.34,682.75,682.7501,1774226.0,1764879300000
682.76,683.31,682.7,682.955,1616489.0,1764880200000
682.96,684.58,682.77,684.4,6589444.0,1764881100000
685.47,686.56,685.32,685.83,5045865.0,1764945000000
685.84,687.03,685.81,686.895,2407946.0,1764945900000
686.92,688.25,686.725,688.2128,3455975.0,1764946800000
688.24,688.3,687.581,687.885,2073836.0,1764947700000
687.88,688.39,687.58,687.71,1857260.0,1764948600000
687.7,688.16,686.26,686.67,2850680.0,1764949500000
686.67,687.12,686.07,686.12,1806073.0,1764950400000
686.1,686.79,685.7,685.9562,2280446.0,1764951300000
685.95,685.95,685.02,685.3801,2219045.0,1764952200000
685.39,686.64,685.305,686.02,1749984.0,1764953100000
686.02,686.26,685.25,685.3401,1361282.0,1764954000000
685.34,685.69,685.24,685.39,1010674.0,1764954900000
685.41,685.52,684.58,685.26,1508803.0,1764955800000
685.26,686.43,685.0601,686.25,1492816.0,1764956700000
686.245,686.705,686.22,686.28,1350495.0,1764957600000
686.2856,686.65,685.52,686.55,1282504.0,1764958500000
686.56,686.97,686.08,686.4015,1565540.0,1764959400000
686.4,686.56,686.1,686.19,699598.0,1764960300000
686.19,686.4,685.82,686.35,1024581.0,1764961200000
686.35,686.38,685.6399,685.93,1346203.0,1764962100000
685.94,686.12,685.57,685.7756,1036479.0,1764963000000
685.77,686.38,685.58,686.25,1732395.0,1764963900000
686.26,686.3,685.58,685.9944,1255273.0,1764964800000
685.99,686.28,685.75,686.005,2032701.0,1764965700000
686.0,686.01,685.5,685.86,1775538.0,1764966600000
685.86,686.03,684.6,685.65,8689845.0,1764967500000
686.59,686.64,685.28,685.92,4048419.0,1765204200000
685.92,686.1,684.98,685.44,1973705.0,1765205100000
685.42,685.775,684.83,684.92,1653170.0,1765206000000
684.93,685.22,683.8724,684.555,2057703.0,1765206900000
684.54,685.05,684.044,684.075,1874746.0,1765207800000
684.075,684.53,683.57,683.7,1872883.0,1765208700000
683.7,683.9,682.91,683.4101,1916498.0,1765209600000
683.41,684.11,683.27,684.09,1299179.0,1765210500000
684.08,684.12,683.46,683.8298,1024338.0,1765211400000
683.825,683.87,683.02,683.3882,862255.0,1765212300000
683.39,683.39,682.495,682.895,1244678.0,1765213200000
682.88,683.15,682.19,682.69,1417718.0,1765214100000
682.69,683.13,682.6,682.87,990410.0,1765215000000
682.88,684.31,682.675,684.1222,1947642.0,1765215900000
684.13,684.4,683.59,683.82,1251573.0,1765216800000
683.83,684.05,682.82,682.83,1070900.0,1765217700000
682.83,683.145,682.3,682.98,1912797.0,1765218600000
682.98,683.1,681.57,682.11,2207419.0,1765219500000
682.13,682.3,681.66,681.92,1265128.0,1765220400000
681.91,682.59,681.91,682.245,1114560.0,1765221300000
682.23,682.78,682.175,682.6399,1044696.0,1765222200000
682.635,682.82,682.15,682.33,1265471.0,1765223100000
682.34,682.63,682.18,682.58,1533908.0,1765224000000
682.59,682.78,682.37,682.64,1712378.0,1765224900000
682.64,682.71,682.06,682.69,2320508.0,1765225800000
682.68,683.76,682.33,683.63,7324522.0,1765226700000
683.15,684.13,682.82,683.7,3510934.0,1765290600000
683.7,684.53,683.47,684.44,2452650.0,1765291500000
684.47,684.94,683.97,684.18,2058435.0,1765292400000
684.19,684.4344,683.76,684.215,1686851.0,1765293300000
684.2,684.52,683.845,684.47,1472619.0,1765294200000
684.48,684.57,683.585,684.505,1632279.0,1765295100000
684.49,684.9,684.44,684.85,1390735.0,1765296000000
684.85,685.34,684.77,684.81,1390079.0,1765296900000
684.81,685.385,684.52,684.61,1480530.0,1765297800000
684.6,685.31,684.6,684.97,1307560.0,1765298700000
684.96,685.34,684.81,684.94,1178617.0,1765299600000
684.96,684.97,684.27,684.65,1134993.0,1765300500000
684.65,684.8599,683.8955,684.0801,1802513.0,1765301400000
684.075,684.32,683.62,684.275,1482937.0,1765302300000
684.27,684.48,683.88,684.25,1384009.0,1765303200000
684.25,684.49,684.11,684.24,818611.0,1765304100000
684.24,684.345,683.66,683.67,911722.0,1765305000000
683.68,684.34,683.35,684.05,1511764.0,1765305900000
684.06,684.1399,683.64,683.8,1225183.0,1765306800000
683.8,684.02,683.7,683.73,879364.0,1765307700000
683.73,683.8,683.2,683.39,1227106.0,1765308600000
683.3868,683.82,683.33,683.63,1227348.0,1765309500000
683.63,683.8526,683.49,683.5,1451328.0,1765310400000
683.5001,683.675,683.3,683.325,1812146.0,1765311300000
683.32,683.485,683.045,683.39,2312912.0,1765312200000
683.38,683.61,682.59,683.05,8473524.0,1765313100000
682.56,683.07,681.31,682.666,3651530.0,1765377000000
682.66,683.33,682.31,683.12,2823091.0,1765377900000
683.115,683.435,682.72,683.0201,1892009.0,1765378800000
683.03,683.46,682.776,682.99,1775050.0,1765379700000
682.99,683.067,681.67,682.365,2409746.0,1765380600000
682.3601,683.23,682.03,682.25,1495492.0,1765381500000
682.25,683.125,681.45,683.1152,1899397.0,1765382400000
683.13,683.87,683.01,683.72,1972951.0,1765383300000
683.72,683.84,683.165,683.27,1230985.0,1765384200000
683.28,683.73,683.0099,683.6,1232434.0,1765385100000
683.57,683.7,683.07,683.25,917004.0,1765386000000
683.26,683.44,682.95,683.14,917661.0,1765386900000
683.12,683.54,682.9201,683.08,688623.0,1765387800000
683.07,684.22,683.02,683.84,1205896.0,1765388700000
683.83,684.06,683.62,683.83,1019619.0,1765389600000
683.825,683.94,682.7,682.89,1193614.0,1765390500000
682.88,683.38,682.68,682.695,2008865.0,1765391400000
682.69,683.11,682.445,682.87,1271567.0,1765392300000
682.86,685.74,682.67,684.75,5527756.0,1765393200000
684.76,685.57,683.24,684.21,2920927.0,1765394100000
684.21,686.82,683.36,684.35,6823108.0,1765395000000
684.311,688.06,684.24,687.88,5775090.0,1765395900000
687.87,688.62,687.08,688.48,4930196.0,1765396800000
688.465,688.83,687.795,688.12,4256144.0,1765397700000
688.1,688.97,687.95,688.375,3892022.0,1765398600000
688.365,688.7,687.22,687.46,10019531.0,1765399500000
685.14,685.82,684.48,685.585,4995465.0,1765463400000
685.595,685.7,682.29,682.62,5438597.0,1765464300000
682.65,685.39,682.165,685.03,4519375.0,1765465200000
685.0,686.7995,684.575,686.26,3150654.0,1765466100000
686.27,686.45,685.37,685.77,2567226.0,1765467000000
685.7699,686.17,684.07,685.74,2788243.0,1765467900000
685.74,686.14,684.89,685.37,2169161.0,1765468800000
685.37,685.78,684.4,684.605,1453149.0,1765469700000
684.61,686.73,684.54,686.47,2692464.0,1765470600000
686.48,686.97,684.845,685.5,2611591.0,1765471500000
685.52,687.0,685.395,686.72,2029801.0,1765472400000
686.72,687.91,686.59,687.355,2418714.0,1765473300000
687.35,688.0351,687.34,687.78,1878058.0,1765474200000
687.79,687.915,686.98,687.29,1815983.0,1765475100000
687.28,688.19,687.09,688.01,1213431.0,1765476000000
688.02,688.1244,687.41,687.625,1545326.0,1765476900000
687.62,688.625,687.3,688.53,1636039.0,1765477800000
688.54,688.6199,687.76,687.96,1605548.0,1765478700000
687.97,688.41,687.85,688.25,1785449.0,1765479600000
688.26,688.79,688.24,688.68,1939803.0,1765480500000
688.68,689.05,688.59,689.015,2090320.0,1765481400000
689.02,689.25,688.82,688.83,2065623.0,1765482300000
688.83,689.16,688.66,688.71,2044488.0,1765483200000
688.71,688.93,688.41,688.435,1888944.0,1765484100000
688.44,688.55,687.99,688.4,4030774.0,1765485000000
688.39,689.18,688.09,689.145,8632811.0,1765485900000
688.17,688.88,687.7,687.94,3929260.0,1765549800000
687.94,688.15,687.17,687.49,2959687.0,1765550700000
687.46,687.54,685.58,685.91,5221141.0,1765551600000
685.91,686.13,683.63,683.75,5825596.0,1765552500000
683.75,685.21,683.31,685.2,4705157.0,1765553400000
685.2,685.61,681.31,681.72,5735943.0,1765554300000
681.72,682.46,680.18,681.03,7343210.0,1765555200000
681.03,681.71,679.7,681.27,4962185.0,1765556100000
681.27,681.29,679.1744,680.7,3768948.0,1765557000000
680.7,680.75,679.66,680.5994,3196302.0,1765557900000
680.59,682.12,680.33,681.88,2525883.0,1765558800000
681.88,683.02,681.38,681.46,2427230.0,1765559700000
681.44,682.85,680.945,682.47,2059713.0,1765560600000
682.46,683.24,682.37,682.67,1417848.0,1765561500000
682.68,684.21,682.38,683.65,2907352.0,1765562400000
683.65,684.34,683.1,683.88,1900502.0,1765563300000
683.88,683.9,682.8,682.98,2876799.0,1765564200000
682.99,683.54,682.47,682.55,1754346.0,1765565100000
682.56,682.67,681.55,681.74,2913431.0,1765566000000
681.73,682.07,681.21,681.475,2212109.0,1765566900000
681.49,682.27,681.46,681.79,2027576.0,1765567800000
681.78,682.21,681.55,681.9699,1975305.0,1765568700000
681.96,682.515,681.46,681.82,2873762.0,1765569600000
681.82,682.0656,681.1,681.36,3231818.0,1765570500000
681.3699,681.49,680.07,680.8397,5686804.0,1765571400000
680.84,681.87,680.73,681.72,10044301.0,1765572300000
685.74,685.76,683.555,683.62,5951272.0,1765809000000
683.62,683.8712,682.3,682.43,5433377.0,1765809900000
682.43,682.585,681.14,681.365,4611252.0,1765810800000
681.34,681.5,679.25,679.82,4962594.0,1765811700000
679.82,684.61,679.59,681.8,4212108.0,1765812600000
681.8,682.16,680.735,681.15,3238498.0,1765813500000
681.14,681.8892,680.56,681.03,2392038.0,1765814400000
681.04,683.06,680.97,682.79,2641376.0,1765815300000
682.79,682.92,680.41,680.55,3604334.0,1765816200000
680.57,681.74,680.14,680.88,2944815.0,1765817100000
680.88,681.33,680.57,680.83,1806882.0,1765818000000
680.81,681.1,680.21,680.65,1798016.0,1765818900000
680.65,681.45,680.07,681.19,2083112.0,1765819800000
681.18,681.4,679.42,680.5044,2714014.0,1765820700000
680.5,681.1,680.005,680.98,1508924.0,1765821600000
680.98,681.19,679.51,679.98,1655345.0,1765822500000
679.98,680.4,679.62,680.28,1640748.0,1765823400000
680.29,681.4,680.19,681.02,1573908.0,1765824300000
681.02,681.5497,680.79,680.8,1956873.0,1765825200000
680.8,681.1599,680.44,680.8355,2038523.0,1765826100000
680.835,681.09,680.51,680.605,1563674.0,1765827000000
680.6,681.78,680.44,681.69,2324008.0,1765827900000
681.69,681.74,681.02,681.28,2272705.0,1765828800000
681.28,681.585,680.69,681.07,3146374.0,1765829700000
681.09,681.335,680.55,680.6899,3473799.0,1765830600000
680.68,681.6,680.61,680.7,10040369.0,1765831500000
679.23,680.51,678.15,678.6501,5946251.0,1765895400000
678.73,681.02,677.68,680.79,4328171.0,1765896300000
680.82,681.08,678.98,679.315,3341606.0,1765897200000
679.28,679.53,676.44,677.69,4501283.0,1765898100000
677.71,678.69,677.02,678.15,3768318.0,1765899000000
678.14,679.415,677.58,679.0,2680985.0,1765899900000
678.99,679.3218,677.47,677.74,3024377.0,1765900800000
677.74,677.86,676.81,677.135,2074579.0,1765901700000
677.14,677.74,676.61,677.375,1940511.0,1765902600000
677.365,678.49,677.04,678.28,1904709.0,1765903500000
678.3,678.76,677.46,678.58,1865262.0,1765904400000
678.58,678.94,677.02,677.38,1580471.0,1765905300000
677.3748,678.28,676.305,676.71,1879409.0,1765906200000
676.74,677.13,675.42,675.6,2394138.0,1765907100000
675.61,676.07,674.98,676.05,3486248.0,1765908000000
676.04,676.2,675.34,675.59,1863516.0,1765908900000
675.59,677.93,675.56,677.84,2848090.0,1765909800000
677.86,678.61,677.64,677.86,2680639.0,1765910700000
677.85,677.9,676.01,676.15,4147044.0,1765911600000
676.155,677.08,675.86,677.05,2837570.0,1765912500000
677.04,678.13,676.93,677.935,2196488.0,1765913400000
677.95,678.58,677.4901,677.94,4060098.0,1765914300000
677.94,679.01,677.63,678.32,3907056.0,1765915200000
678.33,679.26,678.26,679.2,2582893.0,1765916100000
679.195,680.56,679.17,679.99,5446682.0,1765917000000
680.0,680.41,678.82,678.86,11654208.0,1765917900000
679.89,680.435,678.11,678.52,5984737.0,1765981800000
678.52,679.52,677.6,679.26,4031631.0,1765982700000
679.265,679.68,678.21,678.87,2753201.0,1765983600000
678.88,679.37,678.11,678.93,2251523.0,1765984500000
678.92,679.17,675.595,676.04,4194731.0,1765985400000
676.03,676.42,674.02,674.56,5652377.0,1765986300000
674.55,675.7,673.67,673.71,3777132.0,1765987200000
673.7,675.3899,673.43,674.635,3321557.0,1765988100000
674.63,674.76,673.5045,674.3399,2861733.0,1765989000000
674.31,674.74,673.07,674.23,2614519.0,1765989900000
674.22,674.49,673.08,673.4,2862659.0,1765990800000
673.395,675.05,673.18,674.15,2013094.0,1765991700000
674.16,675.07,673.47,673.6,1535326.0,1765992600000
673.61,674.1,673.0,673.8,1981525.0,1765993500000
673.81,674.8765,673.375,673.4399,1606629.0,1765994400000
673.42,673.7665,673.02,673.37,2260086.0,1765995300000
673.36,673.62,672.08,672.71,3133473.0,1765996200000
672.71,673.01,672.16,672.555,3364707.0,1765997100000
672.555,672.87,672.055,672.65,2909373.0,1765998000000
672.64,673.0,672.33,672.47,2605563.0,1765998900000
672.46,672.92,672.22,672.71,2781364.0,1765999800000
672.71,673.2978,672.59,673.13,2781863.0,1766000700000
673.12,673.32,672.415,672.79,3044575.0,1766001600000
672.76,673.24,672.24,672.52,2741917.0,1766002500000
672.53,672.9,671.95,672.79,3547910.0,1766003400000
672.79,673.0,671.195,671.3,13790617.0,1766004300000
677.6,678.59,676.08,676.28,6997525.0,1766068200000
676.28,678.31,675.69,678.06,4668338.0,1766069100000
678.06,678.4401,676.2799,676.74,3550254.0,1766070000000
676.74,679.11,676.14,679.01,4190667.0,1766070900000
679.01,680.6,678.68,680.46,4357824.0,1766071800000
680.46,680.52,679.665,680.03,2987488.0,1766072700000
680.03,680.74,679.83,679.935,2329758.0,1766073600000
679.935,680.39,679.52,679.745,2072581.0,1766074500000
679.74,680.71,679.74,680.27,2611758.0,1766075400000
680.26,680.375,679.325,679.56,2123329.0,1766076300000
679.55,679.5707,675.99,676.44,5535353.0,1766077200000
676.42,676.55,674.9,675.78,5433875.0,1766078100000
675.79,678.26,675.48,678.26,3460079.0,1766079000000
678.26,678.69,677.3201,678.37,3076631.0,1766079900000
678.36,678.87,677.58,678.33,2211988.0,1766080800000
678.31,679.09,678.3,678.825,1967281.0,1766081700000
678.83,679.7,678.83,678.89,1693775.0,1766082600000
678.88,678.94,678.04,678.275,2234846.0,1766083500000
678.23,678.31,676.59,677.465,3954895.0,1766084400000
677.47,677.48,676.67,677.15,2877701.0,1766085300000
677.16,677.3,676.19,676.32,2532028.0,1766086200000
676.315,677.31,675.32,675.72,3235319.0,1766087100000
675.71,677.42,675.45,677.37,3462401.0,1766088000000
677.37,677.85,676.87,677.63,3713895.0,1766088900000
677.62,678.39,677.39,678.17,4274430.0,1766089800000
678.15,678.55,676.41,676.48,11568118.0,1766090700000
676.59,679.415,676.47,679.41,7262416.0,1766154600000
679.41,679.91,678.8,679.82,4598016.0,1766155500000
679.81,680.52,679.21,679.58,4375475.0,1766156400000
679.59,679.98,678.45,679.19,3155219.0,1766157300000
679.19,680.115,678.7,679.25,3559706.0,1766158200000
679.27,679.44,678.66,678.98,3122764.0,1766159100000
678.97,680.275,678.56,679.65,7429191.0,1766160000000
679.67,680.22,679.45,680.17,1935662.0,1766160900000
680.19,680.53,679.785,679.785,2158510.0,1766161800000
679.795,680.175,679.34,679.695,1852708.0,1766162700000
679.7,680.225,679.63,680.14,1776529.0,1766163600000
680.15,680.835,680.15,680.68,4379294.0,1766164500000
680.69,680.82,680.31,680.475,1644306.0,1766165400000
680.48,681.058,680.35,680.655,1546944.0,1766166300000
680.655,680.995,680.47,680.92,1323848.0,1766167200000
680.925,681.09,680.64,680.75,1202085.0,1766168100000
680.77,680.86,680.18,680.36,1659190.0,1766169000000
680.379,680.605,680.17,680.225,1063326.0,1766169900000
680.22,680.76,680.22,680.5899,1706706.0,1766170800000
680.59,680.8,680.47,680.64,1118936.0,1766171700000
680.64,680.9399,680.52,680.7901,1528489.0,1766172600000
680.8,681.0,680.545,680.59,2128167.0,1766173500000
680.59,680.83,680.36,680.44,2522525.0,1766174400000
680.43,680.745,680.34,680.485,2722931.0,1766175300000
680.49,680.665,679.61,679.94,3765497.0,1766176200000
679.94,680.72,679.68,680.59,15295647.0,1766177100000
683.94,684.53,682.94,683.23,5134578.0,1766413800000
683.22,684.135,683.08,683.97,2839058.0,1766414700000
683.975,684.12,682.89,682.97,2160217.0,1766415600000
682.99,683.93,682.94,683.77,1969178.0,1766416500000
683.77,683.99,682.68,683.72,2472545.0,1766417400000
683.72,683.98,683.58,683.65,1733634.0,1766418300000
683.64,684.67,683.64,684.645,1689673.0,1766419200000
684.64,684.975,684.53,684.67,2366225.0,1766420100000
684.67,684.78,684.36,684.37,1415417.0,1766421000000
684.37,684.95,684.36,684.95,1290048.0,1766421900000
684.96,685.08,684.675,684.805,1513560.0,1766422800000
684.81,684.965,684.52,684.65,1368161.0,1766423700000
684.645,684.93,684.56,684.79,1098142.0,1766424600000
684.79,685.36,684.685,685.21,1549098.0,1766425500000
685.21,685.22,684.78,684.81,1371365.0,1766426400000
684.81,684.84,684.35,684.715,1606040.0,1766427300000
684.71,684.91,684.63,684.75,893817.0,1766428200000
684.74,684.78,684.37,684.505,1037912.0,1766429100000
684.5,684.57,684.215,684.3,1194614.0,1766430000000
684.3,684.75,684.205,684.72,1548123.0,1766430900000
684.73,685.01,684.72,684.74,1630966.0,1766431800000
684.74,684.91,684.665,684.79,1713473.0,1766432700000
684.79,684.96,680.5868,684.76,2142457.0,1766433600000
684.765,685.04,684.71,684.925,2381712.0,1766434500000
684.925,685.1499,684.875,684.9158,3374371.0,1766435400000
684.91,685.045,684.61,684.79,7413233.0,1766436300000
683.92,685.8,683.87,685.775,3529866.0,1766500200000
685.78,686.25,685.1,685.41,2626428.0,1766501100000
685.4101,685.49,684.36,684.76,3380869.0,1766502000000
684.75,685.565,684.74,685.24,1838662.0,1766502900000
685.24,686.185,685.2303,686.1,1951444.0,1766503800000
686.1,686.485,685.86,686.32,2093188.0,1766504700000
686.33,686.63,686.255,686.45,2300424.0,1766505600000
686.45,686.74,686.45,686.492,1599880.0,1766506500000
686.495,686.785,686.36,686.69,1229942.0,1766507400000
686.695,687.0088,686.655,686.89,1543736.0,1766508300000
686.9,687.0201,686.66,686.94,1399758.0,1766509200000
686.945,687.22,686.87,687.07,1948694.0,1766510100000
687.06,687.1997,686.89,687.045,1360860.0,1766511000000
687.04,687.12,686.79,686.985,3371224.0,1766511900000
686.99,687.36,686.92,687.34,1405333.0,1766512800000
687.34,687.7299,687.265,687.545,1602593.0,1766513700000
687.55,687.7,687.525,687.66,1253006.0,1766514600000
687.66,687.7,687.51,687.53,1354512.0,1766515500000
687.53,687.825,687.495,687.7098,1375106.0,1766516400000
687.705,687.92,687.7,687.875,1576064.0,1766517300000
687.87,687.915,687.71,687.82,1243584.0,1766518200000
687.82,687.93,687.76,687.835,1451356.0,1766519100000
687.835,688.03,687.82,687.885,2011444.0,1766520000000
687.89,688.0,687.775,687.85,2201248.0,1766520900000
687.84,688.0,687.73,687.745,2215209.0,1766521800000
687.74,688.2,687.64,687.91,7508657.0,1766522700000
687.95,688.69,687.8,688.275,2568962.0,1766586600000
688.29,688.73,688.22,688.6,1784565.0,1766587500000
688.59,689.08,688.51,689.035,2036380.0,1766588400000
689.035,689.215,688.82,689.165,1802234.0,1766589300000
689.16,689.28,689.0125,689.25,1784050.0,1766590200000
689.225,689.49,689.19,689.47,1453659.0,1766591100000
689.465,689.904,689.37,689.89,3453228.0,1766592000000
689.895,689.98,689.65,689.965,1529374.0,1766592900000
689.965,690.48,689.8892,690.48,2269783.0,1766593800000
690.47,690.485,690.25,690.37,1211451.0,1766594700000
690.37,690.64,690.37,690.59,2617509.0,1766595600000
690.58,690.64,690.27,690.535,2996326.0,1766596500000
690.535,690.83,690.33,690.35,2421079.0,1766597400000
690.36,690.65,690.17,690.28,6065910.0,1766598300000
690.29,690.38,690.28,690.38,1085939.0,1766599200000
690.64,691.57,690.27,691.55,3223703.0,1766759400000
691.55,691.66,690.455,690.77,2356549.0,1766760300000
690.77,690.82,689.75,689.91,2131355.0,1766761200000
689.91,690.76,689.65,690.735,2012779.0,1766762100000
690.73,691.0001,690.49,690.51,1309195.0,1766763000000
690.52,690.87,690.4,690.825,1005971.0,1766763900000
690.825,690.96,689.91,689.93,1318144.0,1766764800000
689.92,690.38,689.77,690.2641,1338692.0,1766765700000
690.27,690.33,690.11,690.225,1387485.0,1766766600000
690.24,690.29,689.77,689.99,1045756.0,1766767500000
689.98,690.01,689.415,689.49,937075.0,1766768400000
689.48,690.15,689.39,690.14,1192890.0,1766769300000
690.13,690.2,689.51,689.63,1029137.0,1766770200000
689.63,689.9101,689.55,689.79,807048.0,1766771100000
689.79,690.05,689.78,689.9,643101.0,1766772000000
689.9,689.9,689.27,689.6971,957870.0,1766772900000
689.69,690.1,689.65,689.915,843519.0,1766773800000
689.91,690.29,689.805,690.21,757458.0,1766774700000
690.205,690.46,690.07,690.24,888948.0,1766775600000
690.235,690.3,689.975,690.0418,761695.0,1766776500000
690.04,690.32,690.0375,690.18,766734.0,1766777400000
690.19,690.22,690.08,690.155,892390.0,1766778300000
690.15,690.34,690.04,690.1801,968572.0,1766779200000
690.18,690.275,690.0686,690.2,1035385.0,1766780100000
690.2,690.5,690.17,690.45,1757040.0,1766781000000
690.45,690.46,690.005,690.25,6040339.0,1766781900000
687.54,689.2,687.19,688.43,4315600.0,1767018600000
688.44,688.44,687.33,687.56,2882379.0,1767019500000
687.56,687.87,686.82,687.0997,2220824.0,1767020400000
687.1,688.06,687.09,687.95,1624083.0,1767021300000
687.94,688.4,687.69,688.19,1306724.0,1767022200000
688.19,688.2297,686.89,687.35,1870519.0,1767023100000
687.35,687.6376,687.02,687.48,1771304.0,1767024000000
687.48,687.49,686.945,687.1699,1143670.0,1767024900000
687.16,687.49,686.69,686.8744,1450766.0,1767025800000
686.88,687.39,686.84,687.08,1165103.0,1767026700000
687.08,687.23,686.6,686.84,857641.0,1767027600000
686.83,686.93,686.07,686.27,1107646.0,1767028500000
686.27,686.565,686.18,686.505,1131247.0,1767029400000
686.5,687.0956,686.47,686.99,1095533.0,1767030300000
686.99,687.13,686.79,686.905,1008894.0,1767031200000
686.91,687.545,686.9,687.33,1198196.0,1767032100000
687.33,687.89,687.3168,687.465,1613161.0,1767033000000
687.465,687.505,687.17,687.225,1191814.0,1767033900000
687.22,687.29,686.87,687.0,2354135.0,1767034800000
687.0,687.47,686.93,687.46,1460742.0,1767035700000
687.45,688.08,687.43,687.925,2209214.0,1767036600000
687.93,688.46,687.86,688.3,2502037.0,1767037500000
688.3,688.495,688.11,688.48,2112357.0,1767038400000
688.4869,688.62,688.16,688.18,1895039.0,1767039300000
688.18,688.405,687.84,687.98,2965933.0,1767040200000
687.98,688.19,687.4,687.84,7413342.0,1767041100000
687.445,687.87,687.1,687.12,2306207.0,1767105000000
687.13,688.53,686.88,688.09,2303240.0,1767105900000
688.08,688.17,686.81,686.9201,1723599.0,1767106800000
686.93,687.4199,686.75,686.94,1648707.0,1767107700000
686.94,687.03,686.58,686.78,1172119.0,1767108600000
686.81,687.73,686.69,687.6105,1504483.0,1767109500000
687.6,688.02,687.51,687.79,1340398.0,1767110400000
687.79,688.555,687.77,688.2472,1491732.0,1767111300000
688.24,688.27,687.39,687.6299,1350156.0,1767112200000
687.63,687.6711,687.2,687.23,951847.0,1767113100000
687.22,687.32,687.03,687.06,1040334.0,1767114000000
687.06,687.43,686.87,687.38,1465388.0,1767114900000
687.38,687.71,687.35,687.4,937190.0,1767115800000
687.4,687.6999,687.195,687.635,702275.0,1767116700000
687.635,687.79,687.22,687.7,858109.0,1767117600000
687.7,687.79,687.535,687.7692,522335.0,1767118500000
687.76,687.93,687.47,687.66,842786.0,1767119400000
687.66,687.88,687.618,687.765,623358.0,1767120300000
687.76,687.87,687.42,687.86,1342030.0,1767121200000
687.855,687.87,687.66,687.81,1020602.0,1767122100000
687.81,687.94,687.66,687.79,1185098.0,1767123000000
687.79,687.855,687.4,687.56,1158050.0,1767123900000
687.56,687.65,687.04,687.28,1386668.0,1767124800000
687.27,687.73,687.23,687.51,1452410.0,1767125700000
687.51,687.815,687.48,687.67,2108323.0,1767126600000
687.68,687.69,686.7,686.94,7516602.0,1767127500000
687.14,687.36,685.71,685.855,3965221.0,1767191400000
685.85,686.47,685.28,685.96,3464341.0,1767192300000
685.96,686.06,685.25,685.445,2590998.0,1767193200000
685.45,685.65,684.915,685.55,2002523.0,1767194100000
685.54,685.655,684.94,685.12,2082176.0,1767195000000
685.115,685.14,684.18,684.33,2343443.0,1767195900000
684.32,684.6677,684.3,684.55,2166857.0,1767196800000
684.545,685.13,684.5141,685.12,2060378.0,1767197700000
685.125,685.15,684.74,684.92,1177508.0,1767198600000
684.93,685.43,684.7854,685.35,964029.0,1767199500000
685.355,685.43,684.61,684.96,1241559.0,1767200400000
684.961,685.215,684.8409,685.0,888511.0,1767201300000
684.99,685.31,684.89,685.0883,854211.0,1767202200000
685.09,685.15,684.65,684.805,810415.0,1767203100000
684.8,685.31,684.72,685.31,949278.0,1767204000000
685.32,685.39,684.95,685.3698,896296.0,1767204900000
685.3688,685.7307,685.25,685.73,1239788.0,1767205800000
685.74,686.05,685.655,685.84,1388681.0,1767206700000
685.83,686.24,685.82,685.905,1388314.0,1767207600000
685.905,685.92,685.01,685.035,1487629.0,1767208500000
685.04,685.14,684.09,684.5601,2638613.0,1767209400000
684.56,684.6399,684.04,684.14,1998604.0,1767210300000
684.14,684.2,682.94,683.24,3218732.0,1767211200000
683.24,683.53,682.545,682.72,3490738.0,1767212100000
682.72,683.72,682.53,683.42,3944328.0,1767213000000
683.42,683.48,681.71,681.84,11210393.0,1767213900000
685.71,686.15,684.12,684.9302,5699493.0,1767364200000
684.96,686.84,684.76,686.19,4186192.0,1767365100000
686.21,686.87,684.12,684.35,4166346.0,1767366000000
684.34,684.4187,681.58,682.45,6423812.0,1767366900000
682.45,684.59,682.1,684.125,4010109.0,1767367800000
684.15,684.43,681.1,681.455,4274407.0,1767368700000
681.46,681.87,680.42,681.84,4371102.0,1767369600000
681.83,682.4,681.185,681.81,2424382.0,1767370500000
681.81,682.65,681.42,681.45,2420369.0,1767371400000
681.44,681.66,680.28,681.158,2766413.0,1767372300000
681.15,682.375,680.64,682.3,2097726.0,1767373200000
682.305,682.5,681.85,682.45,2211518.0,1767374100000
682.45,682.8009,681.71,682.025,1361285.0,1767375000000
682.03,682.28,680.98,681.18,1710916.0,1767375900000
681.18,681.58,680.76,680.83,1323526.0,1767376800000
680.83,681.7886,680.64,680.98,1372794.0,1767377700000
680.98,681.36,680.7544,681.125,1259122.0,1767378600000
681.1301,681.35,679.82,680.525,2147837.0,1767379500000
680.525,682.54,680.35,682.38,3099084.0,1767380400000
682.37,683.12,681.9,682.95,2402851.0,1767381300000
682.94,683.95,682.9,683.565,3020980.0,1767382200000
683.56,683.76,682.89,683.13,2374674.0,1767383100000
683.13,683.68,682.85,683.21,2256714.0,1767384000000
683.21,683.7,683.0,683.24,2439293.0,1767384900000
683.24,683.42,682.5701,682.6299,2571720.0,1767385800000
682.61,683.35,682.07,683.17,8350775.0,1767386700000
686.54,687.64,686.375,687.4,6893860.0,1767623400000
687.4,687.88,686.51,687.06,3793840.0,1767624300000
687.08,687.95,686.63,687.61,2877395.0,1767625200000
687.61,688.61,687.28,688.5256,2786929.0,1767626100000
688.52,688.82,687.96,688.05,2674822.0,1767627000000
688.05,688.59,688.04,688.32,2440487.0,1767627900000
688.32,688.72,687.96,688.3602,2050268.0,1767628800000
688.365,688.87,688.225,688.64,1716086.0,1767629700000
688.63,688.95,688.425,688.86,2222573.0,1767630600000
688.87,689.43,688.782,688.91,3149915.0,1767631500000
688.91,689.13,688.79,688.98,2380205.0,1767632400000
688.985,689.04,688.21,688.35,1446238.0,1767633300000
688.3599,688.61,688.203,688.36,1259092.0,1767634200000
688.36,688.79,688.28,688.58,1099852.0,1767635100000
688.57,688.75,688.1,688.42,1024200.0,1767636000000
688.42,688.42,687.65,688.38,1974786.0,1767636900000
688.36,688.67,688.3,688.59,1158575.0,1767637800000
688.595,688.775,688.45,688.54,977419.0,1767638700000
688.54,688.715,688.16,688.27,1208316.0,1767639600000
688.2788,688.39,688.13,688.185,1260847.0,1767640500000
688.19,688.2999,687.29,687.66,2075925.0,1767641400000
687.65,688.0,687.52,687.6198,1720460.0,1767642300000
687.615,688.24,687.5101,688.13,1773009.0,1767643200000
688.13,688.225,687.78,687.966,1841042.0,1767644100000
687.965,688.12,687.79,687.81,2332109.0,1767645000000
687.8075,688.04,687.16,687.73,9295281.0,1767645900000
687.93,688.66,687.78,688.49,4265508.0,1767709800000
688.49,690.16,688.48,690.075,4296346.0,1767710700000
690.075,690.64,689.99,690.605,3638628.0,1767711600000
690.61,690.86,690.12,690.6599,2632393.0,1767712500000
690.65,690.65,689.68,689.79,2954182.0,1767713400000
689.78,690.01,688.695,689.105,3498780.0,1767714300000
689.1,689.1198,688.3,688.865,2783557.0,1767715200000
688.865,689.5,688.73,689.045,1656123.0,1767716100000
689.05,689.35,688.62,688.75,2326344.0,1767717000000
688.75,689.526,688.73,689.43,2310890.0,1767717900000
689.43,689.98,689.155,689.8542,1190723.0,1767718800000
689.85,690.62,689.85,690.39,1893907.0,1767719700000
690.39,691.1,690.37,690.7873,2167612.0,1767720600000
690.79,691.045,690.61,690.945,1161082.0,1767721500000
690.95,690.98,690.55,690.93,1286901.0,1767722400000
690.9221,691.2,690.83,690.8702,1257591.0,1767723300000
690.88,691.445,690.65,691.37,1238724.0,1767724200000
691.37,691.725,691.36,691.72,1691836.0,1767725100000
691.72,692.125,691.67,692.085,1759125.0,1767726000000
692.08,692.16,691.935,691.94,1370250.0,1767726900000
691.948,692.165,691.895,692.08,1642152.0,1767727800000
692.08,692.13,691.82,691.875,1309118.0,1767728700000
691.875,692.21,691.825,692.06,1560910.0,1767729600000
692.06,692.24,691.9401,691.96,1877738.0,1767730500000
691.96,692.26,691.92,692.08,3253515.0,1767731400000
692.08,692.315,691.8,691.8,7569960.0,1767732300000
692.19,692.795,691.71,692.7413,3806698.0,1767796200000
692.7421,693.09,692.38,692.5665,2698962.0,1767797100000
692.6,692.77,691.53,691.62,3340488.0,1767798000000
691.62,691.9395,691.1,691.672,2875252.0,1767798900000
691.67,692.52,690.96,691.73,4069580.0,1767799800000
691.73,692.6,691.67,692.505,1750334.0,1767800700000
692.51,692.825,692.42,692.585,1514588.0,1767801600000
692.585,692.705,691.92,692.25,1606108.0,1767802500000
692.25,693.25,692.1683,693.2001,1924604.0,1767803400000
693.21,693.56,693.04,693.505,1994385.0,1767804300000
693.52,693.96,693.47,693.7102,1774870.0,1767805200000
693.715,693.9499,693.56,693.6596,1323914.0,1767806100000
693.66,693.78,693.34,693.75,1410263.0,1767807000000
693.75,693.79,692.78,692.99,2295985.0,1767807900000
692.99,693.01,692.59,692.7799,1617254.0,1767808800000
692.78,692.78,692.04,692.13,2091569.0,1767809700000
692.13,692.84,692.13,692.73,1776711.0,1767810600000
692.73,693.145,692.5824,692.825,1839953.0,1767811500000
692.83,692.89,691.72,691.965,2783730.0,1767812400000
691.965,692.02,691.45,691.68,2156219.0,1767813300000
691.68,692.16,691.58,691.96,1717675.0,1767814200000
691.955,692.02,691.72,691.74,2566239.0,1767815100000
691.75,691.815,690.7,690.78,2852107.0,1767816000000
690.78,691.12,690.1175,690.36,3761821.0,1767816900000
690.36,690.37,689.32,689.65,5209955.0,1767817800000
689.66,689.96,689.35,689.59,8449283.0,1767818700000
688.82,689.3,687.58,687.825,5644826.0,1767882600000
687.83,689.16,687.49,688.28,3891656.0,1767883500000
688.28,689.85,687.85,689.68,4655498.0,1767884400000
689.68,690.02,689.398,689.63,2251026.0,1767885300000
689.65,689.97,688.72,689.71,2638933.0,1767886200000
689.695,689.93,688.51,689.84,2934606.0,1767887100000
689.85,689.975,688.85,688.91,2370050.0,1767888000000
688.91,689.565,688.65,689.08,1794703.0,1767888900000
689.08,689.705,688.44,689.6,1958598.0,1767889800000
689.61,690.085,689.15,689.9,1850640.0,1767890700000
689.89,689.94,689.26,689.51,1273321.0,1767891600000
689.5,690.0,689.12,689.35,1148281.0,1767892500000
689.34,690.22,689.3243,690.0593,1240256.0,1767893400000
690.06,690.615,689.93,690.09,1439368.0,1767894300000
690.09,690.19,688.83,688.935,2021749.0,1767895200000
688.925,689.7265,688.79,689.5,1459547.0,1767896100000
689.5,689.56,689.245,689.42,961858.0,1767897000000
689.41,689.805,688.76,688.89,1161952.0,1767897900000
688.89,689.34,688.61,688.67,1436779.0,1767898800000
688.67,689.35,688.28,688.92,1571229.0,1767899700000
688.93,689.33,688.5899,688.69,1290373.0,1767900600000
688.7,689.14,688.57,688.86,1344382.0,1767901500000
688.85,689.315,688.71,689.265,1530167.0,1767902400000
689.27,689.65,688.85,689.575,1717559.0,1767903300000
689.57,690.055,689.255,689.44,3216304.0,1767904200000
689.43,689.87,689.28,689.44,5388367.0,1767905100000
690.63,692.295,690.46,691.38,5442876.0,1767969000000
691.37,691.87,690.51,691.51,3650113.0,1767969900000
691.56,691.98,689.18,691.28,5099295.0,1767970800000
691.28,693.34,690.89,693.13,3666884.0,1767971700000
693.13,693.45,691.64,691.67,3819228.0,1767972600000
691.68,692.12,691.28,691.93,2590067.0,1767973500000
691.94,693.65,691.93,693.455,2967681.0,1767974400000
693.455,693.555,692.82,692.8599,2088801.0,1767975300000
692.85,693.25,692.545,693.165,1512308.0,1767976200000
693.15,694.03,693.14,693.89,2209310.0,1767977100000
693.88,694.275,693.72,694.18,1552294.0,1767978000000
694.17,694.38,693.76,694.22,1258808.0,1767978900000
694.23,694.5,694.01,694.09,1243472.0,1767979800000
694.085,694.39,693.95,693.975,1342642.0,1767980700000
693.96,694.0101,693.47,693.675,1431836.0,1767981600000
693.67,693.89,693.36,693.87,1078561.0,1767982500000
693.87,694.8899,693.855,694.52,1712171.0,1767983400000
694.52,694.67,694.42,694.53,1254600.0,1767984300000
694.52,694.77,694.36,694.57,1137359.0,1767985200000
694.57,694.845,694.57,694.81,1052544.0,1767986100000
694.805,694.89,694.71,694.81,1422884.0,1767987000000
694.81,695.23,694.755,694.8999,1724817.0,1767987900000
694.89,695.15,694.76,694.8165,1391840.0,1767988800000
694.82,695.31,694.76,695.025,2262203.0,1767989700000
695.02,695.12,694.68,694.82,3375950.0,1767990600000
694.81,694.9198,693.9,693.99,8246726.0,1767991500000
690.68,693.23,690.63,692.7499,6323893.0,1768228200000
692.76,693.9,692.54,693.63,3698647.0,1768229100000
693.64,693.79,693.0,693.3199,3131089.0,1768230000000
693.32,693.81,693.07,693.57,2479031.0,1768230900000
693.565,693.61,692.96,693.395,2462208.0,1768231800000
693.39,694.06,693.06,693.91,1858548.0,1768232700000
693.915,694.48,693.66,694.48,2046776.0,1768233600000
694.47,694.68,694.0,694.23,2461683.0,1768234500000
694.24,694.6,694.07,694.335,1150124.0,1768235400000
694.34,694.86,694.2,694.56,1831347.0,1768236300000
694.56,694.8399,694.36,694.59,1146011.0,1768237200000
694.58,694.64,694.25,694.535,1453233.0,1768238100000
694.53,694.55,694.1,694.44,1070201.0,1768239000000
694.45,694.76,694.41,694.6601,998021.0,1768239900000
694.67,695.055,694.585,694.945,1316171.0,1768240800000
694.95,695.2,694.81,695.125,1256453.0,1768241700000
695.125,695.16,694.93,695.095,1269810.0,1768242600000
695.09,695.39,695.085,695.215,1219402.0,1768243500000
695.21,695.28,694.945,695.265,1488835.0,1768244400000
695.255,695.46,695.2225,695.32,1548039.0,1768245300000
695.32,695.865,695.295,695.625,1817184.0,1768246200000
695.63,696.03,695.62,695.945,1521729.0,1768247100000
695.945,696.09,695.53,695.615,2042486.0,1768248000000
695.61,695.6229,695.18,695.32,2628091.0,1768248900000
695.32,695.45,695.18,695.325,2403357.0,1768249800000
695.32,695.74,695.14,695.16,6832000.0,1768250700000
695.49,696.09,694.9,695.15,5776110.0,1768314600000
695.14,695.205,694.23,694.245,4338963.0,1768315500000
694.23,694.51,693.17,693.4599,3211734.0,1768316400000
693.46,693.46,692.09,692.73,3602868.0,1768317300000
692.72,695.4365,692.5652,693.085,2817837.0,1768318200000
693.085,694.04,692.64,693.76,1967927.0,1768319100000
693.76,693.99,693.54,693.845,1399997.0,1768320000000
693.84,694.2801,692.41,693.4801,2282344.0,1768320900000
693.48,694.84,693.25,694.595,2273255.0,1768321800000
694.59,695.2,694.36,694.92,2194943.0,1768322700000
694.92,695.12,694.59,694.88,1261096.0,1768323600000
694.88,694.94,693.93,694.56,1587605.0,1768324500000
694.55,694.715,693.45,693.69,2381559.0,1768325400000
693.7,694.08,692.525,692.94,2032518.0,1768326300000
692.92,693.37,692.42,693.3501,2391133.0,1768327200000
693.36,693.49,692.68,692.92,1099962.0,1768328100000
692.91,693.65,692.76,693.11,1354747.0,1768329000000
693.125,693.39,692.54,692.8,1437877.0,1768329900000
692.8,693.055,692.23,692.37,2006938.0,1768330800000
692.38,693.08,692.34,693.01,2134959.0,1768331700000
693.005,693.16,692.71,692.86,1425636.0,1768332600000
692.86,693.205,692.57,692.92,1918525.0,1768333500000
692.92,692.92,692.32,692.375,2307146.0,1768334400000
692.38,692.58,691.94,692.0,2458162.0,1768335300000
692.0,692.31,691.35,692.24,4193091.0,1768336200000
692.26,693.96,692.02,693.75,8816405.0,1768337100000
691.0,691.72,689.45,689.57,6223703.0,1768401000000
689.56,690.49,688.66,688.72,4642916.0,1768401900000
688.72,690.6342,687.67,690.59,5425658.0,1768402800000
690.59,690.85,688.73,688.76,2811080.0,1768403700000
688.75,689.01,687.66,687.815,3147972.0,1768404600000
687.81,688.02,686.51,687.16,4189505.0,1768405500000
687.16,687.66,686.99,687.38,1842709.0,1768406400000
687.39,689.33,687.2616,689.15,2735159.0,1768407300000
689.16,689.47,687.52,687.5256,2582251.0,1768408200000
687.53,687.53,686.13,686.59,3089156.0,1768409100000
686.58,687.35,686.33,687.22,1697747.0,1768410000000
687.22,687.315,686.04,687.0999,1833480.0,1768410900000
687.09,687.09,686.25,686.92,1643356.0,1768411800000
686.915,687.45,686.19,686.6377,1708626.0,1768412700000
686.63,687.435,686.51,687.33,1376764.0,1768413600000
687.32,687.65,686.86,687.6,1299137.0,1768414500000
687.59,687.83,686.26,686.895,1775096.0,1768415400000
686.89,688.24,686.78,688.11,1943275.0,1768416300000
688.11,688.21,687.61,687.99,2017878.0,1768417200000
687.995,688.315,687.75,688.125,1660170.0,1768418100000
688.13,688.37,687.62,688.125,2050261.0,1768419000000
688.13,688.59,687.93,688.06,1675546.0,1768419900000
688.05,689.69,687.32,688.75,6095838.0,1768420800000
688.75,689.171,688.18,689.15,2818743.0,1768421700000
689.15,690.44,689.1,689.14,5563874.0,1768422600000
689.155,690.64,688.62,690.44,12282359.0,1768423500000
694.57,694.69,693.54,694.06,5938329.0,1768487400000
694.07,694.5535,693.18,693.61,3460280.0,1768488300000
693.61,694.2,693.27,694.0,2774540.0,1768489200000
694.0,694.72,693.615,693.94,2609096.0,1768490100000
693.94,694.9,693.865,693.91,2910227.0,1768491000000
693.91,694.59,692.99,694.45,4152582.0,1768491900000
694.45,694.88,694.34,694.49,2493707.0,1768492800000
694.48,695.16,694.36,694.815,2121688.0,1768493700000
694.81,695.03,694.48,694.955,1292348.0,1768494600000
694.96,695.345,694.725,695.03,1576102.0,1768495500000
695.0399,695.45,694.895,695.01,1467084.0,1768496400000
695.01,695.095,694.39,694.45,1389366.0,1768497300000
694.45,694.74,694.2,694.7245,1532967.0,1768498200000
694.72,695.0199,693.905,693.98,1510745.0,1768499100000
693.98,694.8,693.88,694.57,1600453.0,1768500000000
694.57,694.905,694.37,694.885,1236261.0,1768500900000
694.88,695.25,694.79,694.98,1221649.0,1768501800000
694.98,695.06,694.615,694.7158,964711.0,1768502700000
694.71,694.71,693.79,694.355,1815158.0,1768503600000
694.36,694.49,693.52,693.61,1755334.0,1768504500000
693.61,693.7376,692.63,693.39,3137590.0,1768505400000
693.38,693.62,692.58,692.78,2142185.0,1768506300000
692.77,693.03,692.37,692.47,2414841.0,1768507200000
692.46,692.49,691.2907,691.83,4238465.0,1768508100000
691.835,692.25,691.41,691.67,3763235.0,1768509000000
691.67,692.23,691.25,692.18,8136763.0,1768509900000
693.66,694.25,693.11,693.135,4464247.0,1768573800000
693.14,693.86,691.93,691.96,3445961.0,1768574700000
691.96,692.81,691.59,692.28,4054961.0,1768575600000
692.27,692.575,691.5,691.65,3137991.0,1768576500000
691.65,691.74,690.1,690.69,4252558.0,1768577400000
690.7,691.88,690.43,691.86,7149973.0,1768578300000
691.85,692.66,691.555,692.29,3298255.0,1768579200000
692.29,692.82,692.13,692.715,3167779.0,1768580100000
692.72,693.21,692.665,693.15,1365773.0,1768581000000
693.16,693.47,692.13,692.665,2076394.0,1768581900000
692.65,692.96,692.46,692.74,1069767.0,1768582800000
692.75,692.9699,692.4301,692.52,1262553.0,1768583700000
692.52,692.91,692.25,692.675,1168792.0,1768584600000
692.67,692.67,691.89,691.93,1062126.0,1768585500000
691.94,692.72,691.82,692.565,1119348.0,1768586400000
692.565,693.2,692.56,693.0,936705.0,1768587300000
693.0,693.25,692.765,692.865,1236797.0,1768588200000
692.87,693.005,692.5842,692.64,777253.0,1768589100000
692.63,693.71,692.465,692.54,2400260.0,1768590000000
692.535,692.68,691.96,692.04,1840830.0,1768590900000
692.05,693.0,692.01,692.7,1815123.0,1768591800000
692.71,692.965,692.59,692.68,1499115.0,1768592700000
692.67,692.87,692.5,692.76,1308193.0,1768593600000
692.76,692.79,692.155,692.155,1812009.0,1768594500000
692.15,692.41,691.795,692.015,2965225.0,1768595400000
692.01,692.4885,691.47,691.58,8439354.0,1768596300000
681.49,683.27,681.39,683.185,9604888.0,1768919400000
683.19,683.31,681.82,682.18,5813172.0,1768920300000
682.16,682.29,680.91,681.675,5315087.0,1768921200000
681.67,684.01,681.2,683.8788,4596355.0,1768922100000
683.85,684.77,683.67,684.27,4030686.0,1768923000000
684.26,684.38,682.93,683.8,3809692.0,1768923900000
683.81,684.56,682.94,683.93,2949489.0,1768924800000
683.92,684.0,682.58,683.84,2266156.0,1768925700000
683.83,684.345,682.89,682.96,2155417.0,1768926600000
682.96,683.87,682.32,683.69,2661138.0,1768927500000
683.67,683.905,682.58,683.01,2630952.0,1768928400000
683.005,683.2,682.12,682.395,1628020.0,1768929300000
682.39,682.39,681.3,681.34,3218855.0,1768930200000
681.34,681.345,680.45,681.08,2823901.0,1768931100000
681.08,681.48,680.86,681.135,1472818.0,1768932000000
681.13,681.15,680.225,680.29,1433767.0,1768932900000
680.28,680.42,679.073,679.13,2473105.0,1768933800000
679.13,679.28,678.025,678.72,3232887.0,1768934700000
678.73,679.27,678.138,678.47,2848963.0,1768935600000
678.47,678.47,677.69,678.04,2840047.0,1768936500000
678.04,678.48,677.29,677.845,2716270.0,1768937400000
677.83,678.2,677.55,677.83,2099237.0,1768938300000
677.85,677.89,676.9528,677.04,3224352.0,1768939200000
677.05,678.15,676.93,677.39,5551691.0,1768940100000
677.4,677.74,676.64,676.95,4818244.0,1768941000000
676.96,677.66,676.57,677.61,12398833.0,1768941900000
679.65,680.7,678.97,680.0023,8902853.0,1769005800000
680.01,682.675,680.0,682.49,4525963.0,1769006700000
682.48,682.81,681.65,682.29,3689479.0,1769007600000
682.3,683.42,682.03,683.02,2999759.0,1769008500000
683.02,684.605,682.94,684.48,3356883.0,1769009400000
684.48,685.13,684.48,684.7321,2630386.0,1769010300000
684.73,684.84,684.05,684.18,2739287.0,1769011200000
684.18,684.61,683.83,684.25,2205206.0,1769012100000
684.25,684.3,681.18,681.25,5508522.0,1769013000000
681.25,681.92,679.91,680.045,4247333.0,1769013900000
680.05,680.74,678.16,678.37,3742540.0,1769014800000
678.38,680.33,678.13,679.85,4158546.0,1769015700000
679.865,680.03,679.01,679.28,2328759.0,1769016600000
679.275,680.97,678.99,680.63,2692739.0,1769017500000
680.62,680.77,678.63,680.2,2613721.0,1769018400000
680.21,680.76,679.51,680.57,2195647.0,1769019300000
680.57,680.86,679.78,680.05,1760190.0,1769020200000
680.05,681.5,679.72,680.99,2115971.0,1769021100000
680.99,681.24,679.93,680.07,1707841.0,1769022000000
680.105,685.02,679.87,684.4,5791859.0,1769022900000
684.41,687.52,684.33,687.24,10077282.0,1769023800000
687.24,688.71,687.14,688.475,7071922.0,1769024700000
688.475,688.735,686.94,687.12,4232915.0,1769025600000
687.12,687.26,685.315,685.355,4896930.0,1769026500000
685.35,686.16,684.75,685.45,5404316.0,1769027400000
685.44,685.64,684.63,685.33,10618767.0,1769028300000
689.85,690.67,688.92,689.4,7369137.0,1769092200000
689.4,689.54,687.38,687.89,4794400.0,1769093100000
687.89,688.015,686.92,687.3213,3976562.0,1769094000000
687.35,688.61,687.13,688.44,2898719.0,1769094900000
688.46,689.24,688.05,689.225,1992062.0,1769095800000
689.22,689.49,688.58,688.63,1933263.0,1769096700000
688.62,689.73,688.58,689.67,1737634.0,1769097600000
689.67,690.0469,689.23,689.8,2072013.0,1769098500000
689.8,690.22,689.62,690.075,1120542.0,1769099400000
690.09,690.5,689.65,689.715,1311380.0,1769100300000
689.71,690.558,689.405,690.345,1802170.0,1769101200000
690.38,690.44,689.76,690.23,1257379.0,1769102100000
690.24,690.92,690.24,690.75,1398004.0,1769103000000
690.75,691.08,690.67,690.955,1018193.0,1769103900000
690.95,691.125,690.37,690.46,1516683.0,1769104800000
690.47,690.76,690.27,690.45,1012168.0,1769105700000
690.44,690.84,690.29,690.36,1182000.0,1769106600000
690.36,690.62,689.83,690.025,1160129.0,1769107500000
690.01,690.96,689.97,690.7,2129198.0,1769108400000
690.7,690.87,690.5,690.66,1816484.0,1769109300000
690.66,690.735,689.69,689.745,2335858.0,1769110200000
689.75,689.85,688.74,688.77,2511736.0,1769111100000
688.76,689.225,688.61,689.19,2568883.0,1769112000000
689.19,689.51,688.13,688.16,2785364.0,1769112900000
688.16,688.29,687.595,688.17,4058268.0,1769113800000
688.17,689.045,688.17,688.93,6326530.0,1769114700000
688.15,688.68,687.16,687.941,4489933.0,1769178600000
688.0,688.81,687.27,688.77,2670066.0,1769179500000
688.83,689.44,688.49,688.63,2456895.0,1769180400000
688.63,689.8501,688.31,689.325,2674878.0,1769181300000
689.32,689.887,689.21,689.69,1544997.0,1769182200000
689.69,690.71,689.5303,690.48,2155150.0,1769183100000
690.47,690.96,690.21,690.58,2219716.0,1769184000000
690.595,690.81,689.92,690.07,1267329.0,1769184900000
690.06,690.605,689.42,690.4202,1763515.0,1769185800000
690.42,690.615,689.66,689.7481,1521514.0,1769186700000
689.75,690.26,689.35,690.245,1386650.0,1769187600000
690.245,690.35,689.75,690.19,1032191.0,1769188500000
690.198,690.28,688.72,688.805,1871239.0,1769189400000
688.81,689.18,687.73,687.99,2538878.0,1769190300000
687.98,689.04,687.86,688.47,1952180.0,1769191200000
688.48,689.135,688.39,688.92,1258780.0,1769192100000
688.94,689.28,688.418,688.74,1195577.0,1769193000000
688.74,689.13,688.37,688.97,961884.0,1769193900000
688.97,689.845,688.91,689.5,1919846.0,1769194800000
689.51,690.1995,689.45,689.5479,1662363.0,1769195700000
689.55,689.86,688.94,689.46,1986703.0,1769196600000
689.47,689.66,689.135,689.53,1177577.0,1769197500000
689.52,689.585,688.51,689.15,2277266.0,1769198400000
689.16,689.55,688.81,688.845,1609333.0,1769199300000
688.84,689.35,688.55,689.22,3026177.0,1769200200000
689.225,689.61,688.84,689.185,5763381.0,1769201100000
690.49,692.29,689.92,692.185,5258364.0,1769437800000
692.19,692.63,692.07,692.265,2967019.0,1769438700000
692.26,692.67,691.75,692.585,1840935.0,1769439600000
692.58,693.4,692.49,692.55,2892682.0,1769440500000
692.54,693.07,692.23,692.31,1910495.0,1769441400000
692.3,693.3388,692.3,692.975,1971264.0,1769442300000
692.98,693.08,692.62,692.83,1313707.0,1769443200000
692.82,693.28,692.23,693.11,1617222.0,1769444100000
693.11,693.36,692.84,692.925,1256795.0,1769445000000
692.91,693.23,692.775,693.12,926959.0,1769445900000
693.1,693.7099,693.03,693.495,1200459.0,1769446800000
693.495,693.6794,693.43,693.5068,888067.0,1769447700000
693.5,693.58,693.24,693.56,1193172.0,1769448600000
693.56,693.56,693.03,693.24,933438.0,1769449500000
693.24,693.36,692.9,693.055,845762.0,1769450400000
693.05,693.87,692.935,693.79,1240983.0,1769451300000
693.78,694.13,693.47,693.535,1328424.0,1769452200000
693.53,693.695,693.33,693.59,875736.0,1769453100000
693.58,693.98,693.48,693.8179,1325585.0,1769454000000
693.81,693.91,693.46,693.82,1013259.0,1769454900000
693.825,694.0,693.57,693.86,1167615.0,1769455800000
693.87,693.94,693.54,693.59,1464908.0,1769456700000
693.6,693.75,693.42,693.65,1666753.0,1769457600000
693.65,693.74,693.44,693.57,2136559.0,1769458500000
693.575,693.87,693.43,693.58,2882857.0,1769459400000
693.58,693.7867,692.62,692.71,9318122.0,1769460300000
694.18,694.4,693.57,694.09,3472617.0,1769524200000
694.1,695.48,694.1,695.17,2941530.0,1769525100000
695.18,695.44,694.51,695.15,2500661.0,1769526000000
695.13,695.41,694.77,694.78,1405187.0,1769526900000
694.77,695.905,694.715,695.82,1823271.0,1769527800000
695.81,696.14,695.7413,696.0,1597186.0,1769528700000
696.0,696.27,695.98,696.215,2085322.0,1769529600000
696.215,696.48,696.105,696.19,1309477.0,1769530500000
696.19,696.53,696.135,696.3293,1372583.0,1769531400000
696.33,696.42,696.01,696.01,1851379.0,1769532300000
696.01,696.14,695.75,695.77,1559559.0,1769533200000
695.77,696.12,695.38,695.985,1797928.0,1769534100000
695.98,696.08,695.56,695.67,965339.0,1769535000000
695.67,695.79,695.38,695.425,849982.0,1769535900000
695.42,695.4642,694.91,695.43,1929522.0,1769536800000
695.42,695.97,695.4,695.795,859049.0,1769537700000
695.8,696.165,695.71,695.76,955253.0,1769538600000
695.76,696.21,695.72,696.03,753609.0,1769539500000
696.02,696.05,695.74,695.965,1264518.0,1769540400000
695.96,696.2,695.92,696.17,710897.0,1769541300000
696.17,696.36,696.035,696.16,1250312.0,1769542200000
696.16,696.19,696.0,696.075,742628.0,1769543100000
696.07,696.4,696.0,696.3675,1340596.0,1769544000000
696.37,696.38,695.94,695.9999,1628466.0,1769544900000
695.99,696.09,695.81,695.975,1722008.0,1769545800000
695.96,696.18,695.4,695.54,7090144.0,1769546700000
697.05,697.7,696.95,697.65,4757356.0,1769610600000
697.645,697.84,696.9,697.12,2832080.0,1769611500000
697.11,697.32,696.1035,696.11,2690115.0,1769612400000
696.12,697.1,696.03,696.5139,1899526.0,1769613300000
696.52,696.79,695.78,695.8201,1511737.0,1769614200000
695.82,696.0602,695.54,695.555,1570503.0,1769615100000
695.56,696.33,695.55,696.01,1339114.0,1769616000000
696.01,696.15,695.45,696.1242,1266961.0,1769616900000
696.12,696.12,694.78,694.85,1554976.0,1769617800000
694.85,695.175,694.495,694.7218,1775981.0,1769618700000
694.72,695.52,694.69,695.455,1306267.0,1769619600000
695.46,695.68,694.68,694.855,1469390.0,1769620500000
694.835,695.0,694.52,694.86,1090742.0,1769621400000
694.84,695.435,694.705,694.85,1014690.0,1769622300000
694.84,695.26,694.56,695.18,972885.0,1769623200000
695.18,695.43,695.08,695.15,691903.0,1769624100000
695.16,695.31,694.88,695.0,665232.0,1769625000000
695.01,695.22,694.765,695.11,1099541.0,1769625900000
695.09,695.6499,694.046,694.915,2192342.0,1769626800000
694.908,695.36,694.13,694.18,1323924.0,1769627700000
694.18,696.07,693.94,694.69,4248799.0,1769628600000
694.68,695.84,694.55,694.91,1852914.0,1769629500000
694.91,696.19,694.78,695.79,1817078.0,1769630400000
695.77,696.285,695.41,695.45,2004355.0,1769631300000
695.44,695.665,695.08,695.15,2372242.0,1769632200000
695.14,696.135,694.75,695.425,8329132.0,1769633100000
696.39,697.06,693.17,693.205,6275094.0,1769697000000
693.21,694.02,691.47,691.56,5300236.0,1769697900000
691.57,691.64,688.96,689.17,5807002.0,1769698800000
689.17,690.79,688.86,688.97,4244428.0,1769699700000
688.97,689.31,686.3,686.56,5326614.0,1769700600000
686.56,687.29,685.1935,686.05,5135600.0,1769701500000
686.07,687.64,684.83,687.6,4577059.0,1769702400000
687.6,688.655,687.28,687.91,4221423.0,1769703300000
687.91,689.02,687.82,688.47,2479362.0,1769704200000
688.48,689.04,688.15,688.705,2674766.0,1769705100000
688.71,690.84,688.64,690.58,2268313.0,1769706000000
690.59,691.36,690.33,691.0301,2432257.0,1769706900000
691.02,691.675,690.16,690.71,2360183.0,1769707800000
690.71,690.74,688.71,688.89,2336683.0,1769708700000
688.89,691.15,688.71,690.89,2435870.0,1769709600000
690.88,691.03,690.23,690.97,1507029.0,1769710500000
690.98,691.81,690.19,691.31,2169241.0,1769711400000
691.34,691.55,690.57,690.59,1444162.0,1769712300000
690.59,691.86,690.225,691.58,2780763.0,1769713200000
691.57,692.21,691.395,692.07,1813097.0,1769714100000
692.07,692.225,691.21,691.735,2294701.0,1769715000000
691.74,691.915,691.08,691.13,1841495.0,1769715900000
691.13,691.96,691.045,691.57,1754436.0,1769716800000
691.55,692.05,691.43,691.57,2095817.0,1769717700000
691.58,692.875,691.39,692.63,3453955.0,1769718600000
692.62,694.79,692.46,693.97,9922845.0,1769719500000
691.79,693.71,691.33,692.64,4804446.0,1769783400000
692.64,693.3,691.222,691.69,3383425.0,1769784300000
691.67,694.05,691.64,693.44,2999655.0,1769785200000
693.45,693.8,691.24,691.385,2209686.0,1769786100000
691.38,693.78,690.89,693.5001,2353087.0,1769787000000
693.5,694.21,691.93,692.12,2359210.0,1769787900000
692.1201,692.69,691.63,691.9699,1607325.0,1769788800000
691.96,691.975,690.255,691.06,2601300.0,1769789700000
691.05,692.43,690.8576,691.89,1953596.0,1769790600000
691.9,691.93,690.38,690.67,1457396.0,1769791500000
690.68,690.77,688.73,689.11,2657146.0,1769792400000
689.12,691.19,688.89,691.07,2579207.0,1769793300000
691.065,691.53,689.57,690.51,1954683.0,1769794200000
690.52,691.14,689.13,689.17,1690281.0,1769795100000
689.15,690.28,688.88,689.2301,1483570.0,1769796000000
689.23,689.5395,687.12,689.47,2962344.0,1769796900000
689.47,689.67,687.85,688.86,1866482.0,1769797800000
688.85,692.08,688.78,691.37,2693026.0,1769798700000
691.38,692.7,691.35,691.965,2900175.0,1769799600000
691.95,692.7,691.3,691.34,2425888.0,1769800500000
691.33,692.05,690.56,691.29,2496710.0,1769801400000
691.27,692.28,690.4458,690.57,3940596.0,1769802300000
690.57,691.21,689.96,690.015,3425836.0,1769803200000
690.02,690.44,689.3,690.04,2958497.0,1769804100000
690.07,691.3,689.97,691.16,3341990.0,1769805000000
691.16,692.8262,690.82,691.85,17301195.0,1769805900000
689.58,692.73,689.425,692.59,7590646.0,1770042600000
692.59,693.84,692.1,692.7,4203692.0,1770043500000
692.62,695.23,692.31,695.12,4660613.0,1770044400000
695.11,695.67,694.57,694.685,3924539.0,1770045300000
694.685,695.75,694.4599,695.1,2764106.0,1770046200000
695.11,695.23,694.355,694.73,2258558.0,1770047100000
694.72,695.14,693.92,695.08,2180645.0,1770048000000
695.08,695.68,694.915,695.55,2043290.0,1770048900000
695.56,695.57,694.89,695.14,1328097.0,1770049800000
695.15,695.86,694.49,695.75,1548304.0,1770050700000
695.75,696.52,695.64,696.16,2181533.0,1770051600000
696.17,696.41,695.94,696.225,1111659.0,1770052500000
696.2275,696.62,696.05,696.29,1108380.0,1770053400000
696.29,696.93,696.25,696.405,1056180.0,1770054300000
696.41,696.7199,696.225,696.2601,1276029.0,1770055200000
696.26,696.3,695.685,696.0601,1243791.0,1770056100000
696.07,696.51,696.025,696.43,1038245.0,1770057000000
696.42,696.76,696.42,696.49,1053887.0,1770057900000
696.49,696.88,696.36,696.72,1558381.0,1770058800000
696.71,696.855,696.62,696.79,1328319.0,1770059700000
696.785,696.79,696.165,696.55,1800806.0,1770060600000
696.5499,696.78,695.345,695.52,2656437.0,1770061500000
695.525,696.47,695.0103,695.7925,4631188.0,1770062400000
695.795,696.25,695.46,695.8086,3075612.0,1770063300000
695.81,695.96,695.23,695.31,2754376.0,1770064200000
695.3,695.81,695.08,695.46,10367227.0,1770065100000
696.21,696.96,694.905,695.19,6737451.0,1770129000000
695.2,696.15,693.34,693.48,4593250.0,1770129900000
693.51,693.72,691.62,691.91,6310029.0,1770130800000
691.93,692.92,690.8,692.205,3864938.0,1770131700000
692.19,692.6,691.06,691.35,2959945.0,1770132600000
691.35,693.43,690.93,693.14,3805655.0,1770133500000
693.14,693.19,691.87,692.02,1883388.0,1770134400000
692.02,692.39,690.67,690.8,2355986.0,1770135300000
690.81,691.44,690.39,690.98,2657920.0,1770136200000
690.97,691.4499,690.27,690.64,2187321.0,1770137100000
690.64,690.74,688.61,689.12,3853884.0,1770138000000
689.12,690.12,688.825,688.83,3326739.0,1770138900000
688.82,688.94,687.39,687.63,3289791.0,1770139800000
687.62,688.73,687.45,687.7,2622186.0,1770140700000
687.69,688.55,686.42,686.71,3352837.0,1770141600000
686.71,687.37,686.24,686.365,2305524.0,1770142500000
686.365,686.41,685.57,685.77,2268781.0,1770143400000
685.76,685.99,684.85,684.86,2177652.0,1770144300000
684.84,686.46,684.03,686.39,5231585.0,1770145200000
686.4,687.22,685.72,686.2135,4475434.0,1770146100000
686.21,686.88,685.82,686.14,3134044.0,1770147000000
686.1356,687.08,685.13,686.83,3257606.0,1770147900000
686.82,687.06,686.28,687.04,2249226.0,1770148800000
687.03,687.805,686.59,687.53,3866299.0,1770149700000
687.53,689.2,687.49,688.57,4767800.0,1770150600000
688.58,689.75,688.39,689.47,8022368.0,1770151500000
690.35,691.29,688.9907,690.65,6118940.0,1770215400000
690.66,691.45,687.83,688.19,4083320.0,1770216300000
688.17,689.62,686.51,688.89,5112448.0,1770217200000
688.9,690.85,688.335,689.9,3946138.0,1770218100000
689.9,690.27,687.32,689.59,5369732.0,1770219000000
689.59,689.78,688.21,688.59,2714701.0,1770219900000
688.61,688.9,686.57,687.87,4013247.0,1770220800000
687.87,688.48,686.39,688.3499,3230569.0,1770221700000
688.35,688.48,685.37,685.42,2645601.0,1770222600000
685.42,686.77,684.335,686.59,4507754.0,1770223500000
686.58,687.1,685.87,686.78,2189493.0,1770224400000
686.77,686.96,683.22,683.7,2868331.0,1770225300000
683.7,684.8,682.03,683.09,5351241.0,1770226200000
683.095,683.86,681.76,683.66,3609475.0,1770227100000
683.66,684.05,682.33,682.87,2629474.0,1770228000000
682.87,685.01,682.35,684.8,2908915.0,1770228900000
684.81,685.06,683.11,684.06,2753186.0,1770229800000
684.06,685.51,683.151,684.63,2468210.0,1770230700000
684.62,684.9,683.4,684.29,2803587.0,1770231600000
684.24,685.405,684.14,685.34,2307748.0,1770232500000
685.34,686.99,685.3,686.58,3321707.0,1770233400000
686.58,688.48,686.33,688.27,4437513.0,1770234300000
688.27,688.49,686.745,687.485,2938528.0,1770235200000
687.49,688.17,687.09,687.54,2663011.0,1770236100000
687.53,688.3,687.29,687.82,2841948.0,1770237000000
687.81,688.44,685.641,686.12,8109609.0,1770237900000
680.94,683.36,678.75,682.94,8708004.0,1770301800000
682.94,683.69,680.28,680.61,4283734.0,1770302700000
680.61,681.38,676.8,676.86,6371459.0,1770303600000
676.86,678.56,676.175,676.64,5296267.0,1770304500000
676.65,678.49,675.94,677.9,5605514.0,1770305400000
677.87,678.245,676.058,677.33,4181688.0,1770306300000
677.35,677.65,675.79,675.91,3461641.0,1770307200000
675.89,679.79,675.86,679.66,4387787.0,1770308100000
679.66,680.73,679.45,679.98,4130211.0,1770309000000
679.96,681.535,678.95,681.24,2944006.0,1770309900000
681.22,681.34,679.28,680.0099,2543060.0,1770310800000
680.0,681.94,678.98,681.5,2282802.0,1770311700000
681.52,682.29,680.71,681.72,1815422.0,1770312600000
681.72,682.615,680.17,680.45,2145390.0,1770313500000
680.46,681.32,679.76,680.17,1854637.0,1770314400000
680.14,680.4,678.85,679.15,1983318.0,1770315300000
679.16,680.01,678.51,679.01,1890868.0,1770316200000
679.0,679.26,677.685,678.3003,1961063.0,1770317100000
678.31,680.86,678.03,680.59,3716533.0,1770318000000
680.59,681.47,680.1,680.245,2801949.0,1770318900000
680.24,680.24,678.5405,678.87,2672761.0,1770319800000
678.87,679.24,678.39,679.09,1959561.0,1770320700000
679.09,680.895,678.69,679.87,2832950.0,1770321600000
679.86,679.9,677.64,677.77,3806205.0,1770322500000
677.79,678.3499,676.92,677.12,4480523.0,1770323400000
677.13,678.04,676.1855,677.45,9534618.0,1770324300000
681.46,685.57,680.85,685.55,9906928.0,1770388200000
685.56,686.51,684.58,684.745,5483424.0,1770389100000
684.8,685.49,683.36,683.73,4333170.0,1770390000000
683.72,685.81,683.11,685.65,3552160.0,1770390900000
685.65,686.75,684.91,686.35,3417231.0,1770391800000
686.36,687.04,684.33,685.8,3935543.0,1770392700000
685.79,687.39,685.43,687.36,3489894.0,1770393600000
687.35,687.72,686.58,687.105,2585560.0,1770394500000
687.105,688.01,687.05,687.7,2426070.0,1770395400000
687.7,688.02,686.94,687.46,1761843.0,1770396300000
687.455,688.4,687.14,687.94,1822912.0,1770397200000
687.94,688.51,687.61,688.48,1467880.0,1770398100000
688.5,688.91,687.8524,688.5,1786029.0,1770399000000
688.5,689.54,688.495,688.95,2063215.0,1770399900000
688.96,689.51,688.89,689.045,1532105.0,1770400800000
689.045,689.44,688.59,688.945,1482577.0,1770401700000
688.95,689.46,688.88,689.305,1178639.0,1770402600000
689.31,689.66,688.95,689.03,1374863.0,1770403500000
689.03,689.42,688.9,688.9099,1731383.0,1770404400000
688.91,689.53,688.74,689.478,1463237.0,1770405300000
689.48,689.56,688.9,688.975,1593651.0,1770406200000
688.98,689.76,688.97,689.35,1502873.0,1770407100000
689.34,689.81,689.1,689.465,2051852.0,1770408000000
689.47,690.14,689.4425,689.775,2565191.0,1770408900000
689.77,690.7687,689.6,690.75,3549674.0,1770409800000
690.76,692.31,690.58,690.66,11289258.0,1770410700000
689.42,691.57,688.34,691.195,6483793.0,1770647400000
691.19,691.635,689.78,690.4,4384654.0,1770648300000
690.38,691.94,690.22,691.78,2982758.0,1770649200000
691.79,692.93,691.69,691.94,2841620.0,1770650100000
691.96,693.765,691.9387,693.54,2812124.0,1770651000000
693.54,694.46,693.21,694.24,2827031.0,1770651900000
694.23,694.62,694.06,694.305,2046435.0,1770652800000
694.3,694.76,694.06,694.6897,2594149.0,1770653700000
694.68,695.0,694.27,694.97,1608656.0,1770654600000
694.97,695.59,694.96,695.39,2107840.0,1770655500000
695.385,695.66,695.21,695.48,1429830.0,1770656400000
695.47,695.59,695.12,695.14,1206194.0,1770657300000
695.15,695.51,694.82,694.93,1132395.0,1770658200000
694.94,695.01,694.48,694.58,1024002.0,1770659100000
694.57,694.952,694.36,694.865,1134893.0,1770660000000
694.87,695.0,693.55,694.23,2474362.0,1770660900000
694.23,695.17,694.0,695.0001,1404212.0,1770661800000
695.0,695.19,694.49,694.67,1129823.0,1770662700000
694.67,695.34,694.49,695.26,1587061.0,1770663600000
695.25,695.87,695.18,695.74,1683079.0,1770664500000
695.74,695.85,695.49,695.59,1273879.0,1770665400000
695.59,695.7,695.34,695.42,1192393.0,1770666300000
695.42,695.72,695.32,695.415,1747212.0,1770667200000
695.41,695.43,694.33,694.575,2858262.0,1770668100000
694.57,694.845,693.88,694.61,4251477.0,1770669000000
694.6,695.02,693.91,693.92,7316786.0,1770669900000
694.95,695.55,693.455,693.985,5503863.0,1770733800000
694.0,696.16,693.64,695.75,3487498.0,1770734700000
695.74,696.435,694.71,695.41,2663410.0,1770735600000
695.41,696.39,694.96,695.92,2336316.0,1770736500000
695.905,696.54,695.35,696.065,1940588.0,1770737400000
696.07,696.21,694.91,695.395,1511478.0,1770738300000
695.4,695.67,694.62,694.9,1580255.0,1770739200000
694.89,695.32,694.09,694.78,2220991.0,1770740100000
694.77,695.12,694.45,694.645,1232226.0,1770741000000
694.65,695.4,694.32,694.77,1186941.0,1770741900000
694.755,695.54,694.2,695.475,1762679.0,1770742800000
695.47,695.6701,694.96,695.25,1537234.0,1770743700000
695.25,695.57,694.825,695.49,867987.0,1770744600000
695.485,695.8,695.34,695.4413,818586.0,1770745500000
695.45,695.47,694.54,694.595,990998.0,1770746400000
694.58,694.67,693.37,693.44,2276920.0,1770747300000
693.43,693.86,693.0,693.615,2246762.0,1770748200000
693.595,693.82,692.85,693.64,1835765.0,1770749100000
693.65,693.88,693.24,693.6599,1756262.0,1770750000000
693.662,693.905,693.13,693.87,1252513.0,1770750900000
693.87,694.13,693.36,693.51,1284682.0,1770751800000
693.52,693.9,693.365,693.77,1005822.0,1770752700000
693.76,693.993,693.11,693.21,1501951.0,1770753600000
693.2,693.84,693.11,693.2975,1688511.0,1770754500000
693.3,693.54,692.87,693.06,2891278.0,1770755400000
693.06,693.435,691.66,692.11,10879462.0,1770756300000
696.39,697.14,695.145,695.41,5234144.0,1770820200000
695.42,696.38,693.805,694.12,3815253.0,1770821100000
694.13,694.76,690.83,691.75,4755505.0,1770822000000
691.755,691.94,689.18,689.72,5769206.0,1770822900000
689.7301,691.74,689.56,691.205,4052203.0,1770823800000
691.2,692.62,690.2599,692.35,3283669.0,1770824700000
692.33,692.925,691.38,692.82,2054126.0,1770825600000
692.82,693.45,691.82,691.84,2121668.0,1770826500000
691.82,693.35,691.5,692.995,2081448.0,1770827400000
693.0,693.32,691.99,692.05,1726335.0,1770828300000
692.05,692.6,691.39,692.345,1948952.0,1770829200000
692.37,693.84,692.09,693.597,2222753.0,1770830100000
693.6,693.86,693.005,693.72,1268434.0,1770831000000
693.735,693.99,692.55,692.77,1213184.0,1770831900000
692.77,692.98,691.52,691.65,1903071.0,1770832800000
691.64,692.88,691.41,692.79,2070937.0,1770833700000
692.7897,693.01,692.16,692.405,1397939.0,1770834600000
692.42,693.02,692.03,692.73,1568888.0,1770835500000
692.73,693.43,692.11,693.28,2238822.0,1770836400000
693.27,693.955,693.22,693.74,1619747.0,1770837300000
693.75,693.86,693.3,693.71,1256384.0,1770838200000
693.71,693.75,692.42,692.94,2938951.0,1770839100000
692.92,693.1,692.65,692.79,1293059.0,1770840000000
692.785,693.08,692.23,692.255,2531038.0,1770840900000
692.25,692.925,691.8505,692.5,2978727.0,1770841800000
692.5,692.99,691.77,691.91,6406028.0,1770842700000
694.24,695.35,693.9806,694.0299,4736792.0,1770906600000
694.03,694.35,692.32,692.83,4437574.0,1770907500000
692.84,693.63,692.16,693.38,3076487.0,1770908400000
693.37,693.73,692.51,693.065,2359910.0,1770909300000
693.08,693.48,690.32,690.38,3805157.0,1770910200000
690.37,690.9,688.585,688.65,3900678.0,1770911100000
688.66,688.805,686.04,686.32,6945998.0,1770912000000
686.3187,686.47,683.575,683.595,8211813.0,1770912900000
683.6,685.84,683.525,684.92,6152811.0,1770913800000
684.92,685.36,683.89,684.64,3762426.0,1770914700000
684.63,685.1,683.38,683.84,3532374.0,1770915600000
683.8,685.27,683.46,684.12,3510919.0,1770916500000
684.1,685.575,683.88,685.11,2494349.0,1770917400000
685.11,685.399,682.95,682.99,2408309.0,1770918300000
682.99,684.12,682.48,683.3,2260417.0,1770919200000
683.29,683.765,682.22,683.17,3263231.0,1770920100000
683.165,684.93,682.8,684.86,2981278.0,1770921000000
684.855,685.325,684.295,684.71,2557078.0,1770921900000
684.7,685.13,683.595,684.15,2578529.0,1770922800000
684.15,685.42,684.01,684.15,2587577.0,1770923700000
684.13,685.54,684.12,685.01,2484593.0,1770924600000
685.01,685.965,684.81,685.16,3075802.0,1770925500000
685.18,685.54,684.2,684.85,2650358.0,1770926400000
684.845,684.88,683.11,683.22,3561259.0,1770927300000
683.2,683.4,682.425,682.66,4312207.0,1770928200000
682.66,682.75,680.37,681.29,14956893.0,1770929100000
681.69,682.51,677.52,680.46,8219363.0,1770993000000
680.465,683.32,679.56,679.93,5877162.0,1770993900000
679.91,682.9,679.7768,681.3,3840879.0,1770994800000
681.34,683.37,680.46,682.94,3446620.0,1770995700000
682.94,684.57,681.55,681.65,3941939.0,1770996600000
681.67,683.2,680.79,682.5202,3336253.0,1770997500000
682.52,684.22,682.48,683.43,2506596.0,1770998400000
683.44,684.16,681.83,683.82,2450869.0,1770999300000
683.81,684.6165,682.87,684.54,2287763.0,1771000200000
684.53,685.51,684.21,684.75,2022489.0,1771001100000
684.75,686.05,684.48,685.96,1900143.0,1771002000000
685.96,686.03,684.825,685.365,2089563.0,1771002900000
685.38,686.28,685.26,685.69,1876072.0,1771003800000
685.68,686.05,684.86,685.1,1637176.0,1771004700000
685.11,685.48,684.09,685.27,2202372.0,1771005600000
685.27,686.26,684.95,685.39,2231151.0,1771006500000
685.39,686.06,684.86,684.98,1358542.0,1771007400000
684.99,685.71,684.37,684.66,2074638.0,1771008300000
684.67,685.35,684.44,684.98,1814112.0,1771009200000
684.98,685.365,684.1,684.34,1765994.0,1771010100000
684.35,684.93,683.28,683.66,1968992.0,1771011000000
683.65,684.25,682.24,682.4,2302100.0,1771011900000
682.4,683.26,682.1057,682.13,2945082.0,1771012800000
682.13,682.63,680.34,680.63,3147731.0,1771013700000
680.64,681.2307,679.81,680.17,3931448.0,1771014600000
680.18,681.84,680.09,681.62,9743688.0,1771015500000
680.14,682.8,680.03,680.73,6223012.0,1771338600000
680.74,681.3,676.46,676.63,5858662.0,1771339500000
676.62,678.56,676.27,676.92,3691602.0,1771340400000
676.915,679.75,676.82,677.34,3626350.0,1771341300000
677.33,677.66,675.78,676.645,3351076.0,1771342200000
676.66,678.64,676.52,678.61,3032356.0,1771343100000
678.6,682.58,678.45,682.335,4889712.0,1771344000000
682.32,683.24,681.515,681.6,4006352.0,1771344900000
681.575,682.84,680.81,681.8,2725502.0,1771345800000
681.79,683.03,681.52,682.46,2024416.0,1771346700000
682.42,682.54,680.86,681.25,1611453.0,1771347600000
681.25,682.205,680.4313,682.2,1862594.0,1771348500000
682.21,682.32,680.0125,680.04,1481010.0,1771349400000
680.03,681.17,679.15,681.0103,2472449.0,1771350300000
681.02,681.18,679.83,680.325,1241243.0,1771351200000
680.33,682.54,679.9,682.39,1857792.0,1771352100000
682.4,684.075,682.03,683.57,2203856.0,1771353000000
683.58,684.715,683.435,684.075,1981926.0,1771353900000
684.08,684.51,683.58,684.175,1700049.0,1771354800000
684.17,684.62,683.79,683.99,1548614.0,1771355700000
683.97,684.94,683.8,684.72,1400549.0,1771356600000
684.72,684.75,683.41,683.57,1504498.0,1771357500000
683.57,684.1,683.16,683.49,1879382.0,1771358400000
683.5,683.74,682.67,682.87,2189418.0,1771359300000
682.88,683.29,682.005,682.98,3238717.0,1771360200000
682.98,683.2,681.93,682.78,6672764.0,1771361100000
684.02,685.46,682.83,685.0,5319247.0,1771425000000
685.01,686.38,683.56,686.16,3517155.0,1771425900000
686.16,688.13,686.085,687.785,5217166.0,1771426800000
687.79,688.465,687.48,687.84,2858513.0,1771427700000
687.84,688.52,687.29,688.3,2144896.0,1771428600000
688.3,688.725,688.0,688.515,1354859.0,1771429500000
688.52,688.96,688.24,688.435,1555087.0,1771430400000
688.435,688.67,688.02,688.22,1636953.0,1771431300000
688.22,688.76,688.14,688.33,995990.0,1771432200000
688.31,688.5,687.4999,687.53,1436689.0,1771433100000
687.53,688.89,687.38,688.2181,1991697.0,1771434000000
688.205,688.66,688.09,688.2,975899.0,1771434900000
688.19,688.42,687.89,688.03,892456.0,1771435800000
688.03,688.8,687.95,688.501,1093443.0,1771436700000
688.5,689.15,688.375,688.4825,919374.0,1771437600000
688.47,688.77,687.475,687.805,1486226.0,1771438500000
687.81,688.02,686.63,687.08,1976232.0,1771439400000
687.065,687.555,686.04,686.98,2147425.0,1771440300000
686.99,687.39,686.39,686.43,1975630.0,1771441200000
686.45,686.89,686.07,686.42,2289534.0,1771442100000
686.43,686.63,684.85,685.17,2995987.0,1771443000000
685.18,685.815,684.05,684.59,2525904.0,1771443900000
684.6,685.36,684.11,684.41,2568807.0,1771444800000
684.39,684.665,683.92,684.21,2045527.0,1771445700000
684.21,685.885,684.12,685.6601,2997108.0,1771446600000
685.67,687.18,685.47,686.26,10253803.0,1771447500000
683.84,684.75,682.47,684.61,4945519.0,1771511400000
684.62,685.82,683.25,685.0,3733417.0,1771512300000
685.0,686.18,683.98,684.15,2963211.0,1771513200000
684.17,685.32,683.81,683.9,2520988.0,1771514100000
683.89,685.86,683.71,685.52,1678645.0,1771515000000
685.53,685.8099,684.23,685.32,1580821.0,1771515900000
685.32,685.6,683.9,684.905,1221551.0,1771516800000
684.91,685.83,684.11,684.15,1433952.0,1771517700000
684.16,685.27,683.56,683.63,1392899.0,1771518600000
683.63,684.12,682.72,683.525,2247110.0,1771519500000
683.535,683.705,682.7,683.55,1489687.0,1771520400000
683.55,684.78,683.25,683.93,1471190.0,1771521300000
683.915,684.26,683.45,683.77,808973.0,1771522200000
683.77,683.825,682.13,682.44,2021281.0,1771523100000
682.42,683.42,682.06,683.27,1464589.0,1771524000000
683.26,683.29,681.5475,682.4,1839710.0,1771524900000
682.34,682.81,682.01,682.7,1112967.0,1771525800000
682.68,683.88,682.67,683.74,1555766.0,1771526700000
683.74,684.04,683.39,683.695,1254087.0,1771527600000
683.69,684.0599,683.0,683.275,1276913.0,1771528500000
683.25,683.565,681.88,682.4701,1953074.0,1771529400000
682.48,682.9,682.09,682.56,1467254.0,1771530300000
682.53,683.49,682.52,683.15,1622245.0,1771531200000
683.18,683.36,682.65,682.9,2351675.0,1771532100000
682.89,683.61,682.8001,683.325,2314077.0,1771533000000
683.33,684.6,683.24,684.52,5334385.0,1771533900000
682.32,685.35,681.73,684.74,4443176.0,1771597800000
684.77,685.16,683.45,684.85,2823983.0,1771598700000
684.89,689.4,684.55,685.42,7614818.0,1771599600000
685.44,688.08,684.19,686.8,3713605.0,1771600500000
686.8,688.18,685.51,688.05,2718880.0,1771601400000
688.07,689.17,687.35,688.83,3141046.0,1771602300000
688.82,689.24,687.95,688.05,2172812.0,1771603200000
688.12,688.27,686.09,686.13,8915691.0,1771604100000
686.13,688.88,685.89,688.46,3995790.0,1771605000000
688.46,689.15,688.38,688.57,2365827.0,1771605900000
688.57,688.87,686.085,686.11,2472980.0,1771606800000
686.11,686.11,684.08,685.2292,3408956.0,1771607700000
685.235,686.18,684.9701,686.0115,2128687.0,1771608600000
686.03,687.71,685.75,687.48,2799200.0,1771609500000
687.43,687.8,686.69,687.1,1696899.0,1771610400000
687.09,687.17,685.7175,686.56,2521104.0,1771611300000
686.54,689.02,685.76,688.7,5815712.0,1771612200000
688.7,690.06,688.27,689.3,3445106.0,1771613100000
689.3,689.79,688.42,688.52,2286813.0,1771614000000
688.52,689.0,688.24,688.58,1649256.0,1771614900000
688.58,689.12,687.96,688.04,1531175.0,1771615800000
688.05,688.65,687.81,688.05,2045879.0,1771616700000
688.06,689.32,688.005,689.12,2514613.0,1771617600000
689.12,689.18,688.1,688.36,1935360.0,1771618500000
688.36,689.08,688.27,689.0799,2158598.0,1771619400000
689.07,689.5,688.35,689.36,8533701.0,1771620300000
687.83,690.0,687.44,687.54,6166217.837394,1771857000000
687.55,688.14,686.3,686.53,4712861.798307999,1771857900000
686.5,687.23,684.53,684.77,4559081.250709999,1771858800000
684.76,685.56,684.2799,684.51,3486380.2585899998,1771859700000
684.5,685.005,683.41,683.68,3367256.592631,1771860600000
683.67,683.945,682.18,682.26,3726430.625344,1771861500000
682.27,682.51,680.58,680.7,4292399.180592,1771862400000
680.69,682.91,680.371,682.87,4017423.662189,1771863300000
682.88,683.085,682.21,682.395,2554150.098533,1771864200000
682.385,682.625,681.78,681.96,1868903.278896,1771865100000
681.97,682.47,681.59,681.77,1512890.2402789998,1771866000000
681.77,682.265,681.67,681.69,1146756.710196,1771866900000
681.7,681.74,680.59,681.16,2266115.844129,1771867800000
681.16,682.35,680.98,682.045,1883033.902896,1771868700000
682.04,683.19,681.94,683.08,1692324.350556,1771869600000
683.09,683.95,682.98,683.8099,1832693.015236,1771870500000
683.81,683.91,682.855,683.025,1567212.980904,1771871400000
683.03,683.4,681.87,682.01,1712957.3269050005,1771872300000
682.02,682.28,681.695,681.86,2066255.605062,1771873200000
681.86,682.085,681.17,681.27,2141739.1183160003,1771874100000
681.255,681.66,680.54,680.86,1733345.2277179998,1771875000000
680.86,681.53,680.77,681.06,2146213.288632,1771875900000
681.06,681.43,680.65,680.72,2499661.080538,1771876800000
680.72,681.52,680.715,681.35,1975069.860025,1771877700000
681.34,682.25,681.14,681.655,3883890.972693001,1771878600000
681.655,682.47,680.9,682.41,11855738.971394,1771879500000
681.9,684.38,680.0,684.32,5813848.95578,1771943400000
684.34,685.46,682.8,683.15,4740814.819976,1771944300000
683.18,684.23,682.03,683.24,3386582.3870390006,1771945200000
683.21,686.39,683.0,686.335,3513899.204984,1771946100000
686.32,686.545,685.64,686.2701,2893646.1389310006,1771947000000
686.28,686.31,685.18,685.37,2284208.611591,1771947900000
685.37,686.87,685.2921,686.6,2210484.238627,1771948800000
686.59,686.745,685.785,686.09,1527079.7894810005,1771949700000
686.1,686.15,685.15,685.5806,1794879.0094689997,1771950600000
685.57,686.7,685.52,686.47,1416682.989562,1771951500000
686.46,687.55,686.4,687.25,1971634.958862,1771952400000
687.24,687.8,687.16,687.5301,1586709.3126130002,1771953300000
687.53,687.64,687.12,687.16,1276518.657078,1771954200000
687.16,687.66,686.962,687.37,1034963.404632,1771955100000
687.36,688.1,687.31,687.4899,1152917.2470869997,1771956000000
687.475,687.51,686.94,687.03,955763.6148070002,1771956900000
687.04,687.83,686.905,687.73,1496601.799028,1771957800000
687.74,687.875,687.45,687.4599,952348.264993,1771958700000
687.45,687.6,686.7,687.18,1836192.826651,1771959600000
687.17,687.19,686.65,686.89,1962275.81313,1771960500000
686.89,687.34,686.78,687.18,1110275.497204,1771961400000
687.2,687.69,687.005,687.135,1579357.983909,1771962300000
687.135,687.34,686.57,686.69,1370240.7766909995,1771963200000
686.685,687.1,686.46,686.54,2082855.819991,1771964100000
686.53,687.25,686.5101,687.21,2211580.954951,1771965000000
687.2,688.35,687.17,687.36,10367994.118274,1771965900000
690.18,691.41,690.1,690.92,3575920.700294,1772029800000
690.91,691.99,690.84,691.32,2980402.253217,1772030700000
691.32,691.58,690.325,690.4999,2379434.25419,1772031600000
690.49,691.22,690.25,691.15,1623205.799217,1772032500000
691.145,691.35,690.21,690.54,1470014.9189650002,1772033400000
690.55,690.88,690.1701,690.84,1077922.095805,1772034300000
690.83,691.41,690.78,691.1459,1301163.087498,1772035200000
691.13,691.58,690.69,691.47,1344166.4999520003,1772036100000
691.48,691.98,691.4,691.895,1696097.2063759998,1772037000000
691.91,692.39,691.89,692.04,1567505.863775,1772037900000
692.04,692.33,691.8,692.3,1074764.575049,1772038800000
692.3,692.35,691.94,691.97,1139764.889386,1772039700000
691.97,692.46,691.84,692.32,1121170.363898,1772040600000
692.34,692.57,692.24,692.55,1097557.328752,1772041500000
692.55,692.69,692.42,692.49,1345837.7596669998,1772042400000
692.49,692.49,692.205,692.31,1289081.506441,1772043300000
692.31,692.62,692.21,692.55,1083770.721725,1772044200000
692.55,692.69,692.44,692.49,926159.317082,1772045100000
692.49,693.005,692.48,692.85,1891419.3302610004,1772046000000
692.86,693.08,692.765,692.87,1314871.079667,1772046900000
692.86,693.32,692.85,693.08,1371597.0007440003,1772047800000
693.085,693.28,693.05,693.085,1241368.490198,1772048700000
693.085,693.33,692.9701,693.075,1636114.9905700004,1772049600000
693.08,693.19,692.81,692.92,2311698.103782,1772050500000
692.92,693.27,692.74,693.09,2418610.610741,1772051400000
693.08,693.68,692.94,693.08,8080489.840073999,1772052300000
693.28,693.3,690.9,691.45,4441070.153628,1772116200000
691.43,691.58,690.42,690.67,3322969.834148,1772117100000
690.68,691.03,688.5511,688.58,3775030.104205,1772118000000
688.57,688.59,684.74,685.69,7269509.219157,1772118900000
685.67,687.09,684.35,686.93,4493564.406792999,1772119800000
686.94,688.18,686.65,687.71,2988282.110935001,1772120700000
687.72,688.58,687.46,688.58,1928027.759204,1772121600000
688.585,689.1,688.136,688.74,1765771.6050280002,1772122500000
688.74,688.92,686.84,686.84,1741628.1077419997,1772123400000
686.84,687.51,686.035,686.25,2175863.889386,1772124300000
686.24,687.06,686.06,686.26,1622961.5164680004,1772125200000
686.26,686.54,686.03,686.285,978142.5492529998,1772126100000
686.25,687.09,685.6,685.65,1364447.3327620002,1772127000000
685.64,685.92,685.01,685.46,1266578.0649170002,1772127900000
685.47,685.56,684.73,685.33,1578946.741679,1772128800000
685.31,685.955,684.93,685.67,1306569.136595,1772129700000
685.66,687.78,685.41,687.5201,2845016.235841,1772130600000
687.53,688.19,687.08,687.39,1643170.353979,1772131500000
687.41,688.79,687.16,688.52,1763673.803985,1772132400000
688.52,689.32,688.45,688.61,2164110.925099,1772133300000
688.62,689.31,688.47,689.15,1624795.7191230005,1772134200000
689.145,689.66,687.07,689.02,1708584.048245,1772135100000
689.01,689.81,688.84,688.91,2182188.79368,1772136000000
688.9,689.24,688.615,688.665,1535440.8531300002,1772136900000
688.665,689.5167,688.62,689.32,2998949.183989,1772137800000
689.32,689.37,688.65,689.32,5573354.450176,1772138700000
683.09,684.25,681.64,682.62,5179002.235324,1772202600000
682.615,683.855,682.21,682.8664,3806280.943958,1772203500000
682.86,685.49,682.66,684.58,4156971.630217,1772204400000
684.585,684.99,683.6,684.5294,2222799.178705,1772205300000
684.51,685.75,683.74,685.66,1751929.661575,1772206200000
685.68,686.05,684.23,685.22,1804759.5552000003,1772207100000
685.24,685.925,684.66,685.4993,1845443.628905,1772208000000
685.5,686.05,685.15,685.385,1638766.229349,1772208900000
685.39,686.2899,684.67,684.73,1762355.113822,1772209800000
684.74,685.92,684.565,684.87,1528157.163698,1772210700000
684.86,686.28,684.79,684.8647,1608949.4721200005,1772211600000
684.88,684.905,683.29,684.14,2601185.9971300005,1772212500000
684.13,685.12,683.65,683.935,2526789.94556,1772213400000
683.94,684.47,683.4755,684.375,1964933.830596,1772214300000
684.37,684.68,683.82,683.865,1352959.629808,1772215200000
683.875,684.0127,683.06,683.8,1569798.038897,1772216100000
683.8,684.24,683.3,683.85,1277469.3150930002,1772217000000
683.83,684.07,683.47,683.95,1202262.430284,1772217900000
683.95,684.98,683.59,683.89,1911831.217786,1772218800000
683.894,684.12,683.48,683.6,1282408.803189,1772219700000
683.6,684.03,682.99,683.38,1765459.574815,1772220600000
683.37,683.65,683.115,683.35,1638653.391989,1772221500000
683.34,685.22,683.32,685.22,2724695.6229560007,1772222400000
685.22,686.1,685.12,685.5901,3961784.621828,1772223300000
685.58,685.815,684.49,685.03,5500118.720902001,1772224200000
685.03,686.86,684.93,686.23,10504093.933809,1772225100000
678.7,682.46,678.02,682.08,6407260.784778001,1772461800000
682.07,683.37,681.7514,683.0,4362004.230502,1772462700000
682.95,685.325,681.96,684.9197,4856180.947853999,1772463600000
684.935,685.36,683.07,683.43,3743480.671161,1772464500000
683.42,684.33,682.42,684.3,2738814.733792,1772465400000
684.33,684.84,683.16,684.21,2548213.10832,1772466300000
684.19,685.67,683.63,685.3,2877272.960043,1772467200000
685.3,685.34,682.95,683.22,2659644.053944,1772468100000
683.22,686.525,682.92,686.44,3025419.738338,1772469000000
686.45,686.97,685.91,686.235,2535268.1777450005,1772469900000
686.24,686.62,685.71,686.365,1613351.1203170002,1772470800000
686.37,687.19,686.325,686.4837,1659844.106732,1772471700000
686.48,686.88,686.08,686.69,1180283.779592,1772472600000
686.7,687.31,686.555,687.2199,1338792.149328,1772473500000
687.22,687.42,686.83,687.01,983738.919562,1772474400000
686.99,687.02,686.1002,686.72,1046257.566062,1772475300000
686.75,686.84,685.785,686.25,1262192.538466,1772476200000
686.22,686.235,685.225,685.28,1538925.038394,1772477100000
685.27,686.99,685.19,686.93,1799350.892234,1772478000000
686.93,688.28,686.93,688.2,2430054.044578,1772478900000
688.21,688.62,687.97,688.06,1994768.389325,1772479800000
688.06,688.53,688.04,688.195,1149811.766515,1772480700000
688.19,688.33,685.12,685.26,5703639.542791,1772481600000
685.26,686.58,684.89,685.35,4315142.032039,1772482500000
685.35,686.41,685.2,686.23,2381041.2792259995,1772483400000
686.22,687.31,685.965,686.37,10310270.750808,1772484300000
675.06,677.1,673.22,673.44,8694067.962078,1772548200000
673.44,674.8,671.95,672.38,6631514.003266001,1772549100000
672.36,673.93,671.63,672.64,6283986.771566,1772550000000
672.62,672.95,669.66,669.85,6737784.633066,1772550900000
669.85,672.5,669.78,671.23,5470016.011601999,1772551800000
671.23,672.17,670.34,671.98,3737545.53176,1772552700000
671.96,675.28,671.75,675.03,4307533.668695,1772553600000
675.03,676.58,674.98,676.02,3709354.869368,1772554500000
676.0,676.85,674.66,676.68,3311187.6592919994,1772555400000
676.69,678.45,676.6306,677.56,3482433.156438,1772556300000
677.57,677.92,676.37,677.11,2100923.4148770003,1772557200000
677.13,678.49,676.65,678.32,1686712.2138210004,1772558100000
678.32,678.41,676.08,678.29,2049180.220922,1772559000000
678.26,678.474,676.88,677.42,1703138.7002569998,1772559900000
677.39,678.91,677.38,678.07,1515394.148354,1772560800000
678.0901,680.43,678.04,679.82,2338071.833635,1772561700000
679.82,681.87,679.67,681.085,3030167.892623,1772562600000
681.1,681.91,680.45,681.26,2469083.655065,1772563500000
681.24,681.47,679.665,680.58,2468096.952469,1772564400000
680.59,681.52,680.4,680.5,1391282.0984239995,1772565300000
680.5,682.0,679.275,681.94,3518514.7790980004,1772566200000
681.955,682.61,680.67,681.233,3156505.131229,1772567100000
681.25,681.95,680.73,680.745,2098933.9201339995,1772568000000
680.72,681.305,680.16,681.05,2717346.591471,1772568900000
681.04,681.51,680.2,680.45,2699698.9619030003,1772569800000
680.44,680.77,679.21,680.27,6534520.244786,1772570700000
681.63,683.518,680.02,680.21,4719589.484568001,1772634600000
680.2,681.7475,679.62,681.303,2328278.857021,1772635500000
681.41,683.76,680.87,683.21,3039902.624858,1772636400000
683.27,686.27,683.15,686.15,4202509.142289001,1772637300000
686.14,686.31,684.35,684.47,3579610.6387539995,1772638200000
684.48,685.9,683.88,685.83,2688780.712652,1772639100000
685.84,686.64,684.33,684.54,3893298.779207,1772640000000
684.56,685.45,684.18,685.19,2579634.930655,1772640900000
685.18,686.3,684.85,686.13,2269047.407061,1772641800000
686.14,686.4,685.58,685.78,2068155.3832699996,1772642700000
685.795,686.36,685.53,686.04,1433463.758256,1772643600000
686.04,686.14,685.31,685.325,1936102.274578,1772644500000
685.35,686.22,684.58,685.81,2271056.650345,1772645400000
685.79,686.42,685.76,686.19,1592449.475581,1772646300000
686.2,686.49,685.775,685.935,1593219.323316,1772647200000
685.93,686.16,685.38,686.105,1458337.120146,1772648100000
686.11,686.79,686.1,686.54,1458496.19926,1772649000000
686.55,686.87,686.2,686.545,1472787.3687729998,1772649900000
686.55,686.95,686.39,686.835,1151497.4420150002,1772650800000
686.84,686.96,686.4701,686.6,1069769.5429059998,1772651700000
686.61,686.94,686.445,686.68,1382620.217774,1772652600000
686.69,687.09,686.5,686.81,1302224.8219359997,1772653500000
686.815,687.005,686.075,686.2,1655708.816918,1772654400000
686.2,686.3,685.475,686.23,2572999.3286,1772655300000
686.24,686.63,685.93,686.505,2180031.92118,1772656200000
686.5,686.62,685.13,685.16,9019583.842106,1772657100000
682.08,684.45,681.85,682.71,4702605.768436999,1772721000000
682.71,685.1012,682.16,685.1,3668948.216764,1772721900000
685.09,685.53,682.895,684.2889,4583995.177105001,1772722800000
684.3,684.35,680.33,680.82,4461333.144451,1772723700000
680.83,681.81,679.32,681.23,4887369.835639001,1772724600000
681.21,682.58,681.12,682.1,2552566.8723790003,1772725500000
682.11,682.36,679.15,679.81,3711831.684111,1772726400000
679.8,680.31,679.01,679.535,4861634.117031001,1772727300000
679.53,681.04,679.46,680.22,3276955.94245,1772728200000
680.24,681.35,680.215,681.06,2299289.912131,1772729100000
681.055,682.42,680.17,680.55,2759859.8786700005,1772730000000
680.54,680.58,678.49,678.51,2627081.675518,1772730900000
678.51,678.805,676.95,677.26,4485710.119391,1772731800000
677.25,677.37,676.03,676.46,3461663.4069199995,1772732700000
676.45,678.26,676.31,678.02,2672101.5018860004,1772733600000
678.01,678.225,675.9,676.3,2189914.171268,1772734500000
676.28,677.96,675.82,677.79,2076941.836927,1772735400000
677.79,677.85,675.94,676.62,1928981.902266,1772736300000
676.6,677.45,676.38,677.34,2006790.7235100004,1772737200000
677.32,677.79,676.29,676.67,2116708.951092,1772738100000
676.67,677.05,675.61,677.0385,2373731.692833,1772739000000
677.01,677.73,676.45,677.09,1888517.526136,1772739900000
677.07,679.09,676.39,678.815,4084646.721006,1772740800000
678.83,680.46,678.39,679.46,4356601.028709,1772741700000
679.47,680.48,679.17,679.98,3100587.8088090005,1772742600000
679.98,681.75,679.41,681.44,14160975.528183,1772743500000
673.41,674.06,670.4,670.98,7391758.125898,1772807400000
671.0,672.13,669.76,670.87,5747655.306256,1772808300000
670.91,673.3,670.791,673.23,4601821.250949,1772809200000
673.19,674.36,672.62,674.17,3274864.294515,1772810100000
674.13,675.915,674.12,674.72,3800953.0580870006,1772811000000
674.7,675.4,672.46,674.92,3290004.313382,1772811900000
674.96,676.01,674.065,674.19,2552197.332284,1772812800000
674.18,675.08,673.435,674.42,2406749.4248070004,1772813700000
674.43,675.23,673.4,674.51,1886587.546075,1772814600000
674.5,676.0,674.15,674.97,2071417.4876500005,1772815500000
674.98,675.84,673.64,673.97,1974359.951044,1772816400000
673.95,675.17,673.35,673.81,1932529.274527,1772817300000
673.8,674.16,672.03,672.6299,2355507.368908,1772818200000
672.62,673.97,672.6,673.08,1944237.570008,1772819100000
673.09,676.11,672.97,675.83,2563215.24128,1772820000000
675.83,676.1,674.245,674.64,2524620.312159,1772820900000
674.67,675.3,673.97,674.62,2430558.890907,1772821800000
674.65,674.79,673.69,674.04,1819879.2394910003,1772822700000
674.07,675.43,673.78,675.17,1549254.394561,1772823600000
675.16,675.29,673.95,674.92,1821199.145171,1772824500000
674.91,675.64,674.24,674.655,2096985.617856,1772825400000
674.65,675.14,674.18,675.01,2639839.759498,1772826300000
675.0,675.97,673.46,673.94,3302632.381583,1772827200000
673.95,674.44,671.98,672.23,4083524.703258,1772828100000
672.23,673.4,671.14,672.51,5187185.628157001,1772829000000
672.5,673.23,671.76,672.46,11363836.355508,1772829900000
666.39,667.63,663.64,664.37,6041821.426989,1773063000000
664.38,664.91,662.7,664.08,4590682.845848,1773063900000
664.05,665.96,662.39,663.13,4652224.964346999,1773064800000
663.15,665.66,662.84,664.06,3310116.41202,1773065700000
664.03,666.92,663.98,666.9,2927524.967693,1773066600000
666.91,668.31,666.7,667.58,3129147.26839,1773067500000
667.58,668.8399,667.58,668.77,2392382.296128,1773068400000
668.78,669.92,668.35,669.77,3097114.0997069995,1773069300000
669.77,669.81,668.37,668.51,2342254.922746,1773070200000
668.5,669.89,668.38,669.44,2092151.404322,1773071100000
669.46,670.26,669.1699,669.89,1791758.750431,1773072000000
669.89,671.6,669.25,670.87,2642140.655226,1773072900000
670.87,671.94,669.89,671.85,2572181.7284470005,1773073800000
671.8415,672.25,671.19,671.2699,2066135.482501,1773074700000
671.275,671.36,670.315,670.65,1952846.890949,1773075600000
670.645,670.79,668.71,668.845,2316382.508521,1773076500000
668.84,669.12,668.09,668.22,2135978.580054,1773077400000
668.24,669.34,668.19,668.815,1754753.347886,1773078300000
668.84,669.79,668.77,669.55,2142376.08126,1773079200000
669.55,670.87,669.35,670.06,2159468.374545,1773080100000
670.06,671.3,670.0,670.8599,2240798.193822,1773081000000
670.85,671.24,669.9378,670.08,1889557.758556,1773081900000
670.1,670.75,669.9,670.45,1723556.360801,1773082800000
670.45,677.515,670.32,677.39,11039268.257827,1773083700000
677.37,679.92,675.88,677.875,7486758.996936001,1773084600000
677.89,678.76,676.77,678.31,8613032.656108,1773085500000
677.72,678.785,675.83,677.18,4514860.871943,1773149400000
677.17,677.53,675.49,675.85,2571972.637766,1773150300000
675.83,677.03,674.76,675.53,2457480.3989099995,1773151200000
675.53,678.05,674.82,677.62,2223770.9335860005,1773152100000
677.64,680.25,677.63,680.03,2418390.785819001,1773153000000
680.04,681.16,679.56,681.14,2554127.909851,1773153900000
681.13,681.685,680.23,680.4,2775984.519533,1773154800000
680.4,681.58,680.37,681.11,1585083.225462,1773155700000
681.1,681.9499,680.44,681.49,1736790.5734839998,1773156600000
681.49,681.72,680.83,681.37,1652780.421435,1773157500000
681.36,681.4,679.68,680.5,1963131.198491,1773158400000
680.495,681.34,680.26,680.6,1910239.3169329995,1773159300000
680.61,681.66,680.61,681.54,2262426.997351,1773160200000
681.55,681.82,680.62,681.45,1884196.632124,1773161100000
681.45,682.35,681.27,681.8101,2329810.006326,1773162000000
681.83,683.36,681.76,683.265,2614517.476375,1773162900000
683.25,683.25,680.63,681.29,3279285.053108,1773163800000
681.2822,682.59,681.18,682.047,1668518.142044,1773164700000
682.05,682.19,678.6,678.61,3434577.639682,1773165600000
678.65,680.15,677.38,679.35,6827424.79135,1773166500000
679.315,680.37,678.38,678.73,3074003.02772,1773167400000
678.72,679.8,678.4,678.5,1615731.5798119998,1773168300000
678.52,679.0475,678.06,678.94,2092295.267351,1773169200000
678.945,679.53,677.41,677.41,2725868.100357,1773170100000
677.42,678.32,676.61,677.455,4333223.055451,1773171000000
677.45,677.77,676.23,677.07,6081666.393346,1773171900000
677.58,678.5,677.17,677.35,3133563.2271820004,1773235800000
677.36,678.17,676.13,677.89,2908019.928918,1773236700000
677.9,680.08,677.02,678.0401,4257913.462354,1773237600000
678.03,678.26,675.195,676.14,2288839.249758,1773238500000
676.14,677.65,675.2,677.345,2060384.10822,1773239400000
677.35,678.38,676.99,678.07,1344862.108911,1773240300000
678.08,678.64,675.28,675.8,2409783.708934,1773241200000
675.785,676.53,674.59,674.67,2665042.537511,1773242100000
674.68,675.29,674.1,674.245,1923605.917615,1773243000000
674.26,675.04,673.64,674.2018,1828213.921543,1773243900000
674.19,674.4,673.51,674.37,2482915.47812,1773244800000
674.34,674.74,673.73,674.705,1345100.200734,1773245700000
674.7,676.0175,674.65,675.48,1642339.3351849995,1773246600000
675.48,676.32,675.15,676.29,1082248.037506,1773247500000
676.24,676.56,675.54,675.7678,1723576.4366640002,1773248400000
675.76,676.77,675.33,676.46,1153877.91888,1773249300000
676.46,676.6399,673.34,674.53,3329711.630807,1773250200000
674.54,675.78,674.23,674.99,1654610.302947,1773251100000
674.99,675.23,673.7,674.34,1991405.909719,1773252000000
674.36,675.51,674.2,675.27,1601301.859207,1773252900000
675.27,675.57,674.79,675.0588,2677165.9358930006,1773253800000
675.07,675.79,674.76,675.25,1407927.649116,1773254700000
675.26,675.47,674.34,674.49,1977729.552758,1773255600000
674.485,675.26,674.32,674.975,1979300.757515,1773256500000
674.99,676.25,674.75,676.0761,2223176.7062929994,1773257400000
676.07,676.6,675.41,676.35,5448548.861592,1773258300000
671.16,671.65,669.88,670.29,5592281.071779,1773322200000
670.28,670.91,668.183,668.87,5426672.082846001,1773323100000
668.87,671.14,668.81,670.97,4101498.898812,1773324000000
670.99,671.2,668.05,668.06,3235877.393444,1773324900000
668.06,669.12,667.3,668.955,3773142.984186,1773325800000
668.93,670.551,668.08,668.5,4076988.464528,1773326700000
668.51,668.8,666.92,667.38,2931426.1650070003,1773327600000
667.38,668.75,667.06,668.18,2841192.474712,1773328500000
668.18,670.31,667.24,669.8,4795891.799249,1773329400000
669.82,670.02,668.47,669.2999,3220605.6731650005,1773330300000
669.31,670.31,667.67,668.92,2908898.964691,1773331200000
668.89,671.31,668.66,668.84,3928018.3682,1773332100000
668.77,670.29,668.34,669.691,2681109.359348,1773333000000
669.67,669.79,668.04,668.83,1863407.225242,1773333900000
668.82,670.3099,668.6199,668.6986,1798191.284429,1773334800000
668.69,669.38,667.99,668.56,2279653.136611,1773335700000
668.56,669.75,668.4504,668.54,2361672.2661380004,1773336600000
668.54,668.81,667.2701,668.1601,2881557.8330939994,1773337500000
668.17,669.16,668.17,668.9198,2210988.940360999,1773338400000
668.92,669.22,667.6901,668.19,2361970.4670530003,1773339300000
668.18,668.48,667.48,667.6984,3410024.5611030003,1773340200000
667.68,668.18,667.2,667.329,2310939.942741,1773341100000
667.32,668.05,666.87,667.525,3717237.143453,1773342000000
667.54,668.39,667.3,667.98,3587512.7892280007,1773342900000
667.99,668.65,667.04,667.18,3667134.727424,1773343800000
667.175,667.22,665.9027,666.05,9106031.219832,1773344700000
669.27,671.97,668.96,671.94,5233615.303704001,1773408600000
671.92,672.335,670.37,670.53,4410121.937761,1773409500000
670.54,671.25,668.78,668.86,3120078.401013,1773410400000
668.85,669.27,667.73,668.8401,3086553.275365,1773411300000
668.87,670.23,667.22,667.29,2468554.4653310007,1773412200000
667.29,667.6,664.99,665.33,4534934.351015001,1773413100000
665.34,666.94,664.53,666.85,3751316.603814,1773414000000
666.85,666.9,664.43,664.59,3062396.546718,1773414900000
664.57,665.33,663.35,663.69,3015699.570526,1773415800000
663.645,665.16,663.1,663.38,3408592.653824999,1773416700000
663.36,664.965,663.34,663.97,2318279.8295789994,1773417600000
663.98,664.6,663.46,664.32,2170794.296385,1773418500000
664.31,665.23,663.72,663.75,2427221.264175,1773419400000
663.74,664.97,663.135,663.335,2557668.73694,1773420300000
663.32,664.72,663.13,664.72,2161627.8816600004,1773421200000
664.75,665.08,663.79,664.37,1610781.9261889998,1773422100000
664.35,664.52,663.44,663.94,2105712.1205760003,1773423000000
663.94,664.17,662.08,662.63,3351199.5888580005,1773423900000
662.64,663.52,662.57,663.38,2154430.833193,1773424800000
663.37,663.73,662.45,663.34,1828597.300971,1773425700000
663.33,664.56,663.1,664.43,1678522.178531,1773426600000
664.41,664.81,663.94,664.18,1810759.310875,1773427500000
664.18,664.2,663.255,663.535,2821368.51068,1773428400000
663.54,663.91,662.16,662.37,3192504.87339,1773429300000
662.37,663.0,661.36,661.69,3399120.437444,1773430200000
661.69,662.495,661.4,662.3,7978957.237465999,1773431100000
668.38,669.76,667.69,669.64,4706810.309126001,1773667800000
669.63,670.9,669.47,670.8,4331458.44059,1773668700000
670.8,671.4,669.99,670.64,2851313.766201,1773669600000
670.65,671.35,670.25,670.27,2962863.0284570004,1773670500000
670.27,670.35,668.05,668.22,3788453.462412,1773671400000
668.21,669.83,667.575,669.83,2842993.503415,1773672300000
669.84,669.87,668.62,669.3901,1718332.399076,1773673200000
669.38,670.32,668.82,670.06,2116971.840581,1773674100000
670.04,670.64,669.74,669.87,1675179.7236050004,1773675000000
669.86,670.29,668.44,668.47,2206062.712208,1773675900000
668.47,669.19,668.18,668.8707,1866825.25648,1773676800000
668.86,669.1,667.15,667.45,5773890.072130001,1773677700000
667.42,668.89,667.12,668.64,1617676.56238,1773678600000
668.65,669.074,668.25,668.425,1278976.038451,1773679500000
668.43,669.64,668.406,669.35,1727266.197727,1773680400000
669.36,669.75,668.88,669.2,1409628.946903,1773681300000
669.2,669.56,668.61,668.66,1016207.0527200004,1773682200000
668.66,669.2,667.98,668.755,1770555.1003730004,1773683100000
668.76,669.77,668.66,669.55,3994556.702360001,1773684000000
669.54,670.08,669.47,669.8,1678478.006824,1773684900000
669.8,670.24,669.5901,670.18,1714362.6697179996,1773685800000
670.2,670.31,669.49,669.605,2093642.881947,1773686700000
669.605,672.07,669.24,669.85,3741873.672247,1773687600000
669.835,670.3,668.69,669.27,4053186.937606,1773688500000
669.27,669.43,668.42,668.6003,3164409.683146,1773689400000
668.59,669.23,668.42,668.96,7320458.055945,1773690300000
672.39,673.97,671.91,673.51,4403454.159228999,1773754200000
673.5,674.44,673.37,673.89,3156105.882954,1773755100000
673.88,673.91,672.285,672.3,3330552.307572,1773756000000
672.3,672.92,671.56,672.56,2683509.6314010005,1773756900000
672.57,673.38,672.14,673.28,1891821.862681,1773757800000
673.28,673.47,672.9,673.03,1465094.0222259995,1773758700000
673.02,673.27,671.66,671.93,2491781.6319079995,1773759600000
671.92,672.69,671.6,671.635,2006590.840587,1773760500000
671.63,672.19,670.3,671.21,3633616.644816,1773761400000
671.2,671.65,670.83,671.01,1684240.474283,1773762300000
671.02,671.4,669.7,670.71,3326291.678572,1773763200000
670.725,671.59,670.56,671.21,1220752.95308,1773764100000
671.2,671.55,670.72,671.545,1288508.443365,1773765000000
671.54,671.64,670.91,670.95,1293184.506828,1773765900000
670.94,671.94,670.93,671.59,1455726.153479,1773766800000
671.58,671.705,671.12,671.53,1097625.919239,1773767700000
671.53,671.975,671.19,671.29,1022540.384331,1773768600000
671.33,671.9512,671.03,671.7,1642583.470476,1773769500000
671.7,672.3,671.41,671.86,3808783.064369001,1773770400000
671.87,671.9863,670.86,670.9,1771881.881865,1773771300000
670.9,671.2,670.74,670.86,1938371.3546720005,1773772200000
670.86,671.44,670.83,671.0899,1500902.713395,1773773100000
671.09,671.34,670.59,671.19,2516917.957712,1773774000000
671.195,671.605,670.97,671.04,2375421.261824,1773774900000
671.04,671.28,670.75,670.86,2362304.720646,1773775800000
670.87,671.28,670.47,670.73,7783637.338140999,1773776700000
668.36,669.56,667.88,668.7301,4730869.443417,1773840600000
668.72,669.72,668.35,669.28,2771465.9017569995,1773841500000
669.28,669.41,667.16,667.16,2575890.942079,1773842400000
667.16,667.84,665.72,665.96,2521218.520776,1773843300000
665.97,666.94,665.73,665.94,2227202.2371399994,1773844200000
665.91,667.155,665.66,667.14,1890832.945409,1773845100000
667.13,668.0,666.74,667.51,2091178.941896,1773846000000
667.51,667.725,666.4,666.9342,1465183.193038,1773846900000
666.91,667.62,666.72,667.13,1338793.53471,1773847800000
667.13,667.465,666.67,667.04,1298692.203265,1773848700000
667.03,667.4101,666.4918,667.3,1157167.1618,1773849600000
667.31,667.58,666.808,667.07,918300.354675,1773850500000
667.07,667.296,665.83,666.5,1415207.9388810005,1773851400000
666.49,667.2,666.24,666.55,954458.4711899998,1773852300000
666.54,666.63,665.43,665.65,1701271.0298469998,1773853200000
665.64,666.13,665.46,665.84,1411329.2786840005,1773854100000
665.84,666.53,665.29,665.92,1714053.166696,1773855000000
665.92,666.87,665.84,666.72,1377516.205228,1773855900000
666.71,667.44,666.195,666.56,2125101.205536,1773856800000
666.55,666.57,665.38,666.12,1985968.181252,1773857700000
666.11,666.3,664.41,664.99,3547850.523365,1773858600000
664.96,665.08,663.32,663.41,3253898.672718,1773859500000
663.4,664.72,663.26,663.95,4405624.203509001,1773860400000
663.94,664.03,662.68,662.91,3516076.9058300005,1773861300000
662.9,663.2192,661.77,662.015,4734066.095237999,1773862200000
662.01,662.37,661.19,661.51,9512380.547769,1773863100000
656.97,657.65,655.17,657.34,8898584.389499001,1773927000000
657.33,658.96,656.56,658.66,4874572.9387570005,1773927900000
658.64,659.47,657.97,658.11,3099501.497226,1773928800000
658.1,658.3636,656.04,656.33,3209080.687252001,1773929700000
656.34,659.064,656.26,657.435,3044184.0273569995,1773930600000
657.48,658.43,657.08,657.7985,2339730.602585,1773931500000
657.79,659.71,657.51,659.3593,3422279.307415,1773932400000
659.36,659.6499,657.21,657.72,3069722.715253,1773933300000
657.72,657.83,656.36,656.51,3209218.794315,1773934200000
656.51,657.95,656.18,657.925,3220957.807609,1773935100000
657.91,659.04,657.43,657.815,3082298.2897080006,1773936000000
657.83,658.14,657.12,657.95,2367675.435548,1773936900000
657.98,658.71,657.27,658.19,2818317.83225,1773937800000
658.2,658.32,656.61,657.168,1981185.080265,1773938700000
657.16,657.355,655.61,655.82,2375501.766237,1773939600000
655.815,657.55,655.68,657.12,2219001.675781,1773940500000
657.1,657.49,656.16,656.54,2027312.309156,1773941400000
656.555,657.88,656.34,657.24,1750003.223301,1773942300000
657.23,658.62,656.63,658.35,3256936.6233720006,1773943200000
658.36,658.53,657.1699,657.175,2106985.327765,1773944100000
657.18,657.38,656.32,656.48,2484538.1824199995,1773945000000
656.49,658.81,656.33,658.45,3070234.244207,1773945900000
658.44,662.98,658.39,661.85,10943463.401674995,1773946800000
661.87,662.3,659.66,660.25,5326328.959803999,1773947700000
660.24,660.74,658.97,660.27,4547349.790118,1773948600000
660.26,660.49,659.53,659.735,6953959.955211,1773949500000
656.51,656.55,654.65,656.2599,5621762.651679,1774013400000
656.25,656.69,653.0,653.15,5017898.953261,1774014300000
653.17,653.8111,651.48,651.77,4661062.618607,1774015200000
651.75,652.55,651.6,651.86,3120637.095552,1774016100000
651.86,653.5,651.85,652.37,3479226.401193001,1774017000000
652.37,652.925,651.2,652.12,15209386.969443,1774017900000
652.11,653.2599,651.68,653.12,2684253.724113001,1774018800000
653.13,654.16,651.5,651.92,3759388.18502,1774019700000
651.94,652.85,651.73,652.6199,1683221.7196090005,1774020600000
652.59,653.26,652.02,652.945,6800711.72603,1774021500000
652.97,653.87,652.78,653.35,2723077.228938,1774022400000
653.35,653.99,652.83,653.1,4150459.9538,1774023300000
653.1,653.12,651.96,652.51,2687267.496355,1774024200000
652.5,653.4,651.95,652.77,1720234.5298519998,1774025100000
652.76,653.25,651.75,652.32,3192532.7802249994,1774026000000
652.35,652.73,651.98,652.16,1522598.1475939995,1774026900000
652.19,652.37,650.68,651.135,2438898.30089,1774027800000
651.14,651.69,650.55,651.4,2587858.402984,1774028700000
651.41,651.695,650.31,650.59,3269031.333515,1774029600000
650.6,650.73,648.66,649.43,6840420.510447999,1774030500000
649.43,649.655,647.92,648.16,4456363.274348001,1774031400000
648.16,648.43,647.64,648.07,4914076.948431,1774032300000
648.08,648.645,647.305,647.76,5325625.170617,1774033200000
647.7572,648.04,646.78,647.12,6497495.249954999,1774034100000
647.13,647.4,644.72,646.92,9475074.278434,1774035000000
646.92,648.54,645.81,648.54,17349794.60009,1774035900000
658.07,659.54,656.07,657.995,9215428.344074,1774272600000
658.01,660.25,657.39,660.22,6466480.010921,1774273500000
660.2,660.78,658.58,660.14,5619677.668778,1774274400000
660.15,662.27,660.09,660.99,4840907.155448,1774275300000
660.98,661.4,660.1,660.39,3190452.7302020006,1774276200000
660.42,661.8,659.95,661.05,2640881.869473,1774277100000
661.07,662.615,660.84,662.02,4231641.04827,1774278000000
662.02,662.19,660.7,660.89,2758532.8853280004,1774278900000
660.9,661.33,658.83,659.23,4144776.741309,1774279800000
659.23,659.275,655.83,656.01,7624128.198207,1774280700000
655.99,657.63,655.95,657.1,4483118.779204001,1774281600000
657.07,657.23,653.94,654.1088,3468567.854009,1774282500000
654.12,656.23,653.99,656.06,3258473.57639,1774283400000
656.05,656.74,655.085,655.58,2203633.960876,1774284300000
655.6,656.25,654.88,655.3401,1638390.3675630002,1774285200000
655.34,655.63,654.31,655.28,2004550.664719,1774286100000
655.28,658.24,655.26,656.78,3852206.545176,1774287000000
656.8,658.25,656.29,658.06,1907113.493378,1774287900000
658.09,658.31,656.53,657.64,3252067.7654250003,1774288800000
657.62,657.9,657.06,657.39,1849334.683972,1774289700000
657.41,659.65,657.41,658.77,4685820.861865,1774290600000
658.77,659.27,658.53,658.95,2009020.613784,1774291500000
658.95,659.02,658.1,658.13,1803780.359749,1774292400000
658.135,658.355,657.03,657.33,3187096.972264,1774293300000
657.32,657.93,657.17,657.92,3041583.195894,1774294200000
657.92,658.35,655.37,655.375,10857912.161554,1774295100000
651.32,653.04,649.88,650.73,5608466.081827999,1774359000000
650.76,651.637,649.89,651.48,2966168.859942001,1774359900000
651.48,653.5857,651.2262,652.61,3592022.489497,1774360800000
652.605,653.41,651.7,652.49,2792252.504707,1774361700000
652.51,653.77,652.2,653.744,2616033.711211,1774362600000
653.75,655.94,651.22,653.94,7378344.072553999,1774363500000
653.98,655.54,653.92,655.25,2795563.502566,1774364400000
655.25,656.83,655.11,656.04,3297445.2780389995,1774365300000
656.06,656.54,655.29,656.24,1310590.882445,1774366200000
656.23,657.03,654.91,655.04,2361858.9782060003,1774367100000
655.05,655.2893,654.3,655.0,2172448.41425,1774368000000
654.99,656.25,654.89,655.96,1983460.3632990003,1774368900000
655.97,656.12,654.04,655.25,1990829.733518,1774369800000
655.27,655.77,654.43,655.15,1390507.171972,1774370700000
655.13,655.39,652.55,652.94,3374058.8022290003,1774371600000
652.93,653.515,652.62,653.405,1805613.328086,1774372500000
653.4,654.05,652.45,652.59,1896952.626155,1774373400000
652.61,654.34,652.38,654.3,3149475.0331470007,1774374300000
654.3,654.98,653.59,653.82,2273669.150842,1774375200000
653.85,654.87,653.2,654.59,2727131.312891,1774376100000
654.59,656.59,654.28,655.32,3534360.088421,1774377000000
655.33,655.77,654.44,654.86,2182567.928133,1774377900000
654.83,655.68,654.8,655.65,1937509.3045310003,1774378800000
655.66,655.69,654.31,654.45,2307308.5026180004,1774379700000
654.45,654.775,653.58,653.82,3234816.07027,1774380600000
653.82,653.83,652.56,653.2,6808806.434742,1774381500000
658.67,660.89,658.6,658.9,5779784.623928,1774445400000
658.91,659.18,656.42,656.49,4852319.946021001,1774446300000
656.56,658.12,655.67,658.06,4634787.533861001,1774447200000
658.06,660.5,657.17,658.14,4071222.652117,1774448100000
658.16,659.03,657.65,658.435,2747689.895401,1774449000000
658.44,659.25,658.38,658.69,2335033.8035500003,1774449900000
658.69,659.0078,656.47,656.57,3056449.2337319995,1774450800000
656.56,657.8725,654.24,657.84,6438258.606533,1774451700000
657.85,658.24,656.12,656.68,2955615.1111230003,1774452600000
656.68,657.41,656.27,657.0,2262419.113829,1774453500000
657.0,657.2,656.01,656.57,1834484.18874,1774454400000
656.56,658.07,656.125,657.5,2500230.9137370004,1774455300000
657.46,658.315,657.06,657.97,2277714.423865,1774456200000
657.97,658.16,657.1,657.75,2374958.621665,1774457100000
657.75,658.28,656.915,657.59,2123434.563424,1774458000000
657.59,658.32,656.92,658.02,1959840.645365,1774458900000
658.04,659.38,657.56,658.835,2438602.3847950003,1774459800000
658.835,658.86,657.33,657.9,3151746.670115,1774460700000
657.89,658.255,657.56,657.98,1638580.135806,1774461600000
657.98,658.52,657.41,657.515,1633317.2425189996,1774462500000
657.51,657.81,657.07,657.31,1818376.636949,1774463400000
657.31,657.36,655.64,656.5,3367807.790548,1774464300000
656.49,656.52,655.58,656.43,3204768.054269,1774465200000
656.4272,657.3201,656.4,656.51,3112787.6424500006,1774466100000
656.51,656.65,655.755,656.21,3253205.179491,1774467000000
656.21,657.06,655.97,656.74,5791899.849521999,1774467900000
652.06,653.05,650.73,653.0,5480752.089036,1774531800000
653.02,654.63,652.78,654.47,6409081.434234999,1774532700000
654.47,654.83,653.365,654.43,3212726.0760000004,1774533600000
654.43,654.84,653.58,653.62,2072923.940233,1774534500000
653.62,654.85,652.43,652.66,3866003.579386,1774535400000
652.66,653.17,650.82,652.21,5436794.008394002,1774536300000
652.22,652.91,651.98,652.23,3006727.199851,1774537200000
652.26,652.44,651.58,651.71,2527112.337606,1774538100000
651.71,651.84,650.87,651.22,1893574.831281,1774539000000
651.24,652.35,651.0,651.52,2365681.3259439995,1774539900000
651.49,651.69,650.8503,651.34,2129199.982284,1774540800000
651.32,651.32,649.29,649.47,3289368.375823,1774541700000
649.4913,649.68,648.89,649.48,2168421.415768,1774542600000
649.5,649.72,648.93,649.64,1350699.338103,1774543500000
649.64,650.1,648.9,648.99,1328665.2676360002,1774544400000
648.985,649.3,647.98,648.62,2154608.317849,1774545300000
648.62,649.06,647.8,647.94,1500476.609844,1774546200000
647.95,648.09,646.44,646.67,3797322.939143,1774547100000
646.655,647.57,646.64,647.055,2861645.59854,1774548000000
647.06,647.25,646.49,646.6,2160289.903045,1774548900000
646.61,647.54,646.58,647.135,2419646.433697,1774549800000
647.13,647.65,646.86,647.43,3069486.173876,1774550700000
647.44,647.52,645.87,646.245,3590779.204124,1774551600000
646.26,646.71,645.85,646.21,2922383.834156,1774552500000
646.21,646.27,645.4,645.51,3964492.823434,1774553400000
645.5,645.865,644.82,645.095,9370206.807163998,1774554300000
642.5,642.66,639.77,641.06,5887656.419209001,1774618200000
641.06,642.46,638.594,639.05,4458778.091788,1774619100000
639.03,639.9801,638.66,639.71,3873643.820061,1774620000000
639.71,640.8,639.08,639.1,2721512.48052,1774620900000
639.1,640.0,638.715,639.091,1897988.686444,1774621800000
639.1,640.588,638.3,640.19,2672253.530574,1774622700000
640.19,641.27,639.595,639.76,2702200.108047,1774623600000
639.77,641.49,638.9401,640.96,3837109.047124,1774624500000
640.99,642.14,640.17,640.69,2865813.596169,1774625400000
640.69,641.415,640.11,640.28,1921779.823823,1774626300000
640.3,640.43,638.86,639.525,1970915.502441,1774627200000
639.52,639.59,638.58,638.89,2273109.728662,1774628100000
638.88,639.05,638.08,638.59,2190247.727596,1774629000000
638.6,639.63,638.45,638.7,2357881.447187,1774629900000
638.7,639.93,638.12,638.38,3344706.9287850005,1774630800000
638.41,638.45,636.59,636.62,2800622.889968,1774631700000
636.62,637.25,636.35,636.48,2301393.3230970004,1774632600000
636.48,636.835,635.94,636.13,2398065.1679549995,1774633500000
636.1398,636.305,635.13,635.51,2693320.184579,1774634400000
635.51,636.34,635.32,635.77,3248600.270239,1774635300000
635.765,636.73,635.46,635.96,3060018.834689,1774636200000
635.98,636.16,635.2,635.38,2464894.965536,1774637100000
635.38,635.68,634.52,635.05,3909778.478693001,1774638000000
635.06,635.6099,634.69,634.859,4055250.504479999,1774638900000
634.86,635.35,634.05,634.17,4459344.373178001,1774639800000
634.15,635.15,633.105,634.08,12509016.103405,1774640700000
640.11,640.37,636.78,637.17,5224429.01341,1774877400000
637.16,637.4761,634.68,635.07,4202503.568190999,1774878300000
635.055,636.81,635.0,636.51,4069726.370131,1774879200000
636.5,636.69,635.39,635.86,2737107.1206830004,1774880100000
635.85,636.54,634.76,634.95,3272411.0241540004,1774881000000
634.95,637.58,634.73,637.51,4201141.1439000005,1774881900000
637.51,638.8,636.41,636.52,3407093.193631,1774882800000
636.52,637.11,635.56,636.46,3827169.854308,1774883700000
636.45,638.16,636.04,637.99,2526492.0479550003,1774884600000
637.99,638.475,637.18,637.34,2209645.6908520004,1774885500000
637.34,637.46,636.08,636.72,1914854.25709,1774886400000
636.68,636.7293,635.165,635.26,1869403.28358,1774887300000
635.27,636.01,635.12,635.595,1476080.8485539998,1774888200000
635.6,635.77,634.985,635.3,1874230.1120930004,1774889100000
635.295,635.85,634.46,634.55,1883196.049015,1774890000000
634.54,634.738,633.24,633.4,2951128.354586,1774890900000
633.4,634.35,632.71,634.21,3298524.761802,1774891800000
634.215,634.63,633.2,633.57,2880222.553104,1774892700000
633.56,633.75,632.855,633.26,2631184.4684629994,1774893600000
633.24,633.67,632.26,632.28,2466934.215329,1774894500000
632.29,633.17,632.26,632.46,4501298.423548001,1774895400000
632.48,632.74,631.45,631.75,2820770.119688,1774896300000
631.75,631.92,629.625,629.94,4527251.51127,1774897200000
629.9481,630.3525,629.28,629.58,3731015.250436001,1774898100000
629.585,631.08,629.35,630.735,4732094.9564310005,1774899000000
630.7299,632.6402,630.67,632.02,9290352.866078,1774899900000
638.94,640.53,638.31,639.26,6108642.665831,1774963800000
639.29,642.71,639.28,642.63,5318922.193075,1774964700000
642.64,642.95,641.11,641.49,4968705.729552,1774965600000
641.5,642.7,640.89,642.5,3317271.050141,1774966500000
642.48,642.65,639.96,640.2516,3577245.6021759994,1774967400000
640.25,640.49,637.98,638.68,4369168.583050999,1774968300000
638.69,642.04,638.67,641.945,6342688.451132,1774969200000
641.93,642.29,640.52,640.68,4221634.754963,1774970100000
640.68,641.29,639.92,640.76,2710229.781106,1774971000000
640.74,641.19,639.69,639.79,2357796.877702,1774971900000
639.79,641.67,639.52,641.27,2317616.912018,1774972800000
641.27,642.63,641.27,642.12,2396184.108763,1774973700000
642.11,649.46,641.65,647.09,10364990.701357,1774974600000
647.09,647.98,644.9,646.64,7442385.781768001,1774975500000
646.66,648.55,645.44,647.49,4573493.202651,1774976400000
647.5,648.51,646.79,647.0,2948831.098803,1774977300000
647.03,648.41,646.2,646.71,5124234.013838001,1774978200000
646.72,647.55,646.14,646.415,2933348.110543,1774979100000
646.41,647.93,646.39,647.49,3005425.7254060004,1774980000000
647.47,648.24,646.97,647.7,2637803.896889,1774980900000
647.71,648.66,647.2,647.975,3012683.976597,1774981800000
647.99,648.9,647.89,648.64,3035741.4818,1774982700000
648.64,649.23,648.0,649.07,4209080.656961,1774983600000
649.08,649.91,648.95,649.402,4023221.915303,1774984500000
649.42,650.61,649.35,650.178,5593142.988302999,1774985400000
650.17,651.54,649.32,650.235,19368923.89182,1774986300000
653.9,656.05,653.36,653.97,8577613.057147,1775050200000
653.95,654.859,653.0,654.29,4360909.868892,1775051100000
654.3,655.28,653.89,654.59,3383229.385875,1775052000000
654.56,655.47,654.2399,655.03,3328077.804099,1775052900000
655.03,656.3,653.58,655.65,4184056.125688,1775053800000
655.64,656.85,655.02,656.5,3326430.3845999995,1775054700000
656.5,657.07,656.31,656.61,2594110.693037,1775055600000
656.62,657.03,656.33,656.33,1935380.254508,1775056500000
656.33,657.34,655.93,657.21,2131591.9406570005,1775057400000
657.22,658.095,657.02,657.82,2276105.760978,1775058300000
657.815,658.0896,657.44,657.56,2007137.307398,1775059200000
657.57,657.92,657.12,657.175,1889239.008658,1775060100000
657.185,657.92,656.84,657.87,1861317.500666,1775061000000
657.87,657.97,657.585,657.81,1206725.505707,1775061900000
657.82,658.495,657.7001,658.355,2316987.1321709994,1775062800000
658.36,658.52,658.14,658.3,1345976.8951519998,1775063700000
658.31,658.44,657.73,657.9,1516656.1555139998,1775064600000
657.9,658.027,656.77,656.79,2121460.969248,1775065500000
656.79,656.94,655.655,655.905,3691158.1510700006,1775066400000
655.9,655.9,653.83,654.23,3984998.825073,1775067300000
654.225,655.5,653.667,654.86,3827182.702255,1775068200000
654.86,654.98,654.13,654.41,2998195.5147410003,1775069100000
654.39,655.3643,654.255,655.19,2538810.114284001,1775070000000
655.19,656.3401,654.97,656.1,2893951.7267720005,1775070900000
656.1,656.75,655.66,656.155,4367624.994303,1775071800000
656.15,656.34,654.72,655.17,9045594.062638,1775072700000
646.42,647.47,645.11,645.69,4277887.35,1775136600000
645.71,649.89,645.43,649.63,3449153.796114,1775137500000
649.645,650.52,648.55,649.64,3631091.777344,1775138400000
649.62,651.1,649.5207,650.34,2676521.942882,1775139300000
650.35,658.2,650.1,656.05,7379287.377773001,1775140200000
656.04,656.29,653.37,655.39,3073624.231362,1775141100000
655.39,655.93,653.82,655.25,2280964.0300590005,1775142000000
655.2612,655.78,653.92,655.29,2174784.109249,1775142900000
655.32,655.8894,654.26,655.22,1378870.22762,1775143800000
655.22,655.2398,653.0301,654.0,2083449.940837,1775144700000
653.985,654.67,652.8,653.3882,1200013.038464,1775145600000
653.38,653.65,652.17,652.72,1545171.340666,1775146500000
652.71,654.95,652.52,654.23,1717758.620372,1775147400000
654.27,654.58,653.54,653.56,1260794.8904480005,1775148300000
653.57,654.61,653.03,654.36,733361.437084,1775149200000
654.34,655.04,654.26,654.63,740950.4668880001,1775150100000
654.65,654.75,653.8,654.23,1071740.581336,1775151000000
654.25,654.3,652.55,653.2102,1098587.630553,1775151900000
653.24,654.418,653.24,653.9,1336848.844945,1775152800000
653.91,654.24,653.36,653.5,926297.085219,1775153700000
653.51,654.54,653.39,654.34,1279496.334553,1775154600000
654.31,655.015,654.22,654.46,1529766.124884,1775155500000
654.46,655.27,654.39,654.73,1383318.0424660002,1775156400000
654.74,654.86,654.13,654.3799,3210967.66989,1775157300000
654.37,655.01,654.09,654.389,1501603.561932,1775158200000
654.39,656.1,654.18,655.88,6462602.437028001,1775159100000
655.86,657.91,655.52,656.755,2921301.9096429995,1775482200000
656.76,658.55,656.69,658.53,1472486.4741650005,1775483100000
657.93,659.72,656.03,658.06,2377726.164414,1775484000000
658.08,658.98,657.58,658.37,1330533.3601660002,1775484900000
658.43,659.06,656.7715,657.68,1994167.154902,1775485800000
657.66,657.905,656.62,657.49,1132066.0589140004,1775486700000
657.51,658.04,657.04,657.4901,1079722.689055,1775487600000
657.52,657.71,656.66,656.925,661353.570974,1775488500000
656.93,657.1812,656.34,657.1,769784.7573599999,1775489400000
657.09,657.97,656.925,657.85,833361.113075,1775490300000
657.868,658.04,657.2,657.6192,665365.057569,1775491200000
657.65,658.0,657.41,657.7932,434275.0271740001,1775492100000
657.78,658.51,657.58,658.265,703503.5897710001,1775493000000
658.28,658.4626,656.88,657.93,901012.659677,1775493900000
657.93,657.99,655.52,656.04,1413543.800323,1775494800000
656.05,657.57,655.83,657.3901,1053081.267984,1775495700000
657.41,658.0,656.8099,657.13,858111.53106,1775496600000
657.12,657.12,656.43,656.47,761049.370605,1775497500000
656.5,657.87,656.22,657.34,1018629.779804,1775498400000
657.37,658.65,657.28,658.24,1272888.590062,1775499300000
658.23,658.5224,657.73,657.9,1214551.3669969996,1775500200000
657.8999,658.41,657.86,658.29,635788.859597,1775501100000
658.32,658.42,657.86,658.13,872258.5903169999,1775502000000
658.1349,658.29,657.86,657.8801,906635.676327,1775502900000
657.88,658.29,657.81,658.27,1081285.252346,1775503800000
658.24,658.92,658.07,658.87,4181577.440655,1775504700000
656.65,657.58,654.86,654.98,2395052.580805,1775568600000
655.01,655.9686,654.01,654.0312,1837574.132509,1775569500000
654.07,654.22,651.92,652.7551,2822302.745272,1775570400000
652.74,654.78,652.64,654.4,2636305.3041400006,1775571300000
654.45,655.34,653.7599,654.09,2104308.425388,1775572200000
654.05,655.14,652.55,652.6,2025385.745743,1775573100000
652.58,652.69,651.06,652.07,2900662.414083,1775574000000
652.06,653.86,651.82,653.255,2232727.2769830003,1775574900000
653.26,653.73,652.57,652.68,1749193.3997429998,1775575800000
652.73,654.4,652.61,653.81,1223270.99845,1775576700000
653.82,657.0,653.81,655.18,2516404.9890690004,1775577600000
655.17,656.54,654.85,655.92,1567234.0086919998,1775578500000
655.89,656.31,655.34,656.08,807731.580467,1775579400000
656.05,656.87,656.01,656.04,802741.847214,1775580300000
656.05,656.88,655.76,656.25,801080.12805,1775581200000
656.24,656.4628,655.48,655.82,749723.1300550001,1775582100000
655.83,658.4,655.57,656.75,1656946.350468,1775583000000
656.757,657.29,656.36,656.725,1062763.543782,1775583900000
656.73,657.02,656.09,656.45,705226.392169,1775584800000
656.44,656.93,656.03,656.15,1271740.602552,1775585700000
656.13,656.34,655.152,655.49,1048685.758219,1775586600000
655.47,655.51,653.4301,653.96,2097029.625405,1775587500000
653.96,654.57,653.4122,654.45,2646315.2222049995,1775588400000
654.45,658.17,654.33,656.66,3978557.055935,1775589300000
656.65,657.24,655.89,656.79,3062138.874723,1775590200000
656.78,659.61,656.44,659.27,8705988.507058,1775591100000
676.39,677.08,674.75,675.08,7526160.258263001,1775655000000
675.08,676.405,673.97,674.63,5799181.162033999,1775655900000
674.635,675.23,674.06,674.91,3152997.4857129995,1775656800000
674.905,675.27,674.04,674.13,3525971.4549290007,1775657700000
674.13,674.35,673.18,673.4,4118818.72373,1775658600000
673.4,673.63,671.46,672.88,3084006.4114419995,1775659500000
672.87,673.98,672.46,673.12,2624291.0440970003,1775660400000
673.12,673.59,672.7501,673.03,1348797.545233,1775661300000
673.09,674.32,673.005,674.24,1484709.948501,1775662200000
674.24,675.12,674.24,674.89,2172655.012829,1775663100000
674.89,675.675,674.84,674.9,1768710.660254,1775664000000
674.9,675.12,674.48,675.02,1489309.771819,1775664900000
675.03,675.9,674.89,675.87,1140233.1843570005,1775665800000
675.87,676.23,675.81,676.053,1264118.347989,1775666700000
676.07,676.435,675.71,675.87,1123887.8217070005,1775667600000
675.865,676.08,674.77,675.01,1803654.4618190003,1775668500000
675.0101,675.69,674.74,675.575,2252715.274677,1775669400000
675.57,675.89,675.35,675.81,1464601.950115,1775670300000
675.8,676.47,675.36,676.345,2521975.892811001,1775671200000
676.345,676.605,674.34,674.88,3953748.853793,1775672100000
674.9,675.32,673.91,674.02,2463454.4866150003,1775673000000
674.01,674.36,672.83,672.94,3447816.959531,1775673900000
672.925,674.445,672.78,674.34,3041706.158184999,1775674800000
674.34,674.49,673.39,673.54,3210143.3981330004,1775675700000
673.54,675.04,673.49,674.7,3928652.378361,1775676600000
674.7,676.07,674.66,675.87,10882854.520047,1775677500000
674.84,675.7899,674.43,675.5377,2843335.7178010005,1775741400000
675.535,675.72,674.65,675.27,1645318.4276220002,1775742300000
675.26,675.69,674.72,674.76,1517124.7853719995,1775743200000
674.76,674.79,673.93,674.295,2802189.452104,1775744100000
674.29,674.65,673.77,674.29,2457837.007942,1775745000000
674.28,675.5,674.24,675.31,1845032.057877,1775745900000
675.31,675.8,674.61,675.7,1464226.681601,1775746800000
675.7,676.55,675.7,675.93,2621989.173315,1775747700000
675.92,678.07,675.73,677.46,3265713.393046,1775748600000
677.48,678.9,677.1,678.83,1910991.79208,1775749500000
678.82,680.75,678.82,679.52,2800103.151823,1775750400000
679.55,680.39,679.45,679.9,1341540.0581980003,1775751300000
679.92,680.0,679.05,679.35,1074617.348558,1775752200000
679.34,680.1,678.97,679.87,2120104.6071110005,1775753100000
679.855,680.72,679.71,680.4,1231824.5578149997,1775754000000
680.41,681.016,680.28,680.2901,1417527.6198979996,1775754900000
680.2999,681.16,679.66,680.645,1393496.916342,1775755800000
680.65,680.94,680.34,680.54,852215.5222240001,1775756700000
680.54,680.61,678.69,679.27,2096742.448677,1775757600000
679.27,679.58,678.58,678.85,1269159.670128,1775758500000
678.86,679.42,678.44,679.0,1288290.6172029998,1775759400000
678.99,679.31,678.78,679.12,1175599.084891,1775760300000
679.13,680.24,678.9503,680.02,1253387.2727689997,1775761200000
680.02,680.2,679.6,679.92,1282120.00694,1775762100000
679.91,680.67,679.87,680.38,2206523.505224,1775763000000
680.38,680.67,679.83,679.87,4774696.704418,1775763900000
681.32,681.93,680.51,680.86,2835813.830921,1775827800000
680.865,680.98,680.17,680.76,1987487.972983,1775828700000
680.75,681.28,680.028,681.22,1595596.346331,1775829600000
681.22,681.57,680.9338,681.52,1045853.922977,1775830500000
681.54,681.94,680.42,680.89,1473002.0094899996,1775831400000
680.92,681.5,680.64,681.36,1184404.743405,1775832300000
681.36,681.72,680.8801,681.59,1304434.690238,1775833200000
681.59,682.03,681.15,681.24,995237.327289,1775834100000
681.23,681.45,680.07,680.475,1485758.376986,1775835000000
680.45,680.7172,679.12,679.46,1423986.9161349998,1775835900000
679.45,680.11,679.11,679.94,1639325.2241720003,1775836800000
679.94,680.095,679.38,679.52,647551.8072690001,1775837700000
679.52,679.71,678.5,678.67,972781.050271,1775838600000
678.67,679.68,678.62,679.49,1082553.432722,1775839500000
679.47,679.4891,678.61,679.1,911245.064751,1775840400000
679.12,679.2271,678.59,678.6701,575326.4284800001,1775841300000
678.65,679.25,678.45,679.175,723837.876316,1775842200000
679.18,679.53,679.1,679.45,678343.5777970001,1775843100000
679.45,679.475,678.85,679.14,837930.1871939998,1775844000000
679.16,679.7,679.15,679.4,797026.3598329999,1775844900000
679.415,679.46,678.87,679.07,861874.0323189999,1775845800000
679.06,679.37,679.0101,679.31,844389.7586770001,1775846700000
679.32,679.99,679.29,679.96,1884804.700669,1775847600000
679.95,679.98,679.45,679.6401,964658.873897,1775848500000
679.65,679.65,678.74,679.11,1535706.1160110005,1775849400000
679.1,679.54,678.66,679.31,5087664.49021,1775850300000
677.41,677.93,676.58,676.97,2213638.7833409994,1776087000000
676.94,679.73,676.7,679.71,2780549.7180109997,1776087900000
679.72,680.02,678.86,679.07,1651270.991622,1776088800000
679.06,679.59,678.4,679.5688,1414023.336197,1776089700000
679.57,680.1,679.31,679.98,790487.3406260002,1776090600000
679.98,680.66,679.5,680.5213,1175021.6411539998,1776091500000
680.53,680.53,679.64,680.01,1296700.3578229998,1776092400000
680.01,680.17,679.47,679.51,1027348.678773,1776093300000
679.53,680.26,679.22,679.51,864272.036997,1776094200000
679.515,679.65,679.28,679.48,587274.230971,1776095100000
679.4701,680.4,679.015,679.875,958442.248718,1776096000000
679.88,681.62,679.72,681.39,1369263.5828270002,1776096900000
681.38,682.32,680.7,681.55,2073877.820194,1776097800000
681.52,682.83,681.49,682.31,1756224.1429120002,1776098700000
682.32,682.55,682.09,682.31,930539.724349,1776099600000
682.33,682.82,682.2701,682.48,909904.067367,1776100500000
682.49,682.7,682.1,682.16,815685.845434,1776101400000
682.15,682.3107,681.87,682.14,810628.6062369999,1776102300000
682.15,682.6199,682.15,682.565,1111238.23262,1776103200000
682.5601,682.65,682.21,682.375,690994.529581,1776104100000
682.37,682.81,682.27,682.789,794212.245183,1776105000000
682.79,683.47,682.79,683.295,1478852.748269,1776105900000
683.29,683.57,683.04,683.185,1232646.2294830002,1776106800000
683.185,683.84,683.1389,683.805,1514239.0340890002,1776107700000
683.8,684.5,683.66,684.1853,2223034.860402,1776108600000
684.17,686.3,683.78,686.01,9400614.752845,1776109500000
687.69,689.965,687.66,689.825,4784433.901373999,1776173400000
689.826,689.87,689.38,689.49,1859655.4997130004,1776174300000
689.49,690.9,689.46,690.8799,2919747.9188170005,1776175200000
690.87,691.05,690.58,690.98,2100447.8580580004,1776176100000
690.99,691.3758,690.61,690.86,2308908.6540069995,1776177000000
690.865,691.6799,690.86,691.5399,1677266.9428299998,1776177900000
691.53,691.57,690.9,690.985,1488187.858106,1776178800000
690.9893,692.47,690.94,692.25,2280665.45726,1776179700000
692.25,693.16,692.24,692.82,1710522.541929,1776180600000
692.81,693.3,692.81,692.86,2073318.003807,1776181500000
692.86,693.18,692.78,693.02,1591373.5315840002,1776182400000
693.025,693.72,692.96,693.595,1605542.391163,1776183300000
693.59,693.72,693.19,693.48,2070506.717593,1776184200000
693.5,693.66,692.83,692.95,1593787.3090650004,1776185100000
692.953,693.38,692.95,693.25,947287.824741,1776186000000
693.255,694.06,693.23,693.74,1642219.964977,1776186900000
693.74,694.1,693.735,694.015,876792.1895959999,1776187800000
694.015,694.09,693.58,693.725,2135818.347829,1776188700000
693.72,693.935,693.5,693.545,1625435.8717669998,1776189600000
693.54,693.57,692.13,692.6,2383366.162821,1776190500000
692.6,693.19,692.51,692.5873,1100177.537059,1776191400000
692.58,692.8,692.32,692.76,1271167.2041840004,1776192300000
692.76,693.76,692.69,693.505,1342041.13959,1776193200000
693.505,694.2699,693.5,694.24,3214725.228497,1776194100000
694.23,694.58,693.73,694.07,2137767.749845,1776195000000
694.06,694.41,693.41,694.4,4401083.866611,1776195900000
695.26,696.35,694.2,694.39,3828200.533074,1776259800000
694.395,695.71,694.38,695.68,1614344.830691,1776260700000
695.68,695.97,695.0,695.9351,1333196.3123140002,1776261600000
695.95,696.94,695.78,696.92,2650592.790942,1776262500000
696.92,697.07,695.93,696.74,2148825.570683,1776263400000
696.745,697.14,696.6129,696.73,1300803.773286,1776264300000
696.74,697.32,696.44,697.2999,1463994.882886,1776265200000
697.3,697.56,697.16,697.37,2491915.355703,1776266100000
697.37,697.55,696.82,697.42,1466551.8320709998,1776267000000
697.42,697.56,696.905,697.01,1112744.665938,1776267900000
697.01,697.47,696.8,697.3701,1143667.871287,1776268800000
697.38,697.8,697.22,697.3599,1648298.1614150002,1776269700000
697.36,697.495,696.35,696.39,1532361.519725,1776270600000
696.37,696.78,695.7,696.53,1603199.72317,1776271500000
696.56,697.4,696.41,697.16,1251302.154236,1776272400000
697.16,697.62,697.0693,697.42,821044.3904299999,1776273300000
697.42,698.0,697.28,697.4674,1677234.3459619998,1776274200000
697.47,697.87,697.45,697.4801,901607.902909,1776275100000
697.49,698.62,697.19,698.315,1920959.156757,1776276000000
698.32,698.65,698.18,698.5,1367235.593672,1776276900000
698.49,699.2,698.48,698.8741,2254033.596806,1776277800000
698.89,699.84,698.89,699.64,1849747.448565,1776278700000
699.64,699.96,699.39,699.47,2068468.8878520003,1776279600000
699.47,700.03,699.38,700.0,2235712.5859450004,1776280500000
699.995,700.14,699.26,699.52,3011543.085266,1776281400000
699.51,700.28,699.33,699.84,5201721.473918,1776282300000
701.06,701.3,700.11,700.825,2739778.274929,1776346200000
700.83,700.9,698.53,699.48,2562472.41,1776347100000
699.47,700.15,698.72,699.645,2026256.329319,1776348000000
699.64,699.845,698.652,699.14,1831643.921415,1776348900000
699.1499,699.52,698.87,699.5,1100231.8402880002,1776349800000
699.485,700.21,699.37,699.93,1499072.9609970003,1776350700000
699.93,701.46,699.93,701.42,1442869.2244600002,1776351600000
701.42,702.03,700.78,700.78,2154021.7918470004,1776352500000
700.77,702.36,700.66,701.3831,2002096.653182,1776353400000
701.405,702.3,701.0,702.22,1045827.131732,1776354300000
702.22,702.52,702.07,702.455,1046875.539155,1776355200000
702.46,702.78,701.92,702.01,1340017.760449,1776356100000
702.015,702.0699,700.175,701.385,1937561.65244,1776357000000
701.37,701.65,700.75,700.81,1802117.789889,1776357900000
700.83,700.89,700.05,700.08,2338368.747154,1776358800000
700.05,700.94,699.83,700.7,1278816.5414220002,1776359700000
700.72,701.43,700.585,701.37,947511.6661659998,1776360600000
701.37,701.53,700.17,700.6,886165.955115,1776361500000
700.61,701.18,699.94,700.54,1204490.350951,1776362400000
700.54,700.74,699.4737,699.79,968533.1120519998,1776363300000
699.8,700.92,699.775,700.79,1134698.8671440005,1776364200000
700.786,701.03,700.38,700.705,887033.8186140001,1776365100000
700.71,701.145,700.6,700.8099,1142529.9941540002,1776366000000
700.82,701.195,700.81,700.9101,1073838.839054,1776366900000
700.91,701.6,700.83,701.31,1121661.690381,1776367800000
701.32,701.94,701.14,701.55,5151173.582671,1776368700000
706.14,707.61,705.97,707.14,4000593.695321,1776432600000
707.14,708.36,705.76,708.3301,2893585.289232,1776433500000
708.35,709.39,708.15,709.16,3346163.3871369995,1776434400000
709.14,709.46,708.51,709.225,2021678.245529,1776435300000
709.24,710.99,709.23,710.86,3060120.61678,1776436200000
710.86,711.335,710.195,710.48,2353978.37195,1776437100000
710.48,711.17,710.11,710.23,2616515.028948,1776438000000
710.24,710.74,709.86,710.62,1745647.805902,1776438900000
710.63,711.35,710.4193,710.435,2058167.579017,1776439800000
710.48,711.35,710.43,710.74,6827532.837077,1776440700000
710.74,711.64,710.54,711.37,1208200.618838,1776441600000
711.36,711.55,710.94,711.51,1071293.592078,1776442500000
711.515,712.23,711.515,712.18,1670074.8013099998,1776443400000
712.18,712.39,711.9,711.91,859378.0291369997,1776444300000
711.91,712.17,710.73,711.25,1502658.963419,1776445200000
711.25,711.385,709.03,709.88,2949661.832645,1776446100000
709.88,710.37,709.58,709.89,1867303.744221,1776447000000
709.92,710.7,709.89,710.295,1639142.4301679998,1776447900000
710.31,710.48,709.34,709.45,1436278.9577040002,1776448800000
709.45,710.33,709.14,709.81,1340068.515853,1776449700000
709.81,710.39,709.7753,710.12,1615355.833035,1776450600000
710.12,710.19,709.13,709.64,1503556.481053,1776451500000
709.64,709.89,708.99,709.13,1344744.695826,1776452400000
709.11,709.585,709.08,709.26,1256804.331748,1776453300000
709.27,710.36,709.26,710.3,2132702.25954,1776454200000
710.29,710.4,709.69,710.04,5427421.424124,1776455100000
708.78,709.44,708.23,708.825,2865761.2865880006,1776691800000
708.825,709.91,708.43,709.67,1714631.763634,1776692700000
709.67,709.72,708.67,709.255,1532239.13261,1776693600000
709.24,709.64,708.79,708.95,1238725.716241,1776694500000
708.93,709.0,707.9101,708.11,1813649.87248,1776695400000
708.105,708.78,706.48,707.14,2930982.67657,1776696300000
707.155,707.58,706.14,706.74,1707159.2322930004,1776697200000
706.72,708.52,706.42,708.27,1494379.6349059998,1776698100000
708.26,708.26,707.25,707.52,948166.89522,1776699000000
707.53,707.85,707.11,707.5992,573278.37533,1776699900000
707.6,707.7498,707.04,707.59,1045953.873913,1776700800000
707.59,707.8,707.02,707.65,512697.568997,1776701700000
707.66,708.1,707.37,707.69,654746.325061,1776702600000
707.7,707.9,707.47,707.6399,694042.145474,1776703500000
707.64,708.118,707.26,708.06,1134381.42557,1776704400000
708.03,708.39,707.95,707.98,803814.9994239998,1776705300000
707.9882,708.26,707.61,707.9418,693656.634717,1776706200000
707.945,708.05,707.67,707.74,580010.827119,1776707100000
707.74,708.26,707.481,708.2,899198.7963879999,1776708000000
708.1894,708.61,708.0,708.32,989115.4696,1776708900000
708.32,708.42,707.86,708.12,1052789.411569,1776709800000
708.12,708.61,708.06,708.265,1037829.613409,1776710700000
708.27,708.58,708.19,708.45,1056303.548819,1776711600000
708.45,708.49,707.96,708.02,991174.653396,1776712500000
708.02,708.17,707.63,707.7099,1794893.7361480002,1776713400000
707.695,708.8,707.6,708.69,5245210.448191999,1776714300000
710.28,710.45,708.75,709.69,2097585.8610750004,1776778200000
709.68,710.865,709.39,710.75,1407697.929862,1776779100000
710.77,711.18,710.46,711.0201,1114631.4235250002,1776780000000
711.025,711.275,710.16,710.57,1072735.300599,1776780900000
710.56,710.78,709.74,709.885,1214551.906754,1776781800000
709.89,709.94,707.46,707.59,1854968.127249,1776782700000
707.59,708.08,706.15,707.91,2872212.37576,1776783600000
707.9,708.2,706.275,706.69,1400452.44017,1776784500000
706.66,707.42,706.04,706.94,1415190.399072,1776785400000
707.01,707.48,706.45,706.72,828945.0218400002,1776786300000
706.745,707.885,706.63,706.9,1378195.342472,1776787200000
706.8701,707.19,706.28,706.36,714271.8210420001,1776788100000
706.3314,707.14,705.66,705.85,778189.852268,1776789000000
705.85,706.62,705.51,705.58,939553.780312,1776789900000
705.58,706.3088,704.32,704.71,2788389.530484,1776790800000
704.71,704.97,703.84,704.69,1825079.187473,1776791700000
704.68,707.41,704.64,706.5,2644345.221337,1776792600000
706.51,706.55,705.31,705.795,1344657.0874140002,1776793500000
705.795,706.51,705.47,705.92,1115021.663173,1776794400000
705.92,706.18,704.71,705.099,1777035.0111270004,1776795300000
705.095,705.77,705.095,705.44,971797.992252,1776796200000
705.43,706.89,705.0203,706.32,1745883.059906,1776797100000
706.33,707.31,706.19,706.615,1711972.8457270002,1776798000000
706.67,707.78,706.25,707.725,2038554.210142,1776798900000
707.72,707.87,702.64,703.19,4622718.291569,1776799800000
703.2,704.95,703.11,704.15,7500980.267738,1776800700000
709.15,709.33,708.22,708.7,2094054.940205,1776864600000
708.7,709.49,708.24,709.39,1338164.4889109998,1776865500000
709.39,710.15,708.76,710.1,1457364.118292,1776866400000
710.1,710.7,710.1,710.52,1674886.821426,1776867300000
710.51,710.65,709.465,709.72,1483675.948539,1776868200000
709.71,710.34,709.5,710.04,1024098.900857,1776869100000
710.05,710.23,709.2901,709.84,765654.62591,1776870000000
709.86,710.53,709.56,710.2,1179297.072425,1776870900000
710.19,710.44,709.26,709.28,752695.5713290002,1776871800000
709.26,710.04,709.16,709.64,843992.019515,1776872700000
709.65,710.12,709.39,709.92,750688.1666820002,1776873600000
709.92,710.02,709.08,709.155,906453.4504880002,1776874500000
709.15,709.68,708.83,709.09,839902.957719,1776875400000
709.09,709.4,708.8,708.89,628510.028597,1776876300000
708.91,710.4,708.89,709.9278,1346667.784685,1776877200000
709.94,710.42,709.5997,710.04,636121.002325,1776878100000
710.05,710.33,709.9,710.23,555168.506311,1776879000000
710.23,710.42,709.82,709.99,585483.000198,1776879900000
709.97,710.22,709.86,709.95,893613.194334,1776880800000
709.94,709.94,709.2,709.45,1533195.6031939995,1776881700000
709.46,709.98,709.375,709.885,825171.338367,1776882600000
709.885,710.07,709.52,709.65,1078410.2122610002,1776883500000
709.66,710.03,709.19,709.96,1233757.2159399998,1776884400000
709.9599,710.58,709.94,710.45,1467335.656414,1776885300000
710.455,710.59,710.13,710.45,1916572.577316,1776886200000
710.44,711.45,710.37,711.21,5072845.199959,1776887100000
709.5,710.6,709.22,710.57,1884518.08049,1776951000000
710.57,711.285,710.15,710.21,2146007.456188,1776951900000
710.19,710.345,709.13,710.0905,1763362.4501899998,1776952800000
710.09,710.96,710.06,710.53,1214517.77149,1776953700000
710.51,711.13,710.4,710.94,1045611.983078,1776954600000
710.95,712.055,710.89,711.71,1343529.905533,1776955500000
711.7,711.99,711.4499,711.635,926181.784767,1776956400000
711.64,712.28,711.51,711.99,962126.217178,1776957300000
711.99,712.3598,711.495,711.575,942255.876005,1776958200000
711.59,711.62,710.7,711.105,1377871.569618,1776959100000
711.105,711.24,710.305,710.9,949131.039365,1776960000000
710.9,711.09,710.4,710.73,615184.532862,1776960900000
710.7489,711.27,710.625,710.95,678358.2433190001,1776961800000
710.95,711.18,710.58,710.87,374264.706335,1776962700000
710.88,711.08,707.33,707.74,3329232.738388,1776963600000
707.75,707.75,705.88,706.05,3671939.362926999,1776964500000
706.0406,707.7,703.31,703.76,3688020.729575,1776965400000
703.76,707.05,702.2803,706.635,6595418.447307,1776966300000
706.67,708.25,706.22,707.8,2700883.336567,1776967200000
707.76,708.59,707.59,708.5101,1442338.793405,1776968100000
708.51,709.48,708.09,708.67,1478198.9369160002,1776969000000
708.67,708.73,706.74,707.1262,1414086.085113,1776969900000
707.1325,708.2291,706.76,708.21,1390985.2891889997,1776970800000
708.22,708.66,708.2,708.405,928086.253643,1776971700000
708.42,708.91,707.11,707.34,1372268.814156,1776972600000
707.34,708.88,706.47,708.44,4920827.961013999,1776973500000
710.75,711.16,709.55,709.97,2854191.342898,1777037400000
709.99,710.55,709.01,709.94,1641657.848748,1777038300000
709.91,710.7,709.14,710.05,1874416.856378,1777039200000
710.08,710.67,709.5153,709.86,1269242.557252,1777040100000
709.89,711.1,709.45,710.99,1938274.6438330004,1777041000000
711.0,711.61,710.6988,711.42,1500619.891528,1777041900000
711.44,711.86,711.19,711.77,921209.4784819998,1777042800000
711.791,712.15,711.51,711.85,866771.370807,1777043700000
711.87,713.84,711.54,713.4,1776607.903636,1777044600000
713.45,714.14,712.58,713.77,2411105.730562,1777045500000
713.77,713.98,713.1,713.3598,955629.81829,1777046400000
713.335,713.63,712.99,713.3012,697669.089933,1777047300000
713.321,713.8913,712.85,713.11,983772.17337,1777048200000
713.08,713.81,713.01,713.61,1057165.3564930002,1777049100000
713.6,713.79,713.23,713.33,1072631.9843839998,1777050000000
713.33,713.37,712.72,713.02,617937.8856220001,1777050900000
713.0,713.58,712.73,713.5299,825679.280189,1777051800000
713.54,714.46,713.365,713.65,703890.5707609999,1777052700000
713.66,713.79,713.25,713.505,984671.754638,1777053600000
713.5,713.61,712.95,713.02,1454183.996569,1777054500000
713.03,713.64,713.0,713.34,576245.237115,1777055400000
713.34,713.59,713.16,713.53,586536.5541829999,1777056300000
713.53,714.38,713.53,714.205,1130784.4294309998,1777057200000
714.2,714.47,713.56,713.74,1632781.679245,1777058100000
713.75,713.96,713.44,713.7901,1411891.214301,1777059000000
713.79,714.43,713.54,713.98,5827080.18038,1777059900000
713.17,714.4093,712.87,713.71,2602012.6735179992,1777296600000
713.7,714.3,712.6,714.085,2352236.0048589995,1777297500000
714.09,714.34,713.5,713.865,1168004.2467490002,1777298400000
713.85,713.9499,713.35,713.445,872129.096065,1777299300000
713.4592,714.45,713.072,713.98,1275265.3292049998,1777300200000
713.97,714.05,713.345,713.62,766297.979955,1777301100000
713.66,713.8,712.8,712.88,847763.3889149998,1777302000000
712.88,713.25,712.295,713.0,926053.99464,1777302900000
712.99,713.4,712.76,713.29,621905.306154,1777303800000
713.27,713.48,713.05,713.4,488720.701667,1777304700000
713.41,714.02,712.88,713.94,683132.757829,1777305600000
713.95,714.12,713.74,713.86,1025847.291463,1777306500000
713.87,714.31,713.87,714.12,948037.963265,1777307400000
714.12,714.255,713.86,714.13,602770.724405,1777308300000
714.12,714.35,714.09,714.34,485439.25065,1777309200000
714.335,714.755,713.88,714.6,1328032.445413,1777310100000
714.6,715.21,714.58,714.84,984943.389768,1777311000000
714.85,715.0,714.65,714.8799,583855.057125,1777311900000
714.85,715.11,714.72,715.055,819139.3310489998,1777312800000
715.05,715.24,715.0,715.1,867808.3649759999,1777313700000
715.09,715.22,714.8,714.895,647004.697619,1777314600000
714.9,715.14,714.72,714.875,514419.985817,1777315500000
714.87,715.04,714.71,714.95,621349.571273,1777316400000
714.95,715.21,714.945,715.14,1135773.54887,1777317300000
715.13,715.29,714.88,715.18,1764313.6502679996,1777318200000
715.175,715.63,714.96,715.15,4113034.879146,1777319100000
711.815,712.88,710.78,712.4,2862531.231819,1777383000000
712.42,712.61,710.96,711.58,2376138.720978,1777383900000
711.585,712.36,711.11,711.64,1189338.648136,1777384800000
711.66,711.82,710.95,711.25,964638.992434,1777385700000
711.26,711.58,709.64,710.46,1811762.291201,1777386600000
710.48,710.69,709.25,710.52,1727091.335469,1777387500000
710.53,711.07,709.88,710.69,852031.8965370001,1777388400000
710.69,710.82,709.81,709.9,731096.0917569998,1777389300000
709.905,710.15,709.42,709.81,843594.5764959999,1777390200000
709.79,710.0225,709.38,709.98,720027.813009,1777391100000
709.98,710.485,709.77,710.43,977979.0353550002,1777392000000
710.45,710.59,710.07,710.32,369771.8106619999,1777392900000
710.3201,710.44,709.36,709.53,570117.299036,1777393800000
709.53,710.4,709.42,710.18,630751.692998,1777394700000
710.17,710.4,709.46,709.99,530215.7551020001,1777395600000
709.98,710.33,709.56,710.12,963083.86119,1777396500000
710.12,710.98,710.115,710.73,2358041.1533929994,1777397400000
710.72,711.15,710.59,711.03,589684.540321,1777398300000
711.04,711.17,710.76,711.03,688013.460073,1777399200000
711.03,711.65,711.03,711.35,1143427.3232299995,1777400100000
711.36,711.42,710.83,711.4,689167.396612,1777401000000
711.385,711.61,711.27,711.52,650574.5924020001,1777401900000
711.525,712.19,711.44,711.92,1049259.466728,1777402800000
711.92,711.92,711.41,711.59,1124366.0715760002,1777403700000
711.59,711.8,711.2,711.6399,1615624.8376329998,1777404600000
711.64,711.99,711.4,711.68,6593379.700816999,1777405500000
711.0,711.19,709.92,710.04,2198286.043674,1777469400000
710.05,711.02,709.66,710.77,1583604.64804,1777470300000
710.755,711.23,710.28,711.13,1196947.277756,1777471200000
711.1309,711.65,710.94,711.48,954928.982787,1777472100000
711.48,712.2,711.3,711.84,896456.4085280001,1777473000000
711.87,711.92,711.38,711.44,593180.9375369999,1777473900000
711.45,711.52,710.15,710.25,1334568.550467,1777474800000
710.25,711.11,710.105,710.867,699956.9691050001,1777475700000
710.88,711.1,710.4,710.57,625415.462151,1777476600000
710.56,711.01,709.21,710.04,1821615.939901,1777477500000
710.05,710.73,709.92,710.23,557971.3850339999,1777478400000
710.23,710.55,709.64,709.75,705130.74087,1777479300000
709.745,709.88,708.91,709.76,1177157.79938,1777480200000
709.77,710.05,709.42,709.675,813641.929764,1777481100000
709.69,709.825,709.22,709.655,704769.3530930001,1777482000000
709.66,710.19,709.38,709.91,754483.1600860001,1777482900000
709.92,710.27,709.78,710.01,901194.713975,1777483800000
710.015,710.74,709.975,710.61,723957.2206530002,1777484700000
710.61,710.68,708.46,709.088,1998555.262154,1777485600000
709.05,709.91,708.97,709.22,910538.895113,1777486500000
709.23,710.2,708.66,708.695,1712447.9888519996,1777487400000
708.6999,710.66,708.37,710.57,1363679.7079800002,1777488300000
710.56,711.3,710.0,711.24,1177752.648428,1777489200000
711.25,711.5,710.87,710.87,1305631.542118,1777490100000
710.86,711.06,710.08,710.5497,1983379.230356,1777491000000
710.54,711.62,710.38,711.59,4685853.905685,1777491900000
714.63,714.73,711.45,712.8509,3924241.886675,1777555800000
712.84,713.19,710.78,711.27,2083620.0126,1777556700000
711.26,712.26,710.7,711.65,2499381.157576,1777557600000
711.63,712.34,710.445,712.01,1819914.706213,1777558500000
712.01,712.79,711.18,712.24,1515035.152194,1777559400000
712.23,714.16,712.2299,713.87,2034079.387112,1777560300000
713.87,714.53,713.55,714.295,1234634.023677,1777561200000
714.33,714.59,713.81,714.43,1161579.820253,1777562100000
714.41,714.95,713.74,713.93,1043548.4528569998,1777563000000
713.925,715.07,713.47,714.6,955483.688588,1777563900000
714.6,715.39,714.07,715.31,1153263.929652,1777564800000
715.3,715.36,714.78,715.18,737404.812213,1777565700000
715.18,715.33,714.65,714.7499,650094.288805,1777566600000
714.74,714.9,713.9,714.3475,874295.7139180001,1777567500000
714.35,715.65,714.325,715.56,837026.9016079999,1777568400000
715.55,715.89,715.2,715.81,674577.6316109999,1777569300000
715.82,716.68,715.82,716.43,1187662.424322,1777570200000
716.44,717.16,716.44,717.0601,690485.6113229999,1777571100000
717.08,717.915,717.03,717.79,1616042.093112,1777572000000
717.79,718.11,717.63,717.88,1645962.885319,1777572900000
717.9,718.7,717.87,718.58,2877555.005696,1777573800000
718.58,718.82,718.27,718.37,1328529.025908,1777574700000
718.36,719.43,718.28,719.27,2837869.4907600004,1777575600000
719.27,719.4,719.03,719.12,2353913.004742,1777576500000
719.11,719.43,718.75,719.41,3197650.4635089994,1777577400000
719.38,719.79,718.35,718.43,11498221.902506,1777578300000
721.25,722.62,720.74,722.52,3058664.479382001,1777642200000
722.49,724.24,721.87,724.175,2070465.439979,1777643100000
724.19,724.66,723.77,724.45,1572437.2558660002,1777644000000
724.45,724.87,724.18,724.2588,1463049.370793,1777644900000
724.27,724.27,722.3,722.96,2250818.292223,1777645800000
722.9101,723.39,722.6661,722.72,795772.8382759999,1777646700000
722.73,723.015,722.04,722.995,1057062.031819,1777647600000
723.0,723.38,722.79,723.29,659589.108212,1777648500000
723.295,724.06,723.17,724.01,1222285.929578,1777649400000
724.005,724.38,722.71,723.385,1630253.2413439995,1777650300000
723.36,723.61,722.38,722.5,1166644.054935,1777651200000
722.49,723.17,721.87,722.14,1440863.948238,1777652100000
722.1201,722.34,721.63,721.69,952489.840978,1777653000000
721.68,722.36,721.49,721.89,808775.756276,1777653900000
721.89,722.54,721.86,722.5099,1369708.5557760005,1777654800000
722.5,722.98,722.31,722.98,694848.09474,1777655700000
722.96,723.1,722.62,722.91,693885.1822809998,1777656600000
722.9,723.22,722.76,722.8,769132.2879199999,1777657500000
722.79,722.92,721.7578,721.82,809080.4354150001,1777658400000
721.81,722.24,721.5,722.18,1296506.6589950002,1777659300000
722.14,722.2,721.11,721.22,951949.263263,1777660200000
721.2101,721.32,720.78,721.17,1089449.123905,1777661100000
721.17,722.115,721.09,722.055,1077834.5557650002,1777662000000
722.04,722.59,722.0,722.42,1247749.0032779998,1777662900000
722.43,722.5,722.0,722.135,1427103.2167730003,1777663800000
722.135,722.17,720.47,720.67,4248457.357855,1777664700000
720.07,720.31,719.25,719.95,2698692.959482,1777901400000
719.95,720.8,719.85,720.7602,1429946.595762,1777902300000
720.77,721.21,719.865,720.99,1499973.401775,1777903200000
720.98,721.719,720.88,721.24,1229428.291213,1777904100000
721.22,722.09,721.14,721.9052,1074554.36338,1777905000000
721.91,722.12,720.7604,720.91,1502890.064464,1777905900000
720.92,721.56,720.0,720.25,1855187.466357,1777906800000
720.245,720.51,717.45,718.44,4133584.665099,1777907700000
718.45,718.74,717.28,718.315,2768102.318072,1777908600000
718.3,718.34,716.98,717.5898,1837512.784205,1777909500000
717.59,717.76,714.99,715.94,2100518.4951600004,1777910400000
715.93,717.87,715.5,717.0,2294359.014051,1777911300000
716.99,717.67,716.61,716.92,944268.469795,1777912200000
716.89,717.08,716.3,716.55,793869.412704,1777913100000
716.54,717.64,716.48,717.47,916005.808492,1777914000000
717.45,718.64,717.2,718.57,1145576.9926979998,1777914900000
718.56,718.61,717.6,718.21,793656.5865920001,1777915800000
718.22,718.63,718.09,718.3301,679446.772314,1777916700000
718.33,718.995,718.29,718.45,1076347.0566399998,1777917600000
718.46,718.49,717.17,717.76,1151477.5831909997,1777918500000
717.76,717.87,717.03,717.07,855934.632977,1777919400000
717.07,717.6,716.83,717.47,1053579.290026,1777920300000
717.48,718.22,717.13,718.04,2305626.603135,1777921200000
718.04,718.19,717.43,717.74,1672891.3793749998,1777922100000
717.75,718.26,717.67,717.75,1611476.248207,1777923000000
717.74,718.2,717.35,718.07,5491057.965731,1777923900000
721.77,722.48,721.4898,722.23,2426158.888239,1777987800000
722.21,722.79,722.095,722.53,1501564.7717379995,1777988700000
722.6,723.39,722.14,722.315,1872118.571318,1777989600000
722.31,723.67,721.79,723.29,1537428.620355,1777990500000
723.298,723.39,722.56,722.7,1236781.347744,1777991400000
722.72,723.18,722.38,723.14,926486.0168840002,1777992300000
723.15,723.649,723.03,723.55,1800676.6374290003,1777993200000
723.55,723.65,723.11,723.48,801334.874306,1777994100000
723.49,723.54,722.91,723.12,616488.4283960001,1777995000000
723.135,723.42,722.97,723.04,508138.134705,1777995900000
723.04,723.59,722.96,723.505,481299.539177,1777996800000
723.505,723.87,723.04,723.58,711261.85517,1777997700000
723.56,723.69,723.27,723.4399,556504.029461,1777998600000
723.42,723.74,723.35,723.47,448035.89769499993,1777999500000
723.47,723.58,723.12,723.27,427907.126782,1778000400000
723.28,723.86,723.28,723.855,650304.686417,1778001300000
723.86,724.0107,723.72,723.86,753302.189301,1778002200000
723.86,724.22,723.855,724.01,810938.8005990001,1778003100000
724.01,724.66,724.0,724.62,779713.6617700001,1778004000000
724.625,724.7,724.43,724.475,647232.370822,1778004900000
724.475,724.52,724.1,724.26,601993.159883,1778005800000
724.255,724.46,724.12,724.32,593151.5730110001,1778006700000
724.33,724.975,724.31,724.75,1010005.395179,1778007600000
724.77,725.04,724.57,724.72,1163176.924415,1778008500000
724.72,724.87,724.42,724.7499,1656772.590757,1778009400000
724.74,724.77,723.27,723.74,5310514.32377,1778010300000
728.16,729.55,727.82,729.13,2457547.8777570003,1778074200000
729.17,729.8,728.323,729.65,1591813.8995640003,1778075100000
729.67,730.23,728.71,730.08,1682157.027854,1778076000000
730.09,730.68,729.57,730.02,1505293.21207,1778076900000
730.04,731.91,730.01,731.86,1613066.830007,1778077800000
731.84,732.56,731.5,732.1501,1363420.81876,1778078700000
732.16,732.49,731.38,731.7426,1317369.4871319998,1778079600000
731.74,732.37,731.55,732.05,1284743.564897,1778080500000
732.05,732.1415,730.94,731.33,1197691.588632,1778081400000
731.33,731.92,731.15,731.64,741037.8807060001,1778082300000
731.63,731.98,731.48,731.915,825255.9529159999,1778083200000
731.915,732.05,731.73,731.77,579005.479958,1778084100000
731.7701,731.84,731.48,731.595,475458.160672,1778085000000
731.6,731.6248,730.5289,730.985,870743.9249399999,1778085900000
730.99,731.75,730.66,731.535,1040714.925386,1778086800000
731.54,731.81,731.39,731.68,542514.868433,1778087700000
731.68,731.9,731.545,731.88,991114.672176,1778088600000
731.89,732.13,731.8,732.125,693284.020828,1778089500000
732.13,732.58,732.03,732.5,1000674.848519,1778090400000
732.49,733.18,732.49,733.045,1034340.933854,1778091300000
733.04,733.46,732.87,733.02,1527678.59478,1778092200000
733.04,733.16,732.72,732.96,1520180.568333,1778093100000
732.953,733.8,732.93,733.76,2911850.225308,1778094000000
733.76,733.99,733.59,733.86,2158662.25093,1778094900000
733.85,734.0,733.55,733.675,2253062.7366110003,1778095800000
733.67,734.59,733.59,733.79,7197628.521751001,1778096700000
735.05,735.13,734.16,734.23,2218474.8624250004,1778160600000
734.22,734.42,733.55,733.94,1901370.16548,1778161500000
733.93,734.9,733.88,734.52,1575949.116915,1778162400000
734.52,735.08,734.08,734.55,1359637.797634,1778163300000
734.63,735.35,734.45,735.15,1203153.231946,1778164200000
735.171,736.11,734.96,736.08,1236444.559262,1778165100000
736.09,736.13,735.2,735.3,1136775.2489530002,1778166000000
735.3,735.6,734.3,734.9088,3155183.271796,1778166900000
734.91,735.62,734.85,735.31,1050805.629997,1778167800000
735.29,735.41,733.78,733.9799,1185914.465139,1778168700000
733.965,734.02,732.59,732.72,1583859.451061,1778169600000
732.705,733.42,731.73,733.365,2206634.125151,1778170500000
733.36,733.82,732.53,732.78,1151051.17549,1778171400000
732.78,732.88,731.59,732.04,890485.4746759998,1778172300000
732.1,732.67,731.67,731.99,1038606.435095,1778173200000
731.99,732.57,729.76,730.625,2266027.158978,1778174100000
730.63,731.71,730.18,730.76,1503183.31203,1778175000000
730.73,731.8,730.15,731.72,1468748.277699,1778175900000
731.77,732.15,731.06,731.62,1355434.570632,1778176800000
731.63,732.2,731.16,731.29,827660.2022149999,1778177700000
731.29,731.94,729.96,730.3025,985031.613186,1778178600000
730.31,731.18,729.75,731.14,1453534.102085,1778179500000
731.16,731.5,730.63,731.19,1518957.507327,1778180400000
731.23,731.33,729.99,730.5,1403488.680968,1778181300000
730.5,731.47,730.4,731.26,1509618.7236950002,1778182200000
731.27,731.9,730.57,731.56,5859340.599668001,1778183100000
734.93,735.45,734.57,735.29,1869473.442515,1778247000000
735.29,736.66,735.29,736.64,2495584.841814,1778247900000
736.62,736.89,736.24,736.8,1684897.1875709998,1778248800000
736.81,737.5498,736.55,736.8,1344114.3563940004,1778249700000
736.8199,737.15,736.11,737.1451,1176103.5674859998,1778250600000
737.145,737.45,736.97,737.06,965698.681168,1778251500000
737.05,737.35,736.47,736.59,940932.451673,1778252400000
736.575,736.9699,736.0491,736.91,1148593.892319,1778253300000
736.89,737.37,736.31,736.7475,1282158.6486,1778254200000
736.76,737.32,736.645,736.89,888993.516858,1778255100000
736.88,737.51,736.88,737.375,694536.249931,1778256000000
737.37,737.75,737.16,737.55,1204840.9424329998,1778256900000
737.56,737.63,736.81,736.81,1069853.668293,1778257800000
736.82,737.31,736.82,736.92,730689.764966,1778258700000
736.8928,737.59,736.82,737.17,1644913.497619,1778259600000
737.17,737.84,737.15,737.69,871110.143556,1778260500000
737.68,737.91,737.25,737.28,738325.944378,1778261400000
737.26,737.59,737.07,737.19,597454.8134029999,1778262300000
737.17,738.08,737.15,737.78,1406558.729074,1778263200000
737.81,737.93,737.64,737.73,927471.210896,1778264100000
737.73,737.95,737.24,737.25,1004091.101653,1778265000000
737.25,737.26,736.105,736.38,1615851.170197,1778265900000
736.38,737.07,736.35,736.83,1147102.9437259997,1778266800000
736.82,737.33,736.62,736.64,1602207.0575440002,1778267700000
736.64,737.42,736.52,737.345,2543730.044712,1778268600000
737.35,737.59,737.1,737.53,7043778.304502999,1778269500000
736.45,738.4,736.45,738.39,2887899.119456,1778506200000
738.4,739.14,738.32,738.6701,2088939.314998,1778507100000
738.67,739.06,738.51,739.04,1112620.4434119998,1778508000000
739.04,739.59,738.4,738.4674,1676036.9898740002,1778508900000
738.46,739.09,737.59,738.94,1718855.4002940005,1778509800000
738.97,739.94,738.63,739.65,1474394.577112,1778510700000
739.65,739.76,739.03,739.12,1267825.424696,1778511600000
739.12,740.1073,738.95,740.0707,1451443.7519749997,1778512500000
740.075,740.19,739.67,739.85,1254360.059188,1778513400000
739.86,740.34,739.72,740.22,1172396.529241,1778514300000
740.23,740.32,740.0,740.13,756926.3398729999,1778515200000
740.14,740.4392,739.95,740.335,766856.98644,1778516100000
740.32,740.43,738.84,739.66,1527283.097696,1778517000000
739.66,739.93,739.0708,739.3278,1301997.4705540002,1778517900000
739.34,739.69,739.0,739.06,835763.297562,1778518800000
739.05,739.91,738.88,739.81,994857.874431,1778519700000
739.79,740.67,739.78,740.635,927338.877049,1778520600000
740.64,740.79,740.14,740.2,1192849.247155,1778521500000
740.2,740.65,740.18,740.34,1246557.333353,1778522400000
740.33,740.53,740.05,740.34,863556.5724739999,1778523300000
740.34,740.35,739.61,739.76,1165246.813485,1778524200000
739.76,739.78,738.5,738.52,1445399.470809,1778525100000
738.56,739.19,738.2,738.78,1785566.684466,1778526000000
738.785,738.81,738.16,738.49,1708085.397822,1778526900000
738.485,738.89,738.18,738.19,1960551.629064,1778527800000
738.19,739.26,738.13,739.26,4356118.466889,1778528700000
736.89,737.22,735.51,736.72,2226222.8445729995,1778592600000
736.72,736.9,734.86,735.11,1919397.869415,1778593500000
735.14,736.16,734.65,736.11,1425073.234937,1778594400000
736.12,736.38,734.57,734.92,1465588.6557610002,1778595300000
734.92,735.19,733.54,734.6,2174018.043529,1778596200000
734.61,734.64,733.65,733.79,1411151.429559,1778597100000
733.78,734.05,733.12,733.24,1954431.690307,1778598000000
733.24,733.27,731.83,732.32,2216061.378593,1778598900000
732.34,733.55,732.12,733.53,1367244.025943,1778599800000
733.53,733.73,732.371,732.49,1322951.585906,1778600700000
732.49,733.48,732.11,733.35,1360207.909184,1778601600000
733.33,733.43,732.55,732.74,1253281.9576450002,1778602500000
732.73,733.04,732.19,732.42,1309421.0770949998,1778603400000
732.42,732.59,731.83,732.12,1291396.506583,1778604300000
732.12,733.39,732.01,733.3,1351401.055203,1778605200000
733.29,735.01,733.29,734.35,1821186.468629,1778606100000
734.34,734.985,734.13,734.765,1172805.640821,1778607000000
734.77,735.2,734.4,735.06,1347084.24173,1778607900000
735.06,735.27,734.66,735.085,1842132.850114,1778608800000
735.085,736.48,735.01,736.185,1323788.441379,1778609700000
736.19,736.47,735.88,736.23,1111042.225797,1778610600000
736.26,736.57,735.77,736.0,1063834.167839,1778611500000
736.02,737.32,735.99,737.12,1298409.0871149998,1778612400000
737.12,737.42,736.53,737.08,1169560.471977,1778613300000
737.08,738.07,737.07,737.9601,2019581.443023,1778614200000
737.96,738.84,737.74,738.22,6125402.851756999,1778615100000
738.47,738.47,736.5401,736.88,2128655.525265,1778679000000
736.89,737.25,735.47,736.9,1672661.257417,1778679900000
736.91,737.66,736.791,737.58,1082417.5703369998,1778680800000
737.58,738.75,737.165,738.305,1193499.300312,1778681700000
738.3,738.72,737.77,738.4,1285209.6663330002,1778682600000
738.43,738.99,738.08,738.83,1325461.265092,1778683500000
738.84,739.35,738.69,738.94,1120471.708285,1778684400000
738.9759,739.38,738.925,739.29,904751.503777,1778685300000
739.27,740.28,738.94,740.1064,1127547.976976,1778686200000
740.12,740.13,739.54,739.74,961888.146004,1778687100000
739.73,740.7,739.53,740.65,870463.140201,1778688000000
740.66,741.98,740.49,741.725,1272074.746488,1778688900000
741.73,741.87,741.37,741.62,1068299.338211,1778689800000
741.62,742.3,741.44,742.04,1027898.065201,1778690700000
742.07,742.895,742.07,742.63,1013660.815388,1778691600000
742.63,742.8,742.32,742.62,878752.6191209999,1778692500000
742.62,742.69,742.1802,742.615,572567.467029,1778693400000
742.62,742.77,742.1,742.135,847964.4243700001,1778694300000
742.13,743.38,742.091,743.3074,812255.2374239999,1778695200000
743.32,743.91,743.32,743.53,1276146.5305539998,1778696100000
743.54,743.54,742.82,742.8201,1278410.5789579998,1778697000000
742.835,743.36,742.55,742.65,865590.031298,1778697900000
742.65,743.5525,742.63,743.55,1532411.2282289998,1778698800000
743.535,743.71,743.01,743.49,1318052.948491,1778699700000
743.49,743.5475,743.02,743.455,1909518.188217,1778700600000
743.46,743.61,742.22,742.29,6772912.913182001,1778701500000
743.65,745.63,743.56,745.415,2311155.9305490004,1778765400000
745.42,745.885,744.25,744.43,1693024.704427,1778766300000
744.42,745.63,744.28,745.51,1161158.8791729996,1778767200000
745.5,746.37,745.48,745.96,1704963.375749,1778768100000
745.95,746.99,745.76,746.97,1186831.562185,1778769000000
746.98,747.53,746.98,747.18,1192782.6117760004,1778769900000
747.19,748.04,747.12,748.04,808266.237306,1778770800000
748.04,748.81,748.04,748.5105,1232630.014447,1778771700000
748.51,748.82,748.22,748.78,1162128.807164,1778772600000
748.77,749.28,748.61,749.265,1246723.4252020002,1778773500000
749.28,749.53,748.922,748.95,844261.3050820001,1778774400000
748.96,749.34,747.85,748.0,953874.819117,1778775300000
748.01,748.34,747.38,747.85,983424.1041699998,1778776200000
747.85,748.24,747.15,747.829,1200638.931214,1778777100000
747.83,748.31,746.97,747.06,1283376.7478540002,1778778000000
747.05,747.2,746.307,746.91,1344649.0416199996,1778778900000
746.92,747.94,746.71,747.71,1758772.906442,1778779800000
747.73,748.3,747.69,747.74,1035098.937644,1778780700000
747.72,747.84,746.65,747.81,1610194.2355489996,1778781600000
747.82,748.3,747.37,747.56,1193760.291323,1778782500000
747.55,748.1,747.36,747.76,831400.221462,1778783400000
747.77,748.38,747.55,748.3,1022548.148899,1778784300000
748.3,748.69,748.17,748.42,1342005.5835469998,1778785200000
748.4,748.66,748.03,748.085,1297983.878752,1778786100000
748.08,748.68,747.98,748.5207,1692826.263075,1778787000000
748.52,748.64,747.78,748.15,5162734.412475,1778787900000
741.79,741.93,738.62,738.66,3442977.0350570004,1778851800000
738.66,741.0,737.96,739.17,2764778.964914,1778852700000
739.15,741.15,738.97,741.12,2069509.564873,1778853600000
741.12,742.68,740.79,741.13,2891436.144843,1778854500000
741.15,742.28,741.06,742.05,1247741.226443,1778855400000
742.05,742.13,740.37,740.97,1286622.8280279995,1778856300000
740.98,741.47,740.14,740.9,1425017.594863,1778857200000
740.88,741.7801,740.73,741.22,1003864.098722,1778858100000
741.26,741.95,739.87,740.138,1155794.558479,1778859000000
740.14,740.38,739.11,740.2799,1152839.486906,1778859900000
740.29,740.65,739.69,740.42,838727.774413,1778860800000
740.41,741.37,739.855,741.31,5101088.173450001,1778861700000
741.32,741.5991,741.03,741.56,603578.517092,1778862600000
741.57,741.7,740.265,740.96,666226.58536,1778863500000
740.975,741.75,740.685,741.66,492215.093392,1778864400000
741.66,742.95,741.26,742.5228,926496.616569,1778865300000
742.54,742.88,742.06,742.43,1105431.936284,1778866200000
742.44,743.0,742.245,742.96,756444.0689759998,1778867100000
742.97,743.46,742.9,743.009,1235984.942082,1778868000000
743.0,743.05,741.51,741.71,1285815.32725,1778868900000
741.72,741.815,740.45,741.385,1073824.085995,1778869800000
741.38,741.87,740.905,741.64,763983.872265,1778870700000
741.635,741.75,740.29,740.58,1008782.035593,1778871600000
740.6,740.75,740.06,740.16,2348595.394551,1778872500000
740.14,740.82,739.94,740.04,1642286.247694,1778873400000
740.03,740.43,738.54,739.09,10103853.932259,1778874300000
739.83,740.06,737.97,738.04,2222490.799854,1779111000000
738.035,741.415,737.56,740.57,2231677.143586,1779111900000
740.6,740.67,738.6,739.935,1696580.3390690004,1779112800000
739.94,740.8,739.22,739.5,917873.4410819998,1779113700000
739.49,739.84,736.37,738.29,2205539.773394,1779114600000
738.28,738.74,737.28,738.285,1038708.586282,1779115500000
738.33,739.02,736.51,737.23,1661825.4533179996,1779116400000
737.23,737.4,735.52,735.62,995570.935768,1779117300000
735.59,737.365,735.21,736.26,1040883.269652,1779118200000
736.24,737.1995,736.01,736.28,830900.562838,1779119100000
736.37,736.96,735.72,736.96,700078.975817,1779120000000
736.94,737.93,734.47,734.83,1219329.6290949995,1779120900000
734.82,736.12,734.225,735.14,1030809.23048,1779121800000
735.13,737.3399,735.1,736.49,992788.8144209998,1779122700000
736.49,737.4,735.94,736.76,1138071.140608,1779123600000
736.73,737.42,736.62,737.36,679901.367669,1779124500000
737.35,737.42,736.24,736.81,664853.674096,1779125400000
736.81,737.33,736.38,737.03,849312.6187060002,1779126300000
737.04,737.145,735.04,735.06,1446168.6985269997,1779127200000
735.09,735.13,733.71,734.71,1651786.281689,1779128100000
734.735,735.18,733.97,734.57,1367622.746996,1779129000000
734.5601,734.74,733.39,733.67,1345957.4776179995,1779129900000
733.68,738.02,733.62,736.06,3658185.726361,1779130800000
736.08,736.5,734.67,735.52,1528922.62939,1779131700000
735.53,737.82,735.28,737.76,1870152.186038,1779132600000
737.77,738.75,737.54,738.56,4550675.312698,1779133500000
734.78,735.66,733.45,733.56,2656927.012562,1779197400000
733.61,736.3,733.09,735.33,1820879.018849,1779198300000
735.31,735.34,732.82,732.92,2246284.2064670003,1779199200000
732.9,733.17,731.74,732.42,3174934.919864,1779200100000
732.42,733.47,732.03,732.76,1870868.21322,1779201000000
732.76,733.18,731.53,733.16,1386974.355646,1779201900000
733.16,733.7,732.64,733.5595,1148126.719171,1779202800000
733.57,733.96,731.7,732.23,1000091.449874,1779203700000
732.225,733.94,732.04,733.55,1160766.555911,1779204600000
733.56,733.93,732.55,732.99,791400.4229300001,1779205500000
733.0,734.0,732.32,732.775,712164.412637,1779206400000
732.815,734.74,732.775,734.49,1129072.0400760002,1779207300000
734.495,735.45,734.3482,735.44,1334120.770673,1779208200000
735.42,736.3,735.25,736.12,1383620.104717,1779209100000
736.12,737.02,735.92,736.88,1305355.7120569998,1779210000000
736.87,737.65,736.73,736.98,1429045.624779,1779210900000
736.97,737.57,736.7104,737.12,1230411.146082,1779211800000
737.14,737.16,736.0,736.77,1195066.870457,1779212700000
736.83,737.31,736.61,736.9946,1534718.352328,1779213600000
736.98,737.11,735.82,735.88,1586414.425713,1779214500000
735.89,736.37,735.5,735.85,1300478.717989,1779215400000
735.86,735.86,734.2,734.45,1321245.283067,1779216300000
734.41,736.08,734.37,736.01,1279499.12653,1779217200000
736.03,736.15,733.9,734.77,1478925.845941,1779218100000
734.79,735.01,733.75,733.86,2153993.529918,1779219000000
733.84,734.07,732.575,733.76,9203596.063318,1779219900000
735.71,736.31,734.27,735.98,2606208.5906409994,1779283800000
736.03,737.23,735.33,736.13,1665790.4230360007,1779284700000
736.14,736.26,733.89,735.3,1538443.7120160002,1779285600000
735.35,738.54,735.2117,737.89,2762665.432365,1779286500000
737.9,738.98,737.44,738.3,1871722.22242,1779287400000
738.31,739.48,737.6,739.2,1189612.533739,1779288300000
739.19,739.5,738.59,738.8,922256.003227,1779289200000
738.8,741.87,738.8,739.295,3329176.113968,1779290100000
739.295,740.43,739.23,740.315,992373.904318,1779291000000
740.33,740.92,739.92,740.24,937429.615221,1779291900000
740.26,740.53,739.84,740.08,680170.4334790001,1779292800000
740.07,740.14,738.55,738.93,1007990.79319,1779293700000
738.95,739.94,738.5112,739.94,979034.688904,1779294600000
739.915,740.01,738.71,739.365,1045753.009469,1779295500000
739.4,740.12,738.74,739.67,1037670.857148,1779296400000
739.64,740.35,739.52,740.155,681705.376158,1779297300000
740.16,740.72,739.79,740.2575,737258.3358199999,1779298200000
740.27,740.36,739.61,739.85,703419.3208209998,1779299100000
739.86,740.49,739.3,740.065,1342485.8158940002,1779300000000
740.075,740.31,739.64,740.08,953377.920045,1779300900000
740.13,740.85,739.76,739.78,957943.268303,1779301800000
739.79,740.3,739.68,740.165,652605.222041,1779302700000
740.165,740.74,740.02,740.54,1007630.275096,1779303600000
740.55,740.96,740.4,740.82,1394116.2818950005,1779304500000
740.83,741.61,740.57,741.24,1986869.328666,1779305400000
741.22,741.46,740.55,741.3,4713132.55612,1779306300000
738.64,738.69,737.45,737.65,2259012.865197,1779370200000
737.64,740.18,737.4147,739.79,2180496.4313930003,1779371100000
739.78,740.615,739.23,739.44,1256719.765191,1779372000000
739.39,739.52,737.44,738.505,1710496.792282,1779372900000
738.5,739.265,738.0,738.59,880329.6464109999,1779373800000
738.56,739.2399,737.6,738.91,717780.104604,1779374700000
738.96,739.33,737.03,738.935,1398108.4040990002,1779375600000
738.95,739.37,738.63,738.8,1106570.738272,1779376500000
738.81,739.35,737.82,739.12,887046.2205499999,1779377400000
739.1282,739.81,739.11,739.3,831464.746577,1779378300000
739.3,739.96,739.2,739.44,828551.5988290001,1779379200000
739.4404,739.52,738.38,738.8,732431.291914,1779380100000
738.81,739.18,738.4,738.9,749989.2170610001,1779381000000
738.93,739.17,738.09,738.9,744741.600245,1779381900000
738.93,741.15,738.93,740.45,1550302.253344,1779382800000
740.46,743.05,740.33,742.15,2667150.382211,1779383700000
742.16,743.6299,741.97,743.55,1311535.120798,1779384600000
743.545,744.87,743.15,743.68,1632848.857125,1779385500000
743.68,744.11,742.75,742.89,1599176.199018,1779386400000
742.88,743.64,742.58,743.34,1064032.254475,1779387300000
743.35,743.72,742.95,743.52,981109.2304869998,1779388200000
743.495,743.66,740.08,741.0268,2420863.230758,1779389100000
741.04,742.55,740.98,742.5101,1208966.36634,1779390000000
742.53,742.88,742.33,742.68,1234940.116868,1779390900000
742.66,742.98,742.08,742.375,1368187.412186,1779391800000
742.37,743.16,741.92,742.75,4701381.006365,1779392700000
746.24,748.16,745.65,747.4169,2173751.812762,1779456600000
747.44,748.085,746.62,747.54,1745074.9189099998,1779457500000
747.55,747.56,745.29,745.56,1415068.65564,1779458400000
745.545,746.06,744.48,745.69,962491.84405,1779459300000
745.7,746.525,745.46,746.38,729191.617077,1779460200000
746.37,746.72,745.79,746.495,636822.170553,1779461100000
746.49,747.13,746.45,747.03,716943.304271,1779462000000
747.01,747.88,746.88,747.88,734252.8613160001,1779462900000
747.89,748.04,747.43,747.74,754499.2176259999,1779463800000
747.72,747.8,747.31,747.61,743041.59424,1779464700000
747.6,747.75,747.18,747.39,543842.285921,1779465600000
747.38,747.41,746.85,747.38,670517.837691,1779466500000
747.38,747.6399,746.8605,747.03,467604.30140000005,1779467400000
747.0201,747.55,747.0201,747.28,469443.314452,1779468300000
747.305,747.88,747.29,747.65,620267.792124,1779469200000
747.65,748.78,746.63,748.735,1583721.844972,1779470100000
748.78,748.94,747.8,748.02,1629762.637,1779471000000
748.03,748.1,747.1,747.37,623773.6939119999,1779471900000
747.3798,747.69,746.83,747.215,1140317.183455,1779472800000
747.23,747.57,746.99,747.31,668590.802218,1779473700000
747.3,747.47,746.81,747.33,673086.2011839999,1779474600000
747.34,747.46,746.93,747.12,862376.418677,1779475500000
747.12,747.27,746.145,746.37,1090608.318624,1779476400000
746.38,746.45,745.5,745.58,1538803.211113,1779477300000
745.575,746.12,745.26,745.64,2082548.310711,1779478200000
745.64,746.21,744.955,745.59,4813958.672010001,1779479100000
750.01,750.7,749.131,750.63,2251205.6821860005,1779802200000
750.65,751.12,749.57,750.78,1516081.0236899997,1779803100000
750.79,751.45,750.54,751.44,1240484.787234,1779804000000
751.44,751.8691,751.19,751.54,1133612.704662,1779804900000
751.545,752.13,751.35,752.0399,1112281.234735,1779805800000
752.03,752.065,751.0,751.4,892724.398302,1779806700000
751.39,751.47,750.365,750.59,1459587.300322,1779807600000
750.59,750.6301,749.73,749.85,1326264.95378,1779808500000
749.85,750.0,749.17,749.375,1512927.481278,1779809400000
749.375,749.4318,748.37,748.93,1803505.9414200005,1779810300000
748.93,749.42,748.6194,748.9,1177225.781027,1779811200000
748.88,749.77,748.8,749.74,872062.1040320001,1779812100000
749.74,750.03,749.2,749.2401,953133.54371,1779813000000
749.23,749.44,748.87,749.01,1017851.300485,1779813900000
749.01,749.435,748.912,749.2801,759978.6030249998,1779814800000
749.28,749.31,748.52,748.65,633788.4699980001,1779815700000
748.65,749.15,748.5,748.84,720820.2084190001,1779816600000
748.84,749.32,748.7801,749.03,735753.260635,1779817500000
749.03,749.7,748.8,749.645,1486041.515761,1779818400000
749.645,750.0,749.6075,749.655,796397.8548600001,1779819300000
749.64,750.0,749.4,749.405,943198.1915,1779820200000
749.405,749.59,749.0356,749.1,1455418.072554,1779821100000
749.09,749.45,748.85,749.195,1162795.007531,1779822000000
749.19,749.58,749.19,749.51,1189033.5965620002,1779822900000
749.5,750.54,749.495,750.51,1725749.0259660005,1779823800000
750.5,750.87,750.04,750.475,5146100.0267280005,1779824700000
750.88,751.3,749.23,749.47,3245025.815134,1779888600000
749.46,750.77,749.295,750.49,2364974.765674,1779889500000
750.505,751.31,750.15,750.83,1313970.4776730002,1779890400000
750.82,751.38,749.55,750.045,1740905.0684689998,1779891300000
750.04,751.02,749.27,750.425,1272472.45244,1779892200000
750.43,750.57,749.48,749.68,720810.0733769999,1779893100000
749.69,750.16,749.42,749.83,744862.1000440001,1779894000000
749.85,749.86,748.91,749.54,883538.565631,1779894900000
749.54,750.2,748.54,748.62,1727692.112002,1779895800000
748.63,749.28,748.37,749.105,949134.537618,1779896700000
749.09,749.71,748.54,749.575,765189.1926940001,1779897600000
749.575,749.83,749.32,749.6701,800351.185338,1779898500000
749.65,750.4357,749.48,750.25,746301.161018,1779899400000
750.25,750.615,749.605,749.79,845220.9274960001,1779900300000
749.79,749.91,748.22,748.89,890508.290593,1779901200000
748.88,749.51,748.73,749.16,832132.2049540001,1779902100000
749.16,749.94,749.145,749.38,663072.7570780001,1779903000000
749.3599,750.05,749.18,749.72,639283.585813,1779903900000
749.71,750.07,749.3,750.04,880436.8038610002,1779904800000
750.02,750.81,749.91,750.72,942035.829712,1779905700000
750.71,750.91,750.41,750.83,695227.352145,1779906600000
750.82,751.0501,750.7,750.81,787207.1497650001,1779907500000
750.82,751.13,750.64,750.9,1025776.2164559998,1779908400000
750.89,751.0,750.31,750.5601,924544.400215,1779909300000
750.56,750.88,750.36,750.86,1271129.5768820003,1779910200000
750.86,750.86,750.1,750.47,6138330.443976999,1779911100000
750.25,750.42,749.23,749.55,1678834.211194,1779975000000
749.52,750.33,749.26,750.17,1435408.741844,1779975900000
750.2,754.07,749.99,753.06,3021149.4605210004,1779976800000
753.05,753.46,751.94,752.72,2273538.5911220005,1779977700000
752.74,752.98,751.73,752.45,996350.576783,1779978600000
752.46,752.95,751.81,752.8799,1266189.23091,1779979500000
752.87,753.93,752.75,753.305,1803910.892912,1779980400000
753.31,754.14,753.11,753.94,1015504.442872,1779981300000
753.95,754.26,753.7801,754.02,776587.557089,1779982200000
754.026,754.29,753.85,754.08,576445.495248,1779983100000
754.08,754.22,753.69,754.17,610904.5655779999,1779984000000
754.18,754.8501,754.0,754.38,844017.703486,1779984900000
754.3999,754.49,754.07,754.43,613835.496006,1779985800000
754.425,754.8,754.24,754.72,587444.557514,1779986700000
754.73,754.87,754.27,754.3,649928.749315,1779987600000
754.3,754.52,754.12,754.265,583697.486459,1779988500000
754.27,754.5695,754.1,754.49,886864.054338,1779989400000
754.49,754.93,754.45,754.7,1233543.8177240002,1779990300000
754.68,754.89,754.47,754.5075,1402982.95045,1779991200000
754.52,754.86,754.4,754.78,875081.310082,1779992100000
754.76,754.76,754.26,754.37,1444465.696957,1779993000000
754.355,754.57,754.18,754.24,1049009.440113,1779993900000
754.22,754.52,754.11,754.24,1122781.3131439998,1779994800000
754.24,754.78,754.18,754.76,1131367.118432,1779995700000
754.76,755.15,754.7,754.7,2423741.326748,1779996600000
754.71,754.945,754.45,754.64,4260216.832932,1779997500000
755.9,757.49,755.5,757.47,2700247.2023050003,1780061400000
757.48,757.91,757.2815,757.82,1961549.255777,1780062300000
757.82,758.08,757.19,757.31,1608148.039968,1780063200000
757.305,757.32,755.84,756.6,3123389.414301,1780064100000
756.6,756.96,755.1,755.175,1298905.345167,1780065000000
755.122,756.74,754.69,756.04,2749285.308791,1780065900000
756.03,757.315,755.89,757.31,1314187.5188979998,1780066800000
757.31,757.42,756.3,756.78,1424383.3650260004,1780067700000
756.81,757.34,756.5,756.71,922189.261421,1780068600000
756.69,756.9099,756.3,756.42,747095.8340079999,1780069500000
756.42,757.465,756.34,757.3,775468.384213,1780070400000
757.31,757.39,756.68,756.75,662259.413767,1780071300000
756.76,757.82,756.5,757.49,927317.436963,1780072200000
757.48,757.56,756.55,756.81,628729.238319,1780073100000
756.81,757.025,756.49,756.76,519908.60006,1780074000000
756.78,757.0,756.22,756.61,948049.4693049998,1780074900000
756.6,756.68,756.02,756.08,1364353.3518730002,1780075800000
756.08,756.28,755.23,755.3,800757.767272,1780076700000
755.31,756.14,755.13,755.75,1072089.5887829997,1780077600000
755.76,756.415,755.6,756.29,942110.089179,1780078500000
756.29,756.77,756.29,756.415,959165.178118,1780079400000
756.415,756.429,755.41,755.49,1436920.510337,1780080300000
755.48,756.51,755.36,756.36,1091222.636449,1780081200000
756.36,756.88,755.96,756.86,1671142.884171,1780082100000
756.86,757.63,756.83,757.2101,2779454.9635229995,1780083000000
757.21,757.37,756.17,756.4,7459993.492554001,1780083900000
755.36,756.6,754.69,756.24,3259393.629939,1780320600000
756.24,756.77,755.53,755.55,1820858.341975,1780321500000
755.61,756.48,755.32,755.94,1900360.296477,1780322400000
755.92,756.76,755.65,755.855,1531161.355686,1780323300000
755.84,756.18,755.28,755.81,904428.0666059998,1780324200000
755.8,755.98,755.3,755.655,883279.0993319999,1780325100000
755.65,756.27,755.45,755.94,1802941.706671,1780326000000
755.92,756.405,755.8,756.16,894725.512297,1780326900000
756.14,757.42,756.14,757.285,2243412.548198,1780327800000
757.305,757.32,756.65,756.715,837109.4819110001,1780328700000
756.7,757.25,756.31,756.5301,841508.527265,1780329600000
756.51,756.85,755.871,756.78,829398.327316,1780330500000
756.78,757.29,756.78,757.06,693281.2501220001,1780331400000
757.06,758.04,756.84,757.95,1320974.45974,1780332300000
757.94,757.99,757.02,757.31,1237785.729061,1780333200000
757.31,758.55,757.13,758.52,693349.796416,1780334100000
758.53,760.28,757.73,759.48,2858331.110215,1780335000000
759.47,760.08,759.45,759.55,1240713.983335,1780335900000
759.55,759.76,759.32,759.38,876871.7841569999,1780336800000
759.38,759.91,759.33,759.8205,801268.9095059999,1780337700000
759.82,759.87,759.54,759.85,677122.7421929999,1780338600000
759.84,759.86,759.44,759.52,894146.1781899999,1780339500000
759.52,759.7,759.37,759.47,1037316.2199909998,1780340400000
759.47,759.76,759.4,759.68,724464.636628,1780341300000
759.67,759.6792,758.88,759.02,2006271.742715,1780342200000
759.0,759.11,758.04,758.43,4277161.876421001,1780343100000
757.03,757.74,756.75,757.3106,1992815.508956,1780407000000
757.31,757.77,757.28,757.62,1197445.77392,1780407900000
757.63,758.42,757.23,758.18,1426986.9269069997,1780408800000
758.199,758.47,757.54,757.735,1179448.9125529998,1780409700000
757.74,758.935,757.72,758.91,927735.174812,1780410600000
758.905,759.73,758.81,759.72,1439056.616974,1780411500000
759.71,760.21,759.375,759.96,1013885.868577,1780412400000
759.9803,760.4,759.85,759.89,1149133.6738520002,1780413300000
759.87,760.04,759.6,759.7,665920.2473979999,1780414200000
759.695,759.93,759.59,759.69,607027.9398550001,1780415100000
759.7,760.01,759.41,759.9,544041.9227529999,1780416000000
759.89,759.89,759.23,759.35,575369.573772,1780416900000
759.359,759.55,759.1,759.33,653877.399112,1780417800000
759.32,759.935,759.27,759.865,436517.7596749999,1780418700000
759.865,759.97,759.62,759.895,548029.608513,1780419600000
759.9,759.91,758.925,759.025,687762.302892,1780420500000
759.0112,759.319,758.78,759.09,554469.083672,1780421400000
759.09,759.31,758.84,758.875,414639.421941,1780422300000
758.88,759.35,758.81,759.07,672833.1058060001,1780423200000
759.06,759.09,758.855,758.9564,948925.3885920002,1780424100000
758.9553,759.23,758.625,758.83,725849.3443069999,1780425000000
758.83,759.17,758.77,759.04,697737.36361,1780425900000
759.06,759.45,759.055,759.23,1067646.7497959998,1780426800000
759.24,759.575,759.2,759.33,1573111.7263620002,1780427700000
759.33,759.49,759.17,759.17,1444113.818594,1780428600000
759.18,759.69,759.12,759.45,3187748.136893,1780429500000
758.15,758.8,756.475,756.5299,2285337.8921870003,1780493400000
756.53,756.72,754.74,755.92,3061171.464225,1780494300000
755.95,756.94,755.8087,756.905,1528382.9890780002,1780495200000
756.91,756.98,756.0,756.81,1273650.5974559998,1780496100000
756.8,757.01,756.37,756.46,935125.755638,1780497000000
756.44,756.51,755.71,756.17,887258.6151189998,1780497900000
756.16,756.52,755.855,756.04,743332.6202830002,1780498800000
756.0391,756.2492,755.33,756.12,929580.61081,1780499700000
756.125,756.29,755.11,755.2,1028468.950416,1780500600000
755.2,755.57,754.79,755.2,926536.030954,1780501500000
755.2,755.46,754.98,755.26,860876.7452759999,1780502400000
755.25,755.26,753.88,754.31,980367.362893,1780503300000
754.31,754.62,753.57,754.07,996291.551726,1780504200000
754.07,755.16,754.05,755.12,1688732.229431,1780505100000
755.12,755.18,754.08,754.28,827797.2904859999,1780506000000
754.28,754.67,753.99,754.6325,1010012.589196,1780506900000
754.63,755.39,754.2,755.21,879439.5772060002,1780507800000
755.22,755.76,755.08,755.565,1032684.956136,1780508700000
755.57,755.61,755.135,755.3,977771.669496,1780509600000
755.305,756.04,754.99,755.98,1196292.924532,1780510500000
755.98,756.05,755.54,755.7,1024671.76749,1780511400000
755.74,755.89,755.49,755.583,2111330.1214790004,1780512300000
755.585,755.59,754.71,755.04,1005835.636064,1780513200000
755.025,755.44,754.61,754.83,1533579.481391,1780514100000
754.83,755.48,754.62,755.28,1801365.1409649998,1780515000000
755.29,755.44,753.9,754.19,9895728.278434,1780515900000
752.1,753.39,751.47,752.025,2739658.08528,1780579800000
752.04,753.7,751.61,753.2,1683251.1110259998,1780580700000
753.18,753.67,752.23,753.38,1622988.7490870005,1780581600000
753.38,754.29,753.08,754.02,1230597.9325760002,1780582500000
754.02,754.2,753.5,753.84,1120659.166916,1780583400000
753.84,754.24,753.38,754.21,928278.74492,1780584300000
754.215,755.62,754.2,755.565,3615945.331197,1780585200000
755.57,755.97,755.34,755.865,1249833.273552,1780586100000
755.86,755.95,755.17,755.28,805409.0883290002,1780587000000
755.28,755.48,754.8,755.34,1061178.193997,1780587900000
755.35,756.3999,755.2,756.21,1028364.229239,1780588800000
756.22,756.67,756.21,756.5,1231972.695514,1780589700000
756.52,756.87,756.05,756.78,1002441.4230919998,1780590600000
756.78,756.93,756.56,756.795,803223.7668189999,1780591500000
756.79,756.99,756.59,756.84,595822.526123,1780592400000
756.85,757.18,756.62,757.11,932836.410086,1780593300000
757.11,757.43,757.02,757.2606,982517.792893,1780594200000
757.2601,757.74,757.13,757.685,820935.1301000001,1780595100000
757.68,757.87,757.58,757.68,1258512.503956,1780596000000
757.68,757.93,757.531,757.81,1203277.083247,1780596900000
757.8,757.95,757.62,757.79,1070048.371497,1780597800000
757.79,758.0,757.5,757.62,742978.595936,1780598700000
757.64,758.09,757.61,757.78,1662803.9898229996,1780599600000
757.785,758.3,757.59,758.29,1793928.9237650002,1780600500000
758.29,758.31,757.75,757.8,3663101.656663,1780601400000
757.8,757.98,756.8,757.06,6841976.718123,1780602300000
752.31,752.82,750.27,750.31,2624621.781553,1780666200000
750.31,750.64,748.67,748.73,3395312.381847,1780667100000
748.76,750.3,748.225,750.11,2822566.0543540004,1780668000000
750.11,750.96,748.87,749.22,1936914.880023,1780668900000
749.21,750.7399,749.11,749.56,1455305.626609,1780669800000
749.53,750.1,749.12,749.88,979379.578889,1780670700000
749.89,750.18,748.29,748.3,983178.367065,1780671600000
748.31,748.76,747.54,748.148,1799704.601385,1780672500000
748.11,748.42,746.39,746.58,1762887.602125,1780673400000
746.56,746.9599,746.19,746.58,1414737.1847249998,1780674300000
746.5681,746.59,745.02,745.475,2105577.6407449995,1780675200000
745.44,745.55,744.62,744.7401,1939013.323671,1780676100000
744.74,744.81,742.92,743.24,2707804.8243620005,1780677000000
743.22,744.67,742.46,744.54,2769650.075304,1780677900000
744.54,744.56,742.96,743.41,2323217.243629,1780678800000
743.42,744.14,742.81,744.03,2630524.586696,1780679700000
744.02,745.295,743.56,743.815,2400521.294448,1780680600000
743.82,744.7,743.64,744.67,1836513.723777,1780681500000
744.68,744.79,742.12,742.18,2645607.670712,1780682400000
742.14,742.16,740.5,740.9,3403239.570191,1780683300000
740.9,741.14,739.72,740.03,2929636.930215,1780684200000
740.02,740.25,738.48,739.23,5881796.720869999,1780685100000
739.23,739.4,736.91,737.23,2837642.803653,1780686000000
737.23,738.47,735.525,738.45,4383949.243394,1780686900000
738.45,738.8,736.96,737.81,4738790.941301,1780687800000
737.78,739.8,737.0,737.42,10196378.313279,1780688700000
743.36,744.51,741.48,742.72,3887757.913475,1780925400000
742.73,743.725,740.8,740.85,2087873.471265,1780926300000
740.8,742.52,740.6,741.6399,1706871.0395950002,1780927200000
741.625,743.02,740.85,742.48,1401642.649785,1780928100000
742.44,743.67,741.97,742.57,1877421.540916,1780929000000
742.58,745.02,742.58,744.995,1498081.597156,1780929900000
744.98,745.34,744.57,744.72,1102057.7763649998,1780930800000
744.7701,745.16,743.11,743.23,1202537.320605,1780931700000
743.25,743.9,741.87,743.69,1355078.351623,1780932600000
743.71,744.35,742.49,742.765,1125409.387899,1780933500000
742.75,743.26,742.16,743.07,996919.117569,1780934400000
743.095,743.97,742.115,742.14,821139.2705300001,1780935300000
742.16,742.62,741.51,742.13,861021.4829909999,1780936200000
742.16,742.97,741.89,741.91,889739.616816,1780937100000
741.92,741.975,740.11,740.94,2017995.7600500004,1780938000000
740.95,742.06,740.08,742.03,1174754.02326,1780938900000
742.01,742.39,740.4,740.43,1189781.134497,1780939800000
740.425,741.745,740.4,741.13,742921.923372,1780940700000
741.13,742.3,741.06,741.28,1330890.502106,1780941600000
741.3,742.1,741.25,741.96,1034186.8330889998,1780942500000
741.97,742.45,740.75,740.89,1339656.145749,1780943400000
740.9,741.56,740.87,740.97,757729.710722,1780944300000
740.97,741.16,739.26,739.2601,1868637.117451,1780945200000
739.27,739.69,738.19,739.2,1581224.8743929996,1780946100000
739.21,740.18,738.92,739.35,1451814.1646609996,1780947000000
739.34,739.97,738.77,739.31,4429703.524178,1780947900000
743.63,745.3598,743.28,745.3598,2716371.099542,1781011800000
745.36,746.9,744.23,744.38,2302250.040401,1781012700000
744.3638,745.045,741.44,741.54,2487464.758099,1781013600000
741.55,742.1991,739.42,741.21,2944198.5635410007,1781014500000
741.17,741.71,738.41,738.63,1723053.455145,1781015400000
738.645,738.8999,734.65,737.75,4527292.0057500005,1781016300000
737.79,738.42,736.28,737.53,1394998.8669189997,1781017200000
737.52,737.715,730.77,731.0,2373992.834826,1781018100000
731.0,732.49,730.48,731.8564,3659082.745883001,1781019000000
731.82,732.75,728.96,729.06,2478169.926367,1781019900000
729.08,730.57,727.78,728.55,3047656.1713550007,1781020800000
728.54,728.55,725.3,727.36,3623460.8820520006,1781021700000
727.34,728.57,722.59,724.69,5641807.581146,1781022600000
724.675,726.695,723.56,726.62,3234878.6821540003,1781023500000
726.62,729.04,726.4,728.58,2720159.5287510003,1781024400000
728.58,731.28,727.94,730.76,2384195.7397350003,1781025300000
730.78,733.95,730.21,732.96,2480045.799795,1781026200000
732.98,733.21,730.96,732.56,2098690.082911,1781027100000
732.65,733.76,732.14,733.28,1539107.622981,1781028000000
733.25,735.18,732.62,735.1,1877430.50495,1781028900000
735.12,736.27,734.3,734.41,1916478.074955,1781029800000
734.43,737.13,734.35,736.74,1552081.8829989997,1781030700000
736.74,737.69,735.17,735.31,2194977.157321,1781031600000
735.32,735.42,733.2,734.6,2099541.487516,1781032500000
734.58,735.03,732.58,733.43,2466754.709604,1781033400000
733.44,737.47,732.53,737.05,8331680.590439001,1781034300000
733.39,736.25,731.5,736.17,2943416.6649210006,1781098200000
736.17,736.98,734.745,735.72,2075912.751633,1781099100000
735.75,737.6,735.01,736.7,1492909.2128539998,1781100000000
736.7,738.38,735.7814,737.25,1792818.8218309998,1781100900000
737.22,737.95,735.58,735.58,1425194.902454,1781101800000
735.55,736.085,732.2601,732.84,1859389.660252,1781102700000
732.87,734.42,730.61,730.68,1974313.642582,1781103600000
730.67,732.57,729.51,731.43,1567729.7505279998,1781104500000
731.49,732.58,729.97,732.27,1140466.014099,1781105400000
732.24,732.77,728.49,731.95,2904221.483444,1781106300000
731.98,732.51,729.93,730.25,1103985.235862,1781107200000
730.23,731.07,729.9,730.68,631739.946991,1781108100000
730.68,732.31,730.05,730.872,744050.004352,1781109000000
730.83,731.03,729.4,730.3601,816465.694319,1781109900000
730.36,731.37,728.72,729.0,1215780.312882,1781110800000
729.0,729.85,728.67,729.59,1098132.023221,1781111700000
729.59,729.68,727.86,727.961,960370.440402,1781112600000
727.97,730.8,727.88,730.66,1470971.442924,1781113500000
730.69,731.77,730.45,730.75,1267743.3869160002,1781114400000
730.72,731.25,729.32,729.55,1078926.786588,1781115300000
729.575,729.5801,728.14,728.5299,1184162.381515,1781116200000
728.54,728.555,727.0,727.43,2602234.999122,1781117100000
727.44,728.13,726.805,727.06,1531417.416205,1781118000000
727.09,727.24,725.48,725.99,2948568.121359,1781118900000
725.99,727.7,725.66,727.2588,3055190.0806,1781119800000
727.22,727.89,725.33,725.42,7352730.933918001,1781120700000
728.76,729.09,726.35,727.17,3355594.7169660004,1781184600000
727.17,731.56,726.77,729.73,3642110.766393,1781185500000
729.75,731.575,727.76,727.83,2316660.62121,1781186400000
727.84,729.755,726.95,728.815,1798485.8249720002,1781187300000
728.845,730.07,727.68,728.56,1399586.435328,1781188200000
728.57,728.99,725.11,725.6,1751568.439464,1781189100000
725.57,727.88,724.405,727.38,2349209.985716,1781190000000
727.37,728.78,726.72,727.18,1279197.936711,1781190900000
727.18,729.46,726.73,727.86,1627605.8247719998,1781191800000
727.89,728.46,726.84,728.1,1694064.12417,1781192700000
728.08,730.15,727.57,729.885,997718.9621709998,1781193600000
729.95,730.31,727.81,727.88,1490149.440669,1781194500000
727.88,729.95,727.43,728.63,1633164.032199,1781195400000
728.6,728.94,726.5,726.5201,1153499.320798,1781196300000
726.54,727.26,725.57,726.3499,2021780.615444,1781197200000
726.3,732.68,725.26,732.52,3958351.124411,1781198100000
732.54,736.62,732.21,736.21,5472943.796383,1781199000000
736.275,736.57,733.41,734.95,2966618.5786709995,1781199900000
734.91,735.63,732.57,734.31,2826302.143106,1781200800000
734.3,735.77,733.8,734.52,2341163.8063699994,1781201700000
734.55,735.4,734.05,734.92,1704708.3642910002,1781202600000
734.92,736.31,734.8,735.755,1623620.1142119998,1781203500000
735.74,737.25,735.26,736.95,2430736.1818210003,1781204400000
736.96,738.24,736.72,737.92,2848709.0313400007,1781205300000
737.93,740.0,737.9,739.405,5653337.298490999,1781206200000
739.4,739.4,737.32,737.64,10573644.932035,1781207100000
740.71,740.89,735.79,735.89,4262438.611415001,1781271000000
735.93,737.42,735.03,736.62,1759189.416846,1781271900000
736.78,740.54,736.52,739.31,1876120.278773,1781272800000
739.31,741.15,738.913,739.59,1771236.6028709998,1781273700000
739.59,741.2,737.9301,738.0001,1371019.6673139995,1781274600000
737.99,742.72,737.17,742.36,2682136.588551,1781275500000
742.39,743.39,741.64,743.15,1315297.824131,1781276400000
743.15,744.44,742.58,744.15,1346062.1309399998,1781277300000
744.16,744.19,740.77,740.96,1948207.959281,1781278200000
740.99,741.8899,738.44,738.89,2965366.9770060005,1781279100000
738.89,742.24,738.17,741.04,2481820.6945140003,1781280000000
741.03,742.19,739.98,740.61,1179746.994848,1781280900000
740.62,741.48,740.26,740.52,823821.021949,1781281800000
740.54,741.64,740.29,741.56,714048.671515,1781282700000
741.58,743.0,741.21,742.11,1125787.415903,1781283600000
742.08,742.78,741.66,742.09,1075419.459684,1781284500000
742.12,742.24,741.32,741.7,1013525.737476,1781285400000
741.69,742.13,740.87,741.3,960844.5654430002,1781286300000
741.33,742.05,740.52,741.03,1354975.4597,1781287200000
741.04,741.38,740.42,741.26,1176890.4858690002,1781288100000
741.25,742.335,741.2,742.22,1170046.890014,1781289000000
742.23,742.3,740.96,741.01,1384094.297414,1781289900000
740.99,742.21,740.95,741.39,1577075.3592280005,1781290800000
741.39,741.97,740.98,741.42,1325369.6166880005,1781291700000
741.41,741.79,740.07,740.82,2269420.606732,1781292600000
740.81,742.0,740.48,741.63,4132547.192712,1781293500000
751.85,753.46,751.76,752.84,3576632.9559460008,1781530200000
752.84,754.09,752.83,753.32,1977599.030317,1781531100000
753.32,753.96,752.51,753.01,1533544.4767220004,1781532000000
753.0191,753.72,752.59,753.65,1239427.098626,1781532900000
753.65,753.74,752.95,753.32,918570.158413,1781533800000
753.32,754.39,753.3,754.1922,1501622.4944600002,1781534700000
754.2,754.77,754.2,754.67,1320092.489367,1781535600000
754.67,755.23,754.47,755.14,1020660.845609,1781536500000
755.12,755.54,754.5,755.43,1544539.5588050005,1781537400000
755.44,756.28,755.425,756.14,1081097.9083059998,1781538300000
756.155,756.68,756.0,756.155,1095774.298187,1781539200000
756.16,756.56,755.92,756.5,1145515.710498,1781540100000
756.48,756.62,755.76,755.91,820556.3900870001,1781541000000
755.9199,755.97,755.525,755.85,1033216.934526,1781541900000
755.84,756.04,755.09,755.79,1211636.500545,1781542800000
755.78,756.35,755.7,756.13,928458.217162,1781543700000
756.12,756.3,755.7,755.77,788501.2808569999,1781544600000
755.752,755.85,755.07,755.205,760752.817857,1781545500000
755.21,755.34,754.67,755.19,1253229.483642,1781546400000
755.19,755.39,754.65,754.72,776374.0724370001,1781547300000
754.72,755.33,754.42,755.25,1411712.390227,1781548200000
755.25,755.47,754.88,755.0,1160169.537441,1781549100000
755.01,755.11,754.7,755.01,1866123.287321,1781550000000
755.02,755.25,754.36,754.37,2255848.430353,1781550900000
754.37,754.68,754.13,754.41,2621405.4273260003,1781551800000
754.4,754.94,753.4,754.66,9077243.67802,1781552700000
754.55,755.4,754.2125,754.835,2169136.863149,1781616600000
754.84,755.44,754.0,754.09,1281291.438093,1781617500000
754.11,755.29,754.061,754.837,1360660.7750410005,1781618400000
754.84,755.04,753.06,753.06,1527900.927333,1781619300000
753.065,753.96,752.27,753.275,1595023.129086,1781620200000
753.27,753.7,752.47,752.93,1688801.50496,1781621100000
752.94,753.738,752.82,753.43,918875.124644,1781622000000
753.42,753.67,752.299,752.6499,1364331.096763,1781622900000
752.66,753.42,752.395,752.51,1508115.2499930002,1781623800000
752.48,753.43,751.71,752.75,2975340.479819999,1781624700000
752.74,753.97,752.72,753.65,1303517.490712,1781625600000
753.65,753.9,753.14,753.36,709270.3160539998,1781626500000
753.35,753.42,752.4,753.04,894894.342132,1781627400000
753.03,753.2,752.332,752.73,978646.450047,1781628300000
752.72,752.8,752.2,752.59,1944373.928204,1781629200000
752.6,752.71,751.89,752.19,574553.326895,1781630100000
752.18,752.27,751.45,751.94,1019952.765595,1781631000000
751.91,752.68,751.68,752.12,1154174.573581,1781631900000
752.105,752.29,751.91,752.02,902198.7750119998,1781632800000
752.02,752.35,751.72,752.135,1002776.12494,1781633700000
752.14,752.23,751.73,752.115,1073489.7360250002,1781634600000
752.1125,752.25,751.63,751.78,973619.358586,1781635500000
751.765,751.86,750.86,750.985,1867800.18863,1781636400000
750.98,751.62,750.08,751.22,2653194.281703,1781637300000
751.22,751.32,750.34,750.99,2419453.3265370005,1781638200000
750.98,751.26,749.88,750.39,9458725.834803,1781639100000
751.29,751.54,750.14,751.53,2248186.770751,1781703000000
751.54,751.77,749.86,749.8794,2496424.823299,1781703900000
749.87,751.26,749.61,751.2299,1992592.042721,1781704800000
751.22,752.15,751.09,751.69,1145859.2078599995,1781705700000
751.6888,751.73,749.1901,750.199,1701944.3464729998,1781706600000
750.19,750.63,747.85,749.06,2242276.693907,1781707500000
749.06,749.76,748.5911,749.625,1445710.2265069997,1781708400000
749.62,750.24,749.37,750.0,1716861.685059,1781709300000
750.01,750.79,749.76,750.35,1106257.340892,1781710200000
750.36,750.8599,750.29,750.62,690837.4340880001,1781711100000
750.63,750.933,750.3,750.62,656646.0367250001,1781712000000
750.62,751.03,750.43,750.76,582057.351698,1781712900000
750.76,750.861,749.97,750.23,782499.019294,1781713800000
750.225,750.26,749.91,750.005,619889.582077,1781714700000
749.99,749.9925,748.42,749.34,1346992.16336,1781715600000
749.33,749.8,749.03,749.66,1060645.602976,1781716500000
749.66,749.775,749.09,749.315,696245.289601,1781717400000
749.32,750.91,749.2399,750.865,1150307.4962459998,1781718300000
750.82,750.8699,743.4662,746.61,5947556.284954,1781719200000
746.62,748.0,745.35,746.225,2317611.813296,1781720100000
746.21,750.34,745.59,749.92,4184883.035326,1781721000000
749.92,749.96,745.11,746.0,4643591.017652,1781721900000
745.98,747.13,744.38,746.61,3955262.166351,1781722800000
746.62,747.39,741.78,742.06,5054827.579684,1781723700000
742.05,742.36,739.22,739.95,7233779.3687780015,1781724600000
739.955,741.71,739.47,741.02,11981292.546239002,1781725500000
747.76,748.2,743.93,744.03,3717076.787254001,1781789400000
744.12,745.77,743.86,744.75,2258876.194887,1781790300000
744.81,746.13,744.43,744.86,2542343.70528,1781791200000
744.83,746.9,744.25,745.37,2075000.475098,1781792100000
745.33,746.72,744.43,746.14,1510815.7524989997,1781793000000
746.13,747.31,746.12,746.84,1037720.160606,1781793900000
746.86,747.07,745.96,746.13,1380448.211243,1781794800000
746.13,746.36,745.15,745.38,965851.8649180002,1781795700000
745.38,745.82,744.331,744.84,8073531.699942,1781796600000
744.84,746.53,744.36,746.2501,6611477.334539002,1781797500000
746.26,746.57,745.75,746.19,4110398.7956750006,1781798400000
746.19,746.88,745.93,746.65,763551.005746,1781799300000
746.65,747.25,746.31,746.9567,1032182.593931,1781800200000
746.99,747.07,746.21,746.64,1371777.183255,1781801100000
746.66,747.79,746.42,747.585,1553954.1848340002,1781802000000
747.57,748.13,747.385,747.55,1456491.4574769998,1781802900000
747.57,747.96,747.25,747.34,753640.982329,1781803800000
747.34,747.55,746.98,747.01,1344359.3157769998,1781804700000
747.02,747.08,746.51,746.66,989718.78899,1781805600000
746.67,746.91,746.42,746.5,2122083.180919,1781806500000
746.51,746.58,746.16,746.495,1866934.773269,1781807400000
746.5,746.97,746.3,746.385,738746.517958,1781808300000
746.39,746.46,745.2,745.52,1214032.993097,1781809200000
745.53,746.225,745.28,746.01,1327735.6502820002,1781810100000
746.01,747.35,745.61,747.3009,2660999.401566,1781811000000
747.3,748.23,746.56,746.56,8881069.475949,1781811900000
747.7,749.9,747.52,748.23,3101698.848445,1782135000000
748.21,749.94,748.01,749.91,1303536.4273559998,1782135900000
749.91,750.18,749.2,749.28,1073378.250849,1782136800000
749.28,749.35,746.44,746.51,1547734.0149860005,1782137700000
746.51,746.61,744.445,744.5338,1603108.196269,1782138600000
744.54,745.32,743.15,744.72,1703563.2119590002,1782139500000
744.69,745.4263,744.04,744.47,1010342.76989,1782140400000
744.46,745.1,743.87,744.39,1257419.3694279997,1782141300000
744.38,746.17,744.18,745.89,1219133.957623,1782142200000
745.88,746.28,744.28,744.61,1011760.856887,1782143100000
744.62,744.98,743.59,744.95,1141334.7949349997,1782144000000
744.94,745.36,744.33,744.785,1049224.453766,1782144900000
744.79,744.87,744.04,744.3725,713025.690478,1782145800000
744.355,745.31,744.16,744.95,920586.525769,1782146700000
744.96,745.03,743.96,744.59,916957.75969,1782147600000
744.6,745.26,744.58,744.7,508294.936115,1782148500000
744.73,744.84,743.98,744.36,832214.9899229999,1782149400000
744.36,745.34,744.25,744.69,1274274.960873,1782150300000
744.71,745.06,744.28,744.9702,1715223.5565699998,1782151200000
744.98,745.74,744.92,745.1299,956618.795931,1782152100000
745.13,745.5301,744.49,744.5,1027004.442321,1782153000000
744.51,744.85,743.6,743.725,1302445.879417,1782153900000
743.73,744.365,743.2801,743.91,1917418.892504,1782154800000
743.92,744.19,743.405,743.405,1672696.4732350002,1782155700000
743.405,743.98,743.13,743.2305,1762172.860835,1782156600000
743.24,744.87,743.19,744.37,7424894.470684,1782157500000
733.81,735.3858,732.3,734.9,4505708.718245001,1782221400000
734.89,737.23,734.54,737.17,2329683.4733,1782222300000
737.125,739.03,737.0,738.9,2386630.322815,1782223200000
738.89,739.63,738.13,738.9,1495777.459561,1782224100000
738.9,739.11,736.3499,737.395,1331746.7572739995,1782225000000
737.4,737.96,736.5,737.03,1398333.517012,1782225900000
737.07,737.43,735.28,736.115,1190772.936127,1782226800000
736.1,736.24,734.26,734.59,1153625.706874,1782227700000
734.6,735.51,734.21,735.0,1337555.533623,1782228600000
735.0,736.22,734.78,735.97,1055578.769216,1782229500000
735.98,737.6699,735.86,737.48,1106201.9409019998,1782230400000
737.48,737.62,736.6,737.38,1004086.844736,1782231300000
737.38,737.98,736.95,737.87,898958.0498289999,1782232200000
737.865,737.94,736.94,737.444,863070.3552939999,1782233100000
737.43,737.74,736.51,737.35,742063.6946,1782234000000
737.37,738.1,736.94,737.53,708660.775739,1782234900000
737.56,738.03,737.07,737.15,670239.8001510001,1782235800000
737.17,737.46,735.75,735.795,997782.678047,1782236700000
735.83,736.57,735.37,735.81,1158188.200963,1782237600000
735.79,736.02,735.22,735.4,1283174.6578490003,1782238500000
735.39,735.5088,733.77,733.816,1467812.6647530005,1782239400000
733.82,734.52,733.32,734.0225,2478647.900832,1782240300000
734.0,735.6,733.79,734.47,2591362.0281199994,1782241200000
734.46,735.28,733.7,735.01,3676053.489404,1782242100000
735.02,735.21,734.13,734.5,4084774.275302,1782243000000
734.5,735.56,733.5,733.67,11470722.855563,1782243900000
735.17,737.29,734.32,735.745,3264159.27639,1782307800000
735.72,737.7,734.3,735.935,2813708.428363,1782308700000
735.94,736.47,735.14,735.59,1645403.2208220002,1782309600000
735.56,736.975,734.11,736.49,1109819.1897399998,1782310500000
736.46,737.67,736.16,737.6199,1253867.505618,1782311400000
737.61,739.71,737.52,739.66,1369227.8021689998,1782312300000
739.68,739.945,737.97,738.51,1258719.785769,1782313200000
738.5,739.64,738.141,739.64,1112915.9277410002,1782314100000
739.63,739.93,738.1601,738.46,1009225.7593479998,1782315000000
738.49,739.27,737.83,738.34,773709.68678,1782315900000
738.34,738.87,737.81,738.46,453891.5020700001,1782316800000
738.47,738.82,738.0,738.08,469764.734258,1782317700000
738.09,738.1,735.92,736.32,1136932.387793,1782318600000
736.32,736.83,735.39,735.69,923297.116645,1782319500000
735.7,736.46,734.61,734.79,1185860.496475,1782320400000
734.78,735.15,732.06,732.16,1516096.2398540005,1782321300000
732.16,732.925,731.28,731.9543,1499134.793355,1782322200000
731.92,733.15,731.52,731.87,1002811.160927,1782323100000
731.86,733.38,731.77,732.88,2145823.209026,1782324000000
732.89,734.66,732.87,734.34,1397813.0937209998,1782324900000
734.352,734.57,732.875,733.26,1414494.72643,1782325800000
733.24,733.24,731.23,731.93,1919900.907836,1782326700000
731.93,732.94,730.84,731.64,2105557.181251,1782327600000
731.63,732.329,731.21,731.98,1824336.328709,1782328500000
731.97,732.21,730.93,731.49,2223289.074298,1782329400000
731.5,733.35,731.44,733.12,6474935.18934,1782330300000
738.91,739.37,734.0401,734.3,2845114.239933,1782394200000
734.28,734.785,729.6,729.85,3960363.756429,1782395100000
729.84,735.86,729.78,734.12,3202739.282105,1782396000000
734.13,736.5,733.18,735.475,1725245.4906790005,1782396900000
735.44,737.1,734.77,735.4099,1591685.415368,1782397800000
735.39,737.82,734.75,735.23,1713514.912089,1782398700000
735.26,736.52,732.62,732.97,1693032.4510859998,1782399600000
732.98,734.86,731.85,734.29,1626828.0235829998,1782400500000
734.29,735.45,733.92,734.77,869052.845153,1782401400000
734.75,735.79,734.0,734.14,1017115.126417,1782402300000
734.16,736.18,733.67,735.69,1008284.585188,1782403200000
735.71,736.27,733.94,734.19,836301.3479769998,1782404100000
734.225,734.225,732.115,732.29,814423.990861,1782405000000
732.29,733.09,731.5,732.54,932007.187524,1782405900000
732.56,733.72,732.135,733.22,742800.973468,1782406800000
733.23,734.25,732.08,733.26,745300.26457,1782407700000
733.27,733.79,732.52,732.63,975432.062252,1782408600000
732.6499,733.58,731.6,733.45,1598616.090499,1782409500000
733.44,733.99,731.38,733.22,1364498.1133749995,1782410400000
733.23,736.06,732.97,735.84,1472080.130762,1782411300000
735.83,735.85,733.6,733.925,1156761.1330029997,1782412200000
733.92,734.35,732.69,733.88,1255724.567293,1782413100000
733.93,733.9414,732.32,732.38,1718851.453388,1782414000000
732.37,732.85,731.87,732.3924,1712486.169911,1782414900000
732.39,732.5,731.6,731.96,2497954.475378,1782415800000
731.976,733.38,731.33,733.26,5277812.577742001,1782416700000
728.945,729.66,726.86,729.23,3040248.2075340007,1782480600000
729.24,731.31,727.97,730.895,2011983.154764,1782481500000
730.87,733.44,730.63,733.2,2270308.716957,1782482400000
733.19,734.2425,732.44,733.49,1633605.2525219996,1782483300000
733.49,733.92,731.6005,732.17,1647092.041874,1782484200000
732.2,733.38,731.86,732.45,983374.796066,1782485100000
732.46,733.4,731.94,732.07,911902.708598,1782486000000
732.08,734.67,731.62,734.67,1454884.1142980002,1782486900000
734.67,736.53,734.37,736.27,2012250.345245,1782487800000
736.26,736.46,734.18,735.4,1412853.2432209998,1782488700000
735.4,735.52,733.8,734.12,1099890.2831,1782489600000
734.13,734.63,732.74,733.42,1309604.472816,1782490500000
733.4,734.78,733.4,734.03,1070205.590994,1782491400000
734.05,734.9,733.85,734.47,1104377.748085,1782492300000
734.48,735.86,734.17,735.085,1845781.8712140005,1782493200000
735.1,735.1599,733.79,734.72,866910.3556040002,1782494100000
734.72,735.39,733.62,734.26,1074673.240637,1782495000000
734.26,734.41,733.47,733.66,1056394.375728,1782495900000
733.69,734.59,733.63,734.05,1250779.3400140002,1782496800000
734.06,734.22,732.74,732.83,1287330.674681,1782497700000
732.83,733.67,732.73,732.77,1429867.355478,1782498600000
732.81,732.81,731.28,731.62,2691209.637063,1782499500000
731.63,732.8,731.33,732.79,2075891.270818,1782500400000
732.77,732.99,731.78,732.19,2028105.4161750004,1782501300000
732.2,733.35,731.76,733.27,2305888.369014,1782502200000
733.28,733.86,716.58,729.09,9662984.873175,1782503100000
736.525,739.25,735.3,739.24,2835437.6313479994,1782739800000
739.25,739.895,736.41,736.8899,2493000.874111,1782740700000
736.87,737.07,732.7,732.7,2619499.979505,1782741600000
732.7,736.19,732.09,736.07,3106095.072393,1782742500000
736.08,737.81,735.93,737.05,1841490.803194,1782743400000
737.04,738.32,735.88,737.86,1842065.866003,1782744300000
737.88,738.02,736.5,737.46,1126487.853838,1782745200000
737.48,737.82,736.33,737.77,994045.9311799998,1782746100000
737.76,738.49,737.21,738.44,1140984.758819,1782747000000
738.44,738.58,737.76,738.51,917372.422407,1782747900000
738.54,739.13,738.44,738.5,1246836.9594780002,1782748800000
738.5,738.85,738.26,738.33,2374294.428304,1782749700000
738.34,738.58,737.97,738.5,656966.008831,1782750600000
738.51,738.95,738.19,738.68,1175822.850418,1782751500000
738.69,740.2,738.69,739.97,852359.9015290001,1782752400000
739.98,740.375,739.46,740.14,1087123.955561,1782753300000
740.135,740.63,739.98,740.285,614224.37944,1782754200000
740.29,740.82,740.1,740.41,541639.190598,1782755100000
740.4,740.77,740.23,740.579,1522522.630408,1782756000000
740.57,740.62,740.12,740.215,1075409.251401,1782756900000
740.215,741.05,740.15,740.97,896096.6186230002,1782757800000
740.99,741.19,740.56,740.685,1071543.935532,1782758700000
740.69,740.98,740.51,740.58,2441812.6059370004,1782759600000
740.57,741.12,740.34,740.87,1824529.407627,1782760500000
740.87,740.99,740.43,740.65,2312508.273285,1782761400000
740.65,741.56,740.23,740.88,7376460.675599,1782762300000
741.29,742.31,740.89,741.91,2756741.0244189994,1782826200000
741.87,743.96,741.67,743.92,2150294.2836410003,1782827100000
743.91,744.53,742.86,743.62,3888447.2579390006,1782828000000
743.63,744.575,743.31,744.48,834784.1259730001,1782828900000
744.47,745.38,744.16,744.78,1393922.5262540004,1782829800000
744.8,744.81,742.93,743.3199,922306.689673,1782830700000
743.32,744.92,743.24,744.83,1021039.739359,1782831600000
744.82,745.36,744.36,745.26,889629.948782,1782832500000
745.275,745.48,744.794,745.03,914558.076681,1782833400000
745.03,746.0,745.03,745.79,820053.2316790001,1782834300000
745.8,746.405,745.76,746.28,950937.495457,1782835200000
746.27,746.62,746.18,746.29,986646.027906,1782836100000
746.29,746.61,746.12,746.5307,777898.3356049999,1782837000000
746.54,747.04,746.48,746.77,920749.2995249996,1782837900000
746.78,747.14,746.575,746.595,591371.672951,1782838800000
746.595,746.89,746.37,746.49,868881.1315149999,1782839700000
746.51,746.67,746.15,746.61,951524.095875,1782840600000
746.605,746.66,746.3,746.49,635196.219334,1782841500000
746.49,746.86,746.32,746.77,793552.882841,1782842400000
746.77,747.08,746.68,746.8,808815.2901369999,1782843300000
746.77,747.06,746.56,746.98,838976.9394529999,1782844200000
746.97,747.44,746.86,747.13,1129770.233808,1782845100000
747.13,747.78,747.11,747.72,1182106.583909,1782846000000
747.72,748.02,747.3,747.42,2766576.1572760004,1782846900000
747.43,747.49,746.73,747.13,2123602.751968,1782847800000
747.139,747.86,746.3,746.32,10779535.487518,1782848700000
745.0,745.18,742.375,743.22,3660355.486944,1782912600000
743.2,745.34,742.86,745.34,2587964.293216001,1782913500000
745.34,746.89,745.0,746.61,1655016.651499,1782914400000
746.645,747.02,746.35,746.82,1505611.4541280002,1782915300000
746.82,747.11,746.0,746.64,1453169.8417660005,1782916200000
746.61,747.07,745.69,746.96,1168150.96974,1782917100000
746.99,748.09,746.9,748.07,1562292.968564,1782918000000
748.09,749.32,748.03,749.29,1937976.684705,1782918900000
749.28,749.365,748.34,748.81,929431.359453,1782919800000
748.78,748.91,748.35,748.79,816590.87559,1782920700000
748.811,749.14,748.67,749.09,592403.709112,1782921600000
749.08,749.435,748.86,748.9701,826816.1063939999,1782922500000
748.98,749.21,748.29,748.6,683380.909101,1782923400000
748.61,748.83,747.3225,747.52,915936.838167,1782924300000
747.51,747.93,747.04,747.82,885787.87426,1782925200000
747.825,748.42,747.7207,747.93,772440.688073,1782926100000
747.94,748.18,747.47,747.49,549017.563292,1782927000000
747.48,747.7399,747.16,747.195,643747.784378,1782927900000
747.2,747.69,747.09,747.1,799333.627533,1782928800000
747.09,747.535,746.71,747.13,883191.0287709999,1782929700000
747.13,747.38,747.0,747.18,678927.485737,1782930600000
747.18,747.2,746.45,746.85,1093153.220479,1782931500000
746.86,747.69,744.4399,747.35,1295698.8332040005,1782932400000
747.32,747.59,746.94,746.94,1080914.794732,1782933300000
746.94,747.31,746.46,746.65,1927657.926562,1782934200000
746.65,746.8,745.16,745.69,6281593.491049,1782935100000
747.4,750.25,747.1,749.8,2534274.3257650007,1782999000000
749.76,751.245,749.51,750.76,1616798.3113550004,1782999900000
750.78,751.31,749.67,750.96,1471908.52921,1783000800000
750.97,751.22,747.61,747.94,2005364.5995500004,1783001700000
747.95,749.38,746.35,746.88,1754959.9560249995,1783002600000
746.89,747.71,746.015,747.66,1215300.083435,1783003500000
747.65,747.828,744.2,746.06,1847184.571212,1783004400000
746.06,746.34,744.33,744.91,1378802.7824980002,1783005300000
744.88,746.71,744.87,745.2862,1211703.990336,1783006200000
745.29,745.719,744.05,744.645,801795.555373,1783007100000
744.65,744.87,743.67,744.5,1133391.782436,1783008000000
744.5,744.615,743.37,743.54,819898.025882,1783008900000
743.56,743.57,742.11,743.245,1737064.2507060005,1783009800000
743.23,743.36,741.81,742.18,871562.9902970002,1783010700000
742.2,742.28,740.37,741.75,1329535.1561220002,1783011600000
741.75,742.17,741.14,741.53,2555301.809744,1783012500000
741.54,742.1,740.43,741.12,1036074.8103660002,1783013400000
741.08,741.15,740.03,740.24,1068604.846732,1783014300000
740.26,742.9,740.05,742.22,1297722.34389,1783015200000
742.25,742.73,741.4,742.72,745372.5991430001,1783016100000
742.71,743.34,742.66,743.04,900357.0465899999,1783017000000
743.055,743.51,742.53,742.9895,1079587.4349060005,1783017900000
742.99,743.1302,741.27,742.04,1055108.325712,1783018800000
742.05,742.64,741.46,742.31,1643511.1838309998,1783019700000
742.33,743.375,742.17,743.25,1563050.2224310003,1783020600000
743.26,745.58,742.99,744.8,9238907.005072,1783021500000
748.74,749.485,747.41,748.64,2645595.165709,1783344600000
748.62,749.54,748.25,748.5,2044317.28935,1783345500000
748.54,749.45,747.97,749.4,1137313.23583,1783346400000
749.4,749.98,748.96,749.93,3069321.696037,1783347300000
749.9301,750.17,749.1,749.67,1355145.9169279998,1783348200000
749.65,750.275,749.5,750.275,1024354.7981309998,1783349100000
750.28,750.42,749.82,750.11,1205001.341963,1783350000000
750.095,750.81,749.61,750.76,1422642.1291039998,1783350900000
750.78,750.96,750.35,750.81,1022478.867669,1783351800000
750.81,750.97,750.61,750.84,976919.916361,1783352700000
750.83,751.11,750.66,750.99,941956.482566,1783353600000
750.98,751.12,750.55,750.65,916434.890809,1783354500000
750.65,750.77,750.39,750.72,844495.4655260001,1783355400000
750.72,751.08,750.37,750.46,1005556.345646,1783356300000
750.48,751.53,750.405,751.35,946198.111583,1783357200000
751.34,751.44,750.61,750.7,1210598.0234189995,1783358100000
750.7,750.75,749.63,750.085,1012097.557535,1783359000000
750.085,750.52,749.85,750.1299,532900.06083,1783359900000
750.13,751.11,750.13,751.01,1107489.69403,1783360800000
751.04,751.6064,751.02,751.33,918110.730607,1783361700000
751.33,751.518,751.01,751.24,1186525.750797,1783362600000
751.25,752.025,751.21,751.93,923770.809029,1783363500000
751.94,752.13,751.68,751.79,1541235.586477,1783364400000
751.8,752.41,751.66,752.29,2109001.108626,1783365300000
752.28,752.29,751.74,752.03,2535571.315477,1783366200000
752.04,752.22,750.77,751.3,8321790.035177,1783367100000
750.22,750.96,749.16,750.1501,2703225.949003,1783431000000
750.16,750.21,748.25,748.85,1953564.970173,1783431900000
748.8504,749.2,746.96,747.03,1609124.204442,1783432800000
747.0108,747.71,746.09,746.7,2003760.010719,1783433700000
746.68,747.01,745.21,745.79,2095674.494037,1783434600000
745.795,746.92,745.7,746.445,1395408.4989510004,1783435500000
746.46,746.68,745.94,746.0701,1182993.958728,1783436400000
746.07,746.369,745.76,746.369,762695.840078,1783437300000
746.36,746.44,745.43,746.4279,729386.3527299999,1783438200000
746.42,747.45,746.4,747.36,1105856.869189,1783439100000
747.38,748.16,747.25,748.04,948573.152375,1783440000000
748.05,748.99,747.84,748.77,1294220.864489,1783440900000
748.765,749.0199,748.24,748.87,928405.6381050004,1783441800000
748.86,749.13,748.5,748.96,1056055.041637,1783442700000
748.96,749.34,748.7405,748.81,881327.980635,1783443600000
748.83,749.1502,748.42,748.84,700389.728428,1783444500000
748.85,749.27,748.8,749.125,671630.156198,1783445400000
749.13,749.18,748.65,749.18,661863.73168,1783446300000
749.18,749.27,748.83,748.995,830933.660874,1783447200000
749.01,749.3,748.87,748.99,809951.3680469999,1783448100000
749.0,749.07,748.4,748.7266,1084028.067889,1783449000000
748.73,748.84,747.42,747.51,1585457.9146490002,1783449900000
747.5,747.7,746.55,746.8201,2346201.6491590003,1783450800000
746.8,747.06,746.0,746.7,1969082.34971,1783451700000
746.67,747.27,746.38,746.52,1837037.924514,1783452600000
746.53,747.97,746.5,747.66,5208745.957088,1783453500000
743.16,744.75,742.64,744.34,2420327.514286,1783517400000
744.31,744.925,743.23,744.04,2302485.767014001,1783518300000
744.01,744.7,743.06,743.22,1700598.944402,1783519200000
743.2,744.54,742.68,743.11,1679363.352529,1783520100000
743.09,743.69,741.95,742.44,1564035.9262239998,1783521000000
742.43,742.8363,740.93,741.84,1720900.308307,1783521900000
741.83,742.03,740.95,741.12,929698.617654,1783522800000
741.1,741.56,739.55,739.94,1856605.654791,1783523700000
739.96,741.27,739.51,740.74,1201505.325023,1783524600000
740.72,741.01,740.0199,740.64,1197599.887285,1783525500000
740.68,742.35,740.61,742.27,1061018.5583459998,1783526400000
742.27,743.47,741.98,743.1,1102699.088988,1783527300000
743.09,744.2177,742.45,743.94,1268201.25435,1783528200000
743.93,744.75,743.58,744.68,1083672.480905,1783529100000
744.66,744.75,743.985,744.28,983871.1242739998,1783530000000
744.29,745.78,744.28,745.72,886729.6082850003,1783530900000
745.73,746.09,744.7,744.95,1025323.097521,1783531800000
744.94,744.98,743.95,744.39,762264.2843759998,1783532700000
744.38,745.51,744.0,745.28,1163930.670994,1783533600000
745.3,745.41,744.67,744.67,706007.1307309999,1783534500000
744.67,745.31,744.26,745.04,747295.2072839999,1783535400000
745.08,745.5,744.78,745.33,780751.977252,1783536300000
745.34,745.725,744.8,744.89,931036.867209,1783537200000
744.89,745.36,744.68,745.19,745394.886098,1783538100000
745.2,745.39,744.83,745.33,1028375.993108,1783539000000
745.33,746.15,744.41,745.31,4773239.935474,1783539900000
747.35,748.51,745.68,748.4,2829843.186547,1783603800000
748.4,749.23,747.74,748.67,1382649.5349629996,1783604700000
748.69,749.02,747.27,747.55,1223589.519109,1783605600000
747.56,748.19,745.59,747.8799,2857922.133754,1783606500000
747.86,748.48,747.1,747.88,609059.987211,1783607400000
747.91,748.92,747.25,748.73,952653.806989,1783608300000
748.72,749.58,748.6,749.2,960445.765915,1783609200000
749.19,749.98,748.98,749.8,856884.3372300002,1783610100000
749.78,750.25,749.485,750.11,661743.953668,1783611000000
750.1,750.25,749.8,749.87,541827.6985579999,1783611900000
749.88,750.57,749.87,750.525,668348.460431,1783612800000
750.51,750.82,750.38,750.64,1974144.755821,1783613700000
750.64,750.8999,750.33,750.69,728647.3755190001,1783614600000
750.69,750.75,750.24,750.44,1045403.7635179998,1783615500000
750.45,751.39,750.4,751.23,725605.4354719999,1783616400000
751.23,751.79,751.22,751.755,663633.10491,1783617300000
751.76,751.9,751.45,751.7,695104.0412640001,1783618200000
751.71,751.97,751.18,751.63,830482.7685,1783619100000
751.625,751.83,751.44,751.74,823522.2546040001,1783620000000
751.74,751.865,751.24,751.4505,846368.6282520001,1783620900000
751.45,751.5895,751.04,751.3,1065068.528124,1783621800000
751.29,751.34,750.86,751.0499,1252728.5230839998,1783622700000
751.05,751.07,750.6601,750.9,1011080.659557,1783623600000
750.9,751.47,750.84,751.1,1062547.048298,1783624500000
751.09,751.48,750.93,751.405,1196604.189356,1783625400000
751.4,751.72,750.83,751.64,5032803.104803,1783626300000
752.05,753.22,751.8,752.22,1843406.140223,1783690200000
752.22,753.235,752.085,752.915,1121126.1585980002,1783691100000
752.92,753.35,752.4909,752.685,905238.456792,1783692000000
752.697,753.135,752.11,752.5859,1040813.753153,1783692900000
752.61,753.25,748.1,752.11,3952505.958413,1783693800000
752.1,752.62,751.08,751.2199,895400.153258,1783694700000
751.18,752.0297,750.652,751.94,671587.474463,1783695600000
751.93,753.42,751.93,753.25,858791.856822,1783696500000
753.25,753.39,751.38,752.03,888118.680147,1783697400000
752.04,752.935,751.5937,752.8175,829960.3850309999,1783698300000
752.81,753.35,752.81,753.21,643257.434391,1783699200000
753.24,753.69,753.16,753.21,817880.7472790001,1783700100000
753.21,753.65,753.03,753.62,740263.7966639999,1783701000000
753.61,754.14,753.59,754.01,1003006.508877,1783701900000
754.01,754.03,753.48,753.804,455658.9862850001,1783702800000
753.78,754.06,753.76,754.01,2476899.9630559995,1783703700000
754.02,754.41,753.875,754.115,757751.891278,1783704600000
754.12,754.38,753.93,753.99,530659.102176,1783705500000
754.0,754.6,753.93,754.29,1030971.400387,1783706400000
754.28,754.72,754.08,754.43,844416.419482,1783707300000
754.42,754.62,754.31,754.5075,673995.81055,1783708200000
754.49,754.66,754.45,754.495,709271.465787,1783709100000
754.495,755.17,754.455,755.12,1971056.582878,1783710000000
755.12,755.18,754.88,754.96,1369886.0876670002,1783710900000
754.96,755.22,754.7864,755.03,2313638.592479,1783711800000
755.02,755.42,754.57,754.9,5542230.559750999,1783712700000
752.47,753.91,752.4,752.99,2262183.538727,1783949400000
753.01,753.74,751.92,753.62,1489291.2212609998,1783950300000
753.63,753.9105,752.27,753.27,1289418.8334350002,1783951200000
753.27,753.37,750.3,753.09,2651704.021458,1783952100000
753.09,753.3,751.25,751.5,970785.154425,1783953000000
751.51,752.79,751.0,752.7401,1286407.4967389998,1783953900000
752.74,753.055,751.92,752.085,639400.5606920001,1783954800000
752.08,752.568,751.8812,752.38,467120.065685,1783955700000
752.39,752.525,751.69,751.73,562273.5039270001,1783956600000
751.72,751.788,751.0945,751.235,842878.5411960001,1783957500000
751.23,751.81,750.95,751.43,677705.539909,1783958400000
751.42,751.44,749.93,750.29,1183757.892768,1783959300000
750.27,750.52,748.93,750.36,1553407.9853099997,1783960200000
750.39,750.66,749.18,749.87,1091206.579223,1783961100000
749.9,750.64,749.75,750.06,802234.0287589999,1783962000000
750.05,750.35,749.53,749.81,849360.5091319999,1783962900000
749.81,750.13,749.461,749.985,663396.512715,1783963800000
750.0,750.26,749.21,749.235,741041.1140869999,1783964700000
749.26,750.21,749.13,749.76,933107.5671440002,1783965600000
749.75,749.82,749.04,749.24,1264592.389056,1783966500000
749.24,750.04,748.9702,749.85,2110981.412903,1783967400000
749.85,750.07,749.46,749.56,1356596.910822,1783968300000
749.58,749.97,749.1,749.29,1026437.792819,1783969200000
749.29,749.44,748.17,748.38,2220476.71058,1783970100000
748.39,749.0,748.0,748.94,2253438.321218,1783971000000
748.94,749.61,748.57,749.1,7144920.232211,1783971900000
750.91,751.52,749.44,751.31,2397277.5337960003,1784035800000
751.305,751.79,750.58,751.31,1408464.381568,1784036700000
751.32,751.48,749.7799,750.43,1227327.339661,1784037600000
750.42,751.3,748.66,750.71,1322603.3828659998,1784038500000
750.71,753.34,750.48,751.095,1858170.45995,1784039400000
751.1099,751.96,750.47,751.71,788667.225218,1784040300000
751.71,753.08,751.28,752.55,1493449.5637,1784041200000
752.59,752.71,751.65,752.66,715445.7737700001,1784042100000
752.64,752.9,750.76,751.56,1479827.516289,1784043000000
751.56,751.95,750.62,750.98,624225.428825,1784043900000
750.99,751.05,750.0,750.54,959386.92434,1784044800000
750.53,750.91,750.0,750.78,763786.872848,1784045700000
750.78,751.74,750.62,751.465,735157.2624490001,1784046600000
751.46,751.85,750.96,751.85,452910.446065,1784047500000
751.87,752.21,751.56,751.81,644053.836222,1784048400000
751.81,752.61,751.5,752.3,572335.194072,1784049300000
752.32,752.49,751.8,752.04,439721.358353,1784050200000
752.06,752.31,751.76,752.275,404801.048749,1784051100000
752.28,752.63,751.93,752.6,522674.6494680001,1784052000000
752.5995,752.77,752.3,752.5,633157.028482,1784052900000
752.485,752.6,751.66,752.01,917178.425417,1784053800000
752.01,752.32,751.86,752.1705,1637558.5379029997,1784054700000
752.19,752.27,751.77,752.06,1042532.592122,1784055600000
752.08,752.45,751.8,752.15,1311260.003094,1784056500000
752.16,752.4,751.71,752.29,1327198.884823,1784057400000
752.28,752.52,751.79,751.87,4205312.535824999,1784058300000
754.24,755.58,754.18,754.36,2211617.605017,1784122200000
754.36,754.61,753.18,754.45,1900909.78311,1784123100000
754.52,755.32,754.5,754.74,1523313.9673639997,1784124000000
754.76,755.56,753.35,754.62,1991579.972851,1784124900000
754.64,754.87,752.82,753.5299,1382502.945324,1784125800000
753.505,753.83,752.741,753.4607,1161764.5632369998,1784126700000
753.48,754.16,752.99,753.14,865852.5411399999,1784127600000
753.135,753.62,752.2,753.605,1170068.37199,1784128500000
753.6,753.84,753.03,753.15,794920.380732,1784129400000
753.15,753.24,752.28,752.6695,837910.9975990001,1784130300000
752.64,752.828,751.14,751.22,1163088.444057,1784131200000
751.2,751.38,750.44,750.83,1234672.9695,1784132100000
750.81,751.19,750.2,750.91,972929.494493,1784133000000
750.92,752.32,750.73,751.67,1405909.419538,1784133900000
751.68,752.4025,751.58,751.8,1285002.624725,1784134800000
751.81,752.85,751.76,752.81,730120.802424,1784135700000
752.81,753.45,752.81,753.33,935941.682409,1784136600000
753.33,754.55,753.25,754.1901,1155517.3933209998,1784137500000
754.2,754.75,754.14,754.55,965127.14346,1784138400000
754.555,754.84,754.22,754.635,1305076.730615,1784139300000
754.635,754.92,754.0,754.02,1012217.1805410002,1784140200000
754.03,754.04,753.1,753.19,1238848.393406,1784141100000
753.19,753.93,753.05,753.78,1053155.055418,1784142000000
753.78,753.84,753.17,753.63,1029442.663133,1784142900000
753.63,754.21,753.09,754.095,2165059.912707,1784143800000
754.08,754.8,753.5,754.74,4469148.768182,1784144700000
752.76,753.52,751.09,751.26,2294031.183665,1784208600000
751.3,752.26,750.67,751.905,1630089.9844170003,1784209500000
751.9,753.61,751.64,753.36,1585098.800097,1784210400000
753.36,754.388,753.07,754.35,1339977.971573,1784211300000
754.34,754.52,753.75,754.37,1010994.024676,1784212200000
754.37,754.57,753.34,754.17,1183160.282471,1784213100000
754.2,754.38,753.08,753.325,849694.8839290001,1784214000000
753.33,754.44,752.98,753.8001,948599.883535,1784214900000
753.82,754.405,753.27,753.66,715944.0483420001,1784215800000
753.66,754.1,753.03,753.57,805679.965895,1784216700000
753.6,753.6,751.96,752.04,1296378.672778,1784217600000
752.03,752.5449,751.45,751.93,960447.268828,1784218500000
751.94,752.54,751.78,751.97,645472.1792240001,1784219400000
751.97,752.97,751.59,752.86,1023176.1523740002,1784220300000
752.88,752.91,752.13,752.19,655628.8815300001,1784221200000
752.19,752.85,752.03,752.705,1229708.4559379998,1784222100000
752.71,752.81,751.1,751.42,1190121.9340120002,1784223000000
751.43,751.89,751.08,751.31,697594.9313580001,1784223900000
751.33,751.48,750.46,750.73,1274294.9675340003,1784224800000
750.7,751.71,750.46,750.91,1155080.573307,1784225700000
750.92,750.93,749.92,750.52,986281.299626,1784226600000
750.5,750.93,750.11,750.23,1147343.395482,1784227500000
750.22,750.7,749.58,749.76,1047344.667558,1784228400000
749.74,750.01,748.86,749.1,2247786.265278,1784229300000
749.08,749.16,748.4,748.52,3185664.844103,1784230200000
748.51,751.04,747.88,750.76,7917643.044175001,1784231100000
742.08,742.67,740.8,741.035,4957948.51441,1784295000000
741.05,744.83,740.95,744.8101,2398725.1698859995,1784295900000
744.81,746.8,744.6701,746.2662,2300711.165913,1784296800000
746.27,747.29,746.17,746.335,4463086.924191999,1784297700000
746.34,746.79,745.6,745.88,1565239.931319,1784298600000
745.86,746.59,744.85,745.05,1476039.9966619995,1784299500000
745.05,745.2235,744.11,744.32,1620916.2107130005,1784300400000
744.36,745.57,743.96,745.445,1276568.577429,1784301300000
745.44,745.9,744.4401,745.5,1471392.459992,1784302200000
745.49,747.06,744.81,746.87,1186879.596227,1784303100000
746.88,747.1,744.83,746.27,3668917.976391,1784304000000
746.29,746.57,745.142,745.94,1034807.737103,1784304900000
745.95,746.45,745.54,746.41,737772.959181,1784305800000
746.43,747.27,746.13,746.32,1004829.493376,1784306700000
746.37,747.17,746.22,746.42,840933.4296900001,1784307600000
746.4,747.02,745.97,746.87,2058332.234467,1784308500000
746.88,746.99,745.51,745.6,1145096.995995,1784309400000
745.6,745.8909,744.38,744.58,932972.235908,1784310300000
744.58,745.14,744.09,744.11,1233805.857256,1784311200000
744.12,744.203,743.24,743.71,1780068.3295659998,1784312100000
743.69,744.34,743.1,743.26,911939.062803,1784313000000
743.24,744.66,743.095,744.37,1529513.46032,1784313900000
744.39,744.47,742.72,742.76,1415607.615909,1784314800000
742.74,743.28,742.13,743.16,1672026.800418,1784315700000
743.17,743.62,742.6,743.48,2708246.6511119995,1784316600000
743.48,744.4,742.92,743.2,6083587.5303340005,1784317500000
747.06,748.71,746.8,748.56,2266733.423041,1784554200000
748.57,748.73,745.52,745.69,2352240.0421029995,1784555100000
745.68,746.36,744.765,744.99,1413962.630545,1784556000000
745.02,745.74,744.26,745.68,1337075.2960779995,1784556900000
745.69,745.96,744.752,744.88,1187566.681402,1784557800000
744.89,745.74,743.69,744.11,1293122.4709289998,1784558700000
744.14,745.485,743.805,744.8,1026803.992069,1784559600000
744.8,745.97,744.61,745.87,1115373.510156,1784560500000
745.89,746.02,745.28,745.97,620560.5480429999,1784561400000
745.98,746.44,745.1,745.99,965871.281236,1784562300000
746.0,747.005,745.58,746.79,1105267.5030820002,1784563200000
746.83,746.88,746.17,746.5,866167.8331500001,1784564100000
746.49,746.78,744.47,745.43,1613510.6910459998,1784565000000
745.41,746.18,744.73,745.0,1218485.854116,1784565900000
745.01,745.21,743.84,743.9,890836.8528890002,1784566800000
743.89,744.49,743.56,744.12,1059438.428622,1784567700000
744.13,744.54,743.59,743.76,855436.3259989999,1784568600000
743.77,744.92,743.63,744.55,834086.1696949998,1784569500000
744.55,745.22,744.53,745.03,822869.0885940002,1784570400000
745.02,745.38,744.13,744.47,1350389.9896240002,1784571300000
744.48,744.49,742.53,742.545,1360823.1002020002,1784572200000
742.55,743.23,742.43,742.72,1295847.1960790004,1784573100000
742.76,743.19,741.7,741.71,1734082.6603679997,1784574000000
741.71,742.93,741.5103,742.73,2268065.920942,1784574900000
742.74,743.34,742.34,742.99,1925528.556444,1784575800000
743.0,743.25,741.61,742.1,7270194.840301,1784576700000
746.29,746.69,744.2709,744.51,2516305.400291,1784640600000
744.52,745.37,744.18,745.37,1150509.0392689998,1784641500000
745.38,745.8699,744.95,745.745,845701.3184390002,1784642400000
745.72,746.99,744.79,746.87,977276.393669,1784643300000
746.85,747.25,745.77,746.6,939682.997498,1784644200000
746.61,747.26,746.26,746.74,769920.8532819999,1784645100000
746.77,747.52,745.83,747.2098,940590.851203,1784646000000
747.21,748.01,747.1588,748.0,820884.8789440001,1784646900000
747.98,748.0,747.41,747.595,866673.21065,1784647800000
747.5803,747.98,747.47,747.52,615750.692346,1784648700000
747.52,748.31,747.49,748.23,556804.477463,1784649600000
748.24,748.75,748.22,748.66,778631.6641699999,1784650500000
748.64,748.78,748.4801,748.61,408922.812997,1784651400000
748.63,749.04,748.4,748.69,961395.550602,1784652300000
748.6884,748.855,748.53,748.6,1005590.4310570002,1784653200000
748.61,748.66,748.24,748.36,704117.47794,1784654100000
748.36,748.8,748.215,748.6699,615164.054465,1784655000000
748.66,748.93,748.44,748.59,700824.9295650001,1784655900000
748.59,748.77,748.12,748.16,704215.3659300001,1784656800000
748.17,748.4,748.065,748.21,736424.6261760001,1784657700000
748.22,748.61,747.94,748.54,660849.9459680002,1784658600000
748.53,748.64,748.23,748.37,662306.423574,1784659500000
748.38,748.47,748.09,748.24,810539.7122210001,1784660400000
748.25,748.46,748.19,748.26,749496.8816709999,1784661300000
748.25,748.588,748.12,748.53,1436661.459596,1784662200000
748.53,748.7,748.09,748.315,3625976.957428,1784663100000
746.62,747.7,746.37,747.57,1560070.65616,1784727000000
747.6,748.785,747.395,748.78,1383080.7448099998,1784727900000
748.77,749.38,748.1101,748.24,1069245.44971,1784728800000
748.26,748.43,747.09,747.3,954014.8264,1784729700000
747.29,747.79,746.76,746.78,1052950.288917,1784730600000
746.79,747.977,746.68,747.935,926895.789334,1784731500000
747.93,749.0393,747.89,748.875,887868.9098230002,1784732400000
748.88,749.68,748.52,749.41,833427.688068,1784733300000
749.42,749.51,748.7507,749.0,566648.262343,1784734200000
749.02,749.79,749.02,749.76,563597.488099,1784735100000
749.76,749.91,749.49,749.71,622198.15252,1784736000000
749.71,750.02,749.68,749.85,672832.407986,1784736900000
749.86,750.0048,749.64,749.755,672135.8733859999,1784737800000
749.76,749.95,749.48,749.83,458069.754724,1784738700000
749.835,749.96,749.25,749.32,1175769.075056,1784739600000
749.31,749.43,748.95,749.0445,895534.8302490002,1784740500000
749.05,749.41,748.85,749.12,630742.6480889999,1784741400000
749.13,749.23,748.39,748.52,938351.858498,1784742300000
748.515,748.71,748.01,748.04,825206.2609750001,1784743200000
748.03,748.59,748.025,748.49,630998.9098070001,1784744100000
748.49,748.49,748.05,748.2901,753079.9397200001,1784745000000
748.29,748.6,748.11,748.41,645221.2522449999,1784745900000
748.44,748.46,747.83,747.89,619371.9487259999,1784746800000
747.9,748.19,747.65,748.0,809953.130482,1784747700000
748.0,748.0,747.36,747.79,1695214.102872,1784748600000
747.795,748.3,747.295,747.39,4714171.181564,1784749500000
739.37,742.56,738.47,741.82,3930919.199594,1784813400000
741.85,741.995,739.3,739.575,2516340.846268,1784814300000
739.58,740.93,738.87,739.66,1421023.244764,1784815200000
739.65,740.435,738.99,739.8,1572364.331395,1784816100000
739.74,740.64,738.59,738.87,1663259.655014,1784817000000
738.86,739.47,738.01,738.31,1305711.723063,1784817900000
738.32,738.48,736.45,736.65,2273491.3123739995,1784818800000
736.62,737.69,735.81,735.9299,2514405.2876350004,1784819700000
735.91,737.66,735.21,736.64,2051823.400192,1784820600000
736.64,737.9,736.36,737.845,1006157.21505,1784821500000
737.845,738.835,737.53,738.62,1174092.8402439998,1784822400000
738.62,739.66,738.22,739.45,2154711.2688690005,1784823300000
739.45,739.72,738.94,738.97,884695.2999460001,1784824200000
738.96,738.96,737.75,738.66,922148.210594,1784825100000
738.67,738.94,737.79,738.61,1004618.51258,1784826000000
738.56,739.2,738.16,738.75,2400329.016029,1784826900000
738.74,738.8,737.27,737.71,991134.1794090002,1784827800000
737.7,738.29,737.13,737.19,470089.848563,1784828700000
737.16,737.37,736.8001,737.0298,1015410.513917,1784829600000
736.972,737.49,736.82,737.42,683001.6493110001,1784830500000
737.415,737.69,736.61,736.84,1022165.53578,1784831400000
736.83,737.45,736.63,737.05,1265629.653559,1784832300000
737.08,737.39,736.47,736.6,905219.9876550002,1784833200000
736.6,737.9,736.59,737.48,1284309.046022,1784834100000
737.49,737.74,736.25,736.25,3037227.788039,1784835000000
736.26,738.65,735.72,738.24,8546405.319368001,1784835900000
738.51,739.66,738.42,738.8101,1643057.378504,1784899800000
738.81,739.88,737.43,737.53,1721423.0575190005,1784900700000
737.5,739.905,737.333,739.5395,2199778.331914,1784901600000
739.54,739.95,738.0,739.18,1785558.9941880002,1784902500000
739.19,739.23,737.84,737.905,1411840.319981,1784903400000
737.89,740.7,737.43,740.59,1168009.795007,1784904300000
740.59,742.17,739.58,741.88,2150173.038389,1784905200000
741.86,743.13,741.34,742.61,1603211.211621,1784906100000
742.6,743.25,742.029,742.29,833785.1074930001,1784907000000
742.29,743.11,742.0,743.015,878489.776953,1784907900000
743.04,743.72,742.64,742.97,1462206.248785,1784908800000
743.0,743.57,742.81,743.19,634706.957743,1784909700000
743.17,743.19,741.64,741.65,836855.090729,1784910600000
741.64,741.81,740.74,741.45,884322.7673889999,1784911500000
741.47,741.6,740.2301,740.93,824817.5401249999,1784912400000
740.95,741.84,740.66,741.71,708559.0724189999,1784913300000
741.75,742.1692,741.07,741.08,503241.287411,1784914200000
741.07,741.535,740.92,740.98,677371.948814,1784915100000
740.99,741.29,740.48,740.59,785204.06636,1784916000000
740.595,740.65,739.0,739.035,1294576.9085640002,1784916900000
739.05,739.16,737.64,737.85,1912245.593941,1784917800000
737.87,738.71,737.79,738.38,1111977.9031239997,1784918700000
738.39,738.895,737.47,737.6,2380667.8045920003,1784919600000
737.6,738.02,737.29,737.65,2016140.473774,1784920500000
737.72,738.66,737.66,738.28,2631737.334252,1784921400000
738.3,739.1,737.64,738.85,6021438.538783,1784922300000
744.91,745.53,743.44,743.45,2392957.3777709994,1785159000000
743.48,744.92,741.6,741.6,1575833.161439,1785159900000
741.6,742.13,740.46,740.965,2365263.644598,1785160800000
740.97,741.565,738.2,738.315,2154832.575904,1785161700000
738.33,738.555,736.54,736.79,2260063.63252,1785162600000
736.79,739.88,736.79,739.6901,1705899.7160490002,1785163500000
739.72,740.31,739.1,739.39,1713171.262808,1785164400000
739.36,739.52,737.88,738.29,1062343.957443,1785165300000
738.27,738.27,736.335,737.44,1007617.543216,1785166200000
737.43,737.65,736.69,737.485,643757.2546460001,1785167100000
737.4925,738.69,737.3857,737.45,643868.908041,1785168000000
737.44,739.68,736.86,738.72,1463558.1175229996,1785168900000
738.72,739.35,738.08,738.34,564660.643206,1785169800000
738.35,738.8,736.64,737.057,536417.135401,1785170700000
737.07,737.1,736.07,736.65,834977.324641,1785171600000
736.64,736.76,735.87,736.2,694033.5807480001,1785172500000
736.22,737.28,736.18,736.8,517125.90696000005,1785173400000
736.82,737.85,736.57,737.8,450859.199841,1785174300000
737.84,737.97,737.48,737.75,728925.5142319999,1785175200000
737.75,737.83,737.03,737.62,658072.327848,1785176100000
737.64,737.65,736.62,737.47,1107810.847084,1785177000000
737.485,739.25,737.36,739.06,1050291.872763,1785177900000
739.06,739.58,738.49,739.09,1122983.976533,1785178800000
739.1,739.77,739.09,739.65,936185.215413,1785179700000
739.65,739.85,738.82,738.97,1726497.7343080002,1785180600000
738.96,739.23,738.5,739.02,6644126.382890999,1785181500000
739.19,739.49,736.56,737.05,3598238.165559999,1785245400000
737.05,738.175,735.98,736.5,2163405.901863,1785246300000
736.49,738.215,736.27,736.59,1357135.067256,1785247200000
736.61,737.878,736.37,737.7,1735806.6001330002,1785248100000
737.72,738.62,737.15,738.27,1760255.805655,1785249000000
738.25,739.82,737.86,738.64,1650931.474086,1785249900000
738.7,739.71,738.01,739.34,1351858.25249,1785250800000
739.38,741.9,739.1901,741.2,2025535.280109,1785251700000
741.17,742.09,740.991,742.07,771069.490291,1785252600000
742.07,742.45,741.79,742.215,871885.9944000001,1785253500000
742.205,742.35,741.48,741.62,1003065.85981,1785254400000
741.61,742.09,741.21,741.21,631013.0246829999,1785255300000
741.23,742.15,740.92,741.94,707836.324977,1785256200000
741.94,742.7901,741.39,742.61,860880.151752,1785257100000
742.61,742.78,741.18,741.34,868975.306149,1785258000000
741.335,742.19,741.08,741.31,656914.319669,1785258900000
741.3,741.92,740.65,740.8,639103.2333450001,1785259800000
740.795,741.39,740.51,741.19,632640.1179559999,1785260700000
741.2,741.52,740.42,740.455,887649.682948,1785261600000
740.46,740.96,740.43,740.59,708205.117589,1785262500000
740.59,741.12,740.5,740.77,691670.842738,1785263400000
740.79,741.615,740.69,741.45,804890.754222,1785264300000
741.45,741.96,741.33,741.47,1961742.655624,1785265200000
741.46,741.85,741.31,741.7,1838403.277332,1785266100000
741.71,741.73,740.93,741.3,1557906.322271,1785267000000
741.3,741.67,740.43,740.76,7163482.432399,1785267900000
739.97,740.39,738.72,739.68,1881526.269965,1785331800000
739.66,740.22,736.61,737.36,1766125.8922499998,1785332700000
737.43,738.33,735.0401,735.41,2060469.889849,1785333600000
735.41,736.47,734.26,734.92,1899457.348668,1785334500000
734.91,735.84,733.79,734.22,1731100.0961270002,1785335400000
734.21,735.34,733.89,734.82,1203020.077858,1785336300000
734.82,735.66,734.43,734.64,1074803.8258820002,1785337200000
734.65,735.49,734.35,734.42,797482.0970309998,1785338100000
734.44,734.99,733.72,733.99,701427.9156100001,1785339000000
733.98,734.54,733.02,733.73,859420.0522800001,1785339900000
733.76,734.03,732.02,732.02,1125006.986532,1785340800000
732.02,733.92,731.73,733.85,1416170.337274,1785341700000
733.84,734.32,732.88,733.2299,1360548.9860369998,1785342600000
733.22,734.87,733.03,734.87,749185.5826109999,1785343500000
734.88,736.62,734.74,736.6,1145814.701281,1785344400000
736.61,737.24,735.73,735.74,1141765.467996,1785345300000
735.75,736.35,735.27,735.75,827960.618223,1785346200000
735.76,736.42,735.39,736.4075,917365.371331,1785347100000
736.37,739.55,736.37,737.39,3171943.543759,1785348000000
737.42,738.26,736.3183,737.31,1367887.725282,1785348900000
737.36,741.02,735.95,740.72,2272789.026847,1785349800000
740.72,742.68,740.47,741.95,2595428.3903729995,1785350700000
741.945,742.59,737.95,738.9126,2452982.5139879994,1785351600000
738.895,739.77,734.2806,735.15,3284229.690983,1785352500000
735.21,735.74,730.9,731.3,6134506.881494001,1785353400000
731.3,732.09,729.1,729.51,13611685.045315,1785354300000
736.05,736.79,734.63,736.395,4108452.835875,1785418200000
736.39,738.66,736.35,738.625,3305440.6344740004,1785419100000
738.62,738.99,737.44,737.98,2842177.3388869995,1785420000000
737.98,739.3,737.38,738.64,1577565.505399,1785420900000
738.66,739.11,737.68,737.84,1573780.8814919998,1785421800000
737.8499,738.15,735.6099,736.23,2726972.863617,1785422700000
736.23,736.82,734.83,734.89,2049299.0800120004,1785423600000
734.87,736.165,734.59,734.8,1690010.855741,1785424500000
734.84,736.97,734.68,736.623,1124850.790785,1785425400000
736.65,737.67,736.38,737.13,1931011.167105,1785426300000
737.15,738.98,736.87,738.865,1900106.226824,1785427200000
738.87,739.22,738.5402,738.76,903754.633818,1785428100000
738.77,739.05,737.755,738.03,950837.370728,1785429000000
738.04,739.17,738.0,738.985,749897.001002,1785429900000
738.98,740.13,738.9799,739.7,1441901.419787,1785430800000
739.7,740.24,739.64,739.76,936329.284753,1785431700000
739.765,740.16,739.19,739.91,1242514.4515250002,1785432600000
739.91,740.38,739.6512,739.78,899191.3965739999,1785433500000
739.785,740.3,739.705,740.2,1317449.042364,1785434400000
740.22,740.44,740.06,740.38,750890.2151290001,1785435300000
740.4,740.59,740.03,740.33,1271028.926177,1785436200000
740.34,740.83,740.31,740.77,983714.663829,1785437100000
740.75,742.3,740.74,742.07,1636904.040031,1785438000000
742.06,742.45,741.74,741.78,1852978.228308,1785438900000
741.77,741.99,741.43,741.79,2551601.1588970004,1785439800000
741.8,742.1,741.0,741.73,10032350.883294,1785440700000
744.68,746.301,742.84,743.115,3922556.841424,1785504600000
743.12,745.065,741.55,741.94,2719390.902366,1785505500000
741.94,742.365,737.97,738.478,3344929.312505,1785506400000
738.47,740.57,737.68,740.49,2936552.2292019995,1785507300000
740.48,741.66,740.13,741.625,1723777.1623699996,1785508200000
741.6,742.95,741.44,742.5,1501986.9332150002,1785509100000
742.53,742.82,741.1237,742.15,1020566.350524,1785510000000
742.14,743.1,740.09,740.3,1383153.733258,1785510900000
740.29,742.34,739.81,741.82,1404970.003767,1785511800000
741.83,743.33,741.105,743.0908,993117.920514,1785512700000
743.09,743.66,742.46,743.55,1267988.905059,1785513600000
743.52,744.43,742.78,744.42,919405.472699,1785514500000
744.43,745.03,744.09,744.17,950867.190688,1785515400000
744.16,745.02,743.99,744.62,648714.74489,1785516300000
744.62,745.306,744.5,745.225,1134916.986642,1785517200000
745.22,746.4,745.1,746.29,1338173.6860329998,1785518100000
746.3,746.5,745.61,745.8425,1230807.304047,1785519000000
745.86,746.11,745.19,745.44,1401256.0822559998,1785519900000
745.44,746.04,745.295,745.72,938178.381746,1785520800000
745.69,746.43,745.63,746.01,1745977.473042,1785521700000
746.04,746.275,745.67,746.065,1281146.424521,1785522600000
746.08,746.54,745.9,746.155,1377532.476068,1785523500000
746.14,746.57,745.79,746.33,1552606.4358080002,1785524400000
746.325,747.92,746.26,747.49,3631899.588145,1785525300000
747.49,748.11,746.87,748.095,2941801.1304299994,1785526200000
748.1,748.895,746.34,746.81,7373987.287867,1785527100000
749.44,751.94,748.8,751.58,3455794.527747,1785763800000
751.59,753.6387,751.37,753.62,2906622.515754,1785764700000
753.6,754.05,753.0,753.9,2012579.4459450005,1785765600000
753.89,754.78,753.83,754.5,2478465.668288,1785766500000
754.5,755.165,754.31,754.9,2207756.7566269995,1785767400000
754.91,755.4055,754.705,755.3701,1813134.741441,1785768300000
755.38,755.43,754.79,755.055,1715319.8081910005,1785769200000
755.055,755.7,755.02,755.11,1800780.897717,1785770100000
755.12,755.83,755.075,755.6401,2648505.5908439998,1785771000000
755.65,756.21,755.65,755.955,1390815.924773,1785771900000
755.96,756.17,755.76,755.99,1221996.909973,1785772800000
755.99,756.6,755.96,756.57,1289224.616465,1785773700000
756.57,756.62,756.21,756.47,1465431.978885,1785774600000
756.48,756.5,756.015,756.22,1084207.535954,1785775500000
756.22,756.61,755.98,756.51,1213594.188646,1785776400000
756.5117,757.155,756.495,757.085,1167550.8610480002,1785777300000
757.084,757.47,757.01,757.33,1036003.294441,1785778200000
757.32,757.78,757.32,757.6451,2994084.4994710004,1785779100000
757.645,758.33,757.64,758.01,1673530.361803,1785780000000
758.015,758.31,757.48,757.57,1199394.062252,1785780900000
757.58,758.11,757.34,758.085,1571703.92885,1785781800000
758.09,758.29,757.76,757.935,1289525.4268880002,1785782700000
757.94,758.58,757.94,758.18,1195986.066415,1785783600000
758.181,758.55,758.18,758.34,1366555.38174,1785784500000
758.35,758.51,757.86,758.07,2548436.395281,1785785400000
758.07,758.41,757.43,757.67,5871872.113899001,1785786300000
760.63,762.21,760.52,761.8525,2848222.789013,1785850200000
761.86,763.48,761.86,763.39,2499540.3931470006,1785851100000
763.37,764.86,763.09,764.855,2306866.04018,1785852000000
764.85,765.3828,764.17,764.49,2184707.495345,1785852900000
764.47,765.86,764.1,765.82,2120492.295475,1785853800000
765.82,766.42,765.59,766.3,2024063.469652,1785854700000
766.33,767.16,766.17,766.91,1658084.667999,1785855600000
766.92,767.87,766.89,767.35,1950221.565034,1785856500000
767.34,768.34,767.16,768.28,2146939.976284,1785857400000
768.28,768.9,768.18,768.44,1597326.050255,1785858300000
768.445,768.94,768.14,768.255,1930261.53134,1785859200000
768.265,769.34,768.24,769.23,1602835.350138,1785860100000
769.22,770.01,769.0,769.98,2060041.0896140004,1785861000000
769.99,770.32,769.98,770.265,1111895.205648,1785861900000
770.27,771.285,770.165,771.22,2142040.6003709994,1785862800000
771.23,771.605,770.95,771.28,1478463.584614,1785863700000
771.29,772.345,770.965,772.33,1589206.521166,1785864600000
772.325,773.085,771.57,771.57,2432673.550559,1785865500000
771.57,772.24,771.08,772.18,1794085.586417,1785866400000
772.1981,772.45,771.98,772.37,1242083.692403,1785867300000
772.3799,772.4798,771.41,771.72,1743814.445742,1785868200000
771.73,772.29,771.72,772.07,1594180.4540940002,1785869100000
772.085,773.0391,772.05,772.88,2549057.868805001,1785870000000
772.88,773.12,772.12,772.32,1718330.8443,1785870900000
772.31,773.33,772.12,773.25,2261679.374646,1785871800000
773.255,773.41,770.96,771.25,8753684.696971,1785872700000
775.85,776.85,775.26,776.48,3984774.809326,1785936600000
776.54,776.7036,774.39,776.7036,2285281.364628,1785937500000
776.67,776.7,774.95,776.16,1629350.989744,1785938400000
776.18,776.46,774.75,774.7809,1192021.64153,1785939300000
774.78,775.0201,773.62,774.035,1987677.194579,1785940200000
774.03,774.84,772.54,773.47,1667402.381868,1785941100000
773.46,773.95,773.01,773.06,1090822.242768,1785942000000
773.07,773.16,771.0,771.71,1892212.904271,1785942900000
771.7,772.52,771.675,772.01,897955.742068,1785943800000
772.02,772.03,770.33,770.645,1294723.014391,1785944700000
770.63,771.02,769.91,770.44,1606658.791993,1785945600000
770.45,772.12,770.23,772.1,1630612.388784,1785946500000
772.09,772.22,771.2,771.59,998688.225046,1785947400000
771.58,772.17,771.29,771.8525,948713.836842,1785948300000
771.89,772.16,771.04,771.5,1170817.619622,1785949200000
771.4801,771.805,771.01,771.34,575975.5812359999,1785950100000
771.33,772.01,771.07,771.7018,542111.3120409999,1785951000000
771.7,771.96,771.33,771.555,574469.637075,1785951900000
771.56,772.25,771.54,771.79,1272285.628859,1785952800000
771.8,772.12,771.67,771.94,806688.9859849999,1785953700000
771.93,771.94,771.2,771.58,1054160.688493,1785954600000
771.57,771.96,771.34,771.391,968868.80161,1785955500000
771.4,771.85,771.24,771.73,966260.233427,1785956400000
771.74,771.989,771.65,771.7999,1332709.748958,1785957300000
771.78,771.89,771.2538,771.495,1520824.748726,1785958200000
771.48,771.7,769.51,769.76,4460998.916899,1785959100000
770.21,770.9,769.0576,770.5,2128744.363762,1786023000000
770.48,771.525,770.48,770.92,1017954.522408,1786023900000
770.95,771.77,770.615,771.53,921243.819199,1786024800000
771.53,771.82,770.07,770.45,893919.5446779999,1786025700000
770.45,770.96,769.64,770.145,1244981.0639630002,1786026600000
770.135,771.06,769.53,770.985,995081.319658,1786027500000
771.0,771.21,769.91,769.96,1344011.668584,1786028400000
769.96,770.12,768.62,769.24,1283367.516984,1786029300000
769.24,769.44,768.33,768.33,1110512.675555,1786030200000
768.33,769.78,767.95,768.125,1338413.852567,1786031100000
768.16,768.54,767.75,767.98,1020629.903326,1786032000000
767.98,768.5,767.46,768.26,2125050.098953,1786032900000
768.27,768.9,768.07,768.08,812942.0510420001,1786033800000
768.07,769.04,767.9081,768.96,563749.872232,1786034700000
768.99,769.18,768.09,768.17,811371.524567,1786035600000
768.14,768.46,767.81,767.83,681965.971198,1786036500000
767.83,768.28,767.72,768.14,739781.830602,1786037400000
768.15,768.64,767.96,768.6303,890907.541387,1786038300000
768.65,769.24,768.5,769.18,947206.912055,1786039200000
769.1914,769.73,768.45,769.43,1209613.068393,1786040100000
769.43,769.47,768.515,768.78,715338.2899270001,1786041000000
768.785,769.17,768.72,768.96,808234.5896650001,1786041900000
768.97,769.79,768.95,769.33,995378.489583,1786042800000
769.325,769.49,768.57,768.66,1351409.8721770002,1786043700000
768.655,769.0,768.1,768.31,1370893.749194,1786044600000
768.31,768.89,767.7,768.53,5036287.359278,1786045500000
771.02,772.09,770.62,771.99,2403579.93889,1786109400000
771.99,772.37,770.46,771.0403,1376950.2258459998,1786110300000
771.07,771.61,769.61,769.845,1361804.696332,1786111200000
769.87,773.29,769.68,773.19,1552667.0144859997,1786112100000
773.16,773.35,771.71,771.98,1207564.595115,1786113000000
771.95,773.0,771.87,772.88,837469.31153,1786113900000
772.88,773.3975,772.37,773.09,1681042.409622,1786114800000
773.09,773.89,772.785,773.65,1011390.619249,1786115700000
773.66,773.915,772.8928,773.165,1277073.626971,1786116600000
773.18,773.64,772.83,773.03,696251.5589230001,1786117500000
773.04,773.38,772.745,773.01,881096.672126,1786118400000
772.99,773.33,771.334,771.725,1042277.345591,1786119300000
771.735,772.63,771.0615,772.59,1883089.575908,1786120200000
772.6,772.86,771.95,771.965,1085379.726535,1786121100000
771.9601,772.37,771.77,772.055,535484.8608189999,1786122000000
772.055,772.41,771.74,772.09,531375.880513,1786122900000
772.11,772.42,771.73,772.17,513942.433688,1786123800000
772.18,772.46,771.99,772.17,464313.348827,1786124700000
772.165,772.285,771.45,771.575,1180086.780233,1786125600000
771.5805,771.81,771.45,771.48,691050.1419879999,1786126500000
771.475,771.64,770.89,770.965,968927.482351,1786127400000
770.97,771.81,770.91,771.71,951887.172675,1786128300000
771.68,773.06,771.66,772.9,1595562.900193,1786129200000
772.91,773.45,772.8,773.075,1394961.9355389995,1786130100000
773.08,773.1,772.52,772.57,1695760.6594929998,1786131000000
772.57,773.83,772.55,773.2,4793250.782044001,1786131900000
772.6,773.63,772.5,772.66,1812044.448275,1786368600000
772.65,773.52,772.5,773.469,1540989.144897,1786369500000
773.42,774.26,773.39,774.215,1971309.423881,1786370400000
774.22,774.46,773.765,774.355,1385342.396925,1786371300000
774.355,774.69,774.1747,774.6,1379495.931937,1786372200000
774.605,775.05,773.5,773.515,1461226.867255,1786373100000
773.51,774.03,773.31,773.82,1079118.931553,1786374000000
773.82,774.19,773.42,773.74,748929.2622229998,1786374900000
773.76,773.87,773.16,773.79,758964.4336999999,1786375800000
773.81,774.41,773.495,774.31,688604.253283,1786376700000
774.34,774.435,773.78,773.78,744245.1047990001,1786377600000
773.78,773.92,773.35,773.37,726806.9004939998,1786378500000
773.37,773.488,771.62,772.1599,1732630.8943459997,1786379400000
772.16,772.96,771.93,772.95,724274.80879,1786380300000
772.94,773.25,772.5,773.11,729810.99755,1786381200000
773.115,773.28,772.86,773.1095,551891.5401460001,1786382100000
773.11,773.26,772.61,772.65,513264.800297,1786383000000
772.66,772.82,772.49,772.739,605091.771157,1786383900000
772.73,773.06,772.64,772.68,747532.5144260001,1786384800000
772.67,772.75,772.5,772.53,1072268.909457,1786385700000
772.52,772.93,772.32,772.885,1558595.291141,1786386600000
772.88,773.33,772.74,773.19,903135.343718,1786387500000
773.2,773.4,773.05,773.3,926436.678557,1786388400000
773.3,773.44,772.88,772.93,889427.008008,1786389300000
772.945,773.29,772.73,773.085,1039121.798476,1786390200000
773.08,773.22,772.315,773.06,4526386.910637001,1786391100000
774.53,774.61,772.865,773.3,1546110.615567,1786455000000
773.3,773.64,772.58,773.615,1211767.791883,1786455900000
773.615,774.08,773.49,773.78,1033842.4670469998,1786456800000
773.8,773.95,773.33,773.87,858715.532956,1786457700000
773.88,773.93,773.21,773.3699,828028.319857,1786458600000
773.36,774.035,773.35,773.62,1073832.022324,1786459500000
773.63,773.81,772.55,772.66,1029610.841704,1786460400000
772.66,772.84,772.2,772.401,898835.0690789999,1786461300000
772.41,772.56,771.75,772.18,1028276.4992259998,1786462200000
772.17,772.248,771.77,772.0,775884.556596,1786463100000
772.03,772.39,771.93,771.955,1111770.330354,1786464000000
771.97,772.45,771.38,771.819,1965013.8726119995,1786464900000
771.8175,772.01,771.46,771.58,802116.175182,1786465800000
771.58,771.6,771.04,771.14,1242801.397018,1786466700000
771.15,771.26,770.3,770.3266,712786.0535310002,1786467600000
770.31,771.01,770.26,770.85,635354.920703,1786468500000
770.85,771.31,770.73,771.27,622992.6033049999,1786469400000
771.26,771.355,771.11,771.2399,459045.5107,1786470300000
771.22,771.2395,770.65,770.835,765885.3843909999,1786471200000
770.84,770.94,769.2,769.5,934438.603361,1786472100000
769.52,770.22,769.515,769.79,1526566.753711,1786473000000
769.78,770.465,769.78,770.075,690045.638464,1786473900000
770.09,770.38,769.85,770.24,726375.204843,1786474800000
770.27,770.69,770.17,770.63,1031166.475343,1786475700000
770.63,771.095,770.55,770.715,1198294.4396179998,1786476600000
770.72,770.72,769.79,770.42,4086663.606972001,1786477500000
774.71,774.9,772.455,772.8095,2219724.752132,1786541400000
772.82,773.65,772.09,772.59,1577136.0722540002,1786542300000
772.595,772.82,771.88,772.38,1301285.055807,1786543200000
772.36,773.305,772.18,772.795,1056614.4687909998,1786544100000
772.79,773.09,771.28,773.06,1625484.5006500003,1786545000000
773.06,773.2,771.82,772.22,828594.377603,1786545900000
772.2209,772.41,771.71,772.17,733482.8675949998,1786546800000
772.13,772.37,771.72,772.37,799446.9258459999,1786547700000
772.4,772.47,771.56,771.8,977784.054705,1786548600000
771.8,772.19,771.7699,772.03,447078.17018700007,1786549500000
772.015,772.62,771.97,772.5199,769984.0150769999,1786550400000
772.53,772.67,772.32,772.45,636291.983828,1786551300000
772.45,772.91,772.18,772.74,664229.362356,1786552200000
772.76,773.2,772.56,772.905,672956.014365,1786553100000
772.91,773.29,772.77,773.03,596590.770833,1786554000000
773.03,773.03,772.61,772.78,629293.404259,1786554900000
772.83,773.0,772.7,772.88,644661.5053490001,1786555800000
772.86,772.98,772.6414,772.8101,482831.980661,1786556700000
772.81,773.21,772.78,773.11,569719.5205580001,1786557600000
773.11,773.31,772.96,773.09,720492.267734,1786558500000
773.09,773.63,773.09,773.51,634471.866379,1786559400000
773.515,773.63,773.04,773.06,745548.2016429999,1786560300000
773.035,773.38,773.0,773.07,916616.717315,1786561200000
773.07,773.22,772.8,772.98,995641.4529479996,1786562100000
772.98,773.02,772.56,772.865,992939.447339,1786563000000
772.86,773.0,772.0,772.52,2821595.4154080003,1786563900000
774.87,776.47,774.111,775.71,1897563.497475,1786627800000
775.72,777.69,775.62,777.61,1595150.8137030003,1786628700000
777.6,778.55,777.52,778.51,1331401.5589560005,1786629600000
778.525,779.25,778.0232,779.19,1073847.3785190005,1786630500000
779.19,779.37,778.5695,778.5695,1272792.902865,1786631400000
778.54,778.55,777.38,777.76,1417531.615078,1786632300000
777.77,778.23,776.965,777.12,1036779.936959,1786633200000
777.125,777.26,775.92,776.17,1364528.404048,1786634100000
776.18,776.37,775.58,775.965,1554145.8005229998,1786635000000
775.96,776.13,775.38,775.49,694859.4300139999,1786635900000
775.48,776.29,775.46,775.69,566063.6379069999,1786636800000
775.6923,776.52,775.6,776.52,949567.617102,1786637700000
776.525,776.71,776.205,776.44,695889.7495970002,1786638600000
776.4147,776.8,776.4147,776.7,467431.531727,1786639500000
776.71,777.38,776.71,777.19,445726.865152,1786640400000
777.17,777.48,777.09,777.11,397530.965189,1786641300000
777.1,777.24,776.62,776.62,424911.711503,1786642200000
776.62,776.94,776.62,776.745,344459.929479,1786643100000
776.75,777.14,776.66,777.08,674370.318681,1786644000000
777.075,777.17,776.68,776.98,948044.5171740002,1786644900000
776.99,777.74,776.99,777.6175,741104.638582,1786645800000
777.615,777.93,777.6055,777.74,587303.430045,1786646700000
777.75,778.43,777.72,777.96,1000573.86649,1786647600000
777.95,778.37,777.79,778.0301,1101461.930272,1786648500000
778.03,778.24,777.69,777.72,1705080.7384260003,1786649400000
777.71,777.935,777.35,777.8,4907359.902137,1786650300000
778.54,778.58,777.66,778.38,1653140.846825,1786714200000
778.39,778.6,777.81,778.29,951479.3669480002,1786715100000
778.25,778.8,778.16,778.28,710282.785299,1786716000000
778.275,778.34,777.13,777.41,1149055.453115,1786716900000
777.4,777.48,776.82,777.13,938112.3007029998,1786717800000
777.12,777.4393,776.74,776.74,751611.0068279998,1786718700000
776.745,777.11,776.42,776.455,648588.655922,1786719600000
776.45,776.69,775.86,776.3,1214666.016378,1786720500000
776.29,776.46,775.85,776.05,1161330.2000030002,1786721400000
776.055,776.37,775.81,776.22,924408.510226,1786722300000
776.23,776.59,776.1,776.55,832502.863758,1786723200000
776.55,776.82,776.44,776.71,878613.349311,1786724100000
776.7,776.735,776.135,776.135,653346.792919,1786725000000
776.13,776.21,775.66,775.7,594695.693553,1786725900000
775.7,776.115,775.63,776.06,578448.611933,1786726800000
776.05,776.13,775.6531,775.77,479287.655744,1786727700000
775.78,775.98,775.4301,775.6,559645.9669049999,1786728600000
775.6,775.93,775.465,775.83,467866.276702,1786729500000
775.835,776.3,775.73,776.16,921557.051829,1786730400000
776.15,776.33,775.89,775.925,835507.9608179999,1786731300000
775.93,776.27,775.82,776.21,714442.850798,1786732200000
776.21,776.4919,776.04,776.19,567802.601307,1786733100000
776.19,776.22,775.89,776.05,728162.2470159999,1786734000000
776.05,776.33,775.83,776.155,1072405.476537,1786734900000
776.155,776.32,776.03,776.165,1248586.830935,1786735800000
776.16,776.42,775.92,776.3,2531887.331412,1786736700000
776.18,776.775,775.32,775.565,1590445.449004,1786973400000
775.56,776.51,775.18,775.2905,1019640.52922,1786974300000
775.265,775.77,775.02,775.66,944637.4261709998,1786975200000
775.66,775.66,775.0,775.46,762214.128079,1786976100000
775.45,775.5899,774.93,775.1212,759607.031703,1786977000000
775.14,775.48,774.89,775.27,1043027.702717,1786977900000
775.27,775.6,775.15,775.33,635463.532707,1786978800000
775.33,775.86,775.3,775.715,605119.4379139999,1786979700000
775.715,775.82,774.71,775.1,886208.889173,1786980600000
775.1,775.44,775.015,775.3,622569.0560149999,1786981500000
775.295,775.46,775.06,775.38,571612.3022080001,1786982400000
775.38,775.61,775.205,775.29,400045.885882,1786983300000
775.3,775.41,774.93,774.94,446240.967628,1786984200000
774.945,775.07,774.61,774.68,599465.554029,1786985100000
774.67,774.78,774.3,774.31,741582.9245969999,1786986000000
774.29,774.445,773.47,773.58,1144854.377298,1786986900000
773.57,773.86,773.1,773.78,1102910.287368,1786987800000
773.761,773.845,773.32,773.41,631947.0267270001,1786988700000
773.42,773.75,773.28,773.69,986560.928345,1786989600000
773.695,773.8,773.39,773.59,765086.9831810001,1786990500000
773.58,773.7,773.23,773.6,820456.5664790001,1786991400000
773.605,773.82,773.5,773.535,679673.13016,1786992300000
773.535,773.59,773.155,773.21,1182075.273564,1786993200000
773.21,773.51,773.12,773.12,839916.7937950001,1786994100000
773.13,773.16,772.73,772.98,1812512.160072,1786995000000
772.98,773.36,772.51,772.68,6772269.21822,1786995900000
768.7,769.5,767.9,768.75,2962090.0459000003,1787059800000
768.73,769.08,768.12,768.47,1535635.6938379998,1787060700000
768.49,769.27,767.63,768.11,1832999.97773,1787061600000
768.11,769.08,767.99,768.66,1408944.115557,1787062500000
768.64,769.25,768.38,768.4,1338270.437271,1787063400000
768.39,768.805,767.71,767.92,1342298.3062089998,1787064300000
767.93,768.38,767.42,767.72,1106183.977554,1787065200000
767.73,768.0314,767.33,767.84,938842.708681,1787066100000
767.855,768.265,767.6,768.06,1046234.9868609998,1787067000000
768.07,768.63,768.07,768.35,840352.6545650001,1787067900000
768.35,768.73,768.22,768.55,506655.921008,1787068800000
768.57,768.87,768.14,768.21,562107.4746549999,1787069700000
768.19,768.6,768.07,768.37,471248.59216100007,1787070600000
768.38,768.87,768.2,768.63,729691.880467,1787071500000
768.62,768.82,768.37,768.62,591760.0315089998,1787072400000
768.62,768.64,768.08,768.3,420489.949381,1787073300000
768.29,768.3925,768.01,768.09,562949.883369,1787074200000
768.07,768.21,767.61,767.62,408364.4348950001,1787075100000
767.62,768.1,767.45,768.06,1852170.089618,1787076000000
768.07,768.565,768.0399,768.36,883185.0405159999,1787076900000
768.355,768.43,768.08,768.09,624547.870869,1787077800000
768.1,768.2,767.68,767.7,837506.2163800001,1787078700000
767.69,767.95,767.56,767.62,864793.289588,1787079600000
767.62,768.18,767.61,768.02,870385.009254,1787080500000
768.015,768.22,767.72,767.895,1333052.7331040003,1787081400000
767.89,767.96,766.92,767.41,8553839.866705,1787082300000
770.36,770.63,769.2501,770.1,2215230.758799,1787146200000
770.11,770.6,768.1,769.99,1730368.488319,1787147100000
770.02,770.26,768.73,768.77,1191613.2688999998,1787148000000
768.795,770.17,768.73,770.03,956076.048329,1787148900000
769.98,771.33,769.8102,771.0595,1226048.767381,1787149800000
771.07,772.2399,770.67,772.2,1055677.717315,1787150700000
772.195,772.47,771.49,771.82,805314.2848189998,1787151600000
771.815,771.85,770.88,771.1087,828807.258399,1787152500000
771.13,771.18,770.07,770.4999,1218679.319213,1787153400000
770.5,770.88,770.07,770.6209,705195.6861739999,1787154300000
770.64,771.66,770.4,771.55,578343.681587,1787155200000
771.55,771.99,770.67,770.67,615712.7358619999,1787156100000
770.68,770.755,770.25,770.395,1158438.1378940002,1787157000000
770.39,770.45,769.5,769.68,868274.6460870001,1787157900000
769.69,770.229,769.46,769.825,684510.6898780001,1787158800000
769.825,769.97,769.02,769.57,735141.5287509998,1787159700000
769.58,769.7599,769.16,769.589,638369.659789,1787160600000
769.6,769.89,769.38,769.5076,500202.311379,1787161500000
769.53,770.55,768.96,769.43,918080.102871,1787162400000
769.445,769.61,769.05,769.58,748060.657376,1787163300000
769.58,770.09,769.58,769.81,633267.5938459999,1787164200000
769.81,769.87,769.48,769.515,757906.6399409999,1787165100000
769.53,769.99,769.43,769.71,626360.9224559999,1787166000000
769.71,770.02,769.58,769.63,1799327.1502750004,1787166900000
769.65,770.38,768.985,769.0,1608890.8555290003,1787167800000
769.0,769.12,768.2,769.06,6186074.729574,1787168700000
765.96,767.75,765.86,767.365,2307830.672701,1787232600000
767.37,767.5,766.16,766.55,1517220.794946,1787233500000
766.5,766.92,765.87,765.9957,1191130.866858,1787234400000
765.97,766.95,765.36,766.22,1288892.642149,1787235300000
766.205,767.26,765.93,767.17,1031136.331422,1787236200000
767.16,767.48,766.48,767.15,886497.062383,1787237100000
767.17,768.15,766.06,766.79,2270712.879642,1787238000000
766.775,767.08,765.97,766.75,1266340.528943,1787238900000
766.74,766.87,765.31,765.36,1150205.606437,1787239800000
765.35,766.03,765.23,765.84,1012817.0957419998,1787240700000
765.84,766.09,765.465,765.515,672348.679846,1787241600000
765.49,766.08,765.45,765.745,658710.387052,1787242500000
765.74,766.64,765.36,766.64,626722.8834170001,1787243400000
766.63,766.63,766.02,766.42,741777.2887830001,1787244300000
766.39,766.43,765.49,765.52,780758.0445760002,1787245200000
765.53,765.54,764.71,764.78,1045838.215469,1787246100000
764.78,764.89,764.23,764.45,842640.727952,1787247000000
764.45,765.01,764.4,764.54,779625.8943,1787247900000
764.55,764.55,763.35,763.58,1263785.230756,1787248800000
763.58,763.945,763.15,763.56,1121588.764306,1787249700000
763.565,763.63,763.21,763.5528,867924.8250419999,1787250600000
763.56,763.85,763.24,763.24,1277741.936376,1787251500000
763.25,763.715,763.17,763.54,1220929.264069,1787252400000
763.53,763.8,763.23,763.49,1370495.1339090003,1787253300000
763.48,763.65,762.97,763.1,2691746.664305001,1787254200000
763.1,763.42,762.04,762.65,8073634.427605001,1787255100000
766.05,766.15,764.62,765.16,2780608.1669630003,1787319000000
765.16,765.42,764.17,764.5124,1385097.40764,1787319900000
764.53,765.53,764.53,764.71,932889.267273,1787320800000
764.7,765.205,764.45,764.65,2064392.970408,1787321700000
764.65,764.88,764.215,764.62,765723.0032820001,1787322600000
764.59,765.835,764.5301,765.8151,778109.28436,1787323500000
765.81,766.41,765.68,765.7,1439427.153855,1787324400000
765.705,766.02,765.455,765.955,949778.851942,1787325300000
765.96,767.44,765.82,767.3,4085606.017284,1787326200000
767.31,767.85,766.94,767.2,899016.75474,1787327100000
767.2,767.3299,766.24,766.24,1122807.2434569998,1787328000000
766.24,767.03,765.87,766.515,1816583.1436390004,1787328900000
766.51,766.57,766.025,766.375,631337.406319,1787329800000
766.37,766.43,765.81,766.39,891168.3367130002,1787330700000
766.39,766.53,766.1,766.2189,499533.34481,1787331600000
766.22,766.3,765.705,765.8,920484.3814169996,1787332500000
765.82,765.9,765.47,765.655,461265.8241180001,1787333400000
765.7,765.88,765.43,765.43,455391.544697,1787334300000
765.44,765.735,765.285,765.34,618284.9037879999,1787335200000
765.35,765.615,765.26,765.285,426540.71643,1787336100000
765.27,765.52,765.06,765.39,596461.16152,1787337000000
765.395,766.23,765.315,766.1975,1046742.134128,1787337900000
766.2,766.365,765.87,766.045,1122455.516035,1787338800000
766.045,766.23,765.85,766.05,994194.944388,1787339700000
766.05,766.485,765.975,766.47,1453618.8339059998,1787340600000
766.46,766.8,765.34,765.69,4540445.169714,1787341500000
764.78,764.81,762.19,762.19,2170627.811743,1787578200000
762.18,763.66,762.08,763.39,1646425.508168,1787579100000
763.41,763.945,762.5,762.98,1025501.917953,1787580000000
762.98,763.509,762.65,762.92,1833623.339276,1787580900000
762.92,764.11,762.78,763.7,2972136.372086,1787581800000
763.685,763.96,763.425,763.64,899606.320982,1787582700000
763.64,763.82,762.7,762.75,681148.287131,1787583600000
762.74,764.0062,762.37,763.7401,1027043.847721,1787584500000
763.74,764.42,763.4,764.2532,895344.217795,1787585400000
764.27,764.73,764.18,764.5201,732453.973684,1787586300000
764.52,765.13,764.43,764.6488,699986.3266840001,1787587200000
764.64,765.22,764.61,764.89,664963.8277360001,1787588100000
764.91,765.0,764.19,764.31,705287.629319,1787589000000
764.33,764.4695,764.12,764.19,404003.1004889999,1787589900000
764.2,764.78,763.87,764.52,644377.351126,1787590800000
764.5,764.6,763.335,763.4,695019.916985,1787591700000
763.38,763.57,763.105,763.105,575243.946431,1787592600000
763.11,763.51,763.05,763.29,568333.921164,1787593500000
763.31,764.26,763.28,764.26,608744.0998,1787594400000
764.255,764.84,764.13,764.8,883030.9053979999,1787595300000
764.8,765.11,764.12,764.33,724921.185688,1787596200000
764.3339,764.43,763.97,764.0,543641.1650640001,1787597100000
763.97,764.2,763.81,764.11,524654.7255299999,1787598000000
764.11,764.23,763.92,763.96,582234.674447,1787598900000
763.96,764.24,763.54,763.66,877150.939624,1787599800000
763.66,763.95,763.35,763.46,3654081.303735,1787600700000
766.16,766.78,765.87,766.165,1393732.649363,1787664600000
766.15,766.72,765.5001,765.69,1183094.842662,1787665500000
765.69,765.81,765.1,765.185,1067676.2300640002,1787666400000
765.17,765.63,764.68,764.7,1072832.7977240002,1787667300000
764.7,765.06,763.0501,764.35,1994170.683548,1787668200000
764.35,764.85,764.031,764.72,770710.550545,1787669100000
764.73,764.8,764.3,764.5899,443967.8812820001,1787670000000
764.59,765.39,764.49,765.31,663492.6028400001,1787670900000
765.32,765.85,764.91,765.17,774983.0683940001,1787671800000
765.18,765.6,764.6,765.44,577654.9196060001,1787672700000
765.46,765.85,765.3213,765.52,685923.6932899999,1787673600000
765.52,765.8,765.37,765.76,779806.7108309999,1787674500000
765.75,765.95,765.51,765.58,349179.628008,1787675400000
765.59,765.8999,765.33,765.76,359516.28377300006,1787676300000
765.76,765.84,764.94,765.27,635559.3892959999,1787677200000
765.28,765.42,764.63,764.82,535091.842908,1787678100000
764.82,765.035,764.74,764.87,1364170.3125600002,1787679000000
764.87,765.16,764.84,765.04,428518.83519600006,1787679900000
765.03,765.09,764.787,764.8,503550.648164,1787680800000
764.79,765.01,764.72,764.97,519079.96893500007,1787681700000
764.97,765.59,764.97,765.54,571107.4595090001,1787682600000
765.55,765.87,765.54,765.64,1010207.585929,1787683500000
765.65,765.85,765.09,765.1175,1083576.204358,1787684400000
765.12,765.19,764.87,765.15,836538.0244949998,1787685300000
765.17,765.63,765.01,765.37,1187191.440106,1787686200000
765.39,766.22,765.24,765.83,3217068.521636,1787687100000
764.73,766.61,764.68,766.3,1466941.549925,1787751000000
766.32,766.8999,765.64,766.89,963964.67978,1787751900000
766.88,766.96,766.07,766.17,709804.678009,1787752800000
766.18,766.35,764.83,765.08,812226.212979,1787753700000
765.07,765.6,764.92,765.39,644981.022082,1787754600000
765.4,765.94,765.1,765.85,603924.687842,1787755500000
765.87,766.47,765.84,766.28,799236.4438000001,1787756400000
766.27,766.29,765.56,765.85,571091.5315279999,1787757300000
765.84,766.14,765.14,766.07,540436.378782,1787758200000
766.065,766.31,765.31,765.32,785084.7109430002,1787759100000
765.33,765.44,764.88,765.03,658962.80344,1787760000000
765.04,765.14,764.73,764.8,626977.221747,1787760900000
764.795,764.98,763.93,764.012,850819.6547930001,1787761800000
764.01,764.8,763.95,764.72,751189.955429,1787762700000
764.7,765.14,764.5701,765.14,485746.0365130001,1787763600000
765.1493,765.72,765.1493,765.65,591208.0178319999,1787764500000
765.65,765.84,765.47,765.68,587535.000824,1787765400000
765.69,765.87,765.44,765.68,462562.05824300006,1787766300000
765.67,765.86,765.38,765.41,631467.7400400001,1787767200000
765.41,765.98,765.35,765.61,585072.206665,1787768100000
765.61,765.9,765.52,765.86,895038.3394869999,1787769000000
765.87,766.64,765.85,766.51,1002718.347041,1787769900000
766.53,767.35,766.47,766.97,920291.885229,1787770800000
766.96,767.27,766.82,766.89,855964.3875050001,1787771700000
766.9,766.915,766.59,766.69,1476958.087525,1787772600000
766.7,767.21,765.49,766.01,3604114.74943,1787773500000
768.5,769.2,767.16,769.19,2628265.881846,1787837400000
769.22,769.69,767.62,768.4056,2304840.6485939994,1787838300000
768.4,769.09,768.05,768.655,1200064.870055,1787839200000
768.66,769.88,768.66,769.675,1150956.98954,1787840100000
769.6999,770.04,769.06,769.62,643975.34115,1787841000000
769.61,770.44,769.355,770.395,780281.9579200002,1787841900000
770.41,770.84,770.2281,770.82,791413.556124,1787842800000
770.8299,771.1,770.23,770.315,696114.9090349999,1787843700000
770.31,770.62,769.615,769.65,1256445.289147,1787844600000
769.66,770.88,769.39,770.64,722671.0601270001,1787845500000
770.64,770.97,770.42,770.6299,524215.779646,1787846400000
770.6,770.91,770.34,770.91,466385.914578,1787847300000
770.91,771.79,770.82,771.69,647148.8378739998,1787848200000
771.69,772.03,771.61,771.99,640743.789861,1787849100000
772.02,772.355,771.75,772.19,563085.321326,1787850000000
772.21,772.28,771.6,771.75,1007802.471498,1787850900000
771.75,772.06,771.59,771.64,594913.702158,1787851800000
771.63,771.6699,771.1,771.225,759638.205737,1787852700000
771.225,771.39,769.985,770.26,1055037.2645529998,1787853600000
770.27,770.5195,769.26,769.46,797875.9200430001,1787854500000
769.47,770.12,769.43,769.88,853694.341807,1787855400000
769.89,770.08,769.16,769.65,910180.77371,1787856300000
769.65,770.23,769.52,769.89,1252603.977492,1787857200000
769.9,770.28,769.76,769.94,1015257.390367,1787858100000
769.945,770.679,769.87,770.65,1065832.247693,1787859000000
770.64,771.36,770.4,771.07,4443931.383163,1787859900000
771.76,772.84,771.47,772.58,1218533.8027509998,1787923800000
772.58,772.87,771.63,771.78,1059805.051688,1787924700000
771.79,773.13,769.77,770.28,2357700.494544,1787925600000
770.24,772.23,770.12,771.3,1724552.511345,1787926500000
771.3,773.56,770.9,773.39,1071106.177522,1787927400000
773.43,775.04,773.2,774.9601,1772603.177033,1787928300000
774.98,775.3,773.82,774.195,1416344.2208090003,1787929200000
774.19,775.22,774.19,774.95,827111.9777299999,1787930100000
774.97,775.0,772.67,772.82,1189143.606809,1787931000000
772.82,773.03,770.83,771.07,1374623.893724,1787931900000
771.085,771.65,770.46,770.98,1373009.1037,1787932800000
770.99,771.23,769.13,769.6,1087615.82096,1787933700000
769.6,770.62,769.54,769.67,778855.4674919999,1787934600000
769.68,770.7,769.65,769.69,1269882.466327,1787935500000
769.68,769.71,768.3076,769.35,988267.5367490002,1787936400000
769.35,769.41,768.58,768.82,697063.1424410002,1787937300000
768.84,769.5,768.6,769.07,586664.9697089999,1787938200000
769.05,769.74,768.89,769.5399,450886.893466,1787939100000
769.56,769.8,769.2,769.22,544670.1680980001,1787940000000
769.23,769.57,768.89,769.06,495538.746899,1787940900000
769.05,769.58,769.0,769.315,688943.460954,1787941800000
769.27,769.305,768.31,768.68,653547.2402659999,1787942700000
768.68,774.18,768.47,769.2363,915212.520787,1787943600000
769.22,769.59,768.9967,769.515,1054158.333825,1787944500000
769.51,769.79,769.13,769.62,1487190.8164759998,1787945400000
769.6,769.88,769.02,769.34,4532722.252852,1787946300000
767.33,767.62,765.75,765.805,2287245.249079,1788183000000
765.83,766.71,765.5,766.18,1288942.702676,1788183900000
766.19,766.3,765.34,765.8101,949441.102048,1788184800000
765.8,766.04,764.715,764.93,1013508.692685,1788185700000
764.885,766.07,764.8,765.82,857440.488197,1788186600000
765.83,766.399,765.35,765.95,675329.876388,1788187500000
765.95,766.46,765.55,765.74,828451.604384,1788188400000
765.735,766.18,765.38,765.94,525096.456173,1788189300000
765.95,766.0,765.4,765.835,610779.0656290001,1788190200000
765.85,766.34,765.31,765.4199,533418.091891,1788191100000
765.42,765.77,764.98,765.71,686187.423279,1788192000000
765.715,765.95,765.27,765.9,575932.1864730002,1788192900000
765.8949,765.95,765.19,765.415,716057.899426,1788193800000
765.42,765.98,765.42,765.84,473993.013714,1788194700000
765.85,765.9399,765.54,765.92,378322.14739100006,1788195600000
765.91,766.06,765.39,765.42,404831.829913,1788196500000
765.425,766.24,765.17,766.24,477204.3682859999,1788197400000
766.26,766.81,766.14,766.52,623668.0128459999,1788198300000
766.5,766.73,766.18,766.72,524307.654637,1788199200000
766.7,766.84,766.28,766.3,636025.221946,1788200100000
766.3,766.42,765.05,765.3499,1467796.6435050005,1788201000000
765.35,765.895,765.19,765.67,714450.200189,1788201900000
765.67,766.2165,765.67,766.18,946201.377957,1788202800000
766.18,766.75,765.98,766.635,690969.5572979999,1788203700000
766.62,767.205,766.18,767.01,1226633.203089,1788204600000
767.0,767.995,766.58,766.95,9673757.722137,1788205500000
762.01,762.3999,761.17,761.96,2192048.275541,1788269400000
761.96,762.48,761.475,762.015,1294160.178736,1788270300000
762.02,763.084,761.74,763.0,1120797.633045,1788271200000
762.99,764.0,762.9,763.7695,1099463.937098,1788272100000
763.76,764.55,763.75,764.16,1223387.446632,1788273000000
764.16,764.36,763.3501,763.54,964380.654552,1788273900000
763.56,763.66,762.67,762.9256,957284.677764,1788274800000
762.94,763.61,762.85,763.59,673290.039678,1788275700000
763.59,764.27,763.44,764.23,736975.138467,1788276600000
764.22,764.67,764.12,764.29,926465.675127,1788277500000
764.29,764.34,763.51,763.54,779831.7009790001,1788278400000
763.535,763.62,762.29,762.5399,1375101.4682059998,1788279300000
762.54,762.63,761.58,761.71,1197234.438955,1788280200000
761.7,762.39,761.64,762.26,574153.8513320001,1788281100000
762.26,762.29,761.5,761.965,754891.5011080002,1788282000000
761.96,762.15,760.73,761.68,1006795.129389,1788282900000
761.68,762.23,761.62,762.07,944177.8375170002,1788283800000
762.05,762.14,761.46,761.82,679279.9769019999,1788284700000
761.81,762.04,761.3032,761.38,798569.262748,1788285600000
761.37,761.83,761.07,761.21,916809.952219,1788286500000
761.2199,761.245,759.71,759.74,1863709.456828,1788287400000
759.725,760.89,759.48,760.7295,1213165.4083349998,1788288300000
760.72,761.48,760.62,761.46,1109091.860199,1788289200000
761.46,761.61,761.07,761.36,1188370.756564,1788290100000
761.3999,761.3999,760.74,761.05,1959172.7337029995,1788291000000
761.06,761.76,760.58,761.66,4618491.701185,1788291900000
762.45,762.83,761.73,762.8,1777904.4707969998,1788355800000
762.81,763.065,761.961,763.065,1097163.565592,1788356700000
763.03,764.29,762.86,764.25,1244303.117405,1788357600000
764.26,765.585,764.085,765.27,1335246.254505,1788358500000
765.275,766.34,764.93,766.3,999818.555426,1788359400000
766.29,766.31,765.16,765.31,874263.6349020001,1788360300000
765.31,765.7799,765.14,765.528,696065.2070040002,1788361200000
765.53,766.4,765.4,766.295,529435.964184,1788362100000
766.325,766.43,765.6443,765.65,699207.3952649998,1788363000000
765.66,765.96,764.97,765.925,582588.5669000001,1788363900000
765.92,765.92,765.55,765.69,331301.15364400006,1788364800000
765.695,765.695,764.69,764.85,384438.435976,1788365700000
764.85,765.32,764.7,764.7,415703.79086,1788366600000
764.73,765.25,764.71,764.92,310349.30212,1788367500000
764.92,765.48,764.61,764.9,409356.462891,1788368400000
764.9203,764.95,764.46,764.71,470284.970005,1788369300000
764.75,764.94,764.35,764.9,424865.051287,1788370200000
764.91,765.29,764.74,765.18,449811.274332,1788371100000
765.18,765.41,764.73,765.18,813874.7306769998,1788372000000
765.19,766.0899,765.15,765.32,901278.284439,1788372900000
765.34,765.5252,764.64,764.72,667347.2139189999,1788373800000
764.74,765.0,764.59,764.81,1262865.631944,1788374700000
764.79,765.4799,764.67,765.39,835274.908955,1788375600000
765.385,765.52,765.07,765.48,1034108.567109,1788376500000
765.47,765.48,765.03,765.365,928136.6844919998,1788377400000
765.36,765.485,764.75,765.14,2930675.07412,1788378300000
767.9,769.89,767.85,769.79,2744571.928624,1788442200000
769.81,770.045,769.11,769.56,2761767.5227380004,1788443100000
769.53,769.57,767.53,768.36,2201821.59308,1788444000000
768.36,769.07,768.2202,768.67,787481.958237,1788444900000
768.67,768.97,767.83,768.2,806687.3101979999,1788445800000
768.17,769.33,767.45,769.28,1492730.0452899998,1788446700000
769.26,771.52,769.25,771.52,1792874.1377800002,1788447600000
771.54,772.95,771.47,772.94,1907349.795767,1788448500000
772.94,773.21,772.275,772.58,1316269.2187480002,1788449400000
772.585,773.32,772.58,773.32,920175.388038,1788450300000
773.31,773.31,772.375,772.68,1150617.596664,1788451200000
772.69,772.87,772.21,772.435,670717.4646620001,1788452100000
772.45,773.2,772.3,773.14,757981.7053090001,1788453000000
773.13,773.23,772.73,772.88,546885.2213959999,1788453900000
772.9,773.0,772.33,772.435,533470.9293320001,1788454800000
772.44,772.68,772.12,772.6687,461691.107222,1788455700000
772.65,773.19,772.6475,773.06,630415.427766,1788456600000
773.06,773.49,772.87,773.275,641096.8550420001,1788457500000
773.26,773.94,773.26,773.815,946237.437832,1788458400000
773.83,774.03,773.56,773.73,762755.5834589999,1788459300000
773.759,773.9,773.5097,773.6,659453.322632,1788460200000
773.5999,773.85,773.4,773.67,832803.1452210001,1788461100000
773.665,773.705,773.3104,773.38,1199559.340511,1788462000000
773.375,773.6,773.13,773.41,1574425.117783,1788462900000
773.415,773.55,773.205,773.23,1962540.086257,1788463800000
773.22,773.42,772.69,773.1,5455147.661990001,1788464700000
772.01,772.87,771.84,772.1699,2090346.009862,1788528600000
772.165,772.62,771.81,772.31,1349431.474747,1788529500000
772.32,772.36,770.84,771.63,1350244.882228,1788530400000
771.63,771.6893,770.76,771.21,904328.721185,1788531300000
771.205,771.29,770.27,770.3,689480.262993,1788532200000
770.31,770.49,769.3,769.45,1129406.308272,1788533100000
769.47,769.94,769.05,769.94,1028656.360739,1788534000000
769.95,769.99,769.11,769.43,1286553.642849,1788534900000
769.48,770.05,769.0,769.9975,669433.1185270001,1788535800000
769.99,770.06,769.62,769.9575,590721.792593,1788536700000
769.955,770.74,769.83,770.73,579505.525147,1788537600000
770.725,771.15,770.56,770.66,732161.7288720001,1788538500000
770.66,770.98,770.5551,770.94,492062.462458,1788539400000
770.95,771.32,770.88,770.89,505889.0736519999,1788540300000
770.9,770.97,770.31,770.35,558811.946544,1788541200000
770.3699,770.48,769.8,769.852,480462.339237,1788542100000
769.85,769.87,769.29,769.32,639832.465418,1788543000000
769.32,769.54,769.13,769.459,949728.1478920002,1788543900000
769.44,769.74,769.2101,769.66,675536.408883,1788544800000
769.66,769.99,769.56,769.88,457899.741386,1788545700000
769.89,770.19,769.7831,770.15,761422.2576570001,1788546600000
770.16,770.37,769.68,770.25,517619.0350160001,1788547500000
770.26,770.38,769.59,769.62,1275345.2646019997,1788548400000
769.62,770.07,769.59,770.01,1169992.147213,1788549300000
770.0,770.07,769.63,769.9,1455737.84792,1788550200000
769.89,770.48,769.8,770.23,4428651.265115,1788551100000
769.07,769.7,767.09,767.29,2475570.602262,1788874200000
767.305,768.08,766.82,767.46,1925091.175954,1788875100000
767.45,767.63,765.99,766.46,1400702.813143,1788876000000
766.45,767.1495,766.12,766.7,1470477.7297979998,1788876900000
766.7,767.23,766.44,767.12,832772.281762,1788877800000
767.14,767.949,766.67,767.65,745241.177062,1788878700000
767.67,768.31,767.47,768.04,831832.6831879999,1788879600000
768.04,768.37,767.35,767.805,1341790.26116,1788880500000
767.8,768.08,767.34,767.98,703992.9854679999,1788881400000
767.995,768.04,767.35,767.39,1024875.850356,1788882300000
767.4,767.79,767.03,767.22,903927.3582400002,1788883200000
767.22,767.65,766.81,767.1,776547.9554460001,1788884100000
767.1,767.32,766.81,767.01,574090.8317420001,1788885000000
767.02,767.61,766.55,766.94,766665.24562,1788885900000
766.9292,768.12,766.9292,767.635,587418.568294,1788886800000
767.64,767.72,767.19,767.475,471505.891863,1788887700000
767.49,767.88,767.315,767.345,646583.2846359999,1788888600000
767.34,767.85,767.34,767.46,590951.1176190001,1788889500000
767.48,767.88,767.46,767.77,617025.808661,1788890400000
767.76,767.89,767.525,767.765,546411.3329980001,1788891300000
767.77,767.79,767.07,767.52,588921.794033,1788892200000
767.52,767.62,765.67,766.77,2014259.02925,1788893100000
766.78,767.1,766.485,766.9,836602.3730140001,1788894000000
766.91,767.04,766.51,766.98,1082019.2847350002,1788894900000
766.97,767.15,766.68,766.81,1639347.5221120005,1788895800000
766.82,766.88,765.14,765.94,6442767.722093999,1788896700000
764.08,764.38,763.231,763.75,1552524.502818,1788960600000
763.7,764.23,763.43,764.1,1028214.038454,1788961500000
764.09,764.2,763.4,763.8775,896266.862704,1788962400000
763.88,764.07,762.49,763.98,1496959.874046,1788963300000
763.97,764.01,763.25,763.77,694981.1645340001,1788964200000
763.7535,763.94,763.41,763.78,414480.307596,1788965100000
763.79,764.47,761.395,761.63,1649543.147157,1788966000000
761.64,762.1699,760.94,761.54,1262366.9757539998,1788966900000
761.5401,763.0957,761.48,762.24,1422119.126281,1788967800000
762.26,762.62,761.84,762.17,519972.182421,1788968700000
762.17,762.41,761.43,761.645,686410.333942,1788969600000
761.63,761.81,761.32,761.63,509040.25670500007,1788970500000
761.615,762.46,761.58,762.46,763932.817769,1788971400000
762.46,762.86,762.19,762.566,471914.59799400007,1788972300000
762.575,763.22,762.372,763.15,725376.785308,1788973200000
763.15,763.29,762.78,762.92,503411.772402,1788974100000
762.93,763.05,762.38,762.9,371353.349776,1788975000000
762.91,763.32,762.88,763.025,416797.349196,1788975900000
763.02,763.17,762.39,762.4,811873.0868320001,1788976800000
762.39,763.04,762.28,762.84,794798.5201829999,1788977700000
762.845,763.3,762.59,763.19,435907.06345700007,1788978600000
763.18,763.39,762.88,762.9,526892.69501,1788979500000
762.92,763.14,762.64,762.96,1241638.955099,1788980400000
762.9675,763.4097,762.96,763.1,892117.8406850002,1788981300000
763.1,763.21,762.605,762.8,1187833.939779,1788982200000
762.81,762.925,762.1,762.34,6210489.0265110005,1788983100000
758.03,758.74,757.55,758.135,3183799.8902180004,1789047000000
758.135,758.98,756.7022,756.78,3594737.794218,1789047900000
756.752,757.775,756.64,757.42,2179108.906836,1789048800000
757.395,760.11,757.15,758.71,2754425.8189250003,1789049700000
758.715,759.6,758.645,758.845,1295222.6006860002,1789050600000
758.83,759.5,758.4305,759.3995,1635669.9431369998,1789051500000
759.4,759.47,758.55,759.06,1184599.6142630002,1789052400000
759.05,759.56,758.63,759.19,1466350.313329,1789053300000
759.22,759.97,759.02,759.4,843452.3719750001,1789054200000
759.43,759.515,758.22,758.54,937391.54768,1789055100000
758.55,759.0791,757.83,758.095,1011088.854411,1789056000000
758.1,758.435,757.79,758.085,545755.434625,1789056900000
758.08,758.89,757.26,758.81,969601.201936,1789057800000
758.83,759.345,758.7,759.205,939361.646606,1789058700000
759.2,759.85,758.79,759.02,866832.6202920001,1789059600000
759.01,759.1999,758.51,758.59,524890.53974,1789060500000
758.58,758.77,758.03,758.445,601334.112673,1789061400000
758.45,758.54,758.18,758.27,450012.719001,1789062300000
758.27,758.56,757.48,757.69,819115.002884,1789063200000
757.68,758.04,757.47,757.69,797394.830718,1789064100000
757.67,757.91,757.2599,757.815,569376.243766,1789065000000
757.8,758.39,757.41,757.775,1019239.115712,1789065900000
757.775,758.03,757.31,757.81,1140270.7482469997,1789066800000
757.81,759.8,757.36,757.615,1441151.439924,1789067700000
757.61,758.275,757.44,758.02,1595976.161161,1789068600000
758.03,758.29,757.61,757.83,4896348.413897,1789069500000
764.72,765.99,764.225,765.46,2800623.04818,1789133400000
765.48,766.38,764.7,766.31,1651625.5616030002,1789134300000
766.31,766.33,764.78,764.9,1321219.203608,1789135200000
764.9,766.1,764.63,765.73,1119139.939442,1789136100000
765.75,765.78,763.88,764.05,1384237.8726070002,1789137000000
764.04,764.85,763.6,763.97,1808230.951796,1789137900000
763.9538,765.25,763.81,764.61,708349.099652,1789138800000
764.61,766.24,764.61,766.0,750081.960627,1789139700000
765.98,766.27,765.62,766.12,1060284.99285,1789140600000
766.12,766.14,765.382,765.71,824912.022713,1789141500000
765.72,766.2,765.53,765.58,1969766.08007,1789142400000
765.585,765.65,764.87,764.92,700897.373173,1789143300000
764.94,765.76,764.81,765.45,889069.032096,1789144200000
765.44,765.67,765.2705,765.62,1159703.227477,1789145100000
765.64,766.08,765.51,765.5583,1704515.2362400002,1789146000000
765.56,766.33,765.56,765.995,740457.160145,1789146900000
765.995,766.26,765.78,765.86,1033676.029938,1789147800000
765.86,765.98,765.3,765.74,674697.8522399999,1789148700000
765.74,765.97,765.5085,765.57,679346.880729,1789149600000
765.56,765.725,765.14,765.41,1328143.583848,1789150500000
765.42,765.58,765.0975,765.15,718358.8689599999,1789151400000
765.15,765.32,764.94,765.04,852079.3602260001,1789152300000
765.04,765.19,764.55,764.9,1415681.48329,1789153200000
764.9,765.3,764.88,765.02,1080238.505551,1789154100000
765.025,765.13,764.87,765.01,1610316.086582,1789155000000
765.01,765.04,764.04,764.195,6909391.413591,1789155900000
759.0,759.52,758.4542,759.41,2391420.882678,1789392600000
759.43,760.59,759.43,759.995,1455455.491172,1789393500000
759.9864,761.115,759.91,760.44,1304314.26003,1789394400000
760.46,760.65,758.23,758.84,1597682.8307899998,1789395300000
758.825,759.135,758.12,758.68,1196208.350592,1789396200000
758.68,759.03,757.93,758.57,1247370.507417,1789397100000
758.59,759.88,758.15,758.6301,1735928.1061199997,1789398000000
758.62,759.8952,758.52,759.595,756490.598841,1789398900000
759.55,762.23,759.45,762.09,2224298.4943950004,1789399800000
762.1,762.15,761.29,761.75,986742.086007,1789400700000
761.77,761.91,761.21,761.4674,560071.181195,1789401600000
761.47,762.6,761.47,762.02,847321.6567849999,1789402500000
762.01,762.45,761.83,762.31,582385.4204490001,1789403400000
762.32,763.52,762.05,762.9,1117264.985676,1789404300000
762.9,763.06,762.18,762.18,735887.188246,1789405200000
762.1807,762.72,761.904,762.68,450419.617087,1789406100000
762.715,762.87,762.49,762.6,674561.712336,1789407000000
762.65,762.8699,762.34,762.35,543148.7602990001,1789407900000
762.355,762.83,762.125,762.34,1551464.232477,1789408800000
762.35,762.48,761.9175,762.0108,687998.159984,1789409700000
762.04,762.52,761.97,762.35,628898.0452849999,1789410600000
762.35,762.7,762.09,762.128,5523704.093409999,1789411500000
762.14,762.21,761.61,762.03,959941.73959,1789412400000
762.025,762.025,761.649,761.725,1921559.532903,1789413300000
761.725,761.93,761.54,761.6,1208976.740461,1789414200000
761.5902,761.83,760.66,760.78,5555156.918961,1789415100000
760.117,760.35,758.73,759.95,1773575.253302,1789479000000
759.95,760.19,759.18,759.55,969650.519667,1789479900000
759.5406,759.5406,757.88,757.97,2271721.32867,1789480800000
757.97,758.43,757.18,757.48,1121808.948939,1789481700000
757.47,757.65,756.88,757.2,1374847.438671,1789482600000
757.19,757.38,756.15,756.44,1805405.76393,1789483500000
756.45,757.27,756.435,756.98,1099145.42336,1789484400000
756.97,757.5,756.81,757.48,1071165.691249,1789485300000
757.48,757.75,756.93,757.52,982438.765532,1789486200000
757.52,757.7,756.926,757.115,958684.92891,1789487100000
757.115,757.355,756.63,756.78,604718.902955,1789488000000
756.77,757.87,756.71,757.575,609736.128162,1789488900000
757.58,757.82,757.32,757.61,1075790.660563,1789489800000
757.605,758.06,757.32,757.74,617741.5029509999,1789490700000
757.74,757.85,757.05,757.085,753740.460152,1789491600000
757.085,757.12,756.6,756.88,524717.6243159999,1789492500000
756.86,757.25,756.815,757.13,535513.493527,1789493400000
757.15,757.4,756.93,757.27,307300.486323,1789494300000
757.28,757.935,757.14,757.765,714927.783771,1789495200000
757.775,757.83,757.36,757.67,526086.616949,1789496100000
757.66,757.66,757.13,757.19,6779397.0159950005,1789497000000
757.21,757.49,756.74,757.49,1042252.532901,1789497900000
757.47,757.62,757.08,757.17,729595.455337,1789498800000
757.15,757.29,756.94,756.985,986947.6262139998,1789499700000
756.98,757.07,756.51,756.715,2062983.0052770004,1789500600000
756.71,757.46,756.54,757.38,4570682.581289,1789501500000
759.5,759.705,758.723,758.77,1675454.697938,1789565400000
758.8,760.43,758.76,760.2,1309257.5185890002,1789566300000
760.23,760.42,759.1,759.541,1186461.310234,1789567200000
759.5699,759.7214,758.76,758.96,698376.340309,1789568100000
758.9738,759.86,758.8,759.84,783493.3377340001,1789569000000
759.84,760.25,759.59,760.21,1019160.73953,1789569900000
760.215,761.03,760.16,760.7401,1522725.623414,1789570800000
760.75,760.83,760.29,760.3401,1289827.1586259997,1789571700000
760.37,760.6,760.01,760.565,730886.7045829999,1789572600000
760.56,761.67,760.49,760.69,801589.8663510003,1789573500000
760.69,760.74,760.17,760.37,688388.3195300001,1789574400000
760.3973,760.475,759.86,760.14,800012.686631,1789575300000
760.13,760.22,759.67,759.903,478964.519031,1789576200000
759.92,760.19,759.73,759.77,428280.283108,1789577100000
759.775,759.81,759.26,759.735,769879.8978179999,1789578000000
759.73,759.94,759.54,759.93,502172.2903650001,1789578900000
759.935,760.06,759.31,759.34,612972.287072,1789579800000
759.34,760.28,759.34,760.28,610202.212334,1789580700000
760.1816,761.225,758.77,759.97,3107908.516342,1789581600000
759.95,760.36,758.785,759.68,967107.218906,1789582500000
759.64,760.21,756.05,759.0,3747815.935672,1789583400000
758.99,759.55,753.75,753.89,3078376.4987850003,1789584300000
753.9,755.36,751.14,751.31,4318357.439874,1789585200000
751.32,752.12,749.6,751.26,5286897.369384,1789586100000
751.24,752.82,751.11,752.09,4499086.480967999,1789587000000
752.09,754.37,752.04,754.095,8456045.98268,1789587900000
763.15,763.41,760.4,760.93,3283681.5885560005,1789651800000
760.94,761.9,760.73,761.25,1973888.102543,1789652700000
761.25,761.25,759.96,761.14,1700346.8959959997,1789653600000
761.15,762.27,761.04,761.675,1560424.612752,1789654500000
761.67,762.22,761.55,761.8899,1137276.224054,1789655400000
761.89,761.93,760.44,760.785,1282854.048727,1789656300000
760.79,761.24,760.36,761.14,1371659.305881,1789657200000
761.15,761.73,760.93,761.57,809719.933556,1789658100000
761.57,762.52,761.485,762.26,800963.7256009999,1789659000000
762.265,762.56,762.07,762.54,895846.9408610001,1789659900000
762.55,762.62,762.055,762.3,617892.4954659999,1789660800000
762.3,762.63,762.2,762.53,857936.430063,1789661700000
762.51,762.6524,761.98,762.615,599464.040512,1789662600000
762.64,762.66,761.61,762.455,724677.6031149998,1789663500000
762.455,762.7999,762.18,762.23,782217.008783,1789664400000
762.245,762.34,761.815,762.035,679618.79766,1789665300000
762.06,762.47,761.9,762.43,456059.115947,1789666200000
762.43,762.64,762.285,762.63,535691.228408,1789667100000
762.62,762.85,762.43,762.72,858850.8330130002,1789668000000
762.74,762.95,762.51,762.73,848450.380198,1789668900000
762.73,762.85,762.14,762.35,855413.480499,1789669800000
762.36,762.65,762.19,762.44,715905.562012,1789670700000
762.445,763.06,762.44,762.77,959000.409254,1789671600000
762.76,762.94,762.55,762.6099,1658742.426757,1789672500000
762.6,763.17,762.59,763.12,2200796.866539,1789673400000
763.11,763.57,762.43,762.63,6624772.929942001,1789674300000
761.31,761.76,760.58,760.92,3407142.12973,1789738200000
760.92,761.15,759.56,759.71,1857271.444032,1789739100000
759.71,759.935,758.85,759.22,1933161.7378910005,1789740000000
759.2194,759.645,758.75,759.3399,1223783.2950320002,1789740900000
759.32,759.76,758.85,758.99,978473.6849089998,1789741800000
759.0,759.96,758.87,759.93,1108775.431852,1789742700000
759.95,760.0409,759.42,759.56,4862130.699760999,1789743600000
759.58,760.0599,759.45,759.98,13467597.431670995,1789744500000
759.97,760.07,759.105,759.295,791405.927453,1789745400000
759.3,759.39,758.85,759.0,883845.7789530001,1789746300000
758.99,759.2276,758.68,759.01,933704.248567,1789747200000
759.03,759.1739,757.971,758.78,1250532.218794,1789748100000
758.76,759.3,758.57,759.09,606623.241029,1789749000000
759.09,759.545,758.78,759.3995,580834.077953,1789749900000
759.395,759.53,759.025,759.31,431944.30519,1789750800000
759.31,759.5799,759.26,759.4,4877842.375033,1789751700000
759.405,759.78,759.23,759.761,614947.0967860001,1789752600000
759.78,759.9,759.62,759.83,522905.92349799984,1789753500000
759.83,759.965,759.66,759.8132,759605.635441,1789754400000
759.81,760.61,759.79,760.48,1091961.803811,1789755300000
760.482,760.545,760.2338,760.5362,561638.575391,1789756200000
760.55,761.83,760.545,761.26,1418634.9407759998,1789757100000
761.26,761.47,761.06,761.185,813679.2300750001,1789758000000
761.19,761.27,760.835,760.86,883388.5735110001,1789758900000
760.87,761.44,760.68,761.43,1783035.828848,1789759800000
761.425,762.0,761.18,761.64,6700065.753132,1789760700000
766.251,766.855,766.03,766.855,2665080.623218,1789997400000
766.86,767.72,766.82,767.69,1569920.639571,1789998300000
767.685,767.92,767.045,767.79,1105326.8027769998,1789999200000
767.79,769.29,767.79,769.0333,3365436.2402020004,1790000100000
769.015,769.55,768.88,768.99,2028815.09575,1790001000000
768.99,769.44,768.73,769.22,1451966.294862,1790001900000
769.22,769.82,769.115,769.8,1007467.316598,1790002800000
769.81,770.18,769.81,769.86,882359.221227,1790003700000
769.87,770.72,769.81,770.71,887009.943201,1790004600000
770.72,771.36,770.53,770.74,1637185.837165,1790005500000
770.735,771.85,770.519,771.55,1187583.3892879998,1790006400000
771.57,772.04,771.42,771.82,830213.6108670001,1790007300000
771.84,772.65,771.8,772.0,1209961.193172,1790008200000
772.0,772.34,771.98,772.32,679725.0673889999,1790009100000
772.34,772.9,772.19,772.82,1649952.675587,1790010000000
772.81,772.98,772.42,772.805,1020283.601417,1790010900000
772.82,772.91,772.24,772.87,1361898.121125,1790011800000
772.88,773.17,772.72,772.895,971738.911113,1790012700000
772.9,773.4,772.9,773.27,905513.300922,1790013600000
773.28,773.99,773.16,773.855,1023125.093396,1790014500000
773.86,774.14,773.585,774.12,1270679.8419279996,1790015400000
774.13,774.62,774.065,774.295,1444602.5564199998,1790016300000
774.3,774.485,773.96,774.46,2021835.547545,1790017200000
774.45,774.465,774.02,774.1,1680061.516206,1790018100000
774.1,774.89,774.06,774.45,2773580.226424,1790019000000
774.45,774.55,773.41,773.52,5586427.456087,1790019900000
774.03,775.14,773.89,774.61,1865204.409853,1790083800000
774.6,774.64,773.65,773.825,1199579.833587,1790084700000
773.825,774.91,773.765,774.3504,977534.680025,1790085600000
774.34,774.45,773.5,773.5399,1528539.7412349998,1790086500000
773.53,774.42,773.005,773.27,1228422.8945410002,1790087400000
773.27,773.87,772.97,773.41,697150.6245029999,1790088300000
773.38,773.79,773.18,773.56,2880995.7762009995,1790089200000
773.5615,773.71,773.29,773.35,1031231.089499,1790090100000
773.34,773.34,772.57,772.83,813124.4844719999,1790091000000
772.83,773.11,772.65,773.035,551229.601245,1790091900000
773.035,773.4,772.875,773.36,547477.397849,1790092800000
773.379,773.379,772.69,772.92,638671.4344469999,1790093700000
772.91,773.25,772.79,773.05,405266.346851,1790094600000
773.06,773.72,773.01,773.58,813112.740713,1790095500000
773.57,773.66,773.23,773.29,670152.1459080001,1790096400000
773.31,773.585,773.09,773.58,543048.025886,1790097300000
773.55,773.58,773.1,773.495,313276.607663,1790098200000
773.5,774.4,773.35,774.11,1229575.513735,1790099100000
774.11,774.19,773.72,773.95,759933.1995529999,1790100000000
773.93,774.41,773.93,774.135,865459.9075630001,1790100900000
774.14,774.25,773.72,774.12,900851.888778,1790101800000
774.13,774.21,773.68,773.76,472041.369776,1790102700000
773.77,774.11,773.71,774.035,748726.3453070001,1790103600000
774.055,774.49,774.0,774.39,1671728.884652,1790104500000
774.38,774.94,774.25,774.45,2068172.461395,1790105400000
774.47,774.9,773.298,773.36,3336078.883315,1790106300000
772.79,773.05,771.88,771.915,1360839.68706,1790170200000
771.9,771.97,770.46,770.68,2119119.5947200004,1790171100000
770.68,771.04,769.2799,769.61,1750866.4930890002,1790172000000
769.6,769.8992,768.37,768.86,1868806.95426,1790172900000
768.85,769.87,768.68,769.19,1851805.701637,1790173800000
769.17,770.6,768.8577,770.24,1697953.6365570002,1790174700000
770.25,770.27,769.57,769.64,796037.8123599999,1790175600000
769.64,769.99,768.945,769.02,568704.905099,1790176500000
769.02,769.27,768.65,769.19,924352.1766219998,1790177400000
769.19,769.25,768.23,768.63,888878.5249869999,1790178300000
768.63,768.7,768.25,768.62,605843.261151,1790179200000
768.58,768.74,768.14,768.42,750713.1578180001,1790180100000
768.41,768.73,767.8,767.8,738533.4428970001,1790181000000
767.81,768.07,767.02,767.42,987674.3320989998,1790181900000
767.41,767.7,766.5,767.11,1065598.095276,1790182800000
767.1,767.93,766.94,767.27,639673.0760769999,1790183700000
767.26,768.595,767.06,768.49,854764.918353,1790184600000
768.48,769.045,768.23,769.0,993058.599181,1790185500000
768.985,769.0088,768.05,768.47,854561.505152,1790186400000
768.4699,768.745,768.19,768.27,724802.3042549998,1790187300000
768.28,768.35,767.58,767.8324,583491.257488,1790188200000
767.855,768.31,767.79,768.18,893977.0266600001,1790189100000
768.185,768.32,767.71,767.935,952378.639537,1790190000000
767.95,768.0,767.43,767.6401,1296761.5331790005,1790190900000
767.66,768.15,767.3,767.57,1460967.553806,1790191800000
767.54,768.01,766.57,767.75,8835901.33965,1790192700000
764.065,765.06,763.62,764.65,2336014.03147,1790256600000
764.66,765.49,764.49,765.38,878582.399004,1790257500000
765.37,766.4325,765.25,766.01,1260262.0375810002,1790258400000
766.015,766.3687,765.62,766.04,878611.407628,1790259300000
766.085,766.14,765.18,765.29,692561.3371410001,1790260200000
765.26,765.6796,764.18,764.49,1540290.0226329998,1790261100000
764.5,764.77,763.245,763.365,1076592.154218,1790262000000
763.365,764.56,763.26,763.64,1135220.99909,1790262900000
763.6,764.175,763.39,764.05,696644.7284270001,1790263800000
764.065,764.43,763.43,764.285,509020.6539,1790264700000
764.27,764.67,763.65,764.62,493476.409955,1790265600000
764.61,768.4,764.5,767.15,2250353.326041,1790266500000
767.17,768.88,766.39,767.63,987835.272093,1790267400000
767.64,768.95,767.21,768.26,1472966.170986,1790268300000
768.26,768.66,767.53,768.39,1559475.235323,1790269200000
768.38,768.42,766.595,767.225,854828.5368979999,1790270100000
767.22,767.66,766.15,766.22,792811.5165609999,1790271000000
766.21,767.08,766.025,766.93,697394.8408829998,1790271900000
766.95,767.11,765.62,767.015,879952.8296190002,1790272800000
767.0,768.03,766.83,767.61,763531.4048489999,1790273700000
767.6,768.38,766.91,767.49,857164.904258,1790274600000
767.5,768.285,767.43,767.94,831280.206922,1790275500000
767.94,768.04,767.05,767.31,1167097.2472549998,1790276400000
767.31,767.89,767.31,767.575,567225.390192,1790277300000
767.58,767.8899,767.42,767.59,1234046.157057,1790278200000
767.58,768.15,767.22,767.25,5804903.178309999,1790279100000
768.78,770.055,767.75,769.49,1754091.3867,1790343000000
769.5,770.31,769.0,769.73,1621524.38595,1790343900000
769.725,769.84,766.542,766.93,1841966.71261,1790344800000
766.9236,767.97,766.29,767.39,1666847.613399,1790345700000
767.4,768.53,767.22,767.94,852188.0680010001,1790346600000
767.92,768.86,767.525,768.7754,840671.179849,1790347500000
768.77,769.8,768.335,768.935,1005197.241849,1790348400000
768.95,769.3095,768.41,768.73,586315.002465,1790349300000
768.75,769.78,767.685,767.74,1030748.688096,1790350200000
767.7624,769.97,767.445,769.94,996339.570596,1790351100000
769.95,771.98,769.79,771.52,1947107.710185,1790352000000
771.53,771.83,769.99,771.541,1117409.835669,1790352900000
771.555,771.72,770.36,771.16,1298023.7398380004,1790353800000
771.13,771.14,770.14,770.44,724891.6901239998,1790354700000
770.44,771.28,770.33,771.23,587741.375191,1790355600000
771.27,771.3,770.81,771.26,389093.463818,1790356500000
771.27,771.37,770.5059,770.94,436513.439844,1790357400000
770.94,771.18,770.6,771.155,316826.627495,1790358300000
771.15,771.46,770.83,771.46,582742.483419,1790359200000
771.46,771.51,770.42,770.9,1015063.257529,1790360100000
770.91,771.345,770.491,771.03,820571.161126,1790361000000
771.025,771.1,770.6,770.67,715649.238404,1790361900000
770.7,771.105,770.43,771.08,607720.6650950001,1790362800000
771.09,771.16,770.18,770.33,840055.1199619999,1790363700000
770.33,771.33,770.21,771.18,1236820.54076,1790364600000
771.19,772.28,771.15,771.3,4610678.092429001,1790365500000
768.35,768.61,766.97,767.63,2481819.7222520006,1790602200000
767.6,768.5,767.36,768.36,1358053.060588,1790603100000
768.34,768.4194,766.98,767.25,862627.285616,1790604000000
767.2501,767.92,767.03,767.45,1263268.651571,1790604900000
767.4401,767.46,765.22,765.2595,1483076.9839569998,1790605800000
765.265,765.34,763.715,764.155,1964284.874205,1790606700000
764.155,765.77,764.12,765.14,1637311.8842739998,1790607600000
765.15,765.245,764.62,765.07,1083579.2310950002,1790608500000
765.09,765.73,764.66,764.95,876418.569232,1790609400000
764.95,765.57,764.74,765.505,495652.256173,1790610300000
765.49,765.83,765.14,765.4,431233.315728,1790611200000
765.39,769.54,765.3334,768.71,2174210.077575,1790612100000
768.7,768.77,766.64,766.99,1385910.2941800002,1790613000000
766.99,767.45,766.67,767.1967,514469.249398,1790613900000
767.12,769.29,766.46,768.89,1206531.52032,1790614800000
768.895,768.895,766.88,767.06,975421.21969,1790615700000
767.04,767.52,766.85,767.17,741619.5643320001,1790616600000
767.175,767.49,767.0,767.29,439927.09341300005,1790617500000
767.3,767.53,766.89,767.44,1186072.87489,1790618400000
767.45,767.56,766.68,766.9,402691.94842400006,1790619300000
766.905,767.155,766.32,767.11,555682.1567609999,1790620200000
767.12,767.305,766.76,766.98,726513.884423,1790621100000
767.0,767.03,765.78,765.87,956949.965774,1790622000000
765.85,766.24,765.63,765.99,1429604.933112,1790622900000
766.0,766.055,765.125,765.45,3636835.900738,1790623800000
765.44,765.69,764.83,765.55,5336542.670394,1790624700000
766.83,766.98,764.935,765.115,1827328.491483,1790688600000
765.115,765.659,764.6,764.72,1952571.020581,1790689500000
764.69,765.63,764.61,765.165,1003864.385961,1790690400000
765.17,765.75,764.77,765.31,1099831.798989,1790691300000
765.3,765.75,764.8,765.08,1071567.921107,1790692200000
765.09,765.575,764.49,764.86,1020205.2889930002,1790693100000
764.87,764.95,763.58,764.16,874850.6635050001,1790694000000
764.16,764.33,762.57,762.9398,1100564.266076,1790694900000
762.99,764.12,762.865,763.735,1023262.219558,1790695800000
763.74,764.29,762.895,763.3,1153056.0844779997,1790696700000
763.25,763.46,762.65,762.98,1065269.716175,1790697600000
762.99,763.56,762.8706,763.395,367013.595549,1790698500000
763.3795,763.48,762.6548,762.67,461258.10280100006,1790699400000
762.675,763.33,762.4,762.9948,868604.18036,1790700300000
762.99,762.99,762.37,762.76,689827.144927,1790701200000
762.77,763.16,762.35,763.08,453437.627617,1790702100000
763.07,763.325,762.8,763.2701,304079.970571,1790703000000
763.29,763.47,762.385,762.62,471530.035849,1790703900000
762.65,764.0198,762.64,763.74,1651803.919712,1790704800000
763.745,764.39,763.6651,763.97,955744.841827,1790705700000
763.965,765.3,763.57,764.845,1381138.677975,1790706600000
764.85,764.98,764.39,764.87,704927.939467,1790707500000
764.86,765.06,764.34,764.37,877820.4359460002,1790708400000
764.38,764.83,764.28,764.57,937746.060231,1790709300000
764.59,764.83,764.02,764.11,1177374.157952,1790710200000
764.12,764.8,763.76,764.23,5625096.13221,1790711100000
766.45,767.29,766.0,766.66,1753640.425641,1790775000000
766.68,767.98,766.07,767.97,989862.319847,1790775900000
767.95,769.15,767.95,768.15,1345890.609819,1790776800000
768.16,769.1,767.47,767.87,946200.8357280002,1790777700000
767.87,768.41,767.25,767.65,1299737.923034,1790778600000
767.64,769.41,767.5754,768.528275,911870.020595,1790779500000
768.52,768.68,767.75,768.21,853432.794632,1790780400000
768.18,768.94,767.9,768.7501,852485.2249350002,1790781300000
768.77,769.02,767.88,767.99,685471.801152,1790782200000
768.0,769.245,767.89,768.71,683143.166302,1790783100000
768.73,769.1,768.48,769.0,796703.3376450001,1790784000000
768.99,769.04,768.04,768.07,852373.337912,1790784900000
768.07,768.5,767.68,768.35,545964.658264,1790785800000
768.365,768.365,767.71,768.27,450563.6037820001,1790786700000
768.245,768.47,767.6,767.6992,602206.831659,1790787600000
767.69,767.69,766.26,767.0,905767.085652,1790788500000
766.99,767.72,766.97,767.485,534280.323332,1790789400000
767.5,767.97,767.2,767.7,418245.39102,1790790300000
767.695,767.7,766.85,767.335,905390.402316,1790791200000
767.33,767.38,766.31,766.76,895657.389308,1790792100000
766.75,766.97,766.1012,766.8469,969088.138267,1790793000000
766.86,766.89,766.01,766.46,632160.179617,1790793900000
766.48,766.88,766.46,766.83,1065019.6518559998,1790794800000
766.8,766.83,766.24,766.34,946420.465562,1790795700000
766.34,766.44,765.52,765.75,1729617.685608,1790796600000
765.75,765.85,762.2,762.46,19305376.913949,1790797500000
764.36,765.34,763.21,763.42,2813010.2037170003,1790861400000
763.42,764.04,762.45,762.58,1739366.9964929998,1790862300000
762.5601,762.73,759.71,760.895,2719907.748494,1790863200000
760.88,761.28,759.78,760.5,1227879.8303949998,1790864100000
760.44,762.18,760.13,761.42,1438303.8657260002,1790865000000
761.43,762.11,759.93,760.41,1627695.7123669998,1790865900000
760.41,760.55,758.7901,760.26,1573953.707485,1790866800000
760.26,761.33,760.0,760.4,1156541.159755,1790867700000
760.42,760.87,759.25,759.675,2026797.632399,1790868600000
759.69,760.93,759.27,760.67,1157106.717235,1790869500000
760.66,761.28,760.25,760.57,1591158.681369,1790870400000
760.57,761.75,760.44,761.285,697648.28614,1790871300000
761.29,762.58,761.0,762.0,1366356.8665319998,1790872200000
762.02,762.28,760.29,760.935,853821.193793,1790873100000
760.91,762.27,760.74,761.93,947524.531604,1790874000000
761.93,763.96,761.79,763.685,1545354.289061,1790874900000
763.69,765.17,763.66,764.82,1668133.3598950002,1790875800000
764.815,765.32,763.26,763.5305,2015391.250912,1790876700000
763.56,763.75,762.201,763.33,1341611.2881379998,1790877600000
763.34,764.25,763.01,764.12,954120.005594,1790878500000
764.13,765.15,763.73,764.325,1115586.109707,1790879400000
764.33,764.84,764.06,764.8,886409.2402910001,1790880300000
764.806,764.905,764.21,764.58,532275.2171530001,1790881200000
764.57,764.82,764.26,764.5151,973913.510325,1790882100000
764.51,764.92,764.22,764.64,1038756.492872,1790883000000
764.62,765.65,763.47,764.03,4894145.462733,1790883900000
