strategy_id,error,tau_max,tau_p90,n_registers,R_bench,sharpe_bench,maxdd_bench,n_trades_bench,bust_early,always_flat,frac_in_pos,realized_vol,pass_filter,vix_mean_held,frac_held_days_high_vix
S0000,,80,19.0,5,0.23861673857869303,0.4170352474611797,-0.13918190895340307,1209,False,False,0.21593902657356967,0.1757992076528611,True,20.804324055666,0.22664015904572565
S0001,,29,11.0,6,-0.07099736504034193,-0.2599541940181948,-0.16544911557493866,1362,False,False,0.1652983452262206,0.14345066321703745,True,20.69100487804878,0.2175609756097561
S0002,,38,14.0,6,-0.015339216226323837,-0.02449181683076078,-0.15129929201314965,2415,False,False,0.420317655182997,0.1986333625547965,True,20.73226428079835,0.21816930488644184
S0003,,17,15.0,4,0.44873523173489893,0.9302573569130557,-0.10571838524522771,469,False,False,0.11279060845545921,0.1889808007949681,True,20.546776315789472,0.20833333333333334
S0004,,33,24.0,6,0.09852260443534111,0.20552039166582692,-0.1773287705903565,1313,False,False,0.567738305327502,0.22103561791862586,True,20.684157142857142,0.21214285714285713
S0005,,33,17.0,8,-0.0845448028517145,-0.13327284297738035,-0.23118609125574938,972,False,False,0.1659633238701757,0.14435874778606322,True,20.841224209078405,0.22420907840440166
S0006,,70,23.0,4,-0.17325831542981474,-0.395632359149509,-0.2073826261631416,1362,False,False,0.5022123327962352,0.23450360987982022,True,20.61526352775826,0.21433591004919184
S0007,,52,18.0,5,0.010670700131943489,0.06013257757216486,-0.1649283825687403,620,False,False,0.09235530320468555,0.17957594829180792,True,20.415972696245735,0.2167235494880546
S0008,,33,17.0,6,0.3652421453153192,0.8182614775646827,-0.08185379191212257,659,False,False,0.15092457607611448,0.15605197371338367,True,20.913045871559635,0.22568807339449543
S0009,,36,14.0,4,0.05073321420956889,0.16530987136724942,-0.1975079772150745,1011,False,False,0.21772935369191027,0.17305582591559923,True,19.01890377588307,0.15225334957369063
S0010,,55,18.0,5,0.27756878076416935,0.9141509442945223,-0.06341433980864776,1362,False,False,0.34814189621217934,0.17151238593214524,True,20.798338815789474,0.2236842105263158
S0011,,29,9.0,6,0.00406031255352346,0.03684244033665579,-0.08669729499880789,1498,False,False,0.15563057878718126,0.10357959720745696,True,18.929396226415093,0.14088050314465408
S0012,,33,25.0,6,-0.3320664707059253,-0.4686851171176108,-0.3869733220417815,867,False,False,0.37763114146141846,0.21001038438686917,True,20.525152919369788,0.20852641334569044
S0013,,43,16.0,4,0.10617292245979115,0.24576660060948985,-0.18213001303904375,1789,False,False,0.4567124478886928,0.22404623316936348,True,20.716572218382858,0.2183828610919143
S0014,,79,20.0,5,0.24756338166007197,0.6190898875871519,-0.09818727225340598,467,False,False,0.09754725184787334,0.1676781155913438,True,20.541842105263154,0.19856459330143542
S0015,,80,20.0,4,0.3718857838905034,1.1431541475048312,-0.07378925881024762,1022,False,False,0.19701271132254022,0.18094482192512876,True,20.80684265010352,0.21842650103519667
S0016,,34,10.0,7,0.10812689778756246,0.38125438676921836,-0.11794935620075435,1498,False,False,0.2168086140310494,0.16364522473747736,True,18.856482300884952,0.1404867256637168
S0017,,33,20.0,5,0.07940571249542927,0.24696924960283265,-0.11688425245063848,1119,False,False,0.2881659377477685,0.18392227989319235,True,20.800472222222226,0.22685185185185186
S0018,,41,13.0,6,0.045773750866246576,0.16631234250930352,-0.12748561745718798,2470,False,False,0.47200695669965986,0.22909545022540195,True,20.68798090040928,0.21691678035470668
S0019,,80,19.0,4,0.295524413008583,0.7360513799243836,-0.08319023658131755,713,False,False,0.14066855929819178,0.17567492205874585,True,20.996491228070173,0.22647527910685805
S0020,,40,16.0,3,-0.13430018894443752,-0.6500871070165203,-0.14068807007911424,1939,False,False,0.4144351517941635,0.2202877300830844,True,20.6625034106412,0.21623465211459755
S0021,,40,9.0,4,0.00942155898670971,0.0781221339722786,-0.06471287366519977,1589,False,False,0.17008107624235913,0.17966745042194937,True,20.765017574692443,0.21968365553602812
S0022,,27,10.0,5,-0.08429390215971211,-0.22078498056079843,-0.14469077975015265,1287,False,False,0.16995319573390624,0.15925140838269222,True,19.557693266832917,0.17331670822942644
S0023,,34,11.0,4,-0.10388675479456855,-0.48349453257491964,-0.1349717076506842,2923,False,False,0.4057392772193662,0.18763806287126103,True,20.72549828178694,0.21786941580756014
S0024,,40,13.0,7,-0.25540855786588657,-0.733721679281626,-0.26266245030396973,1952,False,False,0.4094222358628098,0.1998660541433456,True,20.6625034106412,0.21623465211459755
S0025,,37,12.0,5,0.0652926359372683,0.21062852640054153,-0.11370419298886261,1447,False,False,0.23256349267244686,0.17931112499582336,True,20.940434362934365,0.22683397683397682
S0026,,25,7.0,4,-0.09907257520296009,-0.6584047457073094,-0.10432431659942872,2392,False,False,0.21877797386122408,0.1424397975503389,True,20.760380139643136,0.22032583397982933
S0027,,26,8.0,4,-0.0645222369588706,-0.34685610022281793,-0.0908426849148035,2042,False,False,0.23775544131563467,0.22592036917018882,True,20.83015548281506,0.2225859247135843
S0028,,33,22.0,8,-0.13816167898262122,-0.17652454604227866,-0.21579704541492123,667,False,False,0.2905189391033019,0.20293907750477796,True,20.759171461449945,0.22554660529344073
S0029,,43,16.0,5,-0.01032809741747076,0.018984236698058442,-0.16282475089311538,1789,False,False,0.4291414102662472,0.22165489028022617,True,20.679530483531884,0.21513665031534687
S0030,,33,25.0,5,0.43154710567190824,0.6145214843940903,-0.15599430855031185,529,False,False,0.2625642599554976,0.2394538899784131,True,20.743172588832486,0.22461928934010153
S0031,,36,11.0,4,-0.05631493407996935,-0.09374610508373031,-0.24544944458408716,1011,False,False,0.16864881454768665,0.160710384549044,True,19.108733509234828,0.15435356200527706
S0032,,46,16.0,5,0.1925343924276568,0.49512030463853457,-0.10589350723250043,693,False,False,0.14941558607637023,0.1419072830231861,True,19.207190635451507,0.16722408026755853
S0033,,33,28.0,4,0.8026819269328458,1.1735976161928392,-0.1271299164965434,483,False,False,0.22540218419908437,0.18082074963173042,True,19.92680786686838,0.18608169440242056
S0034,,29,12.0,5,-0.07466345504245764,-0.3324832578052686,-0.07752020618378212,265,False,False,0.036241336095552315,0.16114388391537104,True,19.628522167487684,0.20689655172413793
S0035,,76,19.0,5,0.13136204948057273,0.41620605938747474,-0.058864134099029804,470,False,False,0.0939665976111921,0.18154216823197722,True,20.964639376218326,0.2300194931773879
S0036,,17,14.0,5,-0.3126146943424446,-0.9719035666945456,-0.31543524654102173,591,False,False,0.1618199953963017,0.1734156273585944,True,20.70515887850467,0.2336448598130841
S0037,,43,16.0,4,-0.0009064312028369548,0.016506638396077283,-0.08448509301356723,1789,False,False,0.4291414102662472,0.22165489028022617,True,20.679530483531884,0.21513665031534687
S0038,,33,15.0,8,0.1707497335757795,0.43051466878588107,-0.1434202766894523,703,False,False,0.1462185733650477,0.14109766431423718,True,19.75893442622951,0.17540983606557378
S0039,,17,14.0,5,0.17745225598929704,0.37592022785978213,-0.2149016850330062,757,False,False,0.2212332796235198,0.19438646881502553,True,19.929429386590584,0.18972895863052783
S0040,,75,16.0,8,0.18715341874016622,0.47284513354351704,-0.14182118469086527,712,False,False,0.15118033709302028,0.14031203671860382,True,19.668288,0.1728
S0041,,26,11.0,4,0.025968055726046435,0.23538124563049942,-0.0554708557349457,1587,False,False,0.2141998516586102,0.1218905330317143,True,18.630608793686584,0.13641488162344984
S0042,,33,17.0,5,0.15623063378950208,0.8463664237920983,-0.05472203197138143,1188,False,False,0.3297271029949615,0.232067243990491,True,20.53212987012987,0.21212121212121213
S0043,,33,11.0,5,-0.04634725348780888,-0.31190257003652644,-0.07846965313334403,1789,False,False,0.2431775748740377,0.1452913711581996,True,20.838277591973245,0.22240802675585283
S0044,,33,16.0,9,-0.04713289288628808,-0.2570280369900017,-0.07040998714255793,1416,False,False,0.28509680554489886,0.15488388433544603,True,20.860228353948617,0.22645099904852523
S0045,,33,30.0,2,0.3719844705465334,0.5912160609200854,-0.1713309974162911,357,False,False,0.2873475024936699,0.1826885175915144,True,19.257843426883312,0.16248153618906944
S0046,,33,29.0,2,0.17889843995764942,0.2956531561745847,-0.1722742802595625,791,False,False,0.6105271234558428,0.23783225974434663,True,20.798694992412745,0.22534142640364188
S0047,,78,21.0,4,0.12621681507185767,0.5979894252954646,-0.05717156649706349,263,False,False,0.05417018338064912,0.15987806231860624,True,20.538561151079136,0.2158273381294964
S0048,,33,26.0,5,0.2479927560505828,0.4890859400055427,-0.1262660772305821,1030,False,False,0.6229571088774649,0.2402655583019343,True,20.74006419400856,0.21897289586305277
S0049,,33,18.0,2,0.22033236154682045,0.7744257696531771,-0.12075404173538297,1116,False,False,0.2756336479193841,0.16649096624967066,True,18.60671755725191,0.13522355507088332
S0050,,33,27.0,8,0.14865509447655345,0.3486332473864664,-0.1518269518554244,740,False,False,0.5741834829535282,0.23666856141029993,True,20.7566875,0.22578125
S0051,,17,12.0,6,0.13127655847631403,0.43844753628318117,-0.10023035661489436,815,False,False,0.13396762065525972,0.1412177929062455,True,19.536995073891624,0.17898193760262726
S0052,,17,12.0,7,0.1789304205267377,0.5502265781384245,-0.08012819437259469,1271,False,False,0.19558044962786772,0.13826531364861433,True,20.039714912280704,0.19407894736842105
S0053,,51,14.0,6,-0.06179233123070338,-0.32133760973389586,-0.10877367735183306,868,False,False,0.15135936980485434,0.20190136163692834,True,20.84853846153846,0.21868131868131868
S0054,,34,9.0,7,0.03436314048888445,0.2464913021270548,-0.04379245470721238,1498,False,False,0.16982531522545333,0.11018738665237912,True,18.870233990147785,0.13793103448275862
S0055,,51,17.0,4,0.05328364591887347,0.19147110768666986,-0.1310911058782565,776,False,False,0.18967237013734367,0.14062045072040147,True,18.813779971791256,0.14527503526093088
S0056,,33,27.0,7,-0.06981482651191673,-0.07158719490397182,-0.2124028671923999,498,False,False,0.3008772602879869,0.22953704858778215,True,20.54942893401015,0.22081218274111675
S0057,,27,10.0,6,-0.01398339584327457,-0.014074969108803822,-0.14907479632916346,1185,False,False,0.12350699506381238,0.13140950813585237,True,20.69798833819242,0.2230320699708455
S0058,,33,14.0,2,0.007429287740020829,0.05497032197241056,-0.06649968259382656,1429,False,False,0.27537788690247833,0.2441619289496292,True,20.888738277919863,0.22335890878090367
S0059,,33,26.0,6,-0.07115144309797938,-0.17392703131232998,-0.11294774590577493,887,False,False,0.49031944551011536,0.21888451483970117,True,20.87673588039867,0.223421926910299
S0060,,80,17.0,7,0.05980970287837284,0.20634748505169037,-0.15885095223903167,1046,False,False,0.17373845878411212,0.136775836334995,True,20.601999999999997,0.2222222222222222
S0061,,49,13.0,9,-0.12955254101415614,-0.37631586657226995,-0.21914659325899738,838,False,False,0.15066881505920868,0.17241836307065128,True,20.90477207977208,0.22934472934472935
S0062,,34,13.0,4,0.007371456296870749,0.05178918204764136,-0.0765228607208987,1789,False,False,0.35006010383897285,0.19479018240648743,True,20.698273381294964,0.2158273381294964
S0063,,75,15.0,9,0.10203082872571856,0.38977377647773115,-0.10125985460283345,700,False,False,0.1501317169237065,0.1405173544980246,True,19.601750405186383,0.17341977309562398
S0064,,33,26.0,6,0.03561069737507849,0.13528118533320654,-0.13780102616929318,519,False,False,0.25218036266912197,0.2210809469780701,True,20.677731958762887,0.2190721649484536
S0065,,17,14.0,7,0.24668593652116222,0.9035310553573626,-0.05319667257560888,313,False,False,0.0939665976111921,0.17235101902467606,True,20.47165760869565,0.21195652173913043
S0066,,33,25.0,7,-0.17936627800473692,-0.4809629495540042,-0.24382389835446866,263,False,False,0.11826389421724341,0.22958137661757017,True,22.260122699386503,0.2852760736196319
S0067,,42,13.0,6,0.05128474376725323,0.278020683133548,-0.06828944094443076,300,False,False,0.05429806388910202,0.11836571963836069,True,20.410348432055752,0.21602787456445993
S0068,,17,14.0,5,0.043717545560735704,0.2236791101374024,-0.10586850583623023,203,False,False,0.07143405202179084,0.1816642309607463,True,19.674527559055118,0.15354330708661418
S0069,,33,23.0,6,0.21010128312295961,0.6574768499313742,-0.15449330801643632,276,False,False,0.10493874523645107,0.1796457841013026,True,20.42983002832861,0.19830028328611898
S0070,,33,22.0,5,0.24505162504472167,0.7940432427799565,-0.05722390301017679,162,False,False,0.047341364229264174,0.14282654393293473,True,20.937225433526013,0.19653179190751446
S0071,,77,20.0,7,0.13153018060939536,0.7290879132666009,-0.04035335963189686,375,False,False,0.09186935727256451,0.16431440245633794,True,20.435327102803736,0.20327102803738317
S0072,,33,24.0,7,0.10786635713904569,0.44781368677034084,-0.06240031322546637,555,False,False,0.21721783165809866,0.20036636648151457,True,21.072541603630864,0.23903177004538578
S0073,,17,14.0,5,0.11131051851397777,0.601343399208366,-0.05104481506253295,245,False,False,0.08000204608813524,0.18067742482936489,True,19.838737201365188,0.17406143344709898
S0074,,17,15.0,2,-0.15858614299252127,-0.2963000019186439,-0.2217009137351998,369,False,False,0.15041305404230287,0.2550593665230317,True,22.363266666666664,0.2822222222222222
S0075,,33,27.0,4,-0.09334369716259916,-0.49775980542239906,-0.11564046581359547,985,False,False,0.2736131358858283,0.2020230518861028,True,20.48304852320675,0.2088607594936709
S0076,,46,16.0,6,0.04882077315599598,0.32129971174601357,-0.04655696376163705,776,False,False,0.16473567098902786,0.16144652846084512,True,18.836295224312593,0.14327062228654125
S0077,,31,13.0,6,-0.07731348146093842,-0.40451646198860847,-0.13546417979745193,383,False,False,0.06465638507378706,0.17363672914111847,True,20.417755681818182,0.20454545454545456
S0078,,17,13.0,7,0.10301139530341619,0.8589795872621938,-0.02612996471618728,605,False,False,0.11138392286247731,0.16675060476308987,True,20.639776247848534,0.20654044750430292
S0079,,17,13.0,7,0.004364147380776506,0.04228252271499437,-0.04697171201713,385,False,False,0.10140924320315098,0.1742972889233202,True,20.311402116402114,0.17989417989417988
S0080,,33,23.0,6,0.13973609495065742,0.6799204582815669,-0.048831078493017474,1014,False,False,0.4312642267065654,0.2079206258236058,True,20.94069558101473,0.23240589198036007
S0081,,55,18.0,6,0.11750340219555588,0.9867148042448831,-0.02111234077099104,1131,False,False,0.2069106626767948,0.12806612216975435,True,19.981763367463028,0.1899886234357224
S0082,,33,26.0,4,-0.04952930639722053,-0.2775139555765684,-0.10507416888886671,54,False,False,0.021918719148827336,0.1771978187061578,True,19.736461538461537,0.23076923076923078
S0083,,30,13.0,5,0.005466483094311858,0.07955408226938535,-0.030150362059726807,389,False,False,0.06112688304048697,0.13002272785721342,True,20.24474320241692,0.17522658610271905
S0084,,33,27.0,8,0.28008332215843446,0.7262987293922268,-0.07402790840883627,312,False,False,0.2520013299572879,0.16799603281494593,True,18.439882747068676,0.13400335008375208
S0085,,33,27.0,5,0.16371998566954526,0.4715704064042839,-0.12876467134891129,451,False,False,0.3483209289240134,0.19491306680314277,True,19.921618357487926,0.18961352657004832
S0086,,37,11.0,7,0.11156143235909766,0.7875100971150862,-0.033957002204427426,693,False,False,0.10386454896544668,0.1362298125201246,True,19.154615384615386,0.1660839160839161
S0087,,46,13.0,6,0.11209734650681225,0.7986716442662417,-0.048799466030661896,693,False,False,0.10225325455894013,0.11513555371673238,True,19.25686274509804,0.16470588235294117
S0088,,17,14.0,5,0.2243038100484378,0.6089963894545042,-0.10771717304689653,448,False,False,0.1337118596383539,0.16372147919614213,True,18.739600938967136,0.14553990610328638
S0089,,17,14.0,5,0.044863937164280276,0.18295406414817647,-0.05892427358424792,147,False,False,0.0491316913476048,0.19936418636464998,True,21.098105263157894,0.22105263157894736
S0090,,33,15.0,5,-0.05968763971428748,-0.5163838338246669,-0.0762546465891947,60,False,False,0.008823755083250211,0.13292674706255192,True,19.736363636363635,0.22727272727272727
S0091,,33,27.0,6,0.08618142414848617,0.29833288465081603,-0.06323108977412067,461,False,False,0.22256323691142996,0.22542110834266965,True,21.004345864661655,0.23157894736842105
S0092,,42,15.0,6,0.11248251399937592,1.0285785959017355,-0.020399013577131787,276,False,False,0.04166346965395534,0.11794062337632535,True,20.512764227642275,0.2032520325203252
S0093,,17,14.0,7,0.04512455416909322,0.250008011872774,-0.04502483248121722,907,False,False,0.3168878999462902,0.1995774603953075,True,20.788835164835167,0.22967032967032966
S0094,,33,29.0,4,-0.012349337813816974,0.017485168129991093,-0.19044215667369435,749,False,False,0.510268804828768,0.22324990400741138,True,20.7393853820598,0.21760797342192692
S0095,,17,11.0,8,-0.007586423362126338,-0.030672549342454895,-0.09490111017700958,1100,False,False,0.14915982505946443,0.14564402281900662,True,20.6280704041721,0.22294654498044328
S0096,,47,15.0,5,0.16461482205455846,1.0559717890371876,-0.03415697042972079,151,False,False,0.03419524796030589,0.1272604985643189,True,20.556023391812865,0.1871345029239766
S0097,,63,27.0,4,0.01992408545801405,0.25512753521852916,-0.03263219132015918,27,False,False,0.006624210337860303,0.14639136911461764,True,19.739354838709684,0.16129032258064516
S0098,,75,13.0,8,0.0792336889364571,0.5582345276196387,-0.04340946307636068,558,False,False,0.11823831811555283,0.12804304437147088,True,18.511028806584363,0.13168724279835392
S0099,,45,15.0,5,0.1266281214654752,1.1056034819194343,-0.03121486870190286,155,False,False,0.0352182920279291,0.11580340085723867,True,20.184047619047618,0.17261904761904762
S0100,,33,25.700000000000728,5,0.03235060382385946,0.31337165249041204,-0.03279483382820118,84,False,False,0.03460446558735517,0.148672298339948,True,18.659809523809525,0.13333333333333333
S0101,,74,19.0,4,0.05983630864619638,0.40934298277935377,-0.050760538827621715,544,False,False,0.11442747896365636,0.12814768506436716,True,18.890103734439833,0.15767634854771784
S0102,,17,14.0,7,0.09125269946972847,0.822675706613618,-0.04448069360268774,518,False,False,0.1921020997979488,0.15719234424475798,True,19.15871323529412,0.1636029411764706
S0103,,51,18.0,6,0.05964407064586874,0.8521710402433798,-0.01934795055506924,147,False,False,0.03767359779022481,0.12223407744814678,True,20.69877300613497,0.2147239263803681
S0104,,33,28.0,2,0.07324010228257438,0.7315995222939303,-0.03988266510714595,353,False,False,0.17859791810532238,0.1595893141293211,True,18.30374291115312,0.13043478260869565
S0105,,17,15.0,5,0.017930166172251738,0.23138474794254646,-0.034137902771544465,11,False,False,0.004501393897542136,0.2569869813003269,False,19.10571428571429,0.07142857142857142
S0106,,17,15.0,5,0.031917192010408435,0.21020807338598604,-0.05881834242640789,68,False,False,0.02782679863935139,0.25227389117706367,True,21.95192771084338,0.3132530120481928
S0107,,42,12.0,5,0.014619188595017762,0.24410771934844247,-0.020688650090249557,300,False,False,0.04739251643264534,0.1203817344886213,True,20.430567375886525,0.2198581560283688
S0108,,75,16.0,9,0.0435201781115524,0.32777037849654905,-0.05328101389759507,712,False,False,0.15118033709302028,0.14031203671860382,True,19.668288,0.1728
S0109,,33,22.0,8,0.09041516760595925,0.586605117576519,-0.056741821327086495,207,False,False,0.06862068083582701,0.20116362825144293,True,20.67559670781893,0.22633744855967078
S0110,,76,19.0,7,0.04898882216820688,0.4420307294039146,-0.051905023204918306,203,False,False,0.05526995575334408,0.1548832634999148,True,19.84845528455284,0.15853658536585366
S0111,,51,18.0,6,0.04426098444898896,0.3289275609394173,-0.048162772687546686,411,False,False,0.0961917184582726,0.140179019044996,True,20.859977220956722,0.22323462414578588
S0112,,76,21.0,4,0.04527627613237195,0.5351457366592429,-0.02229928804267882,300,False,False,0.07716309880048083,0.1629063866747195,True,20.454237288135598,0.21468926553672316
S0113,,17,15.0,5,0.1425122348252552,0.8475078541763366,-0.03135861559908974,557,False,False,0.22545333640246554,0.17850565965530213,True,19.328832,0.1648
S0114,,17,13.0,6,-0.03400880784488036,-0.5772883963004262,-0.04062300957202606,71,False,False,0.017187140336069977,0.10866361796953104,True,17.4934375,0.0625
S0115,,33,28.0,5,0.2859311095598218,0.6666102978993247,-0.07441810604948948,284,False,False,0.23228215555385048,0.17794462919983808,True,18.906333333333336,0.14444444444444443
S0116,,33,28.0,5,-0.08047179947155525,-0.19189161230373436,-0.13641048863259397,595,False,False,0.4791682651730223,0.235459760570395,True,20.725693430656936,0.21715328467153286
S0117,,27,17.0,4,0.05609867115138134,0.7512714198829538,-0.020492715975280344,79,False,False,0.017161564234379395,0.135538370182464,True,19.553076923076926,0.1794871794871795
S0118,,33,28.0,4,0.19874282938133936,0.5083470585357204,-0.10513744482851153,406,False,False,0.17997902759661372,0.14814291163805587,True,18.771941176470587,0.14313725490196078
S0119,,33,25.0,6,0.011406849503354577,0.07862437323854578,-0.062261797703017624,71,False,False,0.042405176602982174,0.25668731026824904,True,22.04137931034483,0.3017241379310345
S0120,,33,22.0,6,0.04774626829249384,0.49520957576807545,-0.036083046654702786,427,False,False,0.13823882963758663,0.1112931784541759,True,18.380364077669903,0.13592233009708737
S0121,,78,19.0,6,0.1693060230835004,1.2217862018865566,-0.036028584428013294,717,False,False,0.1442747896365636,0.13828657182490936,True,19.43535593220339,0.1711864406779661
S0122,,103,28.0,6,0.07125575530049799,0.8313872419706206,-0.028940756410628876,482,False,False,0.09340392337399933,0.09659500195372105,True,18.475638888888888,0.13055555555555556
S0123,,30,21.0,5,0.002574588745954287,0.05051557142066135,-0.0246416022431415,27,False,False,0.006138264405739277,0.11621611028861382,True,18.874444444444446,0.14814814814814814
S0124,,73,17.0,6,0.12030453659866436,0.76816279361085,-0.03339303943575863,195,False,False,0.04565334151768587,0.16564720762887936,True,21.28785407725322,0.21888412017167383
S0125,,33,30.0,2,-0.003648954518500447,-0.018643100805132654,-0.05880250588353209,133,False,False,0.106831376761554,0.2576765341563883,True,21.530250000000002,0.24642857142857144
S0126,,33,28.0,4,0.13089078205058158,0.8335633256299674,-0.0327558554891495,406,False,False,0.2143021560653725,0.21113210823215017,True,20.831059245960503,0.21903052064631956
S0127,,17,13.0,8,0.006443313469965517,0.08172739492966725,-0.027772829475020713,71,False,False,0.01828691270876493,0.24479784850077177,True,21.95881578947369,0.3157894736842105
S0128,,17,15.0,4,-0.020411718098086173,-1.0141478887667248,-0.02127266935249172,3,False,False,0.0012276528811478555,0.18297785346439885,False,16.53,0.0
S0129,,28,20.0,5,0.0008127761805492018,0.07589007262222298,-0.005711365875323421,6,False,False,0.0010486201693137931,0.33167282407612714,False,24.037142857142857,0.2857142857142857
S0130,,28,21.0,4,0.0038256186168612594,0.2022624232533236,-0.008150823059084484,8,False,False,0.0011765006777666948,0.31342807783707205,False,22.01111111111111,0.2222222222222222
S0131,,33,29.0,2,-0.08834211140929016,-0.26086895611754407,-0.14521113506981395,112,False,False,0.08399191795186578,0.18597391005557828,True,18.45296460176991,0.12389380530973451
S0132,,28,15.0,6,0.017361477619010746,0.6590292150091478,-0.005738194898374656,31,False,False,0.0063172971175733394,0.18378220840010343,True,19.713225806451614,0.1935483870967742
S0133,,28,21.400000000000034,5,-0.003532039261780251,-0.30955365247844696,-0.00679816586309985,6,False,False,0.0009974679659326326,0.3293568063833876,False,24.037142857142857,0.2857142857142857
S0134,,17,14.0,6,0.024242009138573772,0.33615916223308034,-0.019815386312287762,93,False,False,0.02217448016573314,0.10693451470491788,True,19.59957894736842,0.18947368421052632
S0135,,5,3.0,6,-0.01680920084998272,-1.0819006350106937,-0.0168092008499827,5,False,False,0.0002557610169058032,0.06664081040391111,False,15.264000000000001,0.0
S0136,,17,15.0,4,-0.014938068107847369,-1.04460796688042,-0.015977748982121558,4,False,False,0.0016368705081971405,0.16264265211484916,False,15.477500000000003,0.0
S0137,,33,27.0,5,0.04074540150078887,0.27798043735490646,-0.034166905037212696,14,False,False,0.0055500140668559295,0.3940925312260695,False,20.46857142857143,0.14285714285714285
S0138,,26,15.0,6,-0.000673487409198037,-0.04641073459733878,-0.006649095675739725,12,False,False,0.001815903220031203,0.09288156378169951,False,18.723333333333336,0.1111111111111111
S0139,,17,15.0,6,0.010110701307384895,0.13640077482396623,-0.02269397401715066,80,False,False,0.030819202537149287,0.24538638442568048,True,21.815567010309277,0.30927835051546393
S0140,,21,12.0,6,-0.0036854838067820195,-0.2353223275794096,-0.009374981941885343,20,False,False,0.002711066779201514,0.17299029964227972,True,23.39466666666667,0.4666666666666667
S0141,,33,29.0,7,0.011453156879323467,0.14526561424522613,-0.03417919271275701,8,False,False,0.006547482032788562,0.21495464683016488,False,18.834375,0.125
S0142,,33,29.0,6,0.047571507190192985,0.35179791737842836,-0.03125886534357701,76,False,False,0.05828793575283255,0.27300393533888545,True,21.878620689655172,0.30344827586206896
S0143,,26,21.0,4,0.020595768430815786,0.41609611329162427,-0.011719469600890098,6,False,False,0.0008951635591703112,0.19027411270204111,False,20.26,0.16666666666666666
S0144,,27,19.0,6,0.0031909247419479314,0.30030042726328576,-0.0032531710937578214,12,False,False,0.0020205120335558455,0.07516900712475705,False,18.208000000000002,0.1
S0145,,28,20.0,6,0.024160435118810275,0.35675512220157185,-0.02067918590792995,8,False,False,0.0010997723726949538,0.3139572829958731,False,22.01111111111111,0.2222222222222222
S0146,,63,37.100000000000136,7,-0.003436574195988751,-0.2246786996554899,-0.006267071102532877,10,False,False,0.0033760454231566025,0.0896717964795259,False,18.214545454545455,0.09090909090909091
S0147,,33,27.0,6,-0.009025560706763303,-0.4508205339155289,-0.009900348177588277,4,False,False,0.0010741962710043736,0.14308855564109774,False,17.220000000000002,0.0
S0148,,118,25.0,6,0.01512307534833246,0.23360637410575083,-0.01914588780409513,90,False,False,0.031279572367579736,0.13386204339531935,True,18.858508771929824,0.14035087719298245
S0149,,44,17.0,6,0.003085087836566913,0.07027354523437551,-0.022317860752020198,41,False,False,0.008056472032532801,0.1491839974267149,True,19.46368421052632,0.21052631578947367
S0150,,17,14.0,5,-0.015325728709436937,-0.5866418054479078,-0.015325728709436954,8,False,False,0.001918207626793524,0.14438322775065754,False,18.925,0.125
S0151,,84,49.0,5,0.015817121004481516,0.20033096137651896,-0.02555058899330914,11,False,False,0.005652318473618251,0.1657498802845187,False,18.023333333333333,0.06666666666666667
S0152,,28,20.0,5,-0.0026351559191556406,-0.10615557124151616,-0.01195971879786798,8,False,False,0.0010230440676232129,0.32286115210095445,False,22.01111111111111,0.2222222222222222
S0153,,33,28.0,4,0.22316710066339485,0.5414576607555447,-0.0794417907236921,315,False,False,0.16222921302335097,0.15025130277943802,True,18.597207207207205,0.13963963963963963
S0154,,5,3.0,4,-0.00463250603276133,-1.1720146154735325,-0.004632506032761376,5,False,False,0.0002557610169058032,0.06664081040391111,False,15.264000000000001,0.0
S0155,,26,18.0,5,0.049148452399073284,0.5894136505362483,-0.022845550458699907,14,False,False,0.0031970127113225403,0.43595744320614926,False,24.58285714285714,0.14285714285714285
S0156,,17,14.0,5,-0.014391042637292961,-0.34898369289270914,-0.02295484263104181,8,False,False,0.0017647510166500422,0.14559905670317064,False,18.925,0.125
S0157,,33,27.0,6,0.13334909671876471,0.5291031199299577,-0.05780289390740838,397,False,False,0.2026394536944679,0.15551194714929464,True,18.96652329749104,0.15949820788530467
S0158,,26,16.0,5,0.00016738917665204411,0.020546634371547218,-0.004872044877666055,12,False,False,0.0020460881352464258,0.09509440823522732,False,18.723333333333336,0.1111111111111111
S0159,,63,40.89999999999998,5,0.0013364859163484955,0.15893097584709068,-0.0033578060373446756,11,False,False,0.0030435561011790584,0.08675146494529636,False,18.214545454545455,0.09090909090909091
S0160,,102,18.0,7,0.16242254600392436,0.2512664819729608,-0.23485801835323733,1600,False,False,0.4689634005984808,0.20271059673004815,True,20.7180262199563,0.21849963583394028
S0161,,73,17.0,5,0.456080154416016,0.7212418586539624,-0.21185137513872193,827,False,False,0.18340622522315148,0.20695851969633386,True,20.72574665293512,0.2203913491246138
S0162,,55,14.0,6,-0.030534757787704758,-0.13687027212062564,-0.07574669065609134,1759,False,False,0.3462236885853858,0.2344502914300827,True,20.730946236559138,0.22007168458781362
S0163,,68,23.0,6,0.03509220760248466,0.10783981430255418,-0.20830823288631917,1191,False,False,0.4617509399217371,0.2409602472297523,True,20.61043447293447,0.2150997150997151
S0164,,81,17.0,6,0.07872704790057283,0.22010835136109747,-0.14372051128339128,968,False,False,0.21161666538786159,0.18235602695401087,True,20.827533081285445,0.22022684310018903
S0165,,46,15.0,5,-0.14493091099629252,-0.23933311144594838,-0.31967342966035456,1205,False,False,0.27235990690298983,0.19812879004050413,True,21.19710659898477,0.24060913705583756
S0166,,65,48.0,6,-0.25439924614917253,-0.38775045728028856,-0.33545665351376375,980,False,False,0.7255684288600731,0.2291126441680964,True,20.65746730901583,0.2174810736407433
S0167,,153,41.0,5,0.7117146981726066,0.7687313582013371,-0.2138257058598293,813,False,False,0.39868027315276605,0.15532590524179565,True,20.045324298160697,0.19554695062923524
S0168,,129,38.0,8,-0.15569075300828294,-0.1894245486569746,-0.2630001651601914,860,False,False,0.417453131793652,0.2022897117899605,True,20.794651162790696,0.22293504410585405
S0169,,129,42.0,5,0.4403157476167776,0.5999298694152899,-0.14791230013382603,654,False,False,0.29026317808639607,0.1747670921189218,True,20.799345794392526,0.21895861148197596
S0170,,129,42.0,6,0.8288930369303511,0.7732668042071458,-0.15750562054595724,714,False,False,0.5641576510908207,0.21583278219813523,True,20.694495631453535,0.22081016679904686
S0171,,77,19.0,6,0.24945222290598035,0.44431814454121843,-0.1509514762736094,1099,False,False,0.284841044527993,0.16673110720582754,True,20.647388836329235,0.22421948912015138
S0172,,49,16.0,6,0.07791085163768141,0.22415609404933148,-0.10784358413916424,1192,False,False,0.3171180848615054,0.21742574494887276,True,20.682388591800358,0.2192513368983957
S0173,,50,15.0,6,-0.2150202962420027,-0.5445996067734116,-0.27877442449451184,2446,False,False,0.4588608404307016,0.19973265046793115,True,20.678603542234335,0.21662125340599456
S0174,,81,19.0,4,0.09443705361191612,0.218998155028733,-0.24997026947224987,1040,False,False,0.1776771784444615,0.13658129450728992,True,20.591301939058173,0.22160664819944598
S0175,,160,37.0,6,-0.12513868775910886,-0.3431259920506842,-0.21186738985016434,289,False,False,0.07457991252973221,0.20830000890381606,True,20.423718309859154,0.2084507042253521
S0176,,69,20.0,3,0.053128363305034565,0.1688800962804655,-0.15706184463193051,1470,False,False,0.23949461623059412,0.17331261716224897,True,18.884002192982454,0.14144736842105263
S0177,,65,56.0,2,-0.24076878631282328,-0.19387612405653895,-0.4109819851665828,504,False,False,0.6435458707383821,0.23455924761519928,True,20.81224031007752,0.22093023255813954
S0178,,65,15.0,8,-0.07316317869258893,-0.25999834202620137,-0.1047541079792201,1230,False,False,0.16903245607304535,0.14405354258168995,True,21.006713375796178,0.2318471337579618
S0179,,129,43.0,5,-0.297710466783917,-0.3174752486370903,-0.3309231546428734,792,False,False,0.5404997570270339,0.21069555789932923,True,20.7852107925801,0.22006745362563238
S0180,,92,17.0,5,0.4809993570338147,1.0583157662471614,-0.08784347431381678,1053,False,False,0.20829177216808614,0.18460240053620847,True,20.71040313549832,0.22396416573348266
S0181,,76,12.0,6,-0.274610655562306,-0.5206009592420008,-0.3806963929399271,2075,False,False,0.2492902631780864,0.1442583209063678,True,20.671716475095785,0.21762452107279692
S0182,,153,18.0,8,0.00929098617181956,0.05910217407461108,-0.14559210658461202,895,False,False,0.17652625386838539,0.15010255877428108,True,20.8840521978022,0.22802197802197802
S0183,,75,22.0,5,-0.1604342466750469,-0.19058994700874102,-0.3561708981550078,887,False,False,0.33929256502723854,0.2490426311156384,True,20.65649460708783,0.21802773497688752
S0184,,65,50.0,2,0.9012893657560885,0.73325694874973,-0.30640747878163743,561,False,False,0.4990153200849127,0.23983203399301806,True,20.931167945439046,0.22847399829497017
S0185,,60,13.0,6,-0.19408160701251387,-0.3502634598263011,-0.2807889536065711,2602,False,False,0.3454564055346684,0.1774489330566809,True,20.68365569272977,0.21604938271604937
S0186,,129,71.0,4,0.7013650616261196,0.7068578296461927,-0.25931807586691,627,False,False,0.41898769789508683,0.18592982287613963,True,20.14151572926597,0.19447092469018112
S0187,,82,25.0,3,0.08926731604212979,0.20192008518224003,-0.13231094629460075,1695,False,False,0.5954627995600911,0.2173088124527895,True,20.80526086956522,0.22391304347826088
S0188,,75,16.0,5,-0.0067848935855552295,0.04251492669159207,-0.2790450240233749,1374,False,False,0.2615156397861838,0.21955128078664618,True,20.853839285714287,0.22321428571428573
S0189,,46,15.0,6,-0.013471331694961952,0.011739383336742302,-0.19808367602549465,1204,False,False,0.28028849842706977,0.20694009459401297,True,21.141679920477134,0.23856858846918488
S0190,,54,17.0,6,-0.17772157688770363,-0.4039459875818263,-0.2295594646026899,881,False,False,0.21596460267526024,0.21269749625990622,True,21.635572327044024,0.2641509433962264
S0191,,73,27.0,3,0.4004792757766624,0.8893693032012217,-0.1363763061289914,472,False,False,0.15667919895649504,0.216983089047145,True,20.525381750465552,0.2085661080074488
S0192,,129,84.0,5,-0.09224203177247658,-0.12545539978148962,-0.2481208686045804,334,False,False,0.38486917823985267,0.2357933253301755,True,21.11633171912833,0.22518159806295399
S0193,,166,53.0,5,0.594806646769408,0.7666521763305193,-0.15104254157058017,575,False,False,0.4339241412823857,0.18525257589346444,True,20.125529522024365,0.20056232427366447
S0194,,60,20.0,7,0.1428330188434952,0.4416654561613528,-0.09790048903385004,1362,False,False,0.4455612675515998,0.21960376481318128,True,20.737641025641025,0.21978021978021978
S0195,,96,21.0,6,0.0749875059185785,0.45599207080262827,-0.05317846112867459,581,False,False,0.11706181743778614,0.14473306392337504,True,20.708404452690168,0.22077922077922077
S0196,,111,30.0,5,0.21859629640997658,0.43308370429020077,-0.22608526083882935,520,False,False,0.14499092048389983,0.25975650832998676,True,20.88688981868898,0.22315202231520223
S0197,,97,35.0,5,0.23920507110323874,0.5464573542912303,-0.2096854437893961,375,False,False,0.16655157420905906,0.1964282976424026,True,20.892945891783565,0.21442885771543085
S0198,,129,69.0,6,0.33389695462997837,0.44394663807184587,-0.25272163503965456,487,False,False,0.5680963707511701,0.22054366240841553,True,20.67360281195079,0.21616871704745166
S0199,,56,19.0,5,0.15760767518908625,0.5161115928420268,-0.08904766875757421,346,False,False,0.07501470625847208,0.12499533774955052,True,20.355156695156694,0.19943019943019943
S0200,,65,36.0,5,0.467144786216821,0.7677063542061863,-0.18462961147493676,528,False,False,0.31507199672625896,0.16779843314555284,True,19.162143742255264,0.15117719950433706
S0201,,74,20.0,4,-0.2186294874256951,-1.1125339290048941,-0.22984089833955484,1677,False,False,0.43563774009565465,0.18349570477859845,True,20.821349693251534,0.22315950920245398
S0202,,88,21.0,7,-9.259801817207425e-05,0.0379886410359357,-0.1602259588457842,1381,False,False,0.352003887567457,0.17003518212546845,True,20.71568848758465,0.21595184349134688
S0203,,65,31.0,8,0.1707827769323973,0.5374233432005258,-0.11901566628489472,681,False,False,0.29264175554362004,0.16625749821223576,True,19.702607052896724,0.17632241813602015
S0204,,102,18.0,9,-0.079866644626157,-0.2340100702767878,-0.1618844772972305,954,False,False,0.1707972070896954,0.1434533414045538,True,20.82571232876712,0.2232876712328767
S0205,,127,27.0,6,0.24125343715184755,0.49550317029011653,-0.10334972384360835,832,False,False,0.28900994910355765,0.1708422693939423,True,20.059928278688524,0.19262295081967212
S0206,,65,23.0,11,-0.07125360877538056,-0.2088759422089024,-0.1409314037687543,785,False,False,0.27166935215734417,0.16582609564693768,True,20.65067296340024,0.22077922077922077
S0207,,136,45.0,5,-0.05749521991893525,-0.14936638835815275,-0.22418128409672544,335,False,False,0.05979692575257679,0.21287955026933364,True,20.927252475247528,0.23514851485148514
S0208,,65,50.0,9,-0.037858400018686234,-0.0325884113426046,-0.1876000194558529,730,False,False,0.6568710197191744,0.21651437174794902,True,20.782109061748194,0.22293504410585405
S0209,,69,13.0,8,0.034221490185168735,0.1324036608236665,-0.1294625693358398,2427,False,False,0.4614440267014502,0.20565064044993436,True,20.685512995896033,0.21751025991792067
S0210,,108,40.0,5,0.3187034534976152,0.9127418201917644,-0.065249302074205,605,False,False,0.36016266400675206,0.21415750054010932,True,20.555703703703703,0.20317460317460317
S0211,,101,32.5,3,-0.17709813816678344,-0.4499523328084516,-0.19142864442860222,515,False,False,0.1927159262385227,0.24023547200353715,True,20.694518147684605,0.22403003754693368
S0212,,129,99.0,6,0.3377374320448172,0.5848065395454933,-0.21387189599251816,216,False,False,0.39686436993273483,0.17491219456342982,True,19.19510582010582,0.1574074074074074
S0213,,71,13.0,7,-0.01605625427670765,-0.07939478526855637,-0.05850023952379169,1478,False,False,0.24389370572137395,0.17251547860807592,True,20.906219816819316,0.22564529558701082
S0214,,69,11.0,7,0.039610094957386766,0.18224986388493686,-0.11848972682832226,2427,False,False,0.3090616128289726,0.20846701645615578,True,20.846038433111605,0.2246858832224686
S0215,,106,22.0,6,0.061024192414481426,0.15992662003544583,-0.2044400641737133,1342,False,False,0.24420061894166092,0.1753841372087728,True,20.775253067484662,0.21932515337423314
S0216,,51,18.0,4,0.08351682083252299,0.35534043327544834,-0.0622710487502371,1665,False,False,0.48249315839279777,0.20419022006484355,True,20.715787172011662,0.21865889212827988
S0217,,62,22.0,3,-0.24273113257646595,-0.47824526077366014,-0.3172654718751267,1436,False,False,0.33977851095935957,0.1986916416164506,True,20.677286980231766,0.2167689161554192
S0218,,137,46.0,4,0.09163030182356202,0.227294665428306,-0.1618464328361834,328,False,False,0.08897925778152894,0.2129973717314721,True,20.78554761904762,0.22857142857142856
S0219,,65,15.0,7,-0.2531214788429359,-0.6758504200214619,-0.31316655458115933,2257,False,False,0.4608557763625668,0.2171911243399303,True,20.68738775510204,0.21700680272108844
S0220,,85,27.0,7,0.09291808428839587,0.36447064962248077,-0.09782883576618627,552,False,False,0.17087393539476714,0.23176651719676694,True,20.747430379746838,0.22658227848101264
S0221,,65,30.0,4,0.22611902249051052,0.9529285269120954,-0.048990499190309025,1008,False,False,0.48730146551062686,0.20362355909494476,True,20.313595041322316,0.20082644628099172
S0222,,129,103.0,5,0.49688286605328935,0.6581745454314988,-0.22572337179305654,392,False,False,0.44627739839893604,0.22208042784631818,True,20.435585585585585,0.21283783783783783
S0223,,86,13.0,7,0.07408991384769914,0.2187986012419466,-0.22104677540984755,1073,False,False,0.16409626844676334,0.10491947014297522,True,18.679907038512614,0.13678618857901725
S0224,,60,22.0,3,-0.10467904888601154,-0.1990626374191301,-0.1895481779382228,1315,False,False,0.2514130796184046,0.20731068875515987,True,20.731601796407187,0.22080838323353294
S0225,,85,19.0,7,-0.10526082928022629,-0.33811367237314016,-0.23190218651597866,618,False,False,0.1468835520090028,0.18098599310547955,True,20.63872191011236,0.21348314606741572
S0226,,198,30.0,4,0.16874830702990273,0.5061223558703868,-0.07234504179438944,553,False,False,0.16839305353078085,0.17500757877272713,True,20.483133333333335,0.22333333333333333
S0227,,66,22.0,6,0.15211917762718885,0.6596855008849808,-0.04513274108397841,180,False,False,0.06284048185375585,0.1414807139032472,True,20.601999999999997,0.19534883720930232
S0228,,85,19.0,9,-0.06950428372997597,-0.18972319134955867,-0.1486062196375242,492,False,False,0.09204838998439858,0.24763020855811776,True,21.021540983606556,0.23278688524590163
S0229,,129,29.0,6,0.054862114295898046,0.2756931138846791,-0.0650785194512918,731,False,False,0.22087521419985165,0.17704304401543197,True,20.625894206549116,0.22292191435768263
S0230,,57,14.0,7,0.13065735830270886,0.4741681824535374,-0.07539782049547576,653,False,False,0.09949103557635745,0.10588847248270641,True,19.17909302325581,0.16046511627906976
S0231,,69,14.0,7,0.06543620503862102,0.2299478654626366,-0.10337460417640758,2165,False,False,0.42479347297884856,0.22589168539414817,True,20.766163522012583,0.22012578616352202
S0232,,65,52.0,5,0.3582574185950955,1.0047438784234293,-0.07167486458931248,525,False,False,0.6591217166679455,0.23957318785649465,True,20.84943217665615,0.22318611987381703
S0233,,65,53.0,2,0.2637909897223776,0.5902695892068615,-0.09058421975778963,411,False,False,0.4242307987416558,0.21705168595516722,True,20.51945564516129,0.20362903225806453
S0234,,69,14.0,6,-0.09499473126691405,-0.34884940914557416,-0.15521969025518578,750,False,False,0.10777769252410548,0.17565828947689618,True,19.693244680851063,0.17819148936170212
S0235,,163,34.0,6,0.09296912213564323,0.2997610898939161,-0.11638282278988682,381,False,False,0.14795774828000716,0.1282564158157651,True,19.484191489361702,0.1702127659574468
S0236,,97,18.0,5,-0.00908477264463714,-0.08923617337934106,-0.037862475660054344,590,False,False,0.08304560218931431,0.17230467598458013,True,20.505943708609273,0.20695364238410596
S0237,,129,98.0,2,0.3155789404709324,0.503007086148717,-0.14601631168182072,240,False,False,0.41131486738791273,0.23175419376648032,True,20.599854368932036,0.2087378640776699
S0238,,65,52.0,6,0.8460484177191807,1.468669321329739,-0.07993058980841106,245,False,False,0.21839433233586536,0.181544927100141,True,19.898603238866396,0.1700404858299595
S0239,,118,28.0,5,0.4185778155911999,0.8715760904374343,-0.09957008911313073,171,False,False,0.09151129184889639,0.21566445999947564,True,20.89637323943662,0.22535211267605634
S0240,,129,93.0,5,0.669661233389041,0.6852630384530534,-0.23381797881720484,252,False,False,0.5165093736412696,0.1951036809218492,True,19.701971971971968,0.17517517517517517
S0241,,103,18.0,5,-0.005995255807401234,-0.030579554264122625,-0.05660037236139107,479,False,False,0.076421391851454,0.2099599262392348,True,20.529591836734696,0.21706864564007422
S0242,,129,106.0,6,0.11971756843123771,0.3594562865651859,-0.07721050818568875,159,False,False,0.3183457377426533,0.23659749285337134,True,20.94067474048443,0.21453287197231835
S0243,,86,23.0,3,0.2537993292613021,0.8887286358038926,-0.08405134912191436,1113,False,False,0.27537788690247833,0.16677419455155587,True,18.604338797814208,0.1355191256830601
S0244,,78,19.0,7,0.19475804122005536,0.8663134295204459,-0.04483181244161489,319,False,False,0.06532136371774214,0.13043569049192982,True,21.000070921985817,0.22340425531914893
S0245,,136,32.0,5,-0.07903784090189692,-0.23599342768496603,-0.1438040646005046,334,False,False,0.07386378168239596,0.17137715245182686,True,20.94192,0.23466666666666666
S0246,,188,51.0,5,0.14048490288174875,0.6471929834539267,-0.0585626023799326,282,False,False,0.13632062201079312,0.1484657053764998,True,20.287127937336816,0.18798955613577023
S0247,,86,11.0,7,-0.053591026866905644,-0.5125113407878688,-0.08203784134896104,879,False,False,0.10693368116831632,0.13078799384021822,True,19.622393026941364,0.18066561014263074
S0248,,68,11.0,8,-0.08747872499006737,-0.3836749234375157,-0.1467115608234347,1952,False,False,0.25870226860021994,0.22474539848669037,True,20.712651162790696,0.22015503875968992
S0249,,158,18.0,7,0.15706818476860507,0.6346074234834392,-0.052933175340634485,317,False,False,0.07690733778357503,0.204829300667722,True,20.44509090909091,0.21038961038961038
S0250,,146,41.0,6,0.02860193911933262,0.1862326666283043,-0.04666027071119838,343,False,False,0.03693189084119798,0.1439207807571244,True,20.99765676567657,0.23432343234323433
S0251,,58,16.0,6,-0.024908166087573735,-0.10437769662819343,-0.10457252195219088,1239,False,False,0.20253714928770558,0.21317633450577686,True,20.730616,0.22
S0252,,248,94.0,5,0.10554783529895251,0.5780250079638393,-0.049967544739284664,411,False,False,0.18238318115552826,0.17480845753217053,True,20.726920473773262,0.2131979695431472
S0253,,86,14.0,8,0.23840005186845947,0.587638990138673,-0.15686994220482023,1719,False,False,0.3761221514616742,0.19136399713660962,True,20.702876614060255,0.21736011477761835
S0254,,129,103.0,5,1.4321212066738767,1.4277770621947024,-0.1493530706417869,276,False,False,0.3701373436660784,0.1906685537518249,True,20.100133868808566,0.18607764390896922
S0255,,39,15.0,4,-0.12361951177966912,-0.5642765256691342,-0.1335593567904968,580,False,False,0.09112765032353769,0.17828362177281595,True,21.742795180722894,0.25301204819277107
S0256,,153,25.0,9,0.14581942352438393,0.7718146180407788,-0.034204186505372755,517,False,False,0.13967109133225913,0.1106500701048787,True,19.04574152542373,0.15466101694915255
S0257,,65,58.0,2,-0.15656545647565379,-0.6676537073020625,-0.1873146308700206,26,False,False,0.042226143891148114,0.20163715750434602,True,19.606624999999998,0.1875
S0258,,65,27.0,10,0.11653916345596471,0.5347244126086425,-0.057829836057534154,496,False,False,0.3354049975702703,0.19059252875135524,True,19.785396634615385,0.18389423076923078
S0259,,67,33.0,6,0.0020142026546845493,0.02882778897596613,-0.028516683983350603,27,False,False,0.009846799150873425,0.13792220856051685,True,19.445625,0.15625
S0260,,73,17.0,8,0.11527160967601535,0.7687901527017605,-0.036167394625670195,308,False,False,0.05997595846441085,0.13285876316273487,True,20.68185810810811,0.19932432432432431
S0261,,65,49.0,5,0.049366988005776546,0.35412983510491636,-0.0756481218784592,363,False,False,0.3515435177370265,0.24282781254186767,True,20.82259756097561,0.22073170731707317
S0262,,129,99.0,5,0.2630611538435075,0.8271996970073776,-0.07700573309222042,153,False,False,0.307271285710632,0.22033243335380095,True,20.5437061769616,0.1986644407345576
S0263,,65,36.0,6,0.14025008218337698,0.7281120089441856,-0.039416622438955565,427,False,False,0.19023504437453642,0.12569711270027117,True,18.863885714285715,0.1580952380952381
S0264,,65,56.0,5,0.0177588714645327,0.08420244923065333,-0.08646662611010858,175,False,False,0.27210414588608406,0.2510623689572348,True,20.801322160148978,0.2122905027932961
S0265,,50,15.0,4,-0.10169283826877451,-0.5556997801512839,-0.12373864371905983,285,False,False,0.04450241694160976,0.1991918254514431,True,22.88043103448276,0.3275862068965517
S0266,,65,48.0,8,0.6495169949619459,1.057269909045292,-0.12585687213967753,407,False,False,0.3641013836671015,0.18563655384603467,True,19.756378896882495,0.1774580335731415
S0267,,105,34.0,6,0.10948916631892502,0.38938375158219135,-0.10687962151143118,239,False,False,0.10757308371058083,0.19605388197600834,True,20.62486956521739,0.22318840579710145
S0268,,66,23.0,4,0.05470738860806157,0.7836153252435283,-0.01546515765954581,245,False,False,0.05943886032890867,0.13108606460915773,True,19.973265306122453,0.1836734693877551
S0269,,129,62.0,6,0.1371024739915505,0.7705847701237416,-0.05145694417785827,389,False,False,0.353768638584107,0.19085679562412936,True,19.80351183063512,0.1843088418430884
S0270,,129,86.0,8,-0.012001249203975939,0.059545864970332305,-0.2756854102464936,406,False,False,0.7911967057981023,0.24268341694401893,True,20.755559490084984,0.2188385269121813
S0271,,78,28.0,5,0.07684704388219199,0.6715286711916418,-0.02487301290048419,375,False,False,0.1206168955727768,0.18877544872655555,True,20.721595238095237,0.2119047619047619
S0272,,65,49.0,8,0.09945657421022425,0.3694242816002732,-0.09149480732210279,371,False,False,0.2652241745313179,0.16795677847401108,True,18.953386075949368,0.14715189873417722
S0273,,65,51.0,5,0.008822321718493065,0.05566525915159966,-0.15653138133920308,293,False,False,0.3147906596076626,0.22597090064789133,True,20.94941011235955,0.22331460674157302
S0274,,112,33.0,4,-0.031656461732730845,-0.2932535675942553,-0.04832431243051344,326,False,False,0.1252717460804624,0.194743962838152,True,20.56101990049751,0.19651741293532338
S0275,,65,46.0,5,0.043830956744262295,0.30221090560317837,-0.03527331023997767,100,False,False,0.06235453592163483,0.20190361984877314,True,19.538502994011978,0.1437125748502994
S0276,,71,23.0,3,-0.061434669263673136,-0.40955219450540165,-0.1143815823360043,1009,False,False,0.20067009386429321,0.22493344861977327,True,20.933875464684014,0.22490706319702602
S0277,,65,49.0,5,0.1942993003754412,0.4577219711579049,-0.09934412975712904,230,False,False,0.21437888437044425,0.16578865289752232,True,18.866641074856048,0.1401151631477927
S0278,,31,19.0,4,-0.0021603186821419484,-0.04260595052604011,-0.02345254558279417,56,False,False,0.012813626946980742,0.11282794534711621,True,17.48828125,0.09375
S0279,,86,21.0,4,0.008852850665558298,0.13440394661751098,-0.0479000082264086,392,False,False,0.05920867541369344,0.1763842417339129,True,19.157084282460136,0.16400911161731208
S0280,,181,79.0,5,-0.04267742267680119,-0.1349825440450124,-0.1291871106264599,114,False,False,0.10340417913501625,0.1579521313797793,True,19.15673728813559,0.1440677966101695
S0281,,65,57.0,2,1.0671139874635593,1.4905246501688618,-0.07297037059325212,139,False,False,0.17583569912273972,0.20247483363884125,True,20.322127659574466,0.19414893617021275
S0282,,65,20.0,9,0.16451250768141668,0.573351203939628,-0.07879578706920305,514,False,False,0.12767589963937698,0.13744541551385722,True,18.990616016427104,0.15811088295687886
S0283,,79,31.0,5,0.17219879477706512,1.0591910896802867,-0.03361662758918641,231,False,False,0.0991585462543799,0.13558813198081968,True,19.152334494773516,0.13588850174216027
S0284,,129,45.0,5,0.06345454553570606,0.5373329002113854,-0.023621189369657715,147,False,False,0.060845545921890586,0.13233428668104652,True,18.74264705882353,0.12745098039215685
S0285,,29,15.0,6,-0.011210692734601957,-0.1729444181706327,-0.03379183727474773,102,False,False,0.01672677050563953,0.1411826391127392,True,20.480624999999996,0.2125
S0286,,51,15.0,5,-0.003316297550153835,-0.0358622991749387,-0.02533998956766449,103,False,False,0.0159850635566127,0.20235217440154163,True,21.961098901098904,0.32967032967032966
S0287,,52,22.0,8,0.0684710905854451,0.5823688174420412,-0.03795737236726772,218,False,False,0.044272232026394534,0.16422334662857468,True,20.531477832512312,0.22660098522167488
S0288,,101,79.0,6,-0.006631782341352088,-0.23289635906297204,-0.016545107359117177,5,False,False,0.00317143660963196,0.10096879372309464,False,14.2725,0.0
S0289,,129,69.0,7,0.19432151611717097,0.6427256341613949,-0.07538995123625994,261,False,False,0.2811325097828589,0.1551431597280846,True,18.94950248756219,0.1558872305140962
S0290,,129,52.0,7,0.12551581888777874,0.3856059008629265,-0.11530517616988359,258,False,False,0.1653239213279112,0.1359624327853997,True,18.351333333333333,0.1310344827586207
S0291,,65,42.0,10,0.12967916665471813,0.6762451541953259,-0.05393273028669848,291,False,False,0.2307220133507251,0.14320498947779378,True,18.369558011049723,0.1270718232044199
S0292,,26,21.0,6,-0.011556290571647643,-0.7713856803254648,-0.011556290571647697,4,False,False,0.0010741962710043736,0.13107867099015638,False,15.477500000000003,0.0
S0293,,129,51.0,6,0.34121419095078465,0.9779359444371212,-0.08143398515874235,375,False,False,0.32031509757282794,0.17777572457352017,True,19.335483870967742,0.1693548387096774
S0294,,3,2.0,4,-0.010363198374905513,-0.7672029523941845,-0.010363198374905552,3,False,False,0.00010230440676232128,0.05375250475821948,False,16.53,0.0
S0295,,129,85.0,8,0.4261343889325664,0.8048960431900839,-0.12496750035453597,215,False,False,0.45315736975370213,0.18495606011878465,True,19.158093607305933,0.15296803652968036
S0296,,84,59.0,4,0.002993976276440824,0.07541670439038638,-0.011458933162827657,12,False,False,0.006138264405739277,0.10783798498601523,False,17.580000000000002,0.05555555555555555
S0297,,129,115.0,5,-0.05859596443304649,-0.709555944130358,-0.07884400450194198,4,False,False,0.013094964065577124,0.1795091023535661,False,16.37428571428572,0.0
S0298,,129,90.0,8,0.32235894704180845,0.7689486813246259,-0.10363383013597434,252,False,False,0.5165093736412696,0.1951036809218492,True,19.701971971971968,0.17517517517517517
S0299,,65,57.0,5,0.011086030179827011,0.1939825647789082,-0.026219279186131803,8,False,False,0.013094964065577124,0.21929650341209503,False,18.73916666666667,0.125
S0300,,50,21.0,4,0.014346238156585756,0.4556640746146807,-0.00797929354821832,33,False,False,0.007007851863219008,0.176069560123506,True,19.917058823529413,0.23529411764705882
S0301,,65,54.0,7,-0.08582051423631076,-0.2644984541897401,-0.16950999160815033,360,False,False,0.41543261976009616,0.22077901764142774,True,20.625768786127168,0.223121387283237
S0302,,129,104.0,5,0.009214741830028794,0.10269699984216456,-0.0393911027049606,58,False,False,0.08383846134172229,0.16883840714775422,True,18.68230303030303,0.15151515151515152
S0303,,27,19.600000000000023,5,-0.01654658384296892,-0.8526277420296815,-0.016546583842968903,4,False,False,0.001355533389600757,0.1571709329969511,False,17.220000000000002,0.0
S0304,,198,30.0,7,0.07037751973243056,0.5482957015254819,-0.0408406814304763,351,False,False,0.1193125143865572,0.1253603990169274,True,18.521094527363182,0.13930348258706468
S0305,,53,28.0,7,-0.023743744765512775,-0.23060892054461174,-0.04872425917535469,30,False,False,0.010997723726949538,0.19895212036644805,True,19.198048780487806,0.1951219512195122
S0306,,129,104.0,2,0.7615490459139855,0.7954091971997135,-0.2177387208024567,258,False,False,0.5228010946571524,0.19996673788341104,True,19.716200607902735,0.1762917933130699
S0307,,7,5.700000000000003,4,-0.010759797012919847,-0.9844762862187658,-0.010759797012919807,4,False,False,0.0002557610169058032,0.0489472801551662,False,15.477500000000003,0.0
S0308,,129,106.0,2,0.09659845528970146,0.6765949130293992,-0.0394469192877333,181,False,False,0.22778076165630834,0.1541481080689293,True,18.107255319148937,0.10851063829787234
S0309,,129,93.0,5,0.45160432253587834,0.8846330575259614,-0.11212498778580521,252,False,False,0.5165093736412696,0.1951036809218492,True,19.701971971971968,0.17517517517517517
S0310,,51,29.0,5,0.008062136850491619,0.21050179409919087,-0.011715510773902336,43,False,False,0.012864779150361902,0.18811442080830837,True,19.178333333333335,0.18518518518518517
S0311,,101,68.0,8,0.04699084552517818,0.5749996444150858,-0.015072112479708636,8,False,False,0.004322361185708074,0.12834453173503865,False,17.205454545454543,0.09090909090909091
S0312,,129,92.0,5,0.7739648279811113,1.0561455136195788,-0.13370775262652576,215,False,False,0.45315736975370213,0.18495606011878465,True,19.158093607305933,0.15296803652968036
S0313,,84,52.40000000000009,5,0.03739461301103719,0.39409833348525175,-0.0207136326163556,12,False,False,0.006598634236169723,0.1712837661530842,False,18.05277777777778,0.05555555555555555
S0314,,65,43.0,7,0.027887485645428756,0.6723552997623886,-0.005756935431956549,8,False,False,0.003580654236681245,0.13043912532630547,False,17.634999999999998,0.1
S0315,,129,88.0,8,0.4514535581582404,0.7372998462633183,-0.17069511290825867,289,False,False,0.44806772551727664,0.1909824855099156,True,19.83984665936473,0.1851040525739321
S0316,,198,36.0,4,0.061300024131012876,0.7355426859308698,-0.017677647105738627,347,False,False,0.11964500370853474,0.1290669005390839,True,18.532282878411912,0.13895781637717122
S0317,,26,18.0,5,-0.029709926685967725,-0.6316330389345707,-0.04039151624570359,6,False,False,0.0020460881352464258,0.1624956735876422,False,20.26,0.16666666666666666
S0318,,149,48.0,7,0.08927365244625829,0.5670148143784048,-0.04370012404518085,354,False,False,0.15573288319394357,0.11898889343230047,True,18.41354761904762,0.13095238095238096
S0319,,129,95.0,8,0.2667687193461956,0.8232056065637253,-0.08479151430751287,221,False,False,0.38645489654466864,0.1748551102297551,True,19.035973333333335,0.14933333333333335
S0320,,163,35.0,5,0.2502094764662821,0.41081099791572984,-0.21332994813975786,799,False,False,0.2693419269035014,0.14944886903438945,True,20.747449438202242,0.2292134831460674
S0321,,236,74.0,2,0.9090353194817002,0.7680707072021342,-0.20485367151463604,554,False,False,0.5434410087214506,0.2182545639351177,True,20.36145044319097,0.20306204673650283
S0322,,321,70.0,5,0.3049729957801093,0.33765493456385814,-0.2729028105235069,829,False,False,0.6786362822578582,0.229680792356794,True,20.845756484149852,0.22406340057636887
S0323,,334,73.0,6,0.7160720426378044,0.8346588671086502,-0.14175303930773575,1234,False,False,0.6224200107419627,0.22245467635687524,True,20.75744802867384,0.22078853046594982
S0324,,196,22.0,7,0.052031069117718376,0.13821762330423984,-0.12917690518109157,1033,False,False,0.31719481316657716,0.18956365581793588,True,20.83417757009346,0.22429906542056074
S0325,,144,29.0,7,0.07715983970491469,0.15920963474198424,-0.23292425225356295,791,False,False,0.6105271234558428,0.23783225974434663,True,20.798694992412745,0.22534142640364188
S0326,,198,51.0,5,0.3781205187476795,0.5893679175242758,-0.12052632942140198,960,False,False,0.3656103736668457,0.18398238469668496,True,20.742248628884827,0.22394881170018283
S0327,,252,15.0,3,0.24768021828765585,0.5303888707791561,-0.1320061447706156,786,False,False,0.24801145809355737,0.23433617598781822,True,20.85934054054054,0.2172972972972973
S0328,,321,72.0,4,0.5670760242667734,0.5642474176048417,-0.20277397998938237,1101,False,False,0.5326734699097163,0.21952438348028502,True,20.835930144267277,0.22399392558845863
S0329,,202,57.0,6,0.23101449578837596,0.30529136562307996,-0.2717035981247233,661,False,False,0.5430829432977825,0.22504798669721518,True,20.802296650717704,0.22567783094098884
S0330,,288,47.0,6,0.41402475068641786,0.8217786024551005,-0.11455303760648533,475,False,False,0.3071434052021791,0.2590264896120567,True,21.250136208853576,0.24290578887627695
S0331,,368,93.0,6,0.5734612206059544,1.0122064998154314,-0.12846244279276958,484,False,False,0.3788843704442569,0.21958721538462633,True,20.288819362455726,0.1959858323494687
S0332,,321,65.0,4,0.2665885028345929,0.3860990734947676,-0.1655073854311942,761,False,False,0.8267730632496995,0.23962948778565452,True,20.720445816186558,0.2187928669410151
S0333,,334,70.0,6,0.8945753986195621,0.9272236704294932,-0.16684473698911154,505,False,False,0.5803984756643392,0.23501745444693994,True,20.683270440251576,0.22012578616352202
S0334,,61,14.0,7,0.1839656225341202,0.4676324234129035,-0.07466624624335859,847,False,False,0.1332259137062329,0.11399389678299784,True,19.96842756183746,0.1855123674911661
S0335,,270,58.0,5,0.9728193137093628,0.9575611530261934,-0.1968832055864166,565,False,False,0.3377579989258037,0.19329858396028538,True,20.795481651376146,0.22362385321100917
S0336,,253,55.0,6,0.5093885336539876,0.5064791047014906,-0.17820458887067311,841,False,False,0.5525461009232973,0.20443194404758777,True,20.67113692946058,0.2157676348547718
S0337,,334,74.0,6,0.35932421654510405,0.5849525919850914,-0.11330347224095355,1258,False,False,0.6273561983682447,0.22283228391995077,True,20.756499642090194,0.2204724409448819
S0338,,263,22.0,6,0.03763436152298261,0.1118713283529638,-0.19169897101943248,541,False,False,0.18437811708739354,0.16218782520054276,True,20.831933333333332,0.22
S0339,,122,17.0,5,0.30257801124696826,0.658977043789264,-0.15412160690810117,1305,False,False,0.18141128929128622,0.1392303391384631,True,20.682829763246897,0.2254791431792559
S0340,,261,64.0,5,0.12441229164266177,0.22448494996345825,-0.22358390794182345,1140,False,False,0.7052098519143712,0.22670410839725136,True,20.708901933701657,0.2175414364640884
S0341,,208,17.0,7,0.29793052669569176,0.6731674957159909,-0.12387017979905886,1452,False,False,0.21552980894652038,0.12531302766003294,True,20.060162037037035,0.19675925925925927
S0342,,211,72.0,3,0.39295312772648017,0.5610336961635292,-0.20737154624822604,690,False,False,0.451520499245505,0.1846632300522051,True,20.090576752440107,0.19165927240461403
S0343,,229,51.0,6,0.5442509136197573,0.6624560155856014,-0.2183215511483695,836,False,False,0.46430855009079514,0.213265489515455,True,20.784349030470914,0.21144967682363805
S0344,,102,19.0,7,0.2569127651970329,0.8750801065116922,-0.060874474597786304,1360,False,False,0.408680528913783,0.19506048096448722,True,20.698083519761372,0.2184936614466816
S0345,,350,109.0,5,0.9011655955454088,1.0514110425320706,-0.11122540656537636,391,False,False,0.35550781349906646,0.205093483498302,True,20.296471264367817,0.19655172413793104
S0346,,66,19.0,7,0.1161413448960733,0.22644113078250913,-0.18659338295991157,824,False,False,0.2078314023376557,0.17929774113421004,True,20.500765895953755,0.21676300578034682
S0347,,72,24.0,5,0.0435002740730106,0.11978342637985472,-0.2516903462742736,901,False,False,0.3675797334970204,0.2240421679422171,True,20.68911580594679,0.2190923317683881
S0348,,120,32.0,5,-0.3336358308510333,-0.4489496446215098,-0.3678410484683193,1376,False,False,0.5942095705772527,0.20572134231063496,True,20.806303249097475,0.22310469314079423
S0349,,168,38.0,6,-0.10844222024218453,-0.03965345447518119,-0.3917275535465486,880,False,False,0.4355354356888923,0.19829007638649895,True,21.02494930875576,0.2294930875576037
S0350,,124,25.0,7,-0.06824733066167832,-0.11924872341956413,-0.18479772009706197,1194,False,False,0.3120028645233893,0.16793751825608688,True,20.98531894013739,0.22767419038272815
S0351,,237,64.0,7,0.7165187329816032,0.627247612794931,-0.18700150938189042,720,False,False,0.7421673188572597,0.23741693293436944,True,20.68063535911602,0.21408839779005526
S0352,,78,19.0,9,-0.010204831718312768,-0.03242002202084915,-0.07973855892141782,1402,False,False,0.369370060615361,0.1624559497283377,True,20.76744888888889,0.2248888888888889
S0353,,163,39.0,5,-0.03564964604240195,-0.041563104392424645,-0.16613874034763523,708,False,False,0.30814087316811173,0.17149404287743,True,20.62810623556582,0.22401847575057737
S0354,,128,30.0,10,-0.1301852240307293,-0.27955815377289095,-0.21488979604763941,981,False,False,0.5402439960101282,0.1758369366567598,True,20.67429149797571,0.22186234817813766
S0355,,84,17.0,7,0.18380666191602302,0.49288416522460826,-0.128755041165939,574,False,False,0.13652523082431775,0.11483232236356303,True,18.932169625246544,0.15779092702169625
S0356,,198,39.0,6,-0.015717470274152268,0.014115356464641661,-0.24821684803202404,476,False,False,0.2727947006317297,0.20330324356046778,True,20.845100942126514,0.23149394347240915
S0357,,182,30.0,6,0.4731837803895331,0.9362205008334337,-0.10577639894471347,565,False,False,0.21637382030230953,0.10724141243442278,True,18.531699544764795,0.13657056145675264
S0358,,134,52.0,6,0.30263958468837115,0.561195354680227,-0.12038641205784203,470,False,False,0.30770607943937184,0.22614020901725923,True,20.59646857142857,0.22057142857142858
S0359,,220,58.0,10,-0.16626499657419458,-0.21079057743454915,-0.2480425659511023,342,False,False,0.3099823524898335,0.2186068722561922,True,20.91196,0.22
S0360,,144,17.0,8,0.09157667091100219,0.24517807454017998,-0.12379225285711369,1599,False,False,0.21893143047136757,0.14055308795182617,True,20.65591534391534,0.2201058201058201
S0361,,227,42.0,11,-0.03118255063402664,-0.06405643272704858,-0.12861491636853947,779,False,False,0.47576664364817517,0.2002114836839388,True,20.791006825938563,0.22781569965870307
S0362,,284,43.0,6,0.6840135681180437,0.8818134544528773,-0.12908717678527543,534,False,False,0.32236118570807437,0.21188688765971342,True,20.594824462061155,0.20951302378255945
S0363,,232,90.0,4,0.4742972230097533,0.5975991522948916,-0.15654844207523733,375,False,False,0.34775825468682064,0.1825519826190895,True,20.191266318537863,0.19973890339425587
S0364,,183,57.0,6,-0.2362342538014588,-0.36739648052310897,-0.3336420715163141,410,False,False,0.28238573876569734,0.21906608433655153,True,20.518101430429127,0.2093628088426528
S0365,,194,60.0,2,0.20177730916840475,0.2794872710309195,-0.2848397784640414,459,False,False,0.4135655643366838,0.2683109588215399,True,21.292784688995216,0.24019138755980862
S0366,,145,22.0,10,0.19814786884936297,0.46232846920043913,-0.13026544644680066,694,False,False,0.25911148622726926,0.17621902675732645,True,20.709364089775562,0.22942643391521197
S0367,,171,21.0,6,1.1046372197257717,1.2474970374718382,-0.10824714273217807,894,False,False,0.23450727640093097,0.16457385202662841,True,20.827653390742732,0.21528525296017223
S0368,,163,37.0,6,0.3088027114977492,0.7608582921304748,-0.07425495800082407,635,False,False,0.2504411877541625,0.12896470820769856,True,19.508920118343195,0.1804733727810651
S0369,,334,63.0,7,0.3137151387240156,0.4431285912039052,-0.2570660177920439,661,False,False,0.7137011176756439,0.2389996992784989,True,20.70758356545961,0.217966573816156
S0370,,357,84.0,7,0.1782187215551263,0.34796157420115714,-0.15059578677070104,404,False,False,0.27921430215606535,0.1880986431112967,True,20.341325459317584,0.2047244094488189
S0371,,186,61.0,5,0.3337680240194747,0.5099674817335439,-0.12793229419704352,586,False,False,0.2431519987723471,0.23182298051630196,True,21.49837025316456,0.24367088607594936
S0372,,73,22.0,5,0.10034228840307358,0.3857227806313956,-0.08197966246507198,298,False,False,0.08411979846031868,0.17320709401804008,True,20.531189189189192,0.1864864864864865
S0373,,142,39.0,4,-0.04866066652628431,-0.05009824262959986,-0.17708775238265329,1434,False,False,0.5125450778792296,0.2100614702149737,True,20.738008163265306,0.22122448979591836
S0374,,186,71.0,3,0.22394089940730955,0.36067684130447875,-0.19734210166406485,525,False,False,0.30589017621934067,0.23885963745396427,True,21.729520451339916,0.24823695345557123
S0375,,160,20.0,9,0.037288806795541696,0.17023615264570457,-0.05948543918207824,491,False,False,0.13181922811325097,0.16171234254248493,True,20.810840950639854,0.226691042047532
S0376,,116,23.0,4,-0.2884668279363527,-0.7586610388654089,-0.32543638483695364,631,False,False,0.18616844420573417,0.17686095902176363,True,20.660118243243243,0.22466216216216217
S0377,,102,22.0,5,0.11866477881849913,0.5272651556883812,-0.07428991451148732,1360,False,False,0.39062380112023326,0.19408179610044482,True,20.76841942945258,0.2220508866615266
S0378,,171,45.0,3,0.19551787787729524,0.6386647657788569,-0.06439685961103417,925,False,False,0.6686871787002225,0.22471928395520346,True,20.67079465541491,0.21308016877637131
S0379,,257,90.0,5,0.08488805166790225,0.18947702356791737,-0.24287651575266153,557,False,False,0.36850047315788126,0.19063828926309473,True,20.51976897689769,0.2145214521452145
S0380,,183,59.0,6,0.0432221482065962,0.13879491535416866,-0.11703337556512244,1471,False,False,0.45203202127931663,0.211899625417835,True,20.759451951951952,0.22372372372372373
S0381,,76,20.0,7,-0.09354773119419502,-0.3236619085485732,-0.1259213603547675,1616,False,False,0.48988465178137547,0.16715768492026148,True,20.862827586206894,0.2268199233716475
S0382,,208,18.0,6,0.3400982600112781,0.8129800200992405,-0.08022852930801855,1142,False,False,0.21422542776030076,0.13836582346227477,True,20.068067318132467,0.19435396308360478
S0383,,144,21.0,6,0.22939972814988074,0.42754804181272577,-0.14806072340360835,1064,False,False,0.191053479628635,0.140484240228915,True,20.65949943117179,0.21956769055745165
S0384,,196,20.0,8,0.06783913391860086,0.4224511001780641,-0.043591772132099284,1057,False,False,0.3037417836773319,0.15927422427662577,True,20.80609360076409,0.224450811843362
S0385,,321,70.0,5,0.10364822377347438,0.279272180734153,-0.139775360932811,691,False,False,0.6581498248037034,0.23458337966630008,True,20.798263988522237,0.22309899569583932
S0386,,155,42.0,7,0.03376148839692972,0.1283767745292723,-0.1064504482200998,774,False,False,0.33213125655387604,0.17307616141417834,True,20.826930693069308,0.22662266226622663
S0387,,67,20.0,7,0.14510771542745027,0.4505946177996915,-0.10816226035629836,600,False,False,0.1580347323460958,0.12291338667299156,True,19.004950690335306,0.16173570019723865
S0388,,343,165.0,3,0.5362095280478176,1.138657204992231,-0.08298520948294695,251,False,False,0.2556842886007315,0.16767350874062983,True,19.138422053231942,0.13688212927756654
S0389,,208,35.0,6,-0.014867342022132468,-0.08799544134032247,-0.05731557137658586,253,False,False,0.09951661167804803,0.17096546713534877,True,20.761974522292995,0.2356687898089172
S0390,,257,189.0,5,0.5199878311077173,0.5981807989537811,-0.29684358384908915,126,False,False,0.514412133302642,0.1843955972385414,True,19.401593220338984,0.16271186440677965
S0391,,77,40.20000000000073,5,-0.006610628492837001,0.0069176459397790975,-0.10804105810252129,82,False,False,0.03787820660374946,0.22434377707136666,True,22.56118811881188,0.32673267326732675
S0392,,182,46.0,4,0.1844057538075543,0.7831467017688425,-0.05614041986026289,612,False,False,0.4326709122995473,0.1824946254990415,True,20.14776504297994,0.19675262655205347
S0393,,166,51.0,8,-0.06319999823113398,-0.12561006339590103,-0.12938435278959623,748,False,False,0.5161001560142203,0.23183336520353542,True,20.704039881831612,0.22008862629246675
S0394,,196,39.0,10,-0.017468523558783255,-0.003913351555820512,-0.15914961540663478,359,False,False,0.21141205657433693,0.19708392081143122,True,20.716413570274636,0.22294022617124395
S0395,,270,51.0,7,0.8175360947656969,0.9639571925353014,-0.20797573389055413,428,False,False,0.36555922146346453,0.172027551390944,True,19.322711864406777,0.1694915254237288
S0396,,102,19.0,7,0.04343634782854533,0.17932150135015573,-0.09194829945014152,764,False,False,0.1824854855622906,0.14041412668841444,True,18.685486211901306,0.13352685050798258
S0397,,51,17.0,4,0.22148808916396612,0.90446542039465,-0.04911200933880658,162,False,False,0.038364152535870485,0.1388641892151037,True,20.76125786163522,0.20125786163522014
S0398,,79,33.0,3,0.056523550572139536,0.3162889907249583,-0.08397382166336564,162,False,False,0.05619069541420497,0.1795365967403779,True,20.69540404040404,0.20202020202020202
S0399,,311,108.0,5,0.24446992446750238,0.7643171279011447,-0.06988707335500718,203,False,False,0.24151512826414998,0.16862011161848367,True,19.612747035573122,0.16205533596837945
S0400,,136,42.0,6,0.5515964131403117,1.007109154230871,-0.09989817959846167,551,False,False,0.26079950893884757,0.14417382064008424,True,19.526178623718888,0.17715959004392387
S0401,,261,75.0,7,0.8773610140316255,0.9806499671676318,-0.1362268707857175,596,False,False,0.4394230031458605,0.1911387614358897,True,20.1244,0.19727272727272727
S0402,,109,46.0,3,0.36374671129014957,0.8238459448603405,-0.10738269720222324,793,False,False,0.46259495127752626,0.1867338164714592,True,19.831779206859594,0.1832797427652733
S0403,,213,67.0,6,-0.04684285287036127,-0.15334544945014128,-0.12100133903441088,295,False,False,0.24018517097623981,0.18792636157336778,True,20.41961739130435,0.22434782608695653
S0404,,257,91.0,2,0.9262731454523254,1.1068239100063952,-0.1469474105203232,320,False,False,0.3976060768817617,0.16454352596335056,True,18.62869266055046,0.13761467889908258
S0405,,142,49.0,3,0.14041483939449861,0.5972509632121478,-0.07789192578955337,562,False,False,0.3198291516407069,0.2237845116010732,True,21.1187125,0.22875
S0406,,105,26.0,5,0.05697064987518874,0.20136050298951624,-0.12077196164472245,409,False,False,0.1710273920049106,0.1587264699498048,True,19.00121856866538,0.15087040618955513
S0407,,299,40.0,6,0.1411996393091628,0.8298325607607294,-0.05712011740235688,735,False,False,0.3081920253714929,0.17964272189736963,True,20.8515296803653,0.2180365296803653
S0408,,177,68.0,8,0.36001378297840914,0.49443517019805305,-0.1217873589241408,647,False,False,0.8472850968055449,0.22397975274601692,True,20.765294943820223,0.21980337078651685
S0409,,214,67.0,5,0.29742402273716406,0.4932181525114163,-0.19410129799414474,285,False,False,0.26888155707307093,0.21542483768412826,True,20.091468749999997,0.196875
S0410,,257,143.0,5,0.5371231103210878,0.6376523479939055,-0.2562765586380717,308,False,False,0.4404971994168649,0.19402188921453573,True,19.71623463687151,0.1787709497206704
S0411,,257,164.0,6,0.1037565610528175,0.3224166793658301,-0.12984828354964725,74,False,False,0.0668047776157958,0.20913243642090995,True,19.434840764331213,0.15286624203821655
S0412,,257,213.0,5,0.508554660131606,0.7615160834849162,-0.13407011729514176,152,False,False,0.8134990664722883,0.2400508187073952,True,20.806816421378777,0.2238574748257165
S0413,,261,68.0,5,-0.10502114558174291,-0.2125090577677744,-0.20041509283688766,375,False,False,0.41970382874242307,0.25397270637981767,True,20.867562437562437,0.2177822177822178
S0414,,198,28.0,4,0.0666939756708036,0.40799791399400315,-0.03965425928065458,1061,False,False,0.305199621473695,0.18092453922783217,True,20.780920810313077,0.2265193370165746
S0415,,182,50.0,6,-0.06906514540141562,-0.08246155487952725,-0.19434986159999418,926,False,False,0.645617534975319,0.22550006293411842,True,20.706117478510027,0.22063037249283668
S0416,,82,32.0,3,-0.021075460884281583,-0.10200253630389908,-0.07348209124640419,817,False,False,0.27558249571600296,0.1876868192777788,True,20.511181556195965,0.21469740634005763
S0417,,257,186.0,5,0.620137421346459,0.8585242661519666,-0.19575585346663144,129,False,False,0.5240543236399908,0.1847539264595231,True,19.336489479512732,0.16168327796234774
S0418,,163,43.0,5,0.0771872034382397,0.45499911435021434,-0.043393319373718695,738,False,False,0.32069873909818664,0.17087643133137762,True,20.591831626848688,0.22184300341296928
S0419,,52,17.0,6,0.05253001823471748,0.5620720036400169,-0.023759890072848046,918,False,False,0.14222870150131717,0.10646711308284013,True,19.268064516129034,0.16888045540796964
S0420,,214,78.0,5,0.0037355835635914936,0.03600337264111378,-0.08828854223800246,208,False,False,0.16698636793779892,0.21293085104453627,True,19.958146341463415,0.17804878048780487
S0421,,257,78.0,4,0.02845329787735551,0.14821928152507607,-0.0766506728170602,452,False,False,0.3957390214583493,0.22629668174998888,True,20.663575357535755,0.22002200220022003
S0422,,250,92.0,4,0.5586676585031372,1.0160967733957862,-0.1096098603302012,321,False,False,0.3759942709532213,0.1732807345807798,True,19.718335435056744,0.18032786885245902
S0423,,61,15.0,9,0.04559323165871132,0.46702379544237066,-0.019106419450107506,847,False,False,0.1332259137062329,0.11399389678299784,True,19.96842756183746,0.1855123674911661
S0424,,163,52.0,6,0.1342564137383393,0.6103778719954613,-0.06277118347022485,412,False,False,0.22596485843627714,0.13104820306193557,True,18.917917414721725,0.15798922800718132
S0425,,257,216.0,5,-0.051257616019766306,-0.12434496452015253,-0.1242122293360317,110,False,False,0.558172843295225,0.2513853728239843,True,20.990108932461872,0.2167755991285403
S0426,,247,66.0,8,-0.06295974354681744,-0.21006979118710564,-0.11395358790672211,598,False,False,0.6523184736182511,0.2221660580821282,True,20.787862068965516,0.22375478927203066
S0427,,264,115.0,2,0.213662658784183,0.3673739570841915,-0.22470515425847215,230,False,False,0.3094964065577125,0.21198115036085574,True,20.444193548387094,0.20087976539589442
S0428,,260,72.0,5,0.07477582628650681,0.5082096036335492,-0.040085166745068325,401,False,False,0.3698048543441009,0.22268416837190724,True,20.508993506493503,0.20346320346320346
S0429,,196,22.0,11,0.08045805516028381,0.6692671054920045,-0.02491265958403957,264,False,False,0.07685618558019387,0.13653584467018917,True,20.451853035143767,0.2268370607028754
S0430,,118,41.0,5,0.05500721261857189,0.3815576961236905,-0.03940620199795027,75,False,False,0.034092943553543566,0.15544330113022406,True,19.590377358490564,0.19811320754716982
S0431,,248,40.70000000000073,6,-0.008483569102017419,-0.08918576684097285,-0.03060333325439154,256,False,False,0.02693163508018108,0.12415777921040555,True,20.324905660377354,0.2028301886792453
S0432,,257,176.0,8,-0.03522223581765194,-0.11884374867467266,-0.14382467255347386,459,False,False,0.5875342080360112,0.21954464908369753,True,20.614105263157896,0.22017543859649122
S0433,,299,29.0,6,-0.015285587282763857,-0.041834547627221885,-0.09157543827356236,153,False,False,0.074349727614517,0.17225193122067267,True,19.3865991902834,0.14979757085020243
S0434,,53,23.0,4,0.01859880248928447,0.2764862142211938,-0.02109395654657578,62,False,False,0.017008107624235914,0.1058252922958233,True,18.354615384615386,0.12307692307692308
S0435,,198,48.0,8,-0.04879649029634059,-0.18403235372580368,-0.1160304561793311,241,False,False,0.2514130796184046,0.23405452704757398,True,20.925538461538462,0.22564102564102564
S0436,,179,33.0,5,0.0280131414142053,0.19366715925970973,-0.04253170899251941,431,False,False,0.23177063352003888,0.2217597273934709,True,20.427538247566062,0.20027816411682892
S0437,,49,22.0,7,0.019598473179816667,0.35046835994939124,-0.012442709908485082,69,False,False,0.019540141691603365,0.12838419027787276,True,19.272972972972973,0.17567567567567569
S0438,,52,17.0,4,0.05253001823471748,0.5620720036400169,-0.023759890072848046,918,False,False,0.14222870150131717,0.10646711308284013,True,19.268064516129034,0.16888045540796964
S0439,,138,35.0,6,0.19189098818848604,1.0528330059615745,-0.04272329586868394,155,False,False,0.05757180490549631,0.1503246290069378,True,20.416872037914686,0.1943127962085308
S0440,,183,59.0,5,0.02132933642744428,0.10603812370066917,-0.11070102646467499,573,False,False,0.3819023504437454,0.2598289170109465,True,21.469375,0.2469758064516129
S0441,,257,158.0,5,0.9315184708534427,0.9663017599674918,-0.20327897495182548,233,False,False,0.5206527021151436,0.19190820613114415,True,19.859310344827584,0.17748478701825557
S0442,,102,18.0,6,0.020526754835572758,0.2023689657316599,-0.045326125455521844,774,False,False,0.18951891352720018,0.1406494714627688,True,18.813779971791256,0.14527503526093088
S0443,,103,36.0,5,0.31575127041187434,0.8750543869609834,-0.10640124625094191,573,False,False,0.32982940740172384,0.14847694577875822,True,19.576893333333334,0.18
S0444,,96,37.0,3,0.05132794536862395,0.5634510357784869,-0.028865302254188433,245,False,False,0.08660068032430497,0.18504758176818553,True,20.039328859060404,0.18456375838926176
S0445,,183,61.0,5,0.2533139517215266,0.7290482623482752,-0.07203395349486592,559,False,False,0.28207882554541036,0.1483105774839641,True,18.491686429512516,0.13043478260869565
S0446,,179,23.0,11,0.030392171184699723,0.14673715494097914,-0.0779593079795807,977,False,False,0.2465536202971943,0.1510671725444921,True,20.93663847780127,0.22832980972515857
S0447,,101,22.0,7,0.23439797937279505,0.8739749106394555,-0.061860259236528874,504,False,False,0.11537379472620783,0.10371488914579363,True,18.345000000000002,0.12980769230769232
S0448,,92,31.0,7,-0.10421801492564153,-0.3112873825837563,-0.17856939133166133,271,False,False,0.07220133507250825,0.21189356110759458,True,22.24422924901186,0.31225296442687744
S0449,,257,128.0,5,-0.06086762648175903,0.04639443264689361,-0.2790141765811307,379,False,False,0.871352208496381,0.23683485133363152,True,20.7497212543554,0.21951219512195122
S0450,,61,18.0,6,0.007466964350529626,0.11284002132634816,-0.02212955438775179,224,False,False,0.05429806388910202,0.13903373943054959,True,18.84939393939394,0.12626262626262627
S0451,,474,136.0,4,0.30447571113103233,0.8736024907112931,-0.056954587458836727,284,False,False,0.1822297245453848,0.1394257100090108,True,18.296666666666667,0.12471655328798185
S0452,,162,50.0,5,-0.012301760398105044,-0.0015400350081077477,-0.12105471402227592,599,False,False,0.23386787385866648,0.17989737335797842,True,20.33579365079365,0.21746031746031746
S0453,,183,54.0,6,0.13630721171972393,0.4731619230678395,-0.07172612779634537,520,False,False,0.31161922299803063,0.15934906376938454,True,19.003063725490197,0.1482843137254902
S0454,,257,204.0,5,-0.05160883109488823,-0.10446228768247447,-0.16926995389121816,78,False,False,0.05350520473669403,0.2781191949458262,True,22.704084507042257,0.34507042253521125
S0455,,257,147.0,5,0.7097003045987327,0.7471577278512109,-0.28666444923105905,239,False,False,0.541343768382823,0.1965288315856795,True,19.840906460945032,0.18418514946962392
S0456,,147,26.0,6,-0.04962075315372061,-0.3860607984454515,-0.08029439020051073,236,False,False,0.08340366761298243,0.22304205127821455,True,20.860802469135802,0.22530864197530864
S0457,,257,155.0,7,-0.08785923474538171,-0.3126198239590476,-0.1480536510331789,91,False,False,0.04135655643366838,0.2845538282568005,True,22.686696428571427,0.33035714285714285
S0458,,257,154.0,2,0.7496187139861741,0.7330911163518281,-0.2287403233852039,219,False,False,0.5417529860098724,0.19991390459457786,True,19.707982195845698,0.17705242334322452
S0459,,257,208.0,5,0.0181992246721443,0.19651923863339757,-0.02782045602722114,14,False,False,0.04846671270364971,0.30725606757876023,False,24.221625,0.45
S0460,,257,128.0,6,-0.13646094607136217,-0.29446046464417464,-0.1965186063353763,255,False,False,0.5555896570244764,0.22802110727560335,True,20.379627906976744,0.2111627906976744
S0461,,321,76.0,7,0.18188709794973867,0.4323963345843401,-0.08182720020325134,270,False,False,0.1402337655694519,0.23333902252372177,True,20.753714285714288,0.2119047619047619
S0462,,257,223.0,5,-0.03149019829098909,-0.22053344573188063,-0.11886665817633572,8,False,False,0.0523798562623085,0.193792718623954,False,18.601481481481482,0.12345679012345678
S0463,,163,64.0,5,0.045905442651971384,0.38135904469684134,-0.03681203576252207,73,False,False,0.06345430829432978,0.1672426504336332,True,19.158794326241136,0.1702127659574468
S0464,,0,0.0,0,0.0,0.0,0.0,0,False,True,0.0,,False,,
S0465,,163,45.0,7,0.044491392609082414,0.18297914300281873,-0.06279229640260957,197,False,False,0.11854523133583979,0.21236643647174772,True,20.863814102564103,0.22756410256410256
S0466,,185,53.0,7,0.017186942670781136,0.4438450026264272,-0.007885721331417983,14,False,False,0.002148392542008747,0.10203250435738187,False,21.492499999999996,0.08333333333333333
S0467,,257,221.0,2,0.01919355321780003,0.11133494932877112,-0.07451765319102108,47,False,False,0.26156679198956495,0.26843730179704633,True,22.09082191780822,0.2922374429223744
S0468,,104,32.0,4,0.07148745215984564,0.6714543265283802,-0.023770533801211573,400,False,False,0.1262180618430139,0.1191887932529151,True,18.431726804123713,0.13402061855670103
S0469,,285,74.0,7,0.0661132123333803,0.5487392270452399,-0.029982888613807303,324,False,False,0.20506918335507301,0.14686214241839599,True,19.0933064516129,0.1431451612903226
S0470,,185,43.0,6,0.041693361219921066,0.5083221851949009,-0.020692171561746,95,False,False,0.06217550320980076,0.18722870398677763,True,19.465379746835442,0.13924050632911392
S0471,,231,78.0,5,0.08213756576048437,0.40168462432275487,-0.054207137629660555,414,False,False,0.32642778587687665,0.22457414076504112,True,21.044961734693878,0.22321428571428573
S0472,,257,231.0,2,-0.0025498881917451754,-0.008052849468654788,-0.10261143293666855,8,False,False,0.0523798562623085,0.193792718623954,False,18.601481481481482,0.12345679012345678
S0473,,163,68.0,5,0.12675493985115627,0.5661940473986427,-0.05482527924050854,73,False,False,0.053812117956980994,0.17252802526784888,True,19.171679389312974,0.16793893129770993
S0474,,257,223.0,4,-0.03060350735280859,-0.3621818562561923,-0.044473420071733195,17,False,False,0.05156142100820993,0.2465514946685763,False,20.645714285714288,0.18681318681318682
S0475,,155,39.0,8,0.03509197557138832,0.29366921417308134,-0.03763576644368859,93,False,False,0.06521905931097982,0.19976864413667741,True,19.490357142857142,0.15476190476190477
S0476,,257,176.0,8,0.22415753347850242,0.7356033115569408,-0.06470851517324273,167,False,False,0.38443438451111284,0.16327057744488296,True,18.383788732394365,0.12394366197183099
S0477,,302,55.0,3,0.222233176960289,0.9792010308292357,-0.055675257737208876,242,False,False,0.2228957262334075,0.17518010560046504,True,19.08864503816794,0.13549618320610687
S0478,,201,78.0,2,-0.12990659030382556,-0.2256233721211956,-0.2527636921159885,253,False,False,0.22662983708023224,0.24873929107256681,True,20.657356902356902,0.20707070707070707
S0479,,198,42.0,5,0.09386564749253656,0.7451313026615667,-0.024600706253031675,433,False,False,0.22790864216476125,0.14642480231850596,True,19.298544,0.1664
S0480,,418,44.0,6,0.2660991309975369,0.39565380131397376,-0.22588045743679766,666,False,False,0.38701757078186144,0.1819333617847953,True,19.766419466975663,0.17844727694090382
S0481,,174,47.0,7,0.4659638952214218,0.5644527801699141,-0.2579901290007193,586,False,False,0.43136653111332773,0.17844089073113337,True,19.79279523293608,0.18526543878656554
S0482,,285,86.0,6,0.4000476499849406,0.4575145884089442,-0.2414554528891814,636,False,False,0.7268983861479833,0.2217593363202915,True,20.823139083139083,0.222999222999223
S0483,,455,94.0,4,0.3274902020293218,0.3907588755470104,-0.2570014804916688,397,False,False,0.3866595053581933,0.2537450173760608,True,21.27571100917431,0.23853211009174313
S0484,,359,140.0,6,0.09736599697848614,0.1772657673107854,-0.29600452140048983,512,False,False,0.6732908770045269,0.23990146681770047,True,20.947348193697156,0.22674865488086088
S0485,,234,37.0,5,0.3186061771320805,0.5920426474315686,-0.10947971773442164,646,False,False,0.27491751707204787,0.15652429823659147,True,20.18578454332553,0.19437939110070257
S0486,,283,140.0,4,1.0369273101333305,0.8778450458108393,-0.16991960174231693,445,False,False,0.4698329880559605,0.24545351019016473,True,20.817390457643622,0.2181110029211295
S0487,,332,131.0,7,-0.01836803190114511,0.037849221272270604,-0.20891663045554104,586,False,False,0.6163840507429857,0.2229142487578892,True,20.902698412698413,0.22857142857142856
S0488,,405,61.0,7,0.4058611893156763,0.6501251805235416,-0.17568091877822822,509,False,False,0.2704672753778869,0.19057605704833414,True,20.681438746438747,0.21367521367521367
S0489,,245,68.0,7,-0.17260228882916495,-0.09915547487293207,-0.3724881923745601,630,False,False,0.6099388731169595,0.19888627908350578,True,20.704972067039108,0.22186751795690343
S0490,,257,29.0,11,-0.15667846872955893,-0.16354324879719054,-0.26359431046576015,820,False,False,0.4024911123046625,0.1957557076918603,True,20.82077079107505,0.21906693711967545
S0491,,208,16.0,5,-0.01428262589342666,0.03563344178035349,-0.24311691288303852,724,False,False,0.29512263740760636,0.2097502406115752,True,20.6191353811149,0.22070534698521047
S0492,,481,89.0,6,-0.29006099547004216,-0.274426293284589,-0.43710684922124377,376,False,False,0.4059438860328909,0.28735294490381486,True,21.852870370370372,0.26157407407407407
S0493,,241,49.0,5,0.7348040874883446,0.9967489753387447,-0.14064342453421835,619,False,False,0.48783856364612904,0.21395534297639937,True,20.437966985230233,0.2050390964378801
S0494,,293,90.0,10,0.026095222836294285,0.1152523217528512,-0.4430630375234884,516,False,False,0.7716054119031177,0.22339624395127541,True,20.731126126126128,0.21696696696696696
S0495,,245,68.0,7,-0.13447370555223204,-0.05912852909716016,-0.335074218193096,635,False,False,0.6129824292181386,0.1986393330886333,True,20.685409705648368,0.2211614956245028
S0496,,349,112.0,8,0.137287193204215,0.2073766336324125,-0.41133820952633926,409,False,False,0.7929614568147523,0.22857443188078896,True,20.77176911544228,0.22113943028485758
S0497,,158,40.0,4,-0.22519975549591886,-0.3900879566451688,-0.2499391066564914,1111,False,False,0.36000920739660863,0.2155209159906866,True,20.871876804619827,0.22040423484119345
S0498,,235,23.0,6,0.13796639401644817,0.3458437675499427,-0.11200280375736855,472,False,False,0.09946545947466687,0.1449568216707521,True,20.19976293103448,0.21120689655172414
S0499,,204,54.0,6,-0.27549880462588416,-0.35551273205094186,-0.4588698482160339,559,False,False,0.2779099209698458,0.2154023419719169,True,20.516554307116106,0.2184769038701623
S0500,,339,110.0,5,0.6602615688446953,0.9004314120058986,-0.09278911352088459,771,False,False,0.48681551957850583,0.2173256353083095,True,20.894782222222222,0.22577777777777777
S0501,,411,36.0,8,0.11204972510916877,0.22952990066990245,-0.18441274043310474,446,False,False,0.24353564029770583,0.1825994224938341,True,20.043113342898135,0.20086083213773315
S0502,,293,83.0,8,-0.005807943847544239,0.06985192526204478,-0.40647300407706616,626,False,False,0.7137522698790251,0.21763910326182304,True,20.651891891891893,0.21312741312741312
S0503,,286,95.0,4,0.24491788427087346,0.29471876686299614,-0.36294572215323156,569,False,False,0.8325276861300801,0.22837440290670827,True,20.801076923076923,0.2175824175824176
S0504,,339,133.0,4,0.8086279490594683,0.6899803862183137,-0.29942486140319413,456,False,False,0.4437965165349497,0.23197497786565272,True,20.855510000000002,0.225
S0505,,285,71.0,8,-0.21816088358787278,-0.21908812724717752,-0.32362882674023574,473,False,False,0.4669940407683061,0.21995967336585784,True,20.836349362119726,0.21884200196270853
S0506,,337,93.0,7,-0.24497522785246761,-0.23593172594980386,-0.36873490875566417,515,False,False,0.7002992403897798,0.24222789211015425,True,20.791550610193823,0.22038765254845658
S0507,,236,27.0,9,-0.10380584061778886,-0.16066065429674545,-0.20213073891727434,669,False,False,0.2553773753804445,0.1595731506128834,True,20.67501265822785,0.2240506329113924
S0508,,359,27.0,7,0.6313441962676811,0.7384341146280764,-0.15031894594636064,503,False,False,0.270339394869434,0.2275374123299333,True,20.913413400758536,0.22882427307206069
S0509,,404,20.0,5,0.3491331836660976,0.7245619597059263,-0.15190642761222878,530,False,False,0.1291848896391212,0.18974292945935942,True,20.793110307414103,0.21880650994575046
S0510,,306,107.0,5,-0.07575991373616997,0.028348074804162605,-0.3503246683067108,434,False,False,0.8504053812117957,0.23439083619478135,True,20.85541484716157,0.22343522561863174
S0511,,337,96.0,3,-0.0006032470373771304,0.07713970354749873,-0.24794314676555995,540,False,False,0.731732269367503,0.24178704477772783,True,20.774644886363635,0.22017045454545456
S0512,,712,224.0,5,0.2420229935020073,0.4164839079953102,-0.1240862293684964,235,False,False,0.2487531650425842,0.28267331074039115,True,21.91843462246777,0.23941068139963168
S0513,,262,17.0,9,-0.010846997041198847,-0.006543112314290932,-0.11963211222113442,923,False,False,0.16501700810762424,0.1738002527763929,True,20.718380462724934,0.2236503856041131
S0514,,384,121.0,8,0.019449310721774582,0.09439666372988073,-0.23470724245686295,377,False,False,0.6527276912453004,0.23403690077163644,True,20.788421474358973,0.22115384615384615
S0515,,186,78.0,6,-0.17250524957468116,-0.2811096781452664,-0.3818930061119804,358,False,False,0.316350801810788,0.221809577840719,True,20.441295336787565,0.20725388601036268
S0516,,229,22.0,10,0.009086203611248012,0.05590251302843963,-0.12746140615273818,419,False,False,0.10862170387989463,0.16667375907498805,True,20.678794926004226,0.23890063424947147
S0517,,1427,28.0,5,0.27392076100429397,1.0145756144216997,-0.05161717824030958,233,False,False,0.06601191846338782,0.1907986850375648,True,21.424723247232475,0.24354243542435425
S0518,,240,65.0,8,0.4799758025892429,0.7935093946152845,-0.1583542158140207,376,False,False,0.34763037417836773,0.1681010339449192,True,19.101325153374233,0.150920245398773
S0519,,431,93.0,6,-0.23465982277073327,-0.4111717426350496,-0.29833552143747855,542,False,False,0.29248829893347655,0.18981811387624833,True,20.255346260387814,0.203601108033241
S0520,,731,31.0,7,0.2434963568138111,0.5758129524570437,-0.11030276005185234,381,False,False,0.10634543082943297,0.14159274717710973,True,20.070527704485485,0.1741424802110818
S0521,,282,67.0,11,-0.18137167575619662,-0.29498740295100373,-0.3489327177750039,668,False,False,0.5240031714366097,0.20412517170923933,True,20.51239230064161,0.21814848762603117
S0522,,234,26.0,7,0.3368115688372284,0.9575168025339235,-0.05238338340992725,581,False,False,0.18315046420624567,0.14604682948072084,True,19.19697640117994,0.15634218289085547
S0523,,382,84.0,7,-0.15968074680777578,-0.2428518916904955,-0.34615934197988146,447,False,False,0.24877874114427478,0.20619286423173722,True,20.293473520249222,0.2071651090342679
S0524,,424,136.0,4,0.008960821142216524,0.057399188597763585,-0.19061243383386756,186,False,False,0.3996521650170081,0.23699146094605586,True,20.97671834625323,0.2248062015503876
S0525,,280,25.0,4,0.028319488532214,0.10393004813652151,-0.22867401215886757,270,False,False,0.08511726642625131,0.20401653983167167,True,20.526936936936934,0.2072072072072072
S0526,,418,46.0,7,0.3383346858598866,0.5614266351342784,-0.1600045820383866,527,False,False,0.26611933809048827,0.13606381958612096,True,19.523918128654973,0.17982456140350878
S0527,,421,15.0,7,0.21620645523358473,0.6678184051989283,-0.0722620892649126,417,False,False,0.1520499245505,0.2092686483680811,True,20.432243346007606,0.1920152091254753
S0528,,504,39.0,8,0.030340077830915524,0.10153413111362652,-0.12737641211278944,454,False,False,0.24274278114529782,0.19839421495870083,True,20.917776223776226,0.23636363636363636
S0529,,342,50.0,7,0.5639727513050192,0.6970317964438062,-0.24813394971174757,401,False,False,0.3850737870533773,0.24090348056449268,True,21.08075535512965,0.22998872604284104
S0530,,259,75.0,6,0.2647527542234023,0.4847033986483772,-0.21611658938394787,324,False,False,0.38998439857796874,0.16836892498363493,True,19.190303430079155,0.16094986807387862
S0531,,349,86.0,2,0.014044614962829716,0.09030983586521277,-0.33558755480258506,264,False,False,0.341824599094606,0.25839881249920643,True,21.375615183246072,0.25
S0532,,345,67.0,6,0.462088639579046,0.9362847615557629,-0.13410716717399312,406,False,False,0.2981406174070948,0.20298139303215265,True,20.383195342820184,0.2018111254851229
S0533,,223,53.0,7,0.41248158636996046,0.44570229111760673,-0.26536090400819534,670,False,False,0.6094529271848385,0.2230195916715351,True,20.75500394011032,0.2198581560283688
S0534,,555,16.0,3,0.2221649686623981,0.37920725609114175,-0.17959630265813178,557,False,False,0.22793421826645183,0.22916141301132578,True,20.850015037593984,0.23458646616541354
S0535,,271,67.0,7,-0.3630986464721009,-0.75365673059573,-0.42830561929194944,241,False,False,0.19199979539118647,0.231417362666073,True,20.86543388429752,0.22933884297520662
S0536,,358,123.0,9,0.27587244571798775,0.4719859455250737,-0.19823284121907475,292,False,False,0.41320749891301567,0.1831844059008418,True,19.675389016018308,0.17620137299771166
S0537,,342,128.0,4,0.6162608164967249,0.7997098025048681,-0.17529244606660926,371,False,False,0.7634977876672038,0.2406952399027427,True,20.76567064083458,0.21907600596125187
S0538,,295,104.0,4,-0.09963818914949807,-0.17582587512348394,-0.2942604133120359,656,False,False,0.5062533568633469,0.22108267191905545,True,20.502712006717044,0.21158690176322417
S0539,,342,18.0,7,0.2189448245458243,0.7392615352101957,-0.11018590475840498,575,False,False,0.09092304151001304,0.12796576072277518,True,20.47012526096033,0.20876826722338204
S0540,,403,23.0,7,-0.07892836755490096,-0.24362644082508905,-0.15543848517282283,291,False,False,0.09207396608608916,0.16588512016529933,True,20.604501510574018,0.2326283987915408
S0541,,173,60.0,3,-0.05009335065873799,-0.06425363236804751,-0.13149366227212966,751,False,False,0.6061536100667536,0.22070238177973595,True,20.91281200631912,0.2235387045813586
S0542,,272,76.0,5,-0.03333800828505662,0.03943580583316171,-0.356561784958488,937,False,False,0.7814266349523006,0.22141720269573079,True,20.815203927492448,0.2243202416918429
S0543,,418,25.0,7,0.1423049628790316,0.3391053220805612,-0.10843349432003549,639,False,False,0.1724596536995831,0.13498289804148997,True,19.522492307692307,0.17692307692307693
S0544,,177,51.0,6,-0.07967914585232627,-0.2501455426707839,-0.11479454396874397,234,False,False,0.1090309215069439,0.17406685481044384,True,19.93038194444445,0.20833333333333334
S0545,,413,23.0,11,0.2715270929835485,0.7407768503359433,-0.07634539985412402,505,False,False,0.1738919153942556,0.1413417470918118,True,19.081396551724136,0.15344827586206897
S0546,,241,76.0,3,0.22756195399461188,0.8774504184158475,-0.07047091163158246,615,False,False,0.4725952070385432,0.1727477404868238,True,19.2792609699769,0.1605080831408776
S0547,,395,65.0,6,0.18653523837840624,0.7134202451649424,-0.07515138932550561,393,False,False,0.2960689531701578,0.16143394738263467,True,19.61697222222222,0.18333333333333332
S0548,,608,30.0,4,0.07879413066666485,0.3317033162521237,-0.09989088722566372,143,False,False,0.049464180669582344,0.16632905654392224,True,20.48353260869565,0.20652173913043478
S0549,,372,81.0,7,0.6720140792738887,0.6007347380776364,-0.2799617765702014,347,False,False,0.4368398168751119,0.27109518699422935,True,21.55594704684318,0.2535641547861507
S0550,,240,70.0,9,0.2195919206280148,0.34502255554303773,-0.17353694559916796,513,False,False,0.6843141768331671,0.22768132557150841,True,20.791148176881304,0.22110162916989914
S0551,,365,148.0,3,0.549795491120459,0.5149330470750573,-0.3191334222577341,310,False,False,0.648788971584951,0.2414105795346657,True,20.82341059602649,0.22185430463576158
S0552,,547,258.0,4,0.26243880006728104,0.7957215508898267,-0.0866510690394191,203,False,False,0.2977825519834267,0.17633397687538774,True,19.330437710437707,0.14814814814814814
S0553,,335,20.0,7,0.07782421137117157,0.33439435100047715,-0.09002719147747437,444,False,False,0.06445177626026241,0.10218345404790255,True,19.10906432748538,0.15789473684210525
S0554,,285,95.0,7,0.4833068987129314,0.6026115624832272,-0.2882970378697914,531,False,False,0.7839330929179774,0.22395182256385496,True,20.749411764705883,0.22040208488458674
S0555,,378,128.0,4,0.040958643622176494,0.16841434275570916,-0.10590965664090378,423,False,False,0.6915522136116014,0.22670057134654537,True,20.775567484662574,0.21932515337423314
S0556,,184,20.0,6,0.09027378927404617,0.295572775146942,-0.09894977799954403,673,False,False,0.12979871607969512,0.1499031084991004,True,20.80303937007874,0.2251968503937008
S0557,,241,64.0,8,0.34296688853173274,0.8481133328079508,-0.1058831619612375,435,False,False,0.34788613519527356,0.19094013542754634,True,19.715011520737328,0.1728110599078341
S0558,,418,44.0,5,0.22613136450167337,0.7760975530922992,-0.06333195021679745,590,False,False,0.2424102918233203,0.1394275171271434,True,19.592077151335314,0.1824925816023739
S0559,,388,117.0,8,0.010477458956003272,0.07136155838730551,-0.20131128487565386,304,False,False,0.7244430803856876,0.24423131419966332,True,20.766729464958555,0.21703089675960813
S0560,,418,29.0,6,0.1716037028796349,0.475258332987317,-0.1476052913174819,524,False,False,0.3747154658686923,0.19877498180459102,True,19.813103448275864,0.1850574712643678
S0561,,382,99.0,6,0.5113619744094695,0.6856066735478126,-0.12832036340622446,336,False,False,0.29041663469653956,0.2548217419117033,True,21.62015759312321,0.2521489971346705
S0562,,444,46.0,7,0.04403905379539452,0.1443022416365005,-0.21839086531699534,215,False,False,0.1680349881071127,0.1920413883826151,True,19.98936170212766,0.17966903073286053
S0563,,473,160.0,6,0.3821427304664138,0.7159541368279584,-0.09647310133744827,365,False,False,0.328294841300289,0.20691627134260243,True,20.601850393700786,0.20603674540682415
S0564,,731,15.0,7,-0.02527479058024218,-0.10252661554805041,-0.09551524431623214,179,False,False,0.061791861684442055,0.1932216631050591,True,20.579508928571425,0.18303571428571427
S0565,,398,24.0,7,0.01166846855290049,0.10730481227526482,-0.04374117209565575,602,False,False,0.18785646691731248,0.13174789192060746,True,19.740361067503922,0.18053375196232338
S0566,,272,87.0,3,0.2723050601739383,0.4740662225235028,-0.2310589520560876,713,False,False,0.8253152254533364,0.2233908237688366,True,20.849645756457566,0.2243542435424354
S0567,,549,205.0,4,0.7077431244272019,1.058703371236732,-0.1380705477489943,313,False,False,0.4794496022916187,0.18604366697302777,True,19.649035269709543,0.16597510373443983
S0568,,234,43.0,5,0.24026241726127018,0.6926380793963547,-0.06565984389846774,280,False,False,0.11394153303153533,0.15803368574355575,True,20.42381868131868,0.21703296703296704
S0569,,404,17.0,8,0.13057452810232717,1.3381705006848306,-0.018489498346954795,608,False,False,0.09289240134018772,0.14102701686017102,True,20.76591286307054,0.2157676348547718
S0570,,372,87.0,2,0.5660119188538557,0.6188992519315734,-0.23125410095744797,366,False,False,0.46497352873475023,0.26932406977324236,True,21.502272282076394,0.2507345739471107
S0571,,267,13.0,11,-0.057810023940391364,-0.22820698010741974,-0.0989614364175021,427,False,False,0.08982326913731808,0.16092129500787158,True,20.761896162528217,0.23702031602708803
S0572,,418,84.0,5,0.977404663890076,1.1105091048346818,-0.10752498598453197,305,False,False,0.4269162894191667,0.15956937245196767,True,18.5392375,0.1275
S0573,,249,56.0,7,0.3187838217379566,0.9460439175882644,-0.06661219143119905,354,False,False,0.24067111690836082,0.18336749606701847,True,20.447071197411006,0.21359223300970873
S0574,,168,61.0,6,-0.08513618825516855,-0.09120083930890141,-0.20214747942206146,718,False,False,0.7563109030921507,0.22317278750478203,True,20.717042857142857,0.21857142857142858
S0575,,585,195.0,6,0.3574675597255168,0.6769894846345879,-0.1355031973434322,135,False,False,0.4448451367042635,0.19293244797495782,True,19.866116625310173,0.16501240694789082
S0576,,367,139.0,5,0.16497045555266499,1.2040461814039907,-0.018531880708489257,140,False,False,0.20642471674467378,0.1754940730666075,True,19.820626450116006,0.17865429234338748
S0577,,418,27.0,6,0.07582346468806733,1.1345962132290273,-0.018089390698630387,248,False,False,0.05168930151666283,0.11322325120094213,True,19.859166666666663,0.17543859649122806
S0578,,299,135.0,4,-0.0834586476259741,-0.5373276794001056,-0.09971725349176025,235,False,False,0.3947415534924167,0.2941909949006994,True,22.313997445721583,0.280970625798212
S0579,,388,117.0,7,-0.009320361820350231,0.05054327533470539,-0.22248136887618666,215,False,False,0.5427760300774956,0.2330219011447385,True,20.407133204633205,0.20945945945945946
S0580,,312,120.0,3,0.31538084348399753,0.5698462773570635,-0.18460799941966646,246,False,False,0.47704544873270416,0.16165356833337963,True,18.541037394451145,0.12907117008443908
S0581,,439,149.0,6,0.2655393766491456,0.6328318443745186,-0.09762620917542898,191,False,False,0.17811197217320135,0.14878362443534862,True,18.24835294117647,0.12941176470588237
S0582,,439,166.0,6,0.372430050835183,1.2543630370788776,-0.04737473732432001,218,False,False,0.2384715721629709,0.1663555456387612,True,19.172633587786258,0.13931297709923665
S0583,,382,136.0,2,0.3728882948108476,0.6600460028583822,-0.16012453598064266,232,False,False,0.43924397043402647,0.267782912909618,True,21.264810126582283,0.23590333716915995
S0584,,325,152.0,5,0.650746456658778,0.8445095856528817,-0.11592434599547595,328,False,False,0.4149466738279751,0.1734339892310407,True,19.47162162162162,0.16803760282021152
S0585,,419,25.0,7,-0.01493889169778595,-0.231449296271461,-0.03970297820744858,258,False,False,0.04140770863704954,0.1312619039836351,True,20.357373271889397,0.20276497695852536
S0586,,358,66.0,8,0.05415996366146447,0.3830173303216397,-0.046559789552677144,313,False,False,0.4074528760326351,0.1926659319348652,True,19.939060022650054,0.19026047565118911
S0587,,352,16.0,6,0.024249924938922085,0.2888567015833976,-0.03486629113317971,223,False,False,0.07716309880048083,0.23064573347894754,True,20.737222222222222,0.20915032679738563
S0588,,320,107.0,5,-0.00833223379406589,-0.08366943358217398,-0.04533761006909876,57,False,False,0.0367784342310545,0.14350930487974867,True,19.366391752577318,0.15463917525773196
S0589,,444,103.0,5,0.07016910910905638,0.3879529485783487,-0.09510143356896952,185,False,False,0.16693521573441775,0.26695889061100825,True,22.11053164556962,0.2759493670886076
S0590,,413,14.0,8,0.021577993572737153,0.17365587401658467,-0.052688099398434544,215,False,False,0.08703547405304483,0.18015790669792592,True,19.995589225589228,0.18518518518518517
S0591,,332,120.0,7,-0.062429261392826785,-0.19627222446652784,-0.11388069628005974,472,False,False,0.7292769636052073,0.22719766242826098,True,20.721404160475483,0.22288261515601784
S0592,,388,101.0,8,-0.1193094176601327,-0.2923717831144114,-0.1410931197878176,250,False,False,0.5529041663469654,0.23194571107815992,True,20.523638888888886,0.21203703703703702
S0593,,388,114.0,5,-0.059443174532881504,-0.17731992407289304,-0.13097413450365267,299,False,False,0.697971815135937,0.24598473500280213,True,20.76776345716452,0.21910538286580744
S0594,,628,32.0,7,0.10989309193660146,0.45383417834014006,-0.04909250932423225,234,False,False,0.056830097956469476,0.1753833191121025,True,20.902304687500003,0.23828125
S0595,,546,100.0,5,0.07799244107803238,0.32266667991574177,-0.10866514815992787,333,False,False,0.33898565180695156,0.21856910747072616,True,20.770268456375838,0.22013422818791947
S0596,,384,137.0,7,0.34667376900178004,0.4573500195340618,-0.24941784281139734,256,False,False,0.4830814087316811,0.19038816899637684,True,19.795489989462595,0.1833508956796628
S0597,,513,166.0,5,0.16380989404570245,0.8836805448516957,-0.0362794368481778,291,False,False,0.3799074145118801,0.1776122050741051,True,19.694195979899497,0.1670854271356784
S0598,,332,116.0,8,-0.06905505066517748,-0.14949735520834723,-0.18781290647027715,472,False,False,0.7318345737742653,0.23225534769387193,True,20.834321719792438,0.2246108228317272
S0599,,413,24.0,10,0.17855463099780744,0.5627032733639604,-0.10848830307128501,471,False,False,0.13358397912990103,0.10070001764742366,True,18.543919491525422,0.1292372881355932
S0600,,379,114.0,5,-0.03263294833026409,-0.2567445256914221,-0.0593415845215024,306,False,False,0.22402107470779303,0.18727179519396064,True,20.079734982332155,0.19257950530035337
S0601,,422,61.0,7,0.30128530946757737,0.6693293122322433,-0.2105344728104576,196,False,False,0.24041535589145502,0.19940232788442921,True,20.15592803030303,0.1893939393939394
S0602,,396,69.0,5,0.1445776688045428,1.0237725345815243,-0.02538144690448675,296,False,False,0.21903373487812988,0.1652439432411027,True,19.707598566308246,0.18100358422939067
S0603,,364,26.0,5,-0.0242009896804386,-0.08228292429288014,-0.10031073750651004,226,False,False,0.09335277117061817,0.152308929871392,True,19.429761194029847,0.16417910447761194
S0604,,377,141.0,3,0.8228433411327865,1.1044819991600168,-0.09312718667576908,406,False,False,0.5440804112637152,0.20303040177220746,True,20.096140969162995,0.19647577092511012
S0605,,526,143.0,7,0.4970108745742843,1.0619743725097166,-0.10134005086547387,177,False,False,0.4654338985651807,0.1803231709824789,True,19.10562860438293,0.14994232987312572
S0606,,174,51.0,6,0.1416785781052392,0.4983210992469889,-0.056615846845974004,693,False,False,0.5698355456661296,0.21777326961650206,True,20.764795829713297,0.22328410078192876
S0607,,498,20.0,6,0.06292763616948349,0.7148613085706939,-0.02134482454576774,296,False,False,0.05954116473567099,0.15443204513091507,True,21.033181818181816,0.22424242424242424
S0608,,409,125.0,5,-0.04649713214001172,-0.043509319847073465,-0.20676683301267432,311,False,False,0.7124990408961867,0.24137118328934684,True,20.74773782771536,0.21872659176029963
S0609,,816,476.0,5,0.011375045463275724,0.14501653485312715,-0.030745826750401013,45,False,False,0.1559630681091588,0.17825326539778816,True,17.977195571955722,0.08118081180811808
S0610,,332,142.0,7,0.0946138220937558,0.590392925847395,-0.03327679835587602,409,False,False,0.32392132791119976,0.16707812003489472,True,19.806472972972973,0.17297297297297298
S0611,,409,163.0,2,0.594315075617653,0.6410493645869878,-0.269720708392923,196,False,False,0.4955369702549937,0.2008026141905538,True,19.676472491909387,0.1790722761596548
S0612,,396,76.0,8,0.21384763450592148,0.912660821664989,-0.03405408739551932,227,False,False,0.2549681577533952,0.16713514461575132,True,18.919892857142855,0.14821428571428572
S0613,,339,132.0,5,0.37211475594764387,0.9474600103471313,-0.06446174804953564,304,False,False,0.4261490063684493,0.19046525238624606,True,19.970809578107186,0.18814139110604333
S0614,,528,121.0,9,0.25831655071543036,0.7766855057312125,-0.072352843212168,160,False,False,0.4495511394153303,0.1716159610482796,True,18.527562724014338,0.12783751493428913
S0615,,582,20.0,7,0.018533462303190307,0.38361959795633677,-0.014901615963408627,130,False,False,0.028236016266400675,0.09149464513007001,True,18.202076923076923,0.09230769230769231
S0616,,388,110.0,5,-0.10902644316788135,-0.4332352031435354,-0.12232899056124819,246,False,False,0.5516765134658176,0.23184618957929592,True,20.540475746268655,0.2126865671641791
S0617,,391,136.0,4,0.1851867653978374,0.35679204447173196,-0.17871991653041736,371,False,False,0.8691526637509911,0.23716337894175002,True,20.75888966480447,0.21997206703910616
S0618,,388,115.0,5,-0.16870947726000773,-0.11822038076392449,-0.31152984085656266,336,False,False,0.7806849280032737,0.24286367592725344,True,20.762997138769673,0.21816881258941345
S0619,,270,98.0,7,0.003281665180504101,0.033265592955622696,-0.11335596682206227,194,False,False,0.33558403028210443,0.23905814706054834,True,20.86869172932331,0.21353383458646616
S0620,,521,190.0,4,0.08543094948087027,0.37605191911252644,-0.09857953758672887,186,False,False,0.40995933399831197,0.26169460874923645,True,21.496422250316055,0.23388116308470291
S0621,,371,145.0,8,0.3435270892234581,0.5765878792891763,-0.1273632133001525,194,False,False,0.38036778434231056,0.16115389208971356,True,18.632160326086954,0.13179347826086957
S0622,,388,118.0,8,-0.13755924490170912,-0.20036049183607435,-0.21128936735439793,333,False,False,0.7804547430880585,0.24279328487399754,True,20.76248745519713,0.2172043010752688
S0623,,489,132.0,11,0.20781315361699604,0.5062631925411193,-0.10106973263554539,382,False,False,0.3328218112995217,0.16327902650540657,True,19.585688545688544,0.16988416988416988
S0624,,371,143.0,8,0.3116177192444509,0.8862571034733175,-0.0854455490190545,214,False,False,0.34438220926366403,0.15761152785305557,True,18.627731213872835,0.13439306358381503
S0625,,549,175.0,5,0.060240950689176564,0.1789465691621445,-0.12594576228601706,261,False,False,0.41366786874344613,0.2550215971676896,True,20.828196721311475,0.19789227166276346
S0626,,314,145.0,6,0.654405703223613,0.8716872087436229,-0.10344404964300138,373,False,False,0.3702908002762219,0.16946314194425566,True,19.503790523690775,0.16957605985037408
S0627,,361,133.0,7,0.21870430189330103,0.5304097196618744,-0.0836425229770712,258,False,False,0.2518478733471444,0.16862671125702983,True,19.520368421052634,0.17192982456140352
S0628,,409,135.0,5,-0.16056686930384856,-0.3454720513653017,-0.1923692336279291,253,False,False,0.5586332131256554,0.22663883893322193,True,20.34702777777778,0.20925925925925926
S0629,,470,93.0,6,0.16438005053585836,0.9462507088445616,-0.03575871818126759,324,False,False,0.35711910790557305,0.17119384663131695,True,19.750440985732816,0.1815823605706874
S0630,,104,62.0,6,-0.0016979759679601747,-0.03212918932791064,-0.024574560386978844,8,False,False,0.0059336555922146345,0.21759842164344118,False,19.591538461538462,0.15384615384615385
S0631,,427,183.0,3,0.06904797605400415,0.43960318080622424,-0.038018486582260126,112,False,False,0.2289828384357656,0.21917239496461888,True,20.20525943396226,0.16745283018867924
S0632,,409,165.0,2,0.5525015670983844,0.7399260659403823,-0.1575230625085866,213,False,False,0.5427248778741144,0.20006245648265727,True,19.730483711747286,0.17769002961500494
S0633,,388,120.0,6,0.19984059534988186,0.4776928997240912,-0.13728258670281024,266,False,False,0.6710913322591371,0.24419037787571385,True,20.635286521388217,0.21468926553672316
S0634,,388,125.0,7,0.4395718850823287,0.7195276534974925,-0.16245412857879438,192,False,False,0.5154863295736464,0.18768227658172784,True,19.356384535005223,0.16091954022988506
S0635,,409,133.0,7,-0.08148247836633382,-0.10265432575766319,-0.20884936172911642,311,False,False,0.7124990408961867,0.24137118328934684,True,20.74773782771536,0.21872659176029963
S0636,,388,124.0,7,0.2878703992513765,0.6624480542678715,-0.12791935315704078,214,False,False,0.543543313128213,0.19433813177956652,True,19.71910871694417,0.1762977473065622
S0637,,388,107.0,5,-0.207816068130532,-0.29774221333222256,-0.30239536804686323,248,False,False,0.5519578505844139,0.23195459019903222,True,20.509265799256507,0.2100371747211896
S0638,,371,136.0,8,0.4119696069352359,0.5720543048293596,-0.13347697614097936,281,False,False,0.42921813857131896,0.17926144906709518,True,19.815951557093427,0.1787773933102653
S0639,,821,564.0,3,0.022259961661051708,0.13214459245131951,-0.07446363616398279,45,False,False,0.12143533082687537,0.40168809058205135,True,26.681348837209303,0.4511627906976744
S0640,,840,258.0,6,0.15054422789132293,0.2393822952780184,-0.375293709244945,179,False,False,0.8393309291797744,0.24279559719671562,True,20.830596465390283,0.21944035346097202
S0641,,427,182.0,4,-0.1808754714373878,-0.06595454578261972,-0.39447878418879656,416,False,False,0.6819867515793243,0.23907929734764383,True,20.684315122723675,0.21536025336500395
S0642,,623,234.0,8,-0.22806919088867994,-0.2773593145293949,-0.412373361794099,449,False,False,0.608020665490166,0.21441456036135326,True,20.442512864494,0.21355060034305318
S0643,,804,404.0,5,-0.058213284407087174,0.004307343357554189,-0.27892689131386833,235,False,False,0.5526484053300595,0.2574822531152488,True,21.277675126903553,0.23959390862944163
S0644,,789,361.0,4,-0.2190411870499286,-0.13092965645059051,-0.3481340022832747,230,False,False,0.4967646231361416,0.2532364930683403,True,20.996759956942952,0.2238966630785791
S0645,,509,240.0,4,0.7727840900327909,0.788753970310413,-0.11771253597289964,295,False,False,0.39323256349267244,0.21617122563021562,True,20.985516795865635,0.22739018087855298
S0646,,684,261.0,5,-0.06141869378176834,-0.009621603739718649,-0.354688754902922,248,False,False,0.7222691117419883,0.24139998317349362,True,20.80409927942354,0.2209767814251401
S0647,,427,193.0,3,-0.08797002540578414,0.036336470112843064,-0.4054934558379811,339,False,False,0.7474615719072099,0.24143199621199288,True,20.873404417364814,0.22239146991622238
S0648,,804,397.0,5,0.09641810940750428,0.17648211233871766,-0.35268079415632286,138,False,False,0.7861326376633674,0.24582607002220955,True,20.804984375,0.2203125
S0649,,804,352.0,5,0.38578843876885505,0.435380258014399,-0.23487233661555776,158,False,False,0.7725261515639786,0.2444997185498495,True,20.6831968503937,0.21496062992125983
S0650,,427,191.0,3,0.12112206092327926,0.19727004800940554,-0.3165115410868013,304,False,False,0.7914268907133175,0.24013569403832916,True,20.761306901615274,0.21659324522760645
S0651,,1598,784.0,4,-0.31451522388826947,-0.25032752220765503,-0.4091192171946476,132,False,False,0.4847694314432594,0.25535871101626106,True,20.430231143552312,0.19951338199513383
S0652,,1388,523.0,4,-0.4857403060284341,-0.665541764291048,-0.5254714189389416,148,False,False,0.35087853909307143,0.21772582274228744,True,19.98962783171521,0.1796116504854369
S0653,,789,377.0,5,-0.18067903897890503,-0.07054277571511731,-0.40117325560283645,202,False,False,0.6727026266656436,0.2492991662244715,True,20.91288695652174,0.2234782608695652
S0654,,1820,466.0,5,0.04769645856487914,0.12665309379400463,-0.4061028826839635,150,False,False,0.42008747026778176,0.2220897685506303,True,20.800379918588874,0.22930800542740842
S0655,,789,378.0,4,-0.30439621983536636,-0.1941653853790325,-0.46264661269284857,221,False,False,0.6375866390444769,0.2517582320354765,True,20.95415246636771,0.2242152466367713
S0656,,789,404.0,3,-0.08979286205647719,0.020451851020563024,-0.35907075147833273,235,False,False,0.5526484053300595,0.2574822531152488,True,21.277675126903553,0.23959390862944163
S0657,,482,192.0,3,0.4357983485253991,0.39219249958230157,-0.30019798930066444,285,False,False,0.7877439320698739,0.24304660016942692,True,20.73033873343152,0.21575846833578793
S0658,,2510,974.0,2,-0.3402442523037452,-0.20276548163783456,-0.4830352301003463,61,False,False,0.7907874881710529,0.24289157884583035,True,20.680931928687194,0.2171799027552674
S0659,,427,177.0,6,0.045387061317339716,0.12286632359336852,-0.21796734141544183,189,False,False,0.37359011739430675,0.22802127712459883,True,20.882342465753425,0.22602739726027396
S0660,,2510,911.0,5,-0.08148672218995945,-0.0033435791102636022,-0.28623147515884195,61,False,False,0.7907874881710529,0.24289157884583035,True,20.680931928687194,0.2171799027552674
S0661,,804,311.0,7,-0.008655582558747876,0.09189741522526289,-0.359389356954786,235,False,False,0.5965881480344766,0.24970094253186903,True,20.938545966228894,0.22045028142589118
S0662,,1955,683.0,6,0.15363987615341723,0.22435015836116246,-0.2985612807583062,111,False,False,0.548300468042661,0.2505777068071775,True,20.682888888888886,0.20444444444444446
S0663,,1598,757.0,5,0.0487165483017169,0.12788465911262473,-0.2893215534578943,129,False,False,0.4158929895905266,0.2644207012214665,True,20.286117318435753,0.19273743016759776
S0664,,789,316.0,6,-0.22276404491004353,-0.13858697593439614,-0.38597709759913307,257,False,False,0.549937338550858,0.25095982632473,True,20.922086614173228,0.2234251968503937
S0665,,683,235.0,8,0.015275399161678749,0.07795416624232958,-0.25166851591470524,428,False,False,0.5127241105910637,0.20909219520977373,True,20.61272206303725,0.21680993314231137
S0666,,976,25.0,9,0.00205768715767074,0.02778768879223828,-0.10547386247885156,252,False,False,0.0666768971073429,0.15244287038853294,True,20.00991836734694,0.21224489795918366
S0667,,2510,974.0,2,-0.36616929368402895,-0.2423367226204728,-0.49348772304079946,61,False,False,0.7907874881710529,0.24289157884583035,True,20.680931928687194,0.2171799027552674
S0668,,789,294.0,4,0.15215570484519958,0.2352810340881485,-0.24311166891840877,250,False,False,0.6193253024374025,0.24762978572128924,True,20.90584474885845,0.2228310502283105
S0669,,845,235.0,6,-0.03920597519325708,0.03972864209766845,-0.3183227160231177,199,False,False,0.45492212077035216,0.2679919949504059,True,21.213012895662366,0.21453692848769051
S0670,,744,305.0,6,0.9711673051303995,0.882158435917109,-0.12130206737730188,268,False,False,0.46325992992148135,0.2120784004367162,True,20.890832369942196,0.24046242774566473
S0671,,1404,284.0,4,-0.062109863404117616,-0.12290964317784032,-0.2725810400791435,115,False,False,0.13184480421494155,0.22039297753478518,True,20.322380952380954,0.20512820512820512
S0672,,789,354.0,3,-0.08559624696721624,-0.08216192969922186,-0.2256763315421601,206,False,False,0.7090462671679583,0.24672363768180772,True,21.033250000000002,0.23166666666666666
S0673,,789,367.0,5,-0.20051564994861681,-0.20496478924451134,-0.3236703422089475,149,False,False,0.7520652702115144,0.24480594661972008,True,20.65259823576584,0.21090617481956697
S0674,,840,269.0,5,-0.15586254395454602,-0.22281200721471123,-0.3425346020592963,200,False,False,0.9010972147625259,0.2411087198786629,True,20.831642001409445,0.22128259337561662
S0675,,894,337.0,3,0.9593632975580626,0.9446107518240601,-0.17133644596457598,175,False,False,0.5206782782168342,0.17778904941220638,True,19.280257510729616,0.15128755364806867
S0676,,1435,487.0,6,-0.07955200323285205,-0.09929860407397861,-0.3558754056083042,142,False,False,0.47305557686897365,0.2481773419681081,True,21.058462484624844,0.22386223862238622
S0677,,796,96.0,8,0.22207949154078666,0.44947613241866574,-0.11474114666871237,190,False,False,0.1931507199672626,0.2077864703717299,True,21.21031180400891,0.23162583518930957
S0678,,804,351.0,5,-0.0694620172034145,-0.08210577815548935,-0.18491549646352937,261,False,False,0.5458707383820558,0.25361997127562075,True,21.09261088709677,0.22983870967741934
S0679,,2510,974.0,2,-0.16246245415524752,-0.22459084226738196,-0.25932194458181623,61,False,False,0.7907874881710529,0.24289157884583035,True,20.680931928687194,0.2171799027552674
S0680,,1103,456.0,4,0.08871742972850871,0.23494430877482936,-0.2767495152256438,168,False,False,0.3612880124811376,0.23341961076177054,True,20.926762917933132,0.20212765957446807
S0681,,575,23.0,6,0.1392501875868477,0.6042516492806246,-0.051203645620992125,313,False,False,0.0601805672779355,0.1364799700325903,True,20.508829431438127,0.2040133779264214
S0682,,684,249.0,5,0.10978330540660197,0.2087046713775742,-0.14254753304553477,420,False,False,0.56060257295583,0.23647194277351627,True,20.72995475113122,0.21809954751131222
S0683,,1045,779.0,3,-0.004785001991279514,0.05652636737535305,-0.2633250135860723,39,False,False,0.1302079337067444,0.34269170283552886,True,22.195426008968607,0.23318385650224216
S0684,,631,208.0,7,0.30583153188346324,0.6434621598345096,-0.11461883714987302,148,False,False,0.18995370725594005,0.18599764557354997,True,20.151947743467932,0.21377672209026127
S0685,,836,457.0,6,0.11589001882818906,0.20088462764007037,-0.31369622827669874,73,False,False,0.18639862912094937,0.3335126742313251,True,23.740537313432835,0.33432835820895523
S0686,,575,205.0,6,0.6825266268431904,0.9369067379854541,-0.12179803678075536,313,False,False,0.5794010076984066,0.18831474999101008,True,19.618132854578096,0.17235188509874327
S0687,,1101,159.0,6,0.7366665168988071,1.0220803351377514,-0.1818562218784847,153,False,False,0.2655310877516049,0.1807037098257738,True,19.28345776031434,0.14538310412573674
S0688,,804,393.0,5,0.2280434407222609,0.2981679142926385,-0.24247847754188398,138,False,False,0.7861326376633674,0.24582607002220955,True,20.804984375,0.2203125
S0689,,423,189.0,4,0.07893608598349355,0.166527494080553,-0.23737981675260814,285,False,False,0.7877439320698739,0.24304660016942692,True,20.73033873343152,0.21575846833578793
S0690,,427,165.0,4,0.15902112630014664,0.23232977423531986,-0.2644984488019325,205,False,False,0.5586076370239648,0.24506706670595615,True,20.541391801715918,0.21163012392755004
S0691,,840,264.0,4,-0.18418309873346572,-0.17574556723512744,-0.4138117187508725,200,False,False,0.9010972147625259,0.2411087198786629,True,20.831642001409445,0.22128259337561662
S0692,,1598,859.0,4,0.04763187688189574,0.1274557023692208,-0.2300380570547284,149,False,False,0.2591626384306504,0.1856400357688653,True,18.068522954091815,0.1157684630738523
S0693,,765,261.0,6,0.04795610233160397,0.12829429565296163,-0.15161477861727815,126,False,False,0.22504411877541625,0.22044934237616495,True,20.90641891891892,0.23198198198198197
S0694,,606,258.0,4,-0.09486308299705293,-0.12518401120621417,-0.18439732933150488,310,False,False,0.424460983656871,0.21409399713606078,True,20.20425556858148,0.21688159437280188
S0695,,698,53.0,7,0.45070672838525483,0.7139072080374054,-0.1799923582162785,349,False,False,0.2852758382567329,0.16961504753019815,True,19.03652841781874,0.15053763440860216
S0696,,690,86.0,8,0.6261608659178,0.7887614708385162,-0.2684559813298332,355,False,False,0.47955190669838105,0.17589949644417374,True,19.275045558086557,0.16287015945330297
S0697,,821,397.0,5,0.18754114459698057,0.3191452150796688,-0.14871986615097776,91,False,False,0.3733855085807821,0.27626192340241595,True,21.750526315789475,0.2551834130781499
S0698,,804,351.0,6,0.04536065186231686,0.14727037393174686,-0.08500815087768687,206,False,False,0.7090462671679583,0.24672363768180772,True,21.033250000000002,0.23166666666666666
S0699,,1389,479.0,3,-0.43318589785235806,-0.6767246156033531,-0.4968128787892879,135,False,False,0.4325174556894038,0.22511028064708877,True,20.31632152588556,0.1771117166212534
S0700,,623,235.0,8,-0.1960562057885712,-0.3362914508204584,-0.34260581631864157,449,False,False,0.608020665490166,0.21441456036135326,True,20.442512864494,0.21355060034305318
S0701,,732,19.0,7,0.2070170544560237,0.6560076907473468,-0.08197271587005199,307,False,False,0.059924806261029695,0.13252688116746267,True,20.698813559322033,0.2
S0702,,796,269.0,5,0.32418454018479914,0.4860004503099833,-0.12657300909161617,179,False,False,0.27417581012302106,0.21245374715846047,True,21.13817051509769,0.24511545293072823
S0703,,941,212.0,3,-0.13795832525821117,-0.1294191446480213,-0.28357839454364875,276,False,False,0.36944678892043276,0.30987482564712837,True,22.729424364123155,0.30120481927710846
S0704,,847,104.0,7,0.40991132435963973,0.6506059761103923,-0.18229702596162575,270,False,False,0.27752627944448705,0.2402956552734628,True,21.369389067524114,0.2347266881028939
S0705,,2685,26.0,5,-0.03077595967444835,-0.19295069073078217,-0.06529111497245285,63,False,False,0.01352975779431699,0.23747202421478364,True,22.03311475409836,0.3442622950819672
S0706,,771,229.0,7,-0.011960584544015385,0.0020441909743804513,-0.17179978746766544,123,False,False,0.3905470728151615,0.2321897469745387,True,21.00870056497175,0.2274011299435028
S0707,,847,27.0,7,0.5383444905935131,1.2719033522700076,-0.07378548706065154,282,False,False,0.07327553134351263,0.149236045138737,True,21.252399999999998,0.22666666666666666
S0708,,690,19.0,7,0.10186069731431546,0.41511778653564513,-0.08370749892937505,541,False,False,0.1137369242180107,0.1282021816795049,True,18.901455301455304,0.158004158004158
S0709,,789,412.0,5,0.2991116596081913,0.5431239136197215,-0.14160967173593572,125,False,False,0.23358653674007007,0.34971999924885816,True,24.965668934240362,0.3877551020408163
S0710,,972,47.0,8,0.05931075288704735,0.22059646602546293,-0.0866619879701053,165,False,False,0.07491240185170976,0.164615810148017,True,20.011369863013698,0.2146118721461187
S0711,,683,270.0,9,0.11174181861537691,0.2225562532674104,-0.15042737446843082,318,False,False,0.6419601524335661,0.24695110120691438,True,21.070247651579844,0.23484201537147736
S0712,,2450,944.0,5,-0.33696480672544116,-0.42526294511315504,-0.37792819061605276,91,False,False,0.6424716744673776,0.24732905315193682,True,20.48046511627907,0.19573643410852712
S0713,,487,55.0,3,0.08560820050439077,0.2767084215292701,-0.09764895649385369,136,False,False,0.09660093608532187,0.23269406022355552,True,20.5190873015873,0.21825396825396826
S0714,,842,37.0,6,0.26727989969474986,0.989240537079447,-0.06575079315254878,145,False,False,0.07156193253024375,0.16059355347713702,True,20.67262443438914,0.19457013574660634
S0715,,625,225.0,8,-0.11893741115841971,-0.07502106674626231,-0.2844838261061857,217,False,False,0.5155886339804087,0.2145432287263343,True,20.34470893970894,0.2079002079002079
S0716,,553,236.0,4,0.4697675652793063,0.8293542585140821,-0.08634334506858594,315,False,False,0.5903220031202844,0.24536409075738527,True,20.96322211630124,0.23069590085795996
S0717,,828,21.0,5,-0.050115657788024515,-0.19361105648476112,-0.09119342311974979,167,False,False,0.040998491010000256,0.22605680299871495,True,23.300388888888886,0.3277777777777778
S0718,,684,27.0,4,0.2266737354618551,0.8695331583447912,-0.05037131825120729,502,False,False,0.11765006777666948,0.11035937480464682,True,18.7732476635514,0.1542056074766355
S0719,,867,301.0,6,0.07804582050144449,0.36919521284195556,-0.09285289955097603,96,False,False,0.2571932786004757,0.19249124007679455,True,19.89351694915254,0.19279661016949154
S0720,,570,196.0,5,0.7017304132036843,1.1603500613167983,-0.07044307510610731,289,False,False,0.30046804266093763,0.18546073802283788,True,19.82234870317003,0.17146974063400577
S0721,,884,88.0,9,0.5625396637021893,1.1129438000355785,-0.0571129036698233,277,False,False,0.24816491470370086,0.16288139121175224,True,19.39854054054054,0.16036036036036036
S0722,,772,448.0,7,-0.07674972139749225,-0.24446276228331335,-0.1247608779225637,56,False,False,0.1749405355635694,0.2435907341799667,True,20.85185064935065,0.24675324675324675
S0723,,683,252.0,7,-0.02663114408424172,0.008615230363512048,-0.1795194023415944,287,False,False,0.7064886569989002,0.2454811548580176,True,21.02124497991968,0.23694779116465864
S0724,,1598,788.0,4,0.1145543259968207,0.31575769506867163,-0.10321438863618308,119,False,False,0.3691142995984552,0.20418323766277066,True,18.64851622874807,0.14992272024729522
S0725,,766,333.0,6,0.39101689767483094,0.5237284178436801,-0.1548622268513287,123,False,False,0.28847285096805547,0.3113130149749606,True,23.16682745825603,0.3172541743970315
S0726,,806,18.0,7,0.04749122632988301,0.218370033196654,-0.09859636209124209,182,False,False,0.02946366914754853,0.16111876808754927,True,20.883428571428574,0.22285714285714286
S0727,,779,496.0,5,-0.06133548422960011,-0.5464098001587824,-0.0686556320063436,49,False,False,0.06821146320877772,0.2027704713154003,True,20.03030534351145,0.16030534351145037
S0728,,718,185.0,6,0.12826150398568625,0.3070823426935102,-0.18607483917811626,145,False,False,0.30264201130463697,0.17444984552874607,True,19.024166666666662,0.1579861111111111
S0729,,445,75.0,4,0.2619485351209361,0.6768484405056848,-0.11478218409224202,243,False,False,0.11002838947287655,0.21402986753762646,True,21.27037463976945,0.2219020172910663
S0730,,1215,530.0,5,0.03863978755227393,0.12197933854365177,-0.13509686023416304,243,False,False,0.5098084349983375,0.20936266315334554,True,20.29813559322034,0.21716101694915255
S0731,,676,186.0,6,0.5072852552905913,0.5940599205718579,-0.28150011454101675,119,False,False,0.4890917926289675,0.18636651047571656,True,19.422260355029586,0.1668639053254438
S0732,,1950,114.0,5,-0.060492752389649795,-0.10325723842872186,-0.24603864921005664,62,False,False,0.1640451162433822,0.18384418424876706,True,19.11013793103448,0.15172413793103448
S0733,,789,362.0,4,-0.005804932541823682,0.03262416404753096,-0.16463886130846017,158,False,False,0.7725261515639786,0.2444997185498495,True,20.6831968503937,0.21496062992125983
S0734,,905,37.0,7,0.4150269861816205,1.3627630138592537,-0.06863495234047115,161,False,False,0.058236783549451394,0.127433868446657,True,20.489072164948453,0.1958762886597938
S0735,,765,110.0,3,0.33531954372875816,0.6148383343096941,-0.18354376683598408,100,False,False,0.16072022302360675,0.2115054781097409,True,21.471632047477748,0.2344213649851632
S0736,,684,16.0,5,0.07171282596517115,0.6158907570542258,-0.03723648973647541,262,False,False,0.055474564566868716,0.1475790095511407,True,19.031931818181818,0.14393939393939395
S0737,,972,55.0,7,0.060973267535853415,0.3609676820234552,-0.05377406388774642,182,False,False,0.09713803422082407,0.16868086249677874,True,19.954776119402986,0.21641791044776118
S0738,,908,284.0,6,0.3834355709642996,0.6141234267276204,-0.11772764298654807,289,False,False,0.3368116831632523,0.16258964629194775,True,18.824185022026434,0.14684287812041116
S0739,,487,127.0,7,0.006462771256906974,0.04723680888676693,-0.07852781364828744,157,False,False,0.2624363794470447,0.22107555526501796,True,19.969855855855858,0.1963963963963964
S0740,,1752,107.0,6,0.13545117809753626,0.3741746999599781,-0.13366192483306835,88,False,False,0.10235555896570245,0.21019829128366332,True,21.34014018691588,0.24299065420560748
S0741,,1090,654.0,4,0.07212875807712882,0.22549205737965658,-0.13925420562790122,49,False,False,0.36701705925982764,0.21841170099511356,True,20.08454242928453,0.19633943427620631
S0742,,1047,738.0,6,-0.10018238860587603,-0.23583800829546187,-0.15075541652425217,40,False,False,0.10892861710018159,0.3694144494284996,True,23.605858585858584,0.2222222222222222
S0743,,847,39.0,6,-0.11104778287387485,-0.5934421825772267,-0.13327186888060322,235,False,False,0.09000230184915216,0.18841127673735011,True,20.62820754716981,0.21069182389937108
S0744,,2695,15.0,6,0.05537881613550866,0.24944913439081826,-0.07151712745250269,85,False,False,0.017775390674953324,0.25850738043574667,True,21.96671232876713,0.3150684931506849
S0745,,5455,3807.5,2,0.2022028718458393,0.39177046017848094,-0.16895069745347815,9,False,False,0.4209826338269521,0.27187515201115325,False,22.47116640746501,0.2643856920684292
S0746,,8366,6757.0,5,-0.014331779537453238,0.0018624006633132604,-0.16260728572134778,10,False,False,0.6764878897158495,0.22457207358790782,False,20.765213592233007,0.23980582524271846
S0747,,1950,28.0,6,0.11152162322750558,0.35241524845144157,-0.0782017630534906,112,False,False,0.07974628507122944,0.25830353426475583,True,20.533014354066985,0.19617224880382775
S0748,,759,107.0,6,0.10542874039103878,0.39177984749566025,-0.09148436012540809,218,False,False,0.16655157420905906,0.22037249903391123,True,21.253765903307887,0.25190839694656486
S0749,,840,269.0,4,-0.04836795910246361,-0.2647297843462147,-0.11686968083477275,199,False,False,0.8985140284917773,0.2413144868144394,True,20.835579096045198,0.22175141242937854
S0750,,1033,235.0,8,-0.22662627028617022,-0.12107526427926062,-0.50415239495618,181,False,False,0.8279239878257756,0.24319962674235146,True,20.772824651504035,0.2186353631694791
S0751,,829,295.0,2,0.13426652749658463,0.26270993894214056,-0.21687031034510762,156,False,False,0.749098442415407,0.24254750407465708,True,20.778648860958366,0.21916732128829536
S0752,,712,180.0,4,0.4079230178496547,0.7709068227721012,-0.14612130558339545,117,False,False,0.18199953963016957,0.2227350249000706,True,21.354223433242506,0.23160762942779292
S0753,,690,32.0,9,0.11144560207008514,0.6857511885175239,-0.04105579499424495,429,False,False,0.15506790454998848,0.1351371879960067,True,18.93153846153846,0.15976331360946747
S0754,,683,254.0,6,-0.0743009356308536,-0.03855895046880702,-0.2785466082863562,443,False,False,0.5275070973682191,0.24598033505642214,True,21.121031518624644,0.23209169054441262
S0755,,690,24.0,7,0.01597229918420595,0.11220786813109772,-0.044906428016916314,502,False,False,0.1356812194685286,0.12415368213078565,True,18.994493670886076,0.16877637130801687
S0756,,1189,251.0,10,0.4488016222110456,0.9961022056344211,-0.11956717364838752,184,False,False,0.4360725338243945,0.17121330654192016,True,18.856240601503757,0.14035087719298245
S0757,,744,328.0,4,0.8117919228364379,1.274856740654178,-0.07801327189688585,161,False,False,0.38361594925701425,0.17361452549669046,True,19.46901004304161,0.17216642754662842
S0758,,1950,22.0,7,0.009617236100646354,0.21442457443941865,-0.011238856264910828,120,False,False,0.026343384741297732,0.17277106258097008,True,20.189112903225805,0.20161290322580644
S0759,,1932,676.0,4,-0.5457036062635441,-0.9130457835834888,-0.5789610711856134,69,False,False,0.7334458681807718,0.24079492645750808,True,20.784175257731956,0.211340206185567
S0760,,6114,17.5,7,0.004967274787861964,0.1270742761964646,-0.020210792779653233,13,False,False,0.00240415355891455,0.12649192126217054,False,20.20916666666667,0.25
S0761,,565,32.0,5,-0.01669737668672533,-0.1107538005294202,-0.046838045769543375,230,False,False,0.10076984066088647,0.16150847753521722,True,20.64270769230769,0.19692307692307692
S0762,,489,139.0,9,0.18983422256917404,0.8422156535893253,-0.03534025696247089,356,False,False,0.346760786720888,0.17343744901466554,True,19.808062015503875,0.1744186046511628
S0763,,842,17.0,6,0.07390243398038954,0.644734474959443,-0.03342079602982483,155,False,False,0.029949615079669558,0.10397439051954172,True,20.223525641025642,0.1794871794871795
S0764,,843,79.0,8,0.2420920919485261,0.9527543166967292,-0.05110307644343269,276,False,False,0.21020997979487965,0.16584628018908062,True,19.963735177865612,0.17984189723320157
S0765,,1189,241.0,8,0.28238655806167734,0.5823560865645621,-0.2342517340604554,112,False,False,0.545794010076984,0.18363396016709824,True,19.274317937701397,0.158968850698174
S0766,,1948,419.0,5,0.024381183816061025,0.19701412734674964,-0.03974306455996924,102,False,False,0.1191846338781043,0.20908936983627363,True,21.352105263157895,0.2145748987854251
S0767,,524,180.0,2,0.10938859675321755,0.6608222527054409,-0.033104002619508986,206,False,False,0.282283434358935,0.19882840747214237,True,20.152448330683622,0.20349761526232116
S0768,,1215,624.0,7,0.48409271084991534,0.4786073626362186,-0.19693273425886418,245,False,False,0.5896058722729481,0.24249301394530298,True,20.590404624277454,0.20809248554913296
S0769,,10458,9391.800000000003,6,0.5080895572683881,1.0895028422728923,-0.08530383361624026,6,False,False,0.2720274175810123,0.20949476042037343,False,23.336014492753623,0.3357487922705314
S0770,,683,242.0,7,-0.13481469122025502,-0.22002349151745448,-0.235154056107976,299,False,False,0.701808230389524,0.21543328225304234,True,20.38735174654752,0.20796100731112915
S0771,,1203,265.0,6,0.2814335608910865,0.5031033244123629,-0.20333222681628557,113,False,False,0.5553338960075705,0.1835776980776735,True,19.255687103594077,0.15856236786469344
S0772,,5008,3118.0,4,-0.20916416990988307,-0.2233376960527137,-0.34545752759567766,15,False,False,0.6613724136167165,0.24121161246903233,False,20.17887128712871,0.18118811881188118
S0773,,17584,26.0,7,0.014566868497304819,0.20300782971954417,-0.033928709226268436,6,False,False,0.0025064579656768715,0.270786989758454,False,22.545,0.25
S0774,,905,344.0,3,0.39259110313763257,1.0812539935841514,-0.061029169820635595,161,False,False,0.6074835673546638,0.18017158718738813,True,19.21965517241379,0.15613026819923373
S0775,,9328,18.0,5,-0.0010369594359744827,-0.08121796976412676,-0.006419407318805365,9,False,False,0.0017647510166500422,0.07757519767076931,False,18.830000000000002,0.125
S0776,,1930,499.0,4,0.0376465653822422,0.24510081462701985,-0.07609204036335461,50,False,False,0.10941456303230261,0.15945373881515898,True,17.916911764705883,0.12745098039215685
S0777,,1189,213.0,8,0.3282908640668545,0.4550479377938798,-0.252275655796905,113,False,False,0.548479500754495,0.1839616186841468,True,19.251494130202776,0.15795090715048027
S0778,,17584,79.0,5,-0.0009275969888985491,-0.037551536556420226,-0.011852687700663394,6,False,False,0.004526969999232717,0.23046672849183847,False,20.612000000000002,0.2
S0779,,684,294.0,3,0.4694462194383051,0.6526471418563291,-0.13179848524337104,176,False,False,0.4225683521317681,0.16681495899255527,True,18.945654993514914,0.1517509727626459
S0780,,684,235.0,6,-0.28903999763224153,-0.33650315437791456,-0.39510247129065007,393,False,False,0.5993503670170592,0.2274967283851954,True,20.53302366345311,0.21034180543382996
S0781,,2523,36.0,7,-0.01842303203016782,-0.3711376850912587,-0.022289782604150505,4,False,False,0.0019693598301746846,0.10601094582317167,False,21.948,0.4
S0782,,676,261.0,8,0.14451764064136396,0.5750214949914448,-0.08519990014674893,186,False,False,0.2336888411468324,0.15602572379707322,True,18.67305954825462,0.1273100616016427
S0783,,10458,9388.0,5,0.7479195106755503,1.096459459227839,-0.11485762400594297,6,False,False,0.2722831785979181,0.20954483383803338,False,23.336014492753623,0.3357487922705314
S0784,,10458,9405.0,4,0.1384851333423287,0.9695009223582244,-0.03000789816816814,7,False,False,0.2678073608020666,0.21066743846408342,False,23.43358536585366,0.33902439024390246
S0785,,2695,18.0,9,0.0112784108622912,0.2217367895497254,-0.017210094024393004,17,False,False,0.0037341108468247268,0.17075433314460625,False,18.858235294117648,0.17647058823529413
S0786,,849,347.0,4,-0.008831711399865383,-0.06631821611264557,-0.041147888181448,68,False,False,0.18550346556177907,0.17582587048567516,True,18.64609467455621,0.11834319526627218
S0787,,10457,79.0,6,0.02513525335408806,0.5453833147782654,-0.011492815320098215,8,False,False,0.004501393897542136,0.12651369078261798,False,17.205454545454543,0.09090909090909091
S0788,,1189,232.0,8,0.2167966210279091,0.4092185628653375,-0.20027879388978181,112,False,False,0.545794010076984,0.18363396016709824,True,19.274317937701397,0.158968850698174
S0789,,1215,662.0,5,0.6404299463074494,1.0121496597732362,-0.07851394015631466,98,False,False,0.31773191130207934,0.16965561373795154,True,18.736429840142097,0.15630550621669628
S0790,,9354,49.200000000000045,5,0.0035734564240901268,0.06792947682935235,-0.021713154320675575,12,False,False,0.004885035422900841,0.11908946248119225,False,17.528000000000002,0.06666666666666667
S0791,,806,611.0,5,0.010101294827025376,0.05836337376765388,-0.1316625067930361,14,False,False,0.04971994168648815,0.5252616814657912,False,33.86517647058823,0.6
S0792,,17584,23.0,6,0.02132425738952759,0.2907805692472868,-0.029044459780168497,6,False,False,0.0010486201693137931,0.33167282407612714,False,24.037142857142857,0.2857142857142857
S0793,,17584,22.0,6,-0.00660451255864114,-0.5246281568247654,-0.00732676583675617,4,False,False,0.0008951635591703112,0.08530951777612072,False,15.477500000000003,0.0
S0794,,1602,798.0,2,1.383375976081334,1.088521391101152,-0.21159511447734988,51,False,False,0.6012685746438527,0.1846258213954138,True,19.18851774530271,0.1524008350730689
S0795,,1101,43.0,9,0.09850883088296825,0.3120566797032953,-0.12092561399441958,320,False,False,0.16274073505716258,0.12069844273318531,True,18.42126463700234,0.13114754098360656
S0796,,840,276.0,5,0.06511047682374893,0.26513384942099016,-0.13197188700023083,166,False,False,0.7605309598710964,0.24185764944296204,True,20.73233746130031,0.21749226006191952
S0797,,526,144.0,7,0.5386970323560911,0.8664529766228793,-0.14929949137130202,218,False,False,0.45510115348218627,0.1793081642192447,True,19.352329084588643,0.16685979142526072
S0798,,1215,573.0,4,0.8884788427226495,0.6527199139988186,-0.2758309813966409,153,False,False,0.7472313869919947,0.23996215396905946,True,20.727981878088958,0.21828665568369027
S0799,,976,39.0,6,-0.014689623588101997,-0.1895872910510986,-0.03516431244259238,24,False,False,0.010716386608353156,0.2125677656245493,True,19.395294117647058,0.23529411764705882
